AGS8,n_centres_25km,capacity_25km,ln_cap25,capacity_25km_missing,n_centres_50km,capacity_50km,ln_cap50,capacity_50km_missing,inv_dist_sum
01001000,0,0.0,0.0,0,1,935.0,6.841615476477592,0,0.46716754513624786
01003000,0,0.0,0.0,0,4,4697.0,8.454892165218858,0,0.6882967200509909
01051001,0,0.0,0.0,0,4,3502.0,8.161375023197486,0,0.6403268338664709
01051002,1,935.0,6.841615476477592,0,3,2635.0,7.877017895622398,0,0.6339644581904856
01051003,1,510.0,6.236369590203704,0,2,1445.0,7.27655640271871,0,0.6581024195643722
01051004,0,0.0,0.0,0,3,2635.0,7.877017895622398,0,0.6196193505018874
01051005,1,935.0,6.841615476477592,0,2,2125.0,7.661997558901893,0,0.6307096317159171
01051006,0,0.0,0.0,0,2,1445.0,7.27655640271871,0,0.6154359394253821
01051010,0,0.0,0.0,0,3,2635.0,7.877017895622398,0,0.649407391964171
01051011,1,510.0,6.236369590203704,0,1,510.0,6.236369590203704,0,0.6574251027896544
01051012,1,510.0,6.236369590203704,0,3,2635.0,7.877017895622398,0,0.6553738621958984
01051013,0,0.0,0.0,0,1,935.0,6.841615476477592,0,0.5668617611773775
01051014,0,0.0,0.0,0,1,935.0,6.841615476477592,0,0.5712593407881719
01051015,1,935.0,6.841615476477592,0,5,5627.0,8.63550941823428,0,0.6457820594881756
01051016,1,510.0,6.236369590203704,0,5,5627.0,8.63550941823428,0,0.6613248093040816
01051017,0,0.0,0.0,0,3,2635.0,7.877017895622398,0,0.6079091789884439
01051019,2,2125.0,7.661997558901893,0,5,5627.0,8.63550941823428,0,0.6545422206552158
01051020,1,935.0,6.841615476477592,0,2,2125.0,7.661997558901893,0,0.6784075008458395
01051021,0,0.0,0.0,0,2,1445.0,7.27655640271871,0,0.619906546110544
01051022,0,0.0,0.0,0,2,1445.0,7.27655640271871,0,0.6392361231477315
01051023,2,2125.0,7.661997558901893,0,2,2125.0,7.661997558901893,0,0.6502083204334983
01051024,1,510.0,6.236369590203704,0,2,1445.0,7.27655640271871,0,0.6454102554084467
01051026,0,0.0,0.0,0,4,3502.0,8.161375023197486,0,0.6473571862387891
01051027,0,0.0,0.0,0,3,2635.0,7.877017895622398,0,0.6047564597232118
01051028,0,0.0,0.0,0,3,2635.0,7.877017895622398,0,0.6015510289818253
01051030,1,935.0,6.841615476477592,0,2,2125.0,7.661997558901893,0,0.6470380795427385
01051032,0,0.0,0.0,0,3,2635.0,7.877017895622398,0,0.6367555289811078
01051034,0,0.0,0.0,0,2,1445.0,7.27655640271871,0,0.5852433432076367
01051035,1,935.0,6.841615476477592,0,3,2635.0,7.877017895622398,0,0.6306979829887185
01051036,1,935.0,6.841615476477592,0,2,2125.0,7.661997558901893,0,0.6557797108285671
01051037,0,0.0,0.0,0,3,2635.0,7.877017895622398,0,0.6467876616776194
01051039,0,0.0,0.0,0,3,2635.0,7.877017895622398,0,0.6230361000352551
01051043,0,0.0,0.0,0,1,935.0,6.841615476477592,0,0.5590568157870657
01051044,1,935.0,6.841615476477592,0,3,2635.0,7.877017895622398,0,0.6065367078945684
01051045,0,0.0,0.0,0,1,935.0,6.841615476477592,0,0.5631411078036903
01051046,0,0.0,0.0,0,2,1445.0,7.27655640271871,0,0.6120687331376589
01051047,1,935.0,6.841615476477592,0,2,2125.0,7.661997558901893,0,0.5971259830617847
01051048,0,0.0,0.0,0,3,2635.0,7.877017895622398,0,0.6027074223518364
01051049,1,935.0,6.841615476477592,0,2,2125.0,7.661997558901893,0,0.6599372072068848
01051051,0,0.0,0.0,0,5,5627.0,8.63550941823428,0,0.662063331211981
01051053,1,935.0,6.841615476477592,0,2,2125.0,7.661997558901893,0,0.6701568709368518
01051057,0,0.0,0.0,0,2,1445.0,7.27655640271871,0,0.6020416885675439
01051058,1,935.0,6.841615476477592,0,2,2125.0,7.661997558901893,0,0.5819640130247432
01051060,1,935.0,6.841615476477592,0,2,2125.0,7.661997558901893,0,0.6586552245638095
01051061,1,935.0,6.841615476477592,0,2,2125.0,7.661997558901893,0,0.6132672084792942
01051062,0,0.0,0.0,0,2,1445.0,7.27655640271871,0,0.6045123392291931
01051063,0,0.0,0.0,0,3,2635.0,7.877017895622398,0,0.6293139557345045
01051064,1,510.0,6.236369590203704,0,3,2635.0,7.877017895622398,0,0.653276901451248
01051065,1,935.0,6.841615476477592,0,2,2125.0,7.661997558901893,0,0.6152428005914516
01051067,1,935.0,6.841615476477592,0,3,2635.0,7.877017895622398,0,0.6003282336893626
01051068,1,935.0,6.841615476477592,0,2,2125.0,7.661997558901893,0,0.6383442072806574
01051069,1,935.0,6.841615476477592,0,3,2635.0,7.877017895622398,0,0.601138576864562
01051071,1,935.0,6.841615476477592,0,2,2125.0,7.661997558901893,0,0.6131182945506322
01051072,0,0.0,0.0,0,2,1445.0,7.27655640271871,0,0.6157503304648911
01051073,0,0.0,0.0,0,2,1445.0,7.27655640271871,0,0.6116046902334704
01051074,0,0.0,0.0,0,3,2635.0,7.877017895622398,0,0.6065263368169034
01051075,1,935.0,6.841615476477592,0,2,2125.0,7.661997558901893,0,0.5859151866202288
01051076,0,0.0,0.0,0,1,510.0,6.236369590203704,0,0.6254886389049109
01051077,0,0.0,0.0,0,1,510.0,6.236369590203704,0,0.615524011944397
01051078,0,0.0,0.0,0,3,2635.0,7.877017895622398,0,0.6153102983645735
01051079,1,935.0,6.841615476477592,0,1,935.0,6.841615476477592,0,0.5666138089413306
01051080,1,935.0,6.841615476477592,0,2,2125.0,7.661997558901893,0,0.6282455694632343
01051081,1,935.0,6.841615476477592,0,2,2125.0,7.661997558901893,0,0.5879378535743265
01051082,1,935.0,6.841615476477592,0,3,2635.0,7.877017895622398,0,0.6224759067761437
01051083,0,0.0,0.0,0,3,2635.0,7.877017895622398,0,0.6243757381043578
01051084,0,0.0,0.0,0,1,935.0,6.841615476477592,0,0.5709675765136081
01051085,2,2125.0,7.661997558901893,0,5,5627.0,8.63550941823428,0,0.6524084117183796
01051086,2,2125.0,7.661997558901893,0,5,5627.0,8.63550941823428,0,0.6510357924029553
01051087,1,935.0,6.841615476477592,0,3,2635.0,7.877017895622398,0,0.6167009013388858
01051088,2,2125.0,7.661997558901893,0,2,2125.0,7.661997558901893,0,0.6518393467905834
01051089,0,0.0,0.0,0,3,2635.0,7.877017895622398,0,0.6459489800836047
01051090,0,0.0,0.0,0,2,1445.0,7.27655640271871,0,0.6354127699373666
01051092,1,935.0,6.841615476477592,0,2,2125.0,7.661997558901893,0,0.6138751044315279
01051093,0,0.0,0.0,0,1,935.0,6.841615476477592,0,0.5712562691407452
01051096,1,935.0,6.841615476477592,0,2,2125.0,7.661997558901893,0,0.6741260795260172
01051097,0,0.0,0.0,0,3,2635.0,7.877017895622398,0,0.6311471861393905
01051098,0,0.0,0.0,0,3,2635.0,7.877017895622398,0,0.6245533267319936
01051099,0,0.0,0.0,0,5,5627.0,8.63550941823428,0,0.6495559184362133
01051100,1,935.0,6.841615476477592,0,2,2125.0,7.661997558901893,0,0.6438312701676757
01051102,1,935.0,6.841615476477592,0,2,2125.0,7.661997558901893,0,0.6524994232964452
01051103,0,0.0,0.0,0,2,1445.0,7.27655640271871,0,0.627097862848524
01051105,1,935.0,6.841615476477592,0,2,2125.0,7.661997558901893,0,0.571988113001757
01051107,1,935.0,6.841615476477592,0,2,2125.0,7.661997558901893,0,0.610363741802914
01051108,1,935.0,6.841615476477592,0,2,2125.0,7.661997558901893,0,0.5827073230337758
01051109,1,935.0,6.841615476477592,0,2,2125.0,7.661997558901893,0,0.5698244721179639
01051110,0,0.0,0.0,0,3,2635.0,7.877017895622398,0,0.6383051451390617
01051113,0,0.0,0.0,0,3,2635.0,7.877017895622398,0,0.5875566116766572
01051114,1,935.0,6.841615476477592,0,3,2635.0,7.877017895622398,0,0.6414475815833749
01051117,2,2125.0,7.661997558901893,0,5,5610.0,8.632484235750972,0,0.659589137423589
01051118,0,0.0,0.0,0,2,1445.0,7.27655640271871,0,0.6113294942693264
01051119,0,0.0,0.0,0,2,1445.0,7.27655640271871,0,0.6247383610894695
01051121,0,0.0,0.0,0,2,1445.0,7.27655640271871,0,0.5761425302456284
01051122,1,935.0,6.841615476477592,0,2,2125.0,7.661997558901893,0,0.6125569664127577
01051125,1,935.0,6.841615476477592,0,3,2635.0,7.877017895622398,0,0.6342016328086417
01051127,1,935.0,6.841615476477592,0,2,2125.0,7.661997558901893,0,0.5711157731231662
01051128,0,0.0,0.0,0,2,2125.0,7.661997558901893,0,0.5763482416574068
01051129,1,935.0,6.841615476477592,0,1,935.0,6.841615476477592,0,0.5604474565199231
01051130,1,935.0,6.841615476477592,0,2,2125.0,7.661997558901893,0,0.6044086190490013
01051131,1,935.0,6.841615476477592,0,3,2635.0,7.877017895622398,0,0.6386896007300205
01051132,0,0.0,0.0,0,1,935.0,6.841615476477592,0,0.564362172483859
01051133,1,935.0,6.841615476477592,0,2,2125.0,7.661997558901893,0,0.6307711113620887
01051134,0,0.0,0.0,0,3,2635.0,7.877017895622398,0,0.6215605317187151
01051135,0,0.0,0.0,0,3,2635.0,7.877017895622398,0,0.6144772263173229
01051136,2,2125.0,7.661997558901893,0,5,5627.0,8.63550941823428,0,0.6557833067975093
01051137,0,0.0,0.0,0,3,2635.0,7.877017895622398,0,0.5946922457620016
01051138,0,0.0,0.0,0,3,2635.0,7.877017895622398,0,0.6338730231278281
01051139,2,2125.0,7.661997558901893,0,5,5627.0,8.63550941823428,0,0.6499464699350934
01051140,1,935.0,6.841615476477592,0,2,2125.0,7.661997558901893,0,0.5860793778229639
01051141,1,935.0,6.841615476477592,0,2,2125.0,7.661997558901893,0,0.6250427728228936
01053001,0,0.0,0.0,0,6,3768.0,8.234564993267135,1,0.7219169552107831
01053002,0,0.0,0.0,0,9,4438.0,8.398184404834035,1,0.743274273149616
01053003,5,1594.0,7.374629015218945,0,9,4438.0,8.398184404834035,1,0.9200877753442562
01053004,0,0.0,0.0,0,4,2475.0,7.814399633804487,1,0.6933574229723051
01053005,0,0.0,0.0,0,9,4438.0,8.398184404834035,1,0.7553985130746219
01053006,1,0.0,0.0,1,8,3333.0,8.111928063310739,1,0.9001538111088104
01053007,2,600.0,6.398594934535208,1,9,4438.0,8.398184404834035,1,0.8204638110972706
01053008,0,0.0,0.0,0,6,3768.0,8.234564993267135,1,0.7251446618920403
01053009,0,0.0,0.0,0,7,3918.0,8.273591798199632,1,0.7265355478226415
01053010,1,0.0,0.0,1,4,1694.0,7.43543801981455,1,0.7434560348100261
01053011,0,0.0,0.0,0,8,6043.0,8.70682132339263,1,0.7304505070877074
01053012,5,1594.0,7.374629015218945,0,8,3333.0,8.111928063310739,1,0.9102347677321381
01053013,1,600.0,6.398594934535208,0,9,4438.0,8.398184404834035,1,0.7752750696905273
01053014,0,0.0,0.0,0,9,4438.0,8.398184404834035,1,0.7543673057237924
01053015,1,0.0,0.0,1,8,3333.0,8.111928063310739,1,0.7900050048026026
01053016,0,0.0,0.0,0,5,2799.0,7.937374696163295,1,0.7207295771323402
01053017,2,600.0,6.398594934535208,1,8,3333.0,8.111928063310739,1,0.8429794719774517
01053018,0,0.0,0.0,0,4,2475.0,7.814399633804487,1,0.6995832834636986
01053019,1,0.0,0.0,1,8,3333.0,8.111928063310739,1,0.945208467836544
01053020,1,0.0,0.0,1,8,3333.0,8.111928063310739,1,0.8031557762851513
01053021,1,600.0,6.398594934535208,0,9,4438.0,8.398184404834035,1,0.8334153863458198
01053022,1,0.0,0.0,1,8,3333.0,8.111928063310739,1,0.8628725769871114
01053023,2,600.0,6.398594934535208,1,8,3333.0,8.111928063310739,1,0.8651837190879605
01053024,0,0.0,0.0,0,9,6463.0,8.774003600200931,1,0.7437895917987085
01053025,0,0.0,0.0,0,9,4438.0,8.398184404834035,1,0.7571095246963244
01053026,0,0.0,0.0,0,4,2029.0,7.615791072035833,1,0.7075054841590751
01053027,2,600.0,6.398594934535208,1,9,4438.0,8.398184404834035,1,0.7983643567955756
01053028,4,1120.0,7.02197642307216,1,8,3333.0,8.111928063310739,1,0.8900557698913822
01053029,1,0.0,0.0,1,8,3333.0,8.111928063310739,1,0.7868832920471756
01053031,2,600.0,6.398594934535208,1,9,4438.0,8.398184404834035,1,0.7970669892681047
01053032,2,600.0,6.398594934535208,1,8,3333.0,8.111928063310739,1,0.8501164603148623
01053033,0,0.0,0.0,0,4,2029.0,7.615791072035833,1,0.7154406888104701
01053034,0,0.0,0.0,0,7,3918.0,8.273591798199632,1,0.7309673049407923
01053035,1,0.0,0.0,1,5,2114.0,7.656810091480378,1,0.7532456395184242
01053036,2,600.0,6.398594934535208,1,9,4438.0,8.398184404834035,1,0.8107102535168553
01053037,1,0.0,0.0,1,9,4438.0,8.398184404834035,1,0.7479767674906749
01053038,0,0.0,0.0,0,9,6910.0,8.840869624091395,1,0.7464899555115074
01053039,2,1705.0,7.441906728051625,0,11,7430.0,8.91341571815747,1,0.7878662401844624
01053040,0,0.0,0.0,0,4,2029.0,7.615791072035833,1,0.7108172625543887
01053041,0,0.0,0.0,0,3,1705.0,7.441906728051625,1,0.6848766746214592
01053042,1,0.0,0.0,1,9,4438.0,8.398184404834035,1,0.7970355172005861
01053043,0,0.0,0.0,0,3,1705.0,7.441906728051625,1,0.6936150070097957
01053044,1,1105.0,7.00850518208228,0,9,6910.0,8.840869624091395,1,0.7379133797210375
01053045,2,600.0,6.398594934535208,1,9,4438.0,8.398184404834035,1,0.817168758543011
01053046,1,0.0,0.0,1,3,1370.0,7.223295679562314,1,0.7291537145958615
01053047,1,0.0,0.0,1,8,3333.0,8.111928063310739,1,0.8343466937332741
01053048,1,0.0,0.0,1,8,3333.0,8.111928063310739,1,0.757669871283186
01053049,1,600.0,6.398594934535208,0,9,4438.0,8.398184404834035,1,0.8297512346715186
01053050,2,600.0,6.398594934535208,1,8,3333.0,8.111928063310739,1,0.8413526132607841
01053051,0,0.0,0.0,0,5,2799.0,7.937374696163295,1,0.7101159875504301
01053052,2,600.0,6.398594934535208,1,9,4438.0,8.398184404834035,1,0.8232997938007738
01053053,3,1020.0,6.928537818164665,1,8,3333.0,8.111928063310739,1,0.8640081288361509
01053054,0,0.0,0.0,0,3,1370.0,7.223295679562314,1,0.7104339423039512
01053056,1,0.0,0.0,1,9,4438.0,8.398184404834035,1,0.7608362229845181
01053057,0,0.0,0.0,0,4,2475.0,7.814399633804487,1,0.7117934443623805
01053058,1,0.0,0.0,1,8,3333.0,8.111928063310739,1,0.8452058464348375
01053059,1,0.0,0.0,1,9,4438.0,8.398184404834035,1,0.787303694660338
01053060,1,600.0,6.398594934535208,0,9,4438.0,8.398184404834035,1,0.8521507514350628
01053061,0,0.0,0.0,0,8,6043.0,8.70682132339263,1,0.7447597218949003
01053062,0,0.0,0.0,0,3,1370.0,7.223295679562314,1,0.6796146431828517
01053064,1,0.0,0.0,1,8,3333.0,8.111928063310739,1,0.7930968754781216
01053066,0,0.0,0.0,0,3,1370.0,7.223295679562314,1,0.7028631060975752
01053067,0,0.0,0.0,0,6,3768.0,8.234564993267135,1,0.714769585022992
01053068,0,0.0,0.0,0,10,6563.0,8.789355452209982,1,0.7584604469099131
01053069,1,600.0,6.398594934535208,0,9,4438.0,8.398184404834035,1,0.7846915971472196
01053070,1,600.0,6.398594934535208,0,9,4438.0,8.398184404834035,1,0.7979318272009819
01053071,2,600.0,6.398594934535208,1,8,3333.0,8.111928063310739,1,0.8337975710885399
01053072,4,1120.0,7.02197642307216,1,8,3333.0,8.111928063310739,1,0.8974303775587824
01053073,1,0.0,0.0,1,8,3333.0,8.111928063310739,1,0.8636885777779989
01053074,1,0.0,0.0,1,8,3333.0,8.111928063310739,1,0.8381413863125537
01053075,0,0.0,0.0,0,7,5893.0,8.68169016329764,1,0.716573165357208
01053076,1,600.0,6.398594934535208,0,9,4438.0,8.398184404834035,1,0.8608645493583511
01053077,0,0.0,0.0,0,8,4338.0,8.37539918579835,1,0.7436575106259671
01053078,0,0.0,0.0,0,4,2029.0,7.615791072035833,1,0.7156781170203521
01053079,1,600.0,6.398594934535208,0,10,6563.0,8.789355452209982,1,0.7696998376648417
01053080,1,0.0,0.0,1,4,1790.0,7.490529402060711,1,0.7548840254485057
01053081,0,0.0,0.0,0,7,3918.0,8.273591798199632,1,0.7320177855730197
01053082,1,0.0,0.0,1,7,2593.0,7.860956364876389,1,1.1594986065645814
01053083,1,0.0,0.0,1,8,3333.0,8.111928063310739,1,0.9112015307037733
01053084,0,0.0,0.0,0,5,2799.0,7.937374696163295,1,0.7248369313544708
01053085,1,600.0,6.398594934535208,0,9,4438.0,8.398184404834035,1,0.8105593369723473
01053086,1,600.0,6.398594934535208,0,10,6563.0,8.789355452209982,1,0.7718693035584091
01053087,1,0.0,0.0,1,8,3333.0,8.111928063310739,1,0.8456588990961704
01053088,0,0.0,0.0,0,4,2475.0,7.814399633804487,1,0.6901018169989506
01053089,2,600.0,6.398594934535208,1,9,4438.0,8.398184404834035,1,0.8232562947594966
01053090,0,0.0,0.0,0,7,4188.0,8.340217320947035,1,0.7328868485114455
01053091,1,600.0,6.398594934535208,0,9,4438.0,8.398184404834035,1,0.8099186037630548
01053092,1,0.0,0.0,1,8,3333.0,8.111928063310739,1,0.8063630385094065
01053093,0,0.0,0.0,0,4,2475.0,7.814399633804487,1,0.6808710480456608
01053094,0,0.0,0.0,0,8,4338.0,8.37539918579835,1,0.7364913366061613
01053095,1,0.0,0.0,1,9,4438.0,8.398184404834035,1,0.7655480906172228
01053096,0,0.0,0.0,0,9,4438.0,8.398184404834035,1,0.7616487867359019
01053097,0,0.0,0.0,0,9,4438.0,8.398184404834035,1,0.7461207775444244
01053098,0,0.0,0.0,0,3,1705.0,7.441906728051625,1,0.6995198536556271
01053099,0,0.0,0.0,0,9,4438.0,8.398184404834035,1,0.7643613814443684
01053100,0,0.0,0.0,0,4,2475.0,7.814399633804487,1,0.6993317188047363
01053101,0,0.0,0.0,0,9,4438.0,8.398184404834035,1,0.7638010160905091
01053103,0,0.0,0.0,0,7,5893.0,8.68169016329764,1,0.7252328790879694
01053104,1,0.0,0.0,1,8,3333.0,8.111928063310739,1,0.7763917192048484
01053106,2,600.0,6.398594934535208,1,9,4438.0,8.398184404834035,1,0.8040654707411488
01053107,0,0.0,0.0,0,4,2475.0,7.814399633804487,1,0.6965310596315412
01053108,1,600.0,6.398594934535208,0,10,6563.0,8.789355452209982,1,0.7858535654114753
01053109,1,600.0,6.398594934535208,0,11,7430.0,8.91341571815747,1,0.7959293315272582
01053110,0,0.0,0.0,0,4,2475.0,7.814399633804487,1,0.710025036278588
01053111,1,0.0,0.0,1,8,3333.0,8.111928063310739,1,0.8485136476520392
01053112,1,600.0,6.398594934535208,0,10,6563.0,8.789355452209982,1,0.8196445808245095
01053113,2,600.0,6.398594934535208,1,9,4438.0,8.398184404834035,1,0.7897222252029568
01053114,1,1105.0,7.00850518208228,0,11,7430.0,8.91341571815747,1,0.7776341329820553
01053115,1,0.0,0.0,1,8,3333.0,8.111928063310739,1,0.8174064195550598
01053116,2,600.0,6.398594934535208,1,8,3333.0,8.111928063310739,1,0.8252030787418119
01053117,0,0.0,0.0,0,3,1370.0,7.223295679562314,1,0.6962605184657286
01053118,0,0.0,0.0,0,11,7430.0,8.91341571815747,1,0.7602890770705919
01053119,1,0.0,0.0,1,8,3333.0,8.111928063310739,1,0.7855833150627934
01053120,0,0.0,0.0,0,8,6043.0,8.70682132339263,1,0.737504527995064
01053121,1,600.0,6.398594934535208,0,9,4438.0,8.398184404834035,1,0.7857866811820666
01053122,1,600.0,6.398594934535208,0,11,7430.0,8.91341571815747,1,0.7833452661831959
01053123,0,0.0,0.0,0,3,1370.0,7.223295679562314,1,0.7054519902921307
01053124,2,1705.0,7.441906728051625,0,11,7430.0,8.91341571815747,1,0.8028107043384365
01053125,1,0.0,0.0,1,9,4438.0,8.398184404834035,1,0.7810276176971952
01053126,1,0.0,0.0,1,9,4438.0,8.398184404834035,1,0.7695328202641685
01053127,0,0.0,0.0,0,9,4438.0,8.398184404834035,1,0.7675770831076939
01053128,1,0.0,0.0,1,8,3333.0,8.111928063310739,1,0.8312200122600906
01053129,7,3333.0,8.111928063310739,0,9,4438.0,8.398184404834035,1,0.9458203118119124
01053130,1,600.0,6.398594934535208,0,10,6563.0,8.789355452209982,1,0.7985908658065419
01053131,1,0.0,0.0,1,8,3333.0,8.111928063310739,1,0.8358796770113759
01053132,1,0.0,0.0,1,8,3333.0,8.111928063310739,1,0.8326811094794908
01053133,7,3333.0,8.111928063310739,0,9,4438.0,8.398184404834035,1,0.9322298539382645
01053134,1,0.0,0.0,1,9,4438.0,8.398184404834035,1,0.7586408340917468
01053135,2,600.0,6.398594934535208,1,8,3333.0,8.111928063310739,1,0.8466303674498499
01053136,0,0.0,0.0,0,4,2475.0,7.814399633804487,1,0.693133714429084
01054001,0,0.0,0.0,0,1,935.0,6.841615476477592,0,0.4493556702686933
01054002,1,935.0,6.841615476477592,0,2,2125.0,7.661997558901893,0,0.5176712159154945
01054003,1,935.0,6.841615476477592,0,2,2125.0,7.661997558901893,0,0.5453764166901116
01054004,1,935.0,6.841615476477592,0,2,2125.0,7.661997558901893,0,0.547356517304957
01054005,0,0.0,0.0,0,0,0.0,0.0,0,0.4344275465266596
01054006,0,0.0,0.0,0,1,935.0,6.841615476477592,0,0.5036664187817568
01054007,1,935.0,6.841615476477592,0,2,2125.0,7.661997558901893,0,0.5283886942530693
01054009,0,0.0,0.0,0,0,0.0,0.0,0,0.41928521214642267
01054010,0,0.0,0.0,0,1,935.0,6.841615476477592,0,0.4636343527238961
01054011,1,935.0,6.841615476477592,0,2,2125.0,7.661997558901893,0,0.5293043945453033
01054012,0,0.0,0.0,0,1,935.0,6.841615476477592,0,0.5066147203550255
01054013,1,935.0,6.841615476477592,0,2,2125.0,7.661997558901893,0,0.5359316530579579
01054014,0,0.0,0.0,0,1,935.0,6.841615476477592,0,0.4786965687676775
01054015,0,0.0,0.0,0,0,0.0,0.0,0,0.43259701310943
01054016,0,0.0,0.0,0,0,0.0,0.0,0,0.4344596707071131
01054017,0,0.0,0.0,0,0,0.0,0.0,0,0.4335396541637565
01054018,0,0.0,0.0,0,0,0.0,0.0,0,0.4413727520548532
01054019,0,0.0,0.0,0,1,935.0,6.841615476477592,0,0.4867877016475195
01054020,0,0.0,0.0,0,1,935.0,6.841615476477592,0,0.4925075903798569
01054022,0,0.0,0.0,0,0,0.0,0.0,0,0.44275112096547875
01054023,1,935.0,6.841615476477592,0,2,2125.0,7.661997558901893,0,1.224952330039036
01054024,0,0.0,0.0,0,1,935.0,6.841615476477592,0,0.49785421872490343
01054025,0,0.0,0.0,0,0,0.0,0.0,0,0.4255080770009859
01054027,0,0.0,0.0,0,0,0.0,0.0,0,0.42686494366312744
01054032,1,935.0,6.841615476477592,0,2,2125.0,7.661997558901893,0,0.7078272699684703
01054033,1,935.0,6.841615476477592,0,2,2125.0,7.661997558901893,0,0.6893811726584727
01054034,0,0.0,0.0,0,0,0.0,0.0,0,0.4171509626256029
01054035,0,0.0,0.0,0,1,935.0,6.841615476477592,0,0.5335331955445879
01054036,0,0.0,0.0,0,1,935.0,6.841615476477592,0,0.5310123143367846
01054037,0,0.0,0.0,0,1,935.0,6.841615476477592,0,0.48307898967212654
01054038,0,0.0,0.0,0,1,935.0,6.841615476477592,0,0.4808175306220548
01054041,0,0.0,0.0,0,2,2125.0,7.661997558901893,0,0.5150805464684114
01054042,1,935.0,6.841615476477592,0,2,2125.0,7.661997558901893,0,0.5251499493457439
01054043,0,0.0,0.0,0,1,935.0,6.841615476477592,0,0.5066103819841608
01054045,0,0.0,0.0,0,1,935.0,6.841615476477592,0,0.48740553491002125
01054046,0,0.0,0.0,0,0,0.0,0.0,0,0.4153260748903741
01054048,0,0.0,0.0,0,0,0.0,0.0,0,0.43291100422806134
01054052,1,935.0,6.841615476477592,0,2,2125.0,7.661997558901893,0,0.5329826117721936
01054054,1,935.0,6.841615476477592,0,2,2125.0,7.661997558901893,0,0.8038897815893284
01054055,0,0.0,0.0,0,0,0.0,0.0,0,0.4274664269457131
01054056,1,935.0,6.841615476477592,0,2,2125.0,7.661997558901893,0,0.5571774494789228
01054057,1,935.0,6.841615476477592,0,2,2125.0,7.661997558901893,0,0.5361327088684168
01054059,0,0.0,0.0,0,1,935.0,6.841615476477592,0,0.4904837204186646
01054061,0,0.0,0.0,0,0,0.0,0.0,0,0.39265162553021493
01054062,0,0.0,0.0,0,0,0.0,0.0,0,0.4387744552921519
01054063,1,935.0,6.841615476477592,0,1,935.0,6.841615476477592,0,0.5399932132806862
01054065,0,0.0,0.0,0,0,0.0,0.0,0,0.41900320881963904
01054068,0,0.0,0.0,0,0,0.0,0.0,0,0.4387997320082123
01054070,1,935.0,6.841615476477592,0,2,2125.0,7.661997558901893,0,0.6449708985042995
01054072,1,935.0,6.841615476477592,0,2,2125.0,7.661997558901893,0,0.5602455223859801
01054073,0,0.0,0.0,0,0,0.0,0.0,0,0.4386262851586898
01054074,0,0.0,0.0,0,1,935.0,6.841615476477592,0,0.451394624553733
01054075,0,0.0,0.0,0,1,935.0,6.841615476477592,0,0.4680040795625305
01054076,0,0.0,0.0,0,1,935.0,6.841615476477592,0,0.4502368338819891
01054078,0,0.0,0.0,0,0,0.0,0.0,0,0.38820761632073875
01054079,0,0.0,0.0,0,2,2125.0,7.661997558901893,0,0.50325660471829
01054080,0,0.0,0.0,0,1,935.0,6.841615476477592,0,0.47357668238916767
01054083,0,0.0,0.0,0,0,0.0,0.0,0,0.43384649256756525
01054084,1,935.0,6.841615476477592,0,2,2125.0,7.661997558901893,0,0.5784888315797934
01054085,0,0.0,0.0,0,0,0.0,0.0,0,0.43327029415932916
01054086,0,0.0,0.0,0,0,0.0,0.0,0,0.4207243835811576
01054087,0,0.0,0.0,0,0,0.0,0.0,0,0.43559956395823024
01054088,0,0.0,0.0,0,0,0.0,0.0,0,0.4392568487200926
01054089,0,0.0,0.0,0,0,0.0,0.0,0,0.42800733740843855
01054091,1,935.0,6.841615476477592,0,1,935.0,6.841615476477592,0,0.5129110469181271
01054092,0,0.0,0.0,0,2,2125.0,7.661997558901893,0,0.5121011693508596
01054093,0,0.0,0.0,0,1,935.0,6.841615476477592,0,0.4638697490025376
01054094,0,0.0,0.0,0,0,0.0,0.0,0,0.43530654456946466
01054095,1,935.0,6.841615476477592,0,2,2125.0,7.661997558901893,0,0.5663576901756997
01054096,1,935.0,6.841615476477592,0,2,2125.0,7.661997558901893,0,0.6177295313094505
01054097,1,935.0,6.841615476477592,0,2,2125.0,7.661997558901893,0,0.5324443322094825
01054098,0,0.0,0.0,0,0,0.0,0.0,0,0.4271625083185855
01054099,1,935.0,6.841615476477592,0,2,2125.0,7.661997558901893,0,0.598701994831109
01054100,0,0.0,0.0,0,1,935.0,6.841615476477592,0,0.5191267916415296
01054101,1,935.0,6.841615476477592,0,2,2125.0,7.661997558901893,0,0.5567029013673466
01054103,0,0.0,0.0,0,1,935.0,6.841615476477592,0,0.481690825364038
01054104,0,0.0,0.0,0,1,935.0,6.841615476477592,0,0.5225939698890402
01054105,1,935.0,6.841615476477592,0,2,2125.0,7.661997558901893,0,0.7688278575256461
01054106,1,935.0,6.841615476477592,0,2,2125.0,7.661997558901893,0,0.6169393173496773
01054108,0,0.0,0.0,0,1,935.0,6.841615476477592,0,0.4789337937586662
01054109,0,0.0,0.0,0,1,935.0,6.841615476477592,0,0.44691402819035064
01054110,0,0.0,0.0,0,0,0.0,0.0,0,0.41620971080124913
01054113,0,0.0,0.0,0,1,935.0,6.841615476477592,0,0.5131005817226532
01054116,1,935.0,6.841615476477592,0,2,2125.0,7.661997558901893,0,0.8042797690496364
01054118,1,935.0,6.841615476477592,0,2,2125.0,7.661997558901893,0,0.5621028260574017
01054120,1,935.0,6.841615476477592,0,2,2125.0,7.661997558901893,0,0.5553263392152445
01054121,0,0.0,0.0,0,1,935.0,6.841615476477592,0,0.48608199123363904
01054123,0,0.0,0.0,0,2,2125.0,7.661997558901893,0,0.5169923427985224
01054124,0,0.0,0.0,0,1,935.0,6.841615476477592,0,0.4546172536291152
01054125,0,0.0,0.0,0,1,935.0,6.841615476477592,0,0.46245608540332916
01054126,0,0.0,0.0,0,1,935.0,6.841615476477592,0,0.45467630879554055
01054128,0,0.0,0.0,0,1,935.0,6.841615476477592,0,0.5004329096448021
01054129,0,0.0,0.0,0,0,0.0,0.0,0,0.4276297294710537
01054131,0,0.0,0.0,0,0,0.0,0.0,0,0.42772421509012853
01054132,1,935.0,6.841615476477592,0,2,2125.0,7.661997558901893,0,0.6130317196208225
01054134,0,0.0,0.0,0,1,935.0,6.841615476477592,0,0.5195614875624652
01054135,1,935.0,6.841615476477592,0,1,935.0,6.841615476477592,0,0.5373950446913814
01054136,0,0.0,0.0,0,0,0.0,0.0,0,0.44000053903422126
01054138,1,935.0,6.841615476477592,0,2,2125.0,7.661997558901893,0,0.5734912576811333
01054140,0,0.0,0.0,0,1,935.0,6.841615476477592,0,0.513231326503184
01054141,1,935.0,6.841615476477592,0,2,2125.0,7.661997558901893,0,0.5516410632135291
01054142,0,0.0,0.0,0,0,0.0,0.0,0,0.43053459952186734
01054143,0,0.0,0.0,0,0,0.0,0.0,0,0.42741133903264644
01054144,1,935.0,6.841615476477592,0,2,2125.0,7.661997558901893,0,0.5245268225455444
01054145,0,0.0,0.0,0,1,935.0,6.841615476477592,0,0.5391476739473138
01054146,0,0.0,0.0,0,1,935.0,6.841615476477592,0,0.49146091069339315
01054148,0,0.0,0.0,0,1,935.0,6.841615476477592,0,0.5375452870468166
01054149,0,0.0,0.0,0,0,0.0,0.0,0,0.39475092255250455
01054150,0,0.0,0.0,0,1,935.0,6.841615476477592,0,0.5056878484470703
01054152,1,935.0,6.841615476477592,0,2,2125.0,7.661997558901893,0,0.5589461753825604
01054154,0,0.0,0.0,0,0,0.0,0.0,0,0.43397190638931593
01054156,1,935.0,6.841615476477592,0,2,2125.0,7.661997558901893,0,0.6433910258780068
01054159,1,935.0,6.841615476477592,0,2,2125.0,7.661997558901893,0,0.5875454088805447
01054160,0,0.0,0.0,0,0,0.0,0.0,0,0.4391977403816837
01054161,1,935.0,6.841615476477592,0,2,2125.0,7.661997558901893,0,0.5762466654928445
01054162,1,935.0,6.841615476477592,0,1,935.0,6.841615476477592,0,0.5193133046517553
01054163,0,0.0,0.0,0,0,0.0,0.0,0,0.43820071789418996
01054164,0,0.0,0.0,0,0,0.0,0.0,0,0.44063554729744764
01054165,0,0.0,0.0,0,0,0.0,0.0,0,0.4362007297825645
01054166,0,0.0,0.0,0,0,0.0,0.0,0,0.42806760574147784
01054167,0,0.0,0.0,0,1,935.0,6.841615476477592,0,0.460547613055019
01054168,0,0.0,0.0,0,0,0.0,0.0,0,0.3971398699212314
01055001,1,1105.0,7.00850518208228,0,4,4590.0,8.431853144249223,0,0.6863995914782163
01055002,0,0.0,0.0,0,1,1105.0,7.00850518208228,0,0.5953944507633062
01055004,0,0.0,0.0,0,4,4697.0,8.454892165218858,0,0.6736391149813505
01055006,0,0.0,0.0,0,1,1105.0,7.00850518208228,0,0.5766802686842032
01055007,1,1105.0,7.00850518208228,0,4,4590.0,8.431853144249223,0,0.6966689085794722
01055010,0,0.0,0.0,0,0,0.0,0.0,0,0.5437025148007799
01055011,0,0.0,0.0,0,0,0.0,0.0,0,0.5584464069495869
01055012,0,0.0,0.0,0,4,4590.0,8.431853144249223,0,0.6330164314094086
01055014,0,0.0,0.0,0,0,0.0,0.0,0,0.545295651956583
01055015,0,0.0,0.0,0,0,0.0,0.0,0,0.5362292549395147
01055016,0,0.0,0.0,0,0,0.0,0.0,0,0.5727779146644927
01055017,0,0.0,0.0,0,0,0.0,0.0,0,0.5143244851403588
01055018,0,0.0,0.0,0,0,0.0,0.0,0,0.5465803937877872
01055020,0,0.0,0.0,0,2,1598.0,7.377133712833954,0,0.5682475549772937
01055021,0,0.0,0.0,0,0,0.0,0.0,0,0.5230556285764055
01055022,0,0.0,0.0,0,0,0.0,0.0,0,0.5355767068926526
01055023,0,0.0,0.0,0,0,0.0,0.0,0,0.5629399253831295
01055024,0,0.0,0.0,0,4,4590.0,8.431853144249223,0,0.6048118654471771
01055025,0,0.0,0.0,0,0,0.0,0.0,0,0.5526155750394258
01055027,0,0.0,0.0,0,0,0.0,0.0,0,0.5672689127670423
01055028,0,0.0,0.0,0,4,4590.0,8.431853144249223,0,0.6362628071751855
01055029,0,0.0,0.0,0,0,0.0,0.0,0,0.5685480721569395
01055031,0,0.0,0.0,0,0,0.0,0.0,0,0.5296085280416128
01055032,0,0.0,0.0,0,1,1105.0,7.00850518208228,0,0.6027509804900586
01055033,0,0.0,0.0,0,1,493.0,6.202535517187923,0,0.5493479071420837
01055035,0,0.0,0.0,0,3,4097.0,8.318254328798846,0,0.6577843906741107
01055036,0,0.0,0.0,0,0,0.0,0.0,0,0.5551498398495771
01055037,0,0.0,0.0,0,1,1105.0,7.00850518208228,0,0.5864595175391658
01055038,0,0.0,0.0,0,2,1598.0,7.377133712833954,0,0.5932747909999784
01055039,0,0.0,0.0,0,3,4097.0,8.318254328798846,0,0.6217624836663592
01055040,0,0.0,0.0,0,4,4697.0,8.454892165218858,0,0.6931156673021158
01055041,0,0.0,0.0,0,4,4590.0,8.431853144249223,0,0.6289979508203942
01055042,0,0.0,0.0,0,2,3230.0,8.080546965824498,0,0.63863123584529
01055043,0,0.0,0.0,0,2,1598.0,7.377133712833954,0,0.5702909829927642
01055044,0,0.0,0.0,0,3,4097.0,8.318254328798846,0,0.6363156678343198
01055046,0,0.0,0.0,0,0,0.0,0.0,0,0.4930037266230293
01056001,4,2213.0,7.7025561132685825,0,11,7940.0,8.97979449089521,0,0.9484816881196303
01056002,4,2573.0,7.853216388156072,0,11,7940.0,8.97979449089521,0,0.8529290602240962
01056003,5,2723.0,7.909856667269403,0,11,7940.0,8.97979449089521,0,0.8794070188287134
01056004,4,2213.0,7.7025561132685825,0,11,7940.0,8.97979449089521,0,0.9065443948648186
01056005,7,3333.0,8.111928063310739,0,11,7940.0,8.97979449089521,0,1.2557715445555204
01056006,1,510.0,6.236369590203704,0,12,9130.0,9.11943049661634,0,0.8088474662578511
01056008,3,2249.0,7.718685495198466,0,11,7940.0,8.97979449089521,0,0.844684829522683
01056009,4,2213.0,7.7025561132685825,0,11,7940.0,8.97979449089521,0,0.9882000877699089
01056010,1,510.0,6.236369590203704,0,12,9130.0,9.11943049661634,0,0.8066521398130504
01056011,4,2573.0,7.853216388156072,0,11,7940.0,8.97979449089521,0,0.8620059044220829
01056013,7,3333.0,8.111928063310739,0,11,7940.0,8.97979449089521,0,1.1834063499795733
01056014,5,2723.0,7.909856667269403,0,11,7940.0,8.97979449089521,0,0.905140616204795
01056015,1,510.0,6.236369590203704,0,11,7940.0,8.97979449089521,0,0.8395205361385498
01056016,5,2723.0,7.909856667269403,0,11,7940.0,8.97979449089521,0,0.8558558013534476
01056017,1,510.0,6.236369590203704,0,11,7940.0,8.97979449089521,0,0.8277767721266118
01056018,7,3333.0,8.111928063310739,0,11,7940.0,8.97979449089521,0,1.1662963963325375
01056019,4,2399.0,7.783224016336037,0,9,5968.0,8.69433468816865,0,0.853284528563202
01056020,4,2399.0,7.783224016336037,0,8,3843.0,8.254268770090183,0,0.8422100098885562
01056021,5,2813.0,7.942362237674335,0,11,7940.0,8.97979449089521,0,1.0930286213355331
01056022,3,2063.0,7.6324011266014535,0,11,7940.0,8.97979449089521,0,0.8684862270460958
01056023,5,2723.0,7.909856667269403,0,11,7940.0,8.97979449089521,0,0.8719908599020414
01056024,5,2723.0,7.909856667269403,0,9,5968.0,8.69433468816865,0,0.8752853073303749
01056025,0,0.0,0.0,0,0,0.0,0.0,0,0.46039148937414626
01056026,4,2213.0,7.7025561132685825,0,11,7940.0,8.97979449089521,0,0.9001287355286047
01056027,4,2213.0,7.7025561132685825,0,8,3843.0,8.254268770090183,0,0.8687651918141189
01056028,4,2213.0,7.7025561132685825,0,9,5968.0,8.69433468816865,0,0.8962521868707025
01056029,3,2249.0,7.718685495198466,0,11,7940.0,8.97979449089521,0,0.8501149368009449
01056030,1,510.0,6.236369590203704,0,11,7940.0,8.97979449089521,0,0.833554525447108
01056031,3,2249.0,7.718685495198466,0,11,7940.0,8.97979449089521,0,0.8503356150533423
01056032,4,2213.0,7.7025561132685825,0,11,7940.0,8.97979449089521,0,0.9643294594340672
01056033,1,510.0,6.236369590203704,0,10,6835.0,8.829958044235482,0,0.8341006684067067
01056034,3,2063.0,7.6324011266014535,0,11,7940.0,8.97979449089521,0,0.8749768841417624
01056035,1,510.0,6.236369590203704,0,11,7940.0,8.97979449089521,0,0.8349703989703354
01056036,5,2723.0,7.909856667269403,0,10,6835.0,8.829958044235482,0,0.8727056175700229
01056037,3,2249.0,7.718685495198466,0,9,5968.0,8.69433468816865,0,0.8391499904171792
01056038,1,510.0,6.236369590203704,0,12,9130.0,9.11943049661634,0,0.80015871045869
01056039,4,2213.0,7.7025561132685825,0,11,7940.0,8.97979449089521,0,1.0178008412465733
01056040,4,2213.0,7.7025561132685825,0,11,7940.0,8.97979449089521,0,0.9509671397433803
01056041,5,2813.0,7.942362237674335,0,11,7940.0,8.97979449089521,0,0.9811053564127638
01056042,1,510.0,6.236369590203704,0,11,7940.0,8.97979449089521,0,0.8313162830418712
01056043,7,3333.0,8.111928063310739,0,11,7940.0,8.97979449089521,0,1.098419723202952
01056044,7,3333.0,8.111928063310739,0,10,7073.0,8.864181369765426,0,1.163447435591435
01056045,1,510.0,6.236369590203704,0,10,6835.0,8.829958044235482,0,0.8260884246576307
01056046,5,2723.0,7.909856667269403,0,11,7940.0,8.97979449089521,0,0.87259333767006
01056047,5,2813.0,7.942362237674335,0,11,7940.0,8.97979449089521,0,1.0632504637751137
01056048,5,2723.0,7.909856667269403,0,11,7940.0,8.97979449089521,0,0.8927838794144085
01056049,5,2723.0,7.909856667269403,0,11,7940.0,8.97979449089521,0,0.8689020577705542
01056050,6,2733.0,7.913521017283895,0,8,3843.0,8.254268770090183,0,0.9270208679675436
01056051,1,510.0,6.236369590203704,0,12,9130.0,9.11943049661634,0,0.8016474555072464
01057001,2,1972.0,7.587310506022615,0,5,5780.0,8.662331957082475,0,0.7031022301590993
01057002,3,3485.0,8.156510226079966,0,5,5780.0,8.662331957082475,0,0.7293811529915657
01057003,1,493.0,6.202535517187923,0,4,4675.0,8.450198322591959,0,0.6253157805682378
01057004,0,0.0,0.0,0,1,493.0,6.202535517187923,0,0.5743929593050103
01057005,3,4097.0,8.318254328798846,0,5,5780.0,8.662331957082475,0,0.7680000289212653
01057006,1,493.0,6.202535517187923,0,5,5780.0,8.662331957082475,0,0.6086124560982467
01057007,0,0.0,0.0,0,4,4590.0,8.431853144249223,0,0.5862853643233903
01057008,3,4097.0,8.318254328798846,0,5,5780.0,8.662331957082475,0,1.043843647618294
01057009,0,0.0,0.0,0,4,4590.0,8.431853144249223,0,0.6625926686268513
01057010,2,1360.0,7.215975002651466,0,5,5780.0,8.662331957082475,0,0.7318282332044309
01057011,3,3485.0,8.156510226079966,0,5,5780.0,8.662331957082475,0,0.7393138464721568
01057012,1,493.0,6.202535517187923,0,5,5780.0,8.662331957082475,0,0.6879123353275127
01057013,0,0.0,0.0,0,4,4590.0,8.431853144249223,0,0.6174625795697561
01057015,3,4097.0,8.318254328798846,0,5,5780.0,8.662331957082475,0,0.7224423519859848
01057016,1,493.0,6.202535517187923,0,5,5780.0,8.662331957082475,0,0.6897293733310138
01057017,0,0.0,0.0,0,5,5780.0,8.662331957082475,0,0.6913510457271914
01057018,1,493.0,6.202535517187923,0,5,5780.0,8.662331957082475,0,0.6457273801051135
01057020,1,493.0,6.202535517187923,0,5,5780.0,8.662331957082475,0,0.629942116577267
01057021,1,493.0,6.202535517187923,0,4,4590.0,8.431853144249223,0,0.6019740388524419
01057022,0,0.0,0.0,0,4,4590.0,8.431853144249223,0,0.6423662204172964
01057023,3,3485.0,8.156510226079966,0,5,5780.0,8.662331957082475,0,0.7253518400817913
01057024,3,4097.0,8.318254328798846,0,5,5780.0,8.662331957082475,0,0.8813388305535943
01057025,1,493.0,6.202535517187923,0,5,5780.0,8.662331957082475,0,0.7824217866803389
01057026,0,0.0,0.0,0,4,4590.0,8.431853144249223,0,0.5935161884056285
01057027,0,0.0,0.0,0,4,4590.0,8.431853144249223,0,0.5994805068664538
01057028,1,493.0,6.202535517187923,0,5,5780.0,8.662331957082475,0,0.621577957559003
01057029,1,493.0,6.202535517187923,0,3,3485.0,8.156510226079966,0,0.5869394116873028
01057030,0,0.0,0.0,0,2,1598.0,7.377133712833954,0,0.5704790688926891
01057031,2,1360.0,7.215975002651466,0,5,5780.0,8.662331957082475,0,0.7206060469793213
01057032,3,4097.0,8.318254328798846,0,5,5780.0,8.662331957082475,0,0.742752886415184
01057033,3,3485.0,8.156510226079966,0,5,5780.0,8.662331957082475,0,0.7344063194070249
01057034,0,0.0,0.0,0,4,4590.0,8.431853144249223,0,0.6012047667520563
01057035,0,0.0,0.0,0,4,4590.0,8.431853144249223,0,0.6023112692321249
01057037,3,3485.0,8.156510226079966,0,5,5780.0,8.662331957082475,0,0.7324363300370784
01057038,0,0.0,0.0,0,4,4590.0,8.431853144249223,0,0.5961282834338069
01057039,1,493.0,6.202535517187923,0,4,4590.0,8.431853144249223,0,0.6056348994396396
01057040,1,493.0,6.202535517187923,0,4,4675.0,8.450198322591959,0,0.61766467468785
01057041,1,493.0,6.202535517187923,0,5,5780.0,8.662331957082475,0,0.6088329243193764
01057042,2,1360.0,7.215975002651466,0,5,5780.0,8.662331957082475,0,0.7082787776111149
01057043,1,493.0,6.202535517187923,0,4,4675.0,8.450198322591959,0,0.6818134787182851
01057044,1,493.0,6.202535517187923,0,4,4590.0,8.431853144249223,0,0.6303155123893025
01057045,1,493.0,6.202535517187923,0,4,4590.0,8.431853144249223,0,0.6538320389580099
01057046,1,493.0,6.202535517187923,0,5,5780.0,8.662331957082475,0,0.6681465826688626
01057047,3,3485.0,8.156510226079966,0,5,5780.0,8.662331957082475,0,0.7319804597065971
01057048,0,0.0,0.0,0,4,4590.0,8.431853144249223,0,0.5924101839308107
01057049,1,493.0,6.202535517187923,0,4,4675.0,8.450198322591959,0,0.6581642831837826
01057050,1,493.0,6.202535517187923,0,5,5780.0,8.662331957082475,0,0.6438024587731674
01057051,1,493.0,6.202535517187923,0,5,5780.0,8.662331957082475,0,0.9404292123609848
01057052,1,493.0,6.202535517187923,0,4,4590.0,8.431853144249223,0,0.6390409024344255
01057053,1,1105.0,7.00850518208228,0,4,4590.0,8.431853144249223,0,0.7145578051843282
01057054,3,3485.0,8.156510226079966,0,5,5780.0,8.662331957082475,0,0.7411337215141145
01057055,0,0.0,0.0,0,4,4590.0,8.431853144249223,0,0.5845134434500191
01057056,1,493.0,6.202535517187923,0,5,5780.0,8.662331957082475,0,0.6499897319312611
01057057,0,0.0,0.0,0,4,4590.0,8.431853144249223,0,0.6768084681810878
01057058,1,493.0,6.202535517187923,0,5,5780.0,8.662331957082475,0,0.7010580339960295
01057059,3,3485.0,8.156510226079966,0,5,5780.0,8.662331957082475,0,0.7163487606482912
01057060,1,493.0,6.202535517187923,0,5,5780.0,8.662331957082475,0,0.6556762538583796
01057062,1,493.0,6.202535517187923,0,5,5780.0,8.662331957082475,0,0.6919318613587471
01057063,1,493.0,6.202535517187923,0,5,5780.0,8.662331957082475,0,0.6719149044455717
01057065,0,0.0,0.0,0,4,4590.0,8.431853144249223,0,0.6209729637268866
01057066,1,493.0,6.202535517187923,0,5,5780.0,8.662331957082475,0,0.684201530839358
01057067,0,0.0,0.0,0,4,4590.0,8.431853144249223,0,0.6630329385857435
01057068,3,4097.0,8.318254328798846,0,5,5780.0,8.662331957082475,0,0.8396462855286393
01057069,3,4097.0,8.318254328798846,0,5,5780.0,8.662331957082475,0,0.7905040987371904
01057070,1,493.0,6.202535517187923,0,5,5780.0,8.662331957082475,0,0.6867786910950519
01057071,3,4097.0,8.318254328798846,0,5,5780.0,8.662331957082475,0,0.8308890845655372
01057072,1,493.0,6.202535517187923,0,5,5780.0,8.662331957082475,0,0.6592804299805752
01057073,1,493.0,6.202535517187923,0,4,4675.0,8.450198322591959,0,0.6117575781473421
01057074,1,493.0,6.202535517187923,0,5,5780.0,8.662331957082475,0,0.7699601483632569
01057076,1,493.0,6.202535517187923,0,4,4590.0,8.431853144249223,0,0.5953033284044494
01057077,1,493.0,6.202535517187923,0,5,5780.0,8.662331957082475,0,0.630638703434302
01057078,1,493.0,6.202535517187923,0,3,3485.0,8.156510226079966,0,0.5981767776531226
01057079,1,493.0,6.202535517187923,0,4,4675.0,8.450198322591959,0,0.6407139255534565
01057080,3,4097.0,8.318254328798846,0,5,5780.0,8.662331957082475,0,0.7607264416158959
01057081,1,493.0,6.202535517187923,0,5,5780.0,8.662331957082475,0,0.643337272938014
01057082,1,493.0,6.202535517187923,0,4,4590.0,8.431853144249223,0,0.5923197173298145
01057083,3,4097.0,8.318254328798846,0,5,5780.0,8.662331957082475,0,1.0135530716291221
01057084,3,3485.0,8.156510226079966,0,5,5780.0,8.662331957082475,0,0.7053383150201747
01057085,3,4097.0,8.318254328798846,0,5,5780.0,8.662331957082475,0,0.7813659620151189
01057086,3,3485.0,8.156510226079966,0,5,5780.0,8.662331957082475,0,0.7413371336142552
01057087,1,493.0,6.202535517187923,0,4,4675.0,8.450198322591959,0,0.6336586322787763
01057088,1,493.0,6.202535517187923,0,4,4675.0,8.450198322591959,0,0.6117547885633838
01057089,1,493.0,6.202535517187923,0,5,5780.0,8.662331957082475,0,0.6898573003343916
01057090,1,493.0,6.202535517187923,0,5,5780.0,8.662331957082475,0,0.6376978779048916
01057091,1,493.0,6.202535517187923,0,5,5780.0,8.662331957082475,0,0.711276135585738
01058001,2,1683.0,7.428927194802272,0,5,5780.0,8.662331957082475,0,0.7086516215325778
01058003,1,1190.0,7.0825485693553,0,5,5610.0,8.632484235750972,0,0.7298303576788019
01058004,2,1683.0,7.428927194802272,0,5,5610.0,8.632484235750972,0,0.62511719985339
01058005,1,493.0,6.202535517187923,0,4,4675.0,8.450198322591959,0,0.7296528005941606
01058007,2,2992.0,8.0040315078527,0,9,8353.0,9.03049574505712,0,0.8596832001480398
01058008,1,1190.0,7.0825485693553,0,4,3485.0,8.156510226079966,0,0.6279085074511817
01058009,2,2992.0,8.0040315078527,0,6,6290.0,8.74687531957003,0,0.7805116129981524
01058010,2,2125.0,7.661997558901893,0,5,5610.0,8.632484235750972,0,0.6776376343202034
01058011,3,4182.0,8.338783971442199,0,7,7225.0,8.885440911707585,0,0.7436291916484963
01058012,0,0.0,0.0,0,4,3485.0,8.156510226079966,0,0.5826423255371604
01058013,0,0.0,0.0,0,5,5627.0,8.63550941823428,0,0.653726296699128
01058014,0,0.0,0.0,0,5,5627.0,8.63550941823428,0,0.665582884394244
01058015,1,1190.0,7.0825485693553,0,6,6120.0,8.71948076085107,0,0.6943558616448322
01058016,3,3485.0,8.156510226079966,0,5,5780.0,8.662331957082475,0,0.751231046686464
01058018,4,4675.0,8.450198322591959,0,5,5780.0,8.662331957082475,0,0.7383991743696796
01058019,3,3485.0,8.156510226079966,0,5,5780.0,8.662331957082475,0,0.7401643048817104
01058021,2,2057.0,7.629489916393995,0,6,6715.0,8.812248018197431,0,0.7388990422676462
01058022,3,3485.0,8.156510226079966,0,5,5780.0,8.662331957082475,0,0.7767464227883553
01058023,3,4182.0,8.338783971442199,0,5,5780.0,8.662331957082475,0,0.7587056427750438
01058024,1,1190.0,7.0825485693553,0,5,5610.0,8.632484235750972,0,0.8022422507573215
01058025,0,0.0,0.0,0,5,5627.0,8.63550941823428,0,0.6542623245434322
01058026,2,1683.0,7.428927194802272,0,5,5610.0,8.632484235750972,0,0.7018444495798659
01058027,2,2057.0,7.629489916393995,0,7,7225.0,8.885440911707585,0,0.7391931675122108
01058028,2,1683.0,7.428927194802272,0,5,5610.0,8.632484235750972,0,0.6971725527884456
01058029,1,1190.0,7.0825485693553,0,6,6120.0,8.71948076085107,0,0.6921716233436515
01058030,1,1190.0,7.0825485693553,0,4,3485.0,8.156510226079966,0,0.6338997023303528
01058031,1,1190.0,7.0825485693553,0,7,7225.0,8.885440911707585,0,0.7159839211412897
01058032,0,0.0,0.0,0,2,1683.0,7.428927194802272,0,0.5212848049571752
01058033,3,3485.0,8.156510226079966,0,5,5780.0,8.662331957082475,0,0.7726206975647766
01058034,1,1190.0,7.0825485693553,0,5,5610.0,8.632484235750972,0,1.0796332042605954
01058035,1,1190.0,7.0825485693553,0,5,5610.0,8.632484235750972,0,0.6932020826498347
01058036,2,2125.0,7.661997558901893,0,4,3485.0,8.156510226079966,0,0.656017098218984
01058037,1,493.0,6.202535517187923,0,4,4675.0,8.450198322591959,0,0.6727283726352161
01058038,4,4675.0,8.450198322591959,0,5,5780.0,8.662331957082475,0,0.765670534612954
01058039,1,1190.0,7.0825485693553,0,5,5610.0,8.632484235750972,0,0.634197747489532
01058040,0,0.0,0.0,0,2,1683.0,7.428927194802272,0,0.5451007886985655
01058042,0,0.0,0.0,0,2,1683.0,7.428927194802272,0,0.5327079973332157
01058043,2,1683.0,7.428927194802272,0,4,3485.0,8.156510226079966,0,0.5994707880964376
01058044,2,2992.0,8.0040315078527,0,9,8353.0,9.03049574505712,0,0.911176890321235
01058045,4,4675.0,8.450198322591959,0,6,6715.0,8.812248018197431,0,0.7481271804811964
01058046,3,4182.0,8.338783971442199,0,6,6715.0,8.812248018197431,0,0.7443355915372953
01058047,1,1190.0,7.0825485693553,0,5,5610.0,8.632484235750972,0,0.7089013766997573
01058048,1,1190.0,7.0825485693553,0,6,6120.0,8.71948076085107,0,0.7064148034847788
01058049,3,2550.0,7.844240718141811,0,6,6715.0,8.812248018197431,0,0.7245968909198237
01058050,2,1683.0,7.428927194802272,0,6,6715.0,8.812248018197431,0,0.7073207321432082
01058051,1,493.0,6.202535517187923,0,4,4675.0,8.450198322591959,0,0.6852331134304138
01058052,1,1190.0,7.0825485693553,0,3,2618.0,7.870547844507712,0,0.5907370658804603
01058053,3,3485.0,8.156510226079966,0,5,5780.0,8.662331957082475,0,0.7349203541345706
01058054,1,1190.0,7.0825485693553,0,5,5610.0,8.632484235750972,0,0.8522388098903925
01058055,2,2125.0,7.661997558901893,0,5,5610.0,8.632484235750972,0,0.6637095097114928
01058056,2,2125.0,7.661997558901893,0,4,3485.0,8.156510226079966,0,0.6624276600965303
01058057,1,1190.0,7.0825485693553,0,3,2618.0,7.870547844507712,0,0.5823531326153973
01058058,2,1683.0,7.428927194802272,0,4,4675.0,8.450198322591959,0,0.6557593507896036
01058059,3,4182.0,8.338783971442199,0,7,7225.0,8.885440911707585,0,0.7708970075432713
01058061,1,1190.0,7.0825485693553,0,5,5627.0,8.63550941823428,0,0.6795649587685444
01058062,2,2992.0,8.0040315078527,0,7,7225.0,8.885440911707585,0,0.7376073435969424
01058063,4,4675.0,8.450198322591959,0,5,5780.0,8.662331957082475,0,0.7455795410203808
01058064,3,3485.0,8.156510226079966,0,5,5780.0,8.662331957082475,0,0.7819657224073004
01058065,3,2550.0,7.844240718141811,0,6,6715.0,8.812248018197431,0,0.7311100014554555
01058066,2,1683.0,7.428927194802272,0,5,5610.0,8.632484235750972,0,0.6494216737842775
01058067,1,1190.0,7.0825485693553,0,3,2618.0,7.870547844507712,0,0.587537186000363
01058068,1,1190.0,7.0825485693553,0,6,6120.0,8.71948076085107,0,0.6957447838732482
01058069,2,1683.0,7.428927194802272,0,5,5610.0,8.632484235750972,0,0.6533432742040749
01058070,1,1190.0,7.0825485693553,0,6,6120.0,8.71948076085107,0,0.694803763113074
01058071,1,1190.0,7.0825485693553,0,6,6120.0,8.71948076085107,0,0.717854309861194
01058072,0,0.0,0.0,0,5,5627.0,8.63550941823428,0,0.6661060156768733
01058073,2,1683.0,7.428927194802272,0,6,6715.0,8.812248018197431,0,0.7259558447207319
01058074,3,4182.0,8.338783971442199,0,7,7225.0,8.885440911707585,0,0.7473760582690843
01058075,1,1190.0,7.0825485693553,0,6,6120.0,8.71948076085107,0,0.7228337798667779
01058076,4,4675.0,8.450198322591959,0,5,5780.0,8.662331957082475,0,0.7649781611223869
01058077,2,2057.0,7.629489916393995,0,7,7225.0,8.885440911707585,0,0.7263720701658578
01058078,2,2125.0,7.661997558901893,0,5,5610.0,8.632484235750972,0,0.6927645381567408
01058080,2,1683.0,7.428927194802272,0,5,5610.0,8.632484235750972,0,0.6497159045939395
01058081,1,1190.0,7.0825485693553,0,5,5610.0,8.632484235750972,0,0.6894031007038681
01058082,0,0.0,0.0,0,2,1683.0,7.428927194802272,0,0.5560420989651123
01058083,1,1190.0,7.0825485693553,0,4,3485.0,8.156510226079966,0,0.622934984248219
01058084,1,1190.0,7.0825485693553,0,4,3485.0,8.156510226079966,0,0.6045782846196572
01058085,1,867.0,6.7661917146603505,0,7,7225.0,8.885440911707585,0,0.7260463688657299
01058086,1,1190.0,7.0825485693553,0,5,5610.0,8.632484235750972,0,0.7669825932743239
01058087,0,0.0,0.0,0,2,1683.0,7.428927194802272,0,0.5258639244171611
01058088,1,1190.0,7.0825485693553,0,5,5610.0,8.632484235750972,0,0.6678366870881539
01058089,2,2125.0,7.661997558901893,0,4,3485.0,8.156510226079966,0,0.6654743360629491
01058090,1,1190.0,7.0825485693553,0,3,2618.0,7.870547844507712,0,0.5787504119432498
01058091,2,2992.0,8.0040315078527,0,6,6290.0,8.74687531957003,0,0.8287122491585006
01058092,1,493.0,6.202535517187923,0,5,5780.0,8.662331957082475,0,0.8162533875326013
01058093,2,1683.0,7.428927194802272,0,5,5610.0,8.632484235750972,0,0.6905865930980002
01058094,4,4675.0,8.450198322591959,0,5,5780.0,8.662331957082475,0,0.7430968303044796
01058096,2,1683.0,7.428927194802272,0,5,5610.0,8.632484235750972,0,0.6606156754525752
01058097,2,2125.0,7.661997558901893,0,5,5610.0,8.632484235750972,0,0.7034690859347674
01058098,2,2992.0,8.0040315078527,0,5,5780.0,8.662331957082475,0,0.8088072276078702
01058099,0,0.0,0.0,0,3,2618.0,7.870547844507712,0,0.5737386089059247
01058100,1,1190.0,7.0825485693553,0,6,6120.0,8.71948076085107,0,0.6815894710222987
01058101,2,2057.0,7.629489916393995,0,7,7225.0,8.885440911707585,0,0.7296950564263895
01058102,2,1683.0,7.428927194802272,0,5,5610.0,8.632484235750972,0,0.6277104330052418
01058103,2,2992.0,8.0040315078527,0,7,7225.0,8.885440911707585,0,0.7546453564556548
01058104,2,1683.0,7.428927194802272,0,5,5780.0,8.662331957082475,0,0.7369986614172723
01058105,3,2550.0,7.844240718141811,0,5,5780.0,8.662331957082475,0,0.7340273546522997
01058106,3,4182.0,8.338783971442199,0,7,7225.0,8.885440911707585,0,0.7448855165456877
01058107,2,1360.0,7.215975002651466,0,5,5780.0,8.662331957082475,0,0.7347121835236927
01058108,3,3485.0,8.156510226079966,0,5,5780.0,8.662331957082475,0,0.8024256443035563
01058109,3,3485.0,8.156510226079966,0,5,5780.0,8.662331957082475,0,0.812576732438558
01058110,2,1683.0,7.428927194802272,0,4,4675.0,8.450198322591959,0,0.629132444651792
01058111,1,1190.0,7.0825485693553,0,5,5610.0,8.632484235750972,0,0.7379554488541955
01058112,2,1683.0,7.428927194802272,0,4,4675.0,8.450198322591959,0,0.7191438407810149
01058113,1,1190.0,7.0825485693553,0,7,7225.0,8.885440911707585,0,0.7106209398103431
01058115,3,4182.0,8.338783971442199,0,7,7225.0,8.885440911707585,0,0.7325073673761833
01058116,1,493.0,6.202535517187923,0,4,4675.0,8.450198322591959,0,0.6159766523907116
01058117,3,4182.0,8.338783971442199,0,7,7225.0,8.885440911707585,0,0.7604514591646552
01058118,1,1190.0,7.0825485693553,0,5,5610.0,8.632484235750972,0,0.8598851491869235
01058119,1,1190.0,7.0825485693553,0,6,6120.0,8.71948076085107,0,0.6716750748921225
01058120,3,4182.0,8.338783971442199,0,7,7225.0,8.885440911707585,0,0.7384434185705482
01058121,1,493.0,6.202535517187923,0,4,4675.0,8.450198322591959,0,0.6472400271250143
01058122,2,1683.0,7.428927194802272,0,5,5610.0,8.632484235750972,0,0.7358649453422118
01058123,1,1190.0,7.0825485693553,0,4,3485.0,8.156510226079966,0,0.6110455956499636
01058124,1,1190.0,7.0825485693553,0,5,5610.0,8.632484235750972,0,1.0163413020024663
01058125,1,1190.0,7.0825485693553,0,7,7225.0,8.885440911707585,0,0.7034421099765571
01058126,1,493.0,6.202535517187923,0,5,5780.0,8.662331957082475,0,0.7548389936892765
01058127,1,1190.0,7.0825485693553,0,5,5610.0,8.632484235750972,0,0.660303821966457
01058128,2,2992.0,8.0040315078527,0,9,8353.0,9.03049574505712,0,0.9698702153259663
01058129,2,2125.0,7.661997558901893,0,6,6120.0,8.71948076085107,0,0.6725438429604972
01058130,2,1683.0,7.428927194802272,0,5,5780.0,8.662331957082475,0,0.7095087407248759
01058131,3,4182.0,8.338783971442199,0,7,7225.0,8.885440911707585,0,0.7457452966094323
01058132,1,1190.0,7.0825485693553,0,5,5610.0,8.632484235750972,0,0.7558076736978807
01058133,3,3485.0,8.156510226079966,0,5,5780.0,8.662331957082475,0,0.7592423695181585
01058134,2,2057.0,7.629489916393995,0,7,7225.0,8.885440911707585,0,0.7221300069688066
01058136,1,1190.0,7.0825485693553,0,5,5610.0,8.632484235750972,0,0.8761274940438676
01058137,0,0.0,0.0,0,3,2618.0,7.870547844507712,0,0.5609725984340171
01058138,3,2550.0,7.844240718141811,0,5,5780.0,8.662331957082475,0,0.727630110163846
01058139,3,2550.0,7.844240718141811,0,5,5780.0,8.662331957082475,0,0.7301772459950264
01058140,1,1190.0,7.0825485693553,0,5,5610.0,8.632484235750972,0,0.8579218773036499
01058141,3,2550.0,7.844240718141811,0,5,5780.0,8.662331957082475,0,0.7257391878780513
01058142,2,1683.0,7.428927194802272,0,4,4675.0,8.450198322591959,0,0.687538664394594
01058143,3,3485.0,8.156510226079966,0,5,5780.0,8.662331957082475,0,0.7593135658923589
01058144,3,3485.0,8.156510226079966,0,5,5780.0,8.662331957082475,0,0.792054820467552
01058145,3,3485.0,8.156510226079966,0,5,5780.0,8.662331957082475,0,0.7359830883472338
01058146,1,1190.0,7.0825485693553,0,5,5610.0,8.632484235750972,0,0.8392668996329429
01058147,3,4182.0,8.338783971442199,0,5,5780.0,8.662331957082475,0,0.7711794265460488
01058148,1,1190.0,7.0825485693553,0,5,5610.0,8.632484235750972,0,0.8172579088969231
01058150,1,493.0,6.202535517187923,0,3,2550.0,7.844240718141811,0,0.6117881760045183
01058151,1,1190.0,7.0825485693553,0,5,5627.0,8.63550941823428,0,0.6861723435607212
01058152,2,1683.0,7.428927194802272,0,5,5610.0,8.632484235750972,0,0.6775269874099359
01058153,4,4675.0,8.450198322591959,0,5,5780.0,8.662331957082475,0,0.7522715918047986
01058154,2,2125.0,7.661997558901893,0,5,5610.0,8.632484235750972,0,0.6757643475391446
01058155,1,1190.0,7.0825485693553,0,7,7225.0,8.885440911707585,0,0.7229743177373
01058156,0,0.0,0.0,0,5,5627.0,8.63550941823428,0,0.6581819536930289
01058157,1,493.0,6.202535517187923,0,4,4675.0,8.450198322591959,0,0.643762657047193
01058159,3,4182.0,8.338783971442199,0,7,7225.0,8.885440911707585,0,0.736032581224382
01058160,3,3485.0,8.156510226079966,0,5,5780.0,8.662331957082475,0,0.7443455067900633
01058161,0,0.0,0.0,0,5,5627.0,8.63550941823428,0,0.6711110697064446
01058162,0,0.0,0.0,0,2,1683.0,7.428927194802272,0,0.5416848706122996
01058163,3,4182.0,8.338783971442199,0,6,6290.0,8.74687531957003,0,0.7955125601735524
01058164,1,1190.0,7.0825485693553,0,6,6120.0,8.71948076085107,0,0.6972541251913702
01058165,2,1683.0,7.428927194802272,0,4,4675.0,8.450198322591959,0,0.6750456157093199
01058166,1,493.0,6.202535517187923,0,2,1683.0,7.428927194802272,0,0.5681632910253263
01058167,1,1190.0,7.0825485693553,0,7,7225.0,8.885440911707585,0,0.7152448186418745
01058168,4,4675.0,8.450198322591959,0,6,6715.0,8.812248018197431,0,0.7396563850301836
01058169,2,2992.0,8.0040315078527,0,6,6290.0,8.74687531957003,0,0.8985487484157554
01058170,3,3485.0,8.156510226079966,0,5,5780.0,8.662331957082475,0,0.7787894050391706
01058171,3,2550.0,7.844240718141811,0,6,6715.0,8.812248018197431,0,0.7161078630373737
01058172,1,1190.0,7.0825485693553,0,5,5610.0,8.632484235750972,0,1.0336575982881577
01058173,1,1190.0,7.0825485693553,0,4,3485.0,8.156510226079966,0,0.5950496848091114
01058174,0,0.0,0.0,0,2,1683.0,7.428927194802272,0,0.5288865833732014
01058175,1,1190.0,7.0825485693553,0,5,5610.0,8.632484235750972,0,0.6605413595576735
01059001,2,2125.0,7.661997558901893,0,3,2618.0,7.870547844507712,0,0.6375213034274454
01059002,0,0.0,0.0,0,2,1683.0,7.428927194802272,0,0.5230596769277318
01059005,2,2125.0,7.661997558901893,0,2,2125.0,7.661997558901893,0,0.6593375054489734
01059006,0,0.0,0.0,0,3,2618.0,7.870547844507712,0,0.5148292748467729
01059008,0,0.0,0.0,0,3,2618.0,7.870547844507712,0,0.528274202046225
01059009,2,2125.0,7.661997558901893,0,3,2618.0,7.870547844507712,0,0.6261851642148559
01059010,0,0.0,0.0,0,2,2125.0,7.661997558901893,0,0.5265819290135897
01059012,1,1190.0,7.0825485693553,0,3,2618.0,7.870547844507712,0,0.5791880532232889
01059018,1,1190.0,7.0825485693553,0,3,2618.0,7.870547844507712,0,0.5782022049165696
01059019,1,1190.0,7.0825485693553,0,3,2618.0,7.870547844507712,0,0.5794537839492213
01059020,2,2125.0,7.661997558901893,0,2,2125.0,7.661997558901893,0,0.6091197128181539
01059023,1,935.0,6.841615476477592,0,3,2618.0,7.870547844507712,0,0.5814484407349583
01059024,2,2125.0,7.661997558901893,0,2,2125.0,7.661997558901893,0,0.6613950198449019
01059026,1,1190.0,7.0825485693553,0,3,2618.0,7.870547844507712,0,0.5741311264193958
01059032,1,1190.0,7.0825485693553,0,3,2618.0,7.870547844507712,0,0.5994611658972339
01059034,0,0.0,0.0,0,2,1683.0,7.428927194802272,0,0.5203550760379663
01059035,2,2125.0,7.661997558901893,0,3,2618.0,7.870547844507712,0,0.6025039971909907
01059037,0,0.0,0.0,0,2,2125.0,7.661997558901893,0,0.509225576210663
01059039,1,935.0,6.841615476477592,0,2,2125.0,7.661997558901893,0,0.5966217272997268
01059041,2,2125.0,7.661997558901893,0,3,2618.0,7.870547844507712,0,0.5735455631760125
01059042,0,0.0,0.0,0,3,2618.0,7.870547844507712,0,0.5346016417956974
01059043,1,1190.0,7.0825485693553,0,3,2618.0,7.870547844507712,0,0.5983843661620156
01059044,0,0.0,0.0,0,2,2125.0,7.661997558901893,0,0.5412402178175668
01059045,0,0.0,0.0,0,2,1683.0,7.428927194802272,0,0.5123809674563231
01059049,0,0.0,0.0,0,3,2618.0,7.870547844507712,0,0.5200592957729346
01059050,2,2125.0,7.661997558901893,0,3,2618.0,7.870547844507712,0,0.6259657427148398
01059051,2,2125.0,7.661997558901893,0,3,2618.0,7.870547844507712,0,0.5991340887919725
01059053,2,2125.0,7.661997558901893,0,3,2618.0,7.870547844507712,0,0.6257382407147024
01059055,0,0.0,0.0,0,3,2618.0,7.870547844507712,0,0.5281347537667619
01059056,1,1190.0,7.0825485693553,0,3,2618.0,7.870547844507712,0,0.605483456132866
01059057,0,0.0,0.0,0,3,2618.0,7.870547844507712,0,0.5531003356890998
01059058,2,2125.0,7.661997558901893,0,3,2618.0,7.870547844507712,0,0.6484748205609016
01059060,0,0.0,0.0,0,3,2618.0,7.870547844507712,0,0.5049145760910347
01059062,0,0.0,0.0,0,3,2618.0,7.870547844507712,0,0.546531007089265
01059063,0,0.0,0.0,0,2,1683.0,7.428927194802272,0,0.5126656578173082
01059065,0,0.0,0.0,0,3,2618.0,7.870547844507712,0,0.5264966530616761
01059067,0,0.0,0.0,0,2,1683.0,7.428927194802272,0,0.5067650725121853
01059068,0,0.0,0.0,0,2,1683.0,7.428927194802272,0,0.5209257618465141
01059070,0,0.0,0.0,0,2,1683.0,7.428927194802272,0,0.5010659481455204
01059072,0,0.0,0.0,0,2,1683.0,7.428927194802272,0,0.5070394687363556
01059073,0,0.0,0.0,0,3,2618.0,7.870547844507712,0,0.5532944904448291
01059074,0,0.0,0.0,0,2,1683.0,7.428927194802272,0,0.5090502948398725
01059075,1,1190.0,7.0825485693553,0,3,2618.0,7.870547844507712,0,0.5673668892949972
01059076,0,0.0,0.0,0,3,2618.0,7.870547844507712,0,0.5135683634143545
01059077,0,0.0,0.0,0,3,2618.0,7.870547844507712,0,0.5637850040013459
01059078,1,1190.0,7.0825485693553,0,3,2618.0,7.870547844507712,0,0.5908788824193818
01059079,1,935.0,6.841615476477592,0,2,2125.0,7.661997558901893,0,0.558812265285234
01059080,0,0.0,0.0,0,3,2618.0,7.870547844507712,0,0.5342205190402646
01059081,0,0.0,0.0,0,3,2618.0,7.870547844507712,0,0.5289693168654281
01059082,0,0.0,0.0,0,3,2618.0,7.870547844507712,0,0.5187053018788417
01059083,0,0.0,0.0,0,3,2618.0,7.870547844507712,0,0.5201036352989588
01059084,0,0.0,0.0,0,3,2618.0,7.870547844507712,0,0.5356094777382652
01059086,0,0.0,0.0,0,3,2618.0,7.870547844507712,0,0.5463703803956532
01059087,2,2125.0,7.661997558901893,0,4,3485.0,8.156510226079966,0,0.6646807533916632
01059088,2,2125.0,7.661997558901893,0,2,2125.0,7.661997558901893,0,0.6553152955652303
01059090,0,0.0,0.0,0,3,2618.0,7.870547844507712,0,0.5400184614530401
01059092,1,935.0,6.841615476477592,0,2,2125.0,7.661997558901893,0,0.5598556197745893
01059093,0,0.0,0.0,0,3,2618.0,7.870547844507712,0,0.5180535278428684
01059094,0,0.0,0.0,0,3,2618.0,7.870547844507712,0,0.5468165241178623
01059095,0,0.0,0.0,0,2,1683.0,7.428927194802272,0,0.5095102541327939
01059096,1,935.0,6.841615476477592,0,2,2125.0,7.661997558901893,0,0.6497419897842343
01059097,0,0.0,0.0,0,3,2618.0,7.870547844507712,0,0.532996352959194
01059098,0,0.0,0.0,0,3,2618.0,7.870547844507712,0,0.5447929315716047
01059102,0,0.0,0.0,0,2,1683.0,7.428927194802272,0,0.4967971207888886
01059103,0,0.0,0.0,0,2,2125.0,7.661997558901893,0,0.4825239717248924
01059105,0,0.0,0.0,0,0,0.0,0.0,0,0.4450047698024379
01059106,0,0.0,0.0,0,0,0.0,0.0,0,0.4734281857089999
01059107,0,0.0,0.0,0,2,2125.0,7.661997558901893,0,0.5145971868280499
01059109,0,0.0,0.0,0,2,1683.0,7.428927194802272,0,0.4905422084516981
01059112,0,0.0,0.0,0,1,493.0,6.202535517187923,0,0.4842673098493513
01059113,0,0.0,0.0,0,0,0.0,0.0,0,0.4565346031168127
01059115,0,0.0,0.0,0,1,935.0,6.841615476477592,0,0.480888023583136
01059116,0,0.0,0.0,0,2,2125.0,7.661997558901893,0,0.49277439170912424
01059118,0,0.0,0.0,0,0,0.0,0.0,0,0.4745361412733875
01059120,0,0.0,0.0,0,0,0.0,0.0,0,0.4601366915003924
01059121,0,0.0,0.0,0,1,493.0,6.202535517187923,0,0.4934187455091359
01059123,0,0.0,0.0,0,1,935.0,6.841615476477592,0,0.46429107264565617
01059124,0,0.0,0.0,0,1,935.0,6.841615476477592,0,0.45011195137975857
01059126,0,0.0,0.0,0,1,935.0,6.841615476477592,0,0.47886809127533436
01059127,0,0.0,0.0,0,0,0.0,0.0,0,0.47528989966964597
01059128,0,0.0,0.0,0,2,2125.0,7.661997558901893,0,0.5091714792037245
01059129,0,0.0,0.0,0,0,0.0,0.0,0,0.4490460358184738
01059131,0,0.0,0.0,0,2,2125.0,7.661997558901893,0,0.501380093428816
01059132,0,0.0,0.0,0,2,2125.0,7.661997558901893,0,0.5124926666196914
01059136,0,0.0,0.0,0,1,493.0,6.202535517187923,0,0.48832176891664114
01059137,0,0.0,0.0,0,0,0.0,0.0,0,0.46736818266868974
01059138,0,0.0,0.0,0,2,2125.0,7.661997558901893,0,0.5161896611445465
01059142,0,0.0,0.0,0,2,1683.0,7.428927194802272,0,0.5033207325682589
01059143,0,0.0,0.0,0,1,935.0,6.841615476477592,0,0.45073111408195954
01059144,0,0.0,0.0,0,1,935.0,6.841615476477592,0,0.4655262588319929
01059145,0,0.0,0.0,0,0,0.0,0.0,0,0.4649734626572856
01059147,0,0.0,0.0,0,1,493.0,6.202535517187923,0,0.47707258522741836
01059148,0,0.0,0.0,0,1,493.0,6.202535517187923,0,0.48461731926460305
01059149,0,0.0,0.0,0,1,935.0,6.841615476477592,0,0.46931892529905406
01059151,0,0.0,0.0,0,1,935.0,6.841615476477592,0,0.4556454111250444
01059152,0,0.0,0.0,0,1,493.0,6.202535517187923,0,0.4812421022555537
01059154,0,0.0,0.0,0,2,1683.0,7.428927194802272,0,0.5015458400927303
01059155,0,0.0,0.0,0,2,1683.0,7.428927194802272,0,0.49149253503881996
01059157,0,0.0,0.0,0,0,0.0,0.0,0,0.4647126938227936
01059158,0,0.0,0.0,0,1,935.0,6.841615476477592,0,0.4636404370742818
01059159,0,0.0,0.0,0,2,2125.0,7.661997558901893,0,0.5101880801711943
01059161,0,0.0,0.0,0,1,1190.0,7.0825485693553,0,0.49068490359487715
01059162,0,0.0,0.0,0,2,2125.0,7.661997558901893,0,0.5310495858624866
01059163,0,0.0,0.0,0,2,1683.0,7.428927194802272,0,0.4943611576888171
01059164,0,0.0,0.0,0,0,0.0,0.0,0,0.48092042795517703
01059167,0,0.0,0.0,0,2,1683.0,7.428927194802272,0,0.488735774491299
01059168,0,0.0,0.0,0,2,1683.0,7.428927194802272,0,0.49823814320221427
01059169,0,0.0,0.0,0,2,2125.0,7.661997558901893,0,0.5213974248455319
01059171,0,0.0,0.0,0,2,2125.0,7.661997558901893,0,0.5003476971003546
01059173,0,0.0,0.0,0,1,935.0,6.841615476477592,0,0.46222006103871466
01059174,0,0.0,0.0,0,2,2125.0,7.661997558901893,0,0.48973594343986565
01059176,0,0.0,0.0,0,0,0.0,0.0,0,0.4631250750632131
01059177,0,0.0,0.0,0,0,0.0,0.0,0,0.44616820032089627
01059178,0,0.0,0.0,0,0,0.0,0.0,0,0.4633118357365064
01059179,0,0.0,0.0,0,1,935.0,6.841615476477592,0,0.4804681949699383
01059182,0,0.0,0.0,0,2,2125.0,7.661997558901893,0,0.4834273061872641
01059183,0,0.0,0.0,0,1,935.0,6.841615476477592,0,0.4679440865814466
01059184,0,0.0,0.0,0,2,2125.0,7.661997558901893,0,0.48918358863381817
01059185,0,0.0,0.0,0,2,2125.0,7.661997558901893,0,0.4972885988717413
01059186,0,0.0,0.0,0,0,0.0,0.0,0,0.48120525997535235
01059187,0,0.0,0.0,0,2,1683.0,7.428927194802272,0,0.5288138824879446
01059188,1,935.0,6.841615476477592,0,2,2125.0,7.661997558901893,0,0.8488532895057539
01059189,0,0.0,0.0,0,3,2618.0,7.870547844507712,0,0.5606267038934224
01060002,4,2213.0,7.7025561132685825,0,11,7940.0,8.97979449089521,0,0.897922660837176
01060003,2,2992.0,8.0040315078527,0,11,9103.0,9.116469156366112,0,0.8379786781329965
01060004,2,2992.0,8.0040315078527,0,10,8610.0,9.060795734696166,0,0.8429900966308315
01060006,1,1105.0,7.00850518208228,0,8,6910.0,8.840869624091395,0,0.8265252389977846
01060007,3,4097.0,8.318254328798846,0,9,7403.0,8.909775673693389,0,0.9279454207686093
01060008,2,3230.0,8.080546965824498,0,8,6910.0,8.840869624091395,0,0.8866310150782222
01060009,3,4097.0,8.318254328798846,0,11,9103.0,9.116469156366112,0,0.8828721424028761
01060010,3,4097.0,8.318254328798846,0,6,5514.0,8.615226931687603,0,0.834917082896622
01060012,3,4097.0,8.318254328798846,0,5,5780.0,8.662331957082475,0,0.8119276704218277
01060013,2,2992.0,8.0040315078527,0,11,9103.0,9.116469156366112,0,0.8089551581287451
01060015,1,1105.0,7.00850518208228,0,8,6910.0,8.840869624091395,0,0.8361822696547964
01060016,3,4097.0,8.318254328798846,0,9,8443.0,9.041211408968211,0,0.8562538748669164
01060017,3,4097.0,8.318254328798846,0,5,5780.0,8.662331957082475,0,0.7687382967617122
01060018,1,1105.0,7.00850518208228,0,8,6910.0,8.840869624091395,0,0.8633640529208715
01060019,5,2813.0,7.942362237674335,0,11,7940.0,8.97979449089521,0,0.9437270622168162
01060020,3,4097.0,8.318254328798846,0,9,7403.0,8.909775673693389,0,1.5383631537061184
01060021,2,2992.0,8.0040315078527,0,10,8610.0,9.060795734696166,0,0.8071266536492283
01060022,3,4097.0,8.318254328798846,0,10,7430.0,8.91341571815747,0,0.8948447495543658
01060023,2,2992.0,8.0040315078527,0,11,9103.0,9.116469156366112,0,0.8519164938884216
01060024,1,1105.0,7.00850518208228,0,7,6760.0,8.818926087090677,0,0.7825295791390358
01060025,1,1105.0,7.00850518208228,0,4,4590.0,8.431853144249223,0,0.6886929399910416
01060026,3,4097.0,8.318254328798846,0,7,6704.0,8.81060879571578,0,0.8674952798343707
01060027,3,4097.0,8.318254328798846,0,11,9103.0,9.116469156366112,0,0.9647258750356089
01060028,3,4097.0,8.318254328798846,0,9,8443.0,9.041211408968211,0,1.0915745836045696
01060029,2,3230.0,8.080546965824498,0,10,7430.0,8.91341571815747,0,0.8693377830749511
01060030,3,4097.0,8.318254328798846,0,8,7253.0,8.889308319842847,0,0.9425020507993997
01060031,2,2992.0,8.0040315078527,0,11,9103.0,9.116469156366112,0,0.8226803533106042
01060033,2,2992.0,8.0040315078527,0,11,9103.0,9.116469156366112,0,0.8612475519732874
01060034,3,4097.0,8.318254328798846,0,10,7840.0,8.967121656230923,0,0.8816294016436665
01060035,2,2992.0,8.0040315078527,0,11,9103.0,9.116469156366112,0,0.8434491666816678
01060036,3,4097.0,8.318254328798846,0,12,9130.0,9.11943049661634,0,0.8689558302547511
01060037,1,2125.0,7.661997558901893,0,12,9130.0,9.11943049661634,0,0.8290765126791115
01060038,3,4097.0,8.318254328798846,0,11,9103.0,9.116469156366112,0,0.9644022210609522
01060039,4,2663.0,7.88758403166028,0,11,7940.0,8.97979449089521,0,0.9045612002006282
01060040,2,2992.0,8.0040315078527,0,10,8610.0,9.060795734696166,0,0.8315091066699163
01060041,3,4097.0,8.318254328798846,0,9,7403.0,8.909775673693389,0,1.2415129609394855
01060042,3,3554.0,8.176110342237342,0,11,7940.0,8.97979449089521,0,0.8774471351032047
01060043,3,2029.0,7.615791072035833,0,11,7940.0,8.97979449089521,0,0.8820137069653438
01060044,3,3554.0,8.176110342237342,0,11,7940.0,8.97979449089521,0,0.8688185518446676
01060045,4,4421.0,8.394347361417392,0,11,7940.0,8.97979449089521,0,0.874262051535403
01060046,6,3918.0,8.273591798199632,0,11,7940.0,8.97979449089521,0,0.9235178955120543
01060047,5,5293.0,8.574329382787047,0,11,7940.0,8.97979449089521,0,0.8889274255787624
01060048,2,3230.0,8.080546965824498,0,9,7403.0,8.909775673693389,0,0.9942235154575199
01060049,3,4097.0,8.318254328798846,0,8,7253.0,8.889308319842847,0,0.970526701850532
01060050,3,4097.0,8.318254328798846,0,8,7253.0,8.889308319842847,0,0.8348444867824847
01060051,3,4097.0,8.318254328798846,0,8,6910.0,8.840869624091395,0,0.9474039204088915
01060052,3,4097.0,8.318254328798846,0,11,9103.0,9.116469156366112,0,1.0886783330930778
01060053,2,3230.0,8.080546965824498,0,10,7430.0,8.91341571815747,0,0.885991198090399
01060054,2,2992.0,8.0040315078527,0,12,9130.0,9.11943049661634,0,0.8445483964124012
01060056,2,2992.0,8.0040315078527,0,12,9130.0,9.11943049661634,0,0.8143810448617199
01060057,3,4097.0,8.318254328798846,0,9,7403.0,8.909775673693389,0,1.0633457598181095
01060058,5,3768.0,8.234564993267135,0,11,7940.0,8.97979449089521,0,0.8913160381295704
01060059,3,4097.0,8.318254328798846,0,8,7253.0,8.889308319842847,0,0.9372220131024174
01060060,3,4097.0,8.318254328798846,0,5,5190.0,8.55468163582723,0,0.7903962906058892
01060061,1,1105.0,7.00850518208228,0,8,6910.0,8.840869624091395,0,0.8340232401507515
01060062,2,3230.0,8.080546965824498,0,9,7330.0,8.899867211223587,0,0.8762957410334002
01060063,5,2813.0,7.942362237674335,0,11,7940.0,8.97979449089521,0,1.075830506620639
01060064,3,4097.0,8.318254328798846,0,11,7940.0,8.97979449089521,0,0.8535351714598072
01060065,4,4154.0,8.332067707289548,0,11,7940.0,8.97979449089521,0,0.8778432927688571
01060066,4,4421.0,8.394347361417392,0,11,7940.0,8.97979449089521,0,0.8725387870313728
01060067,1,1105.0,7.00850518208228,0,6,5514.0,8.615226931687603,0,0.7519946182717545
01060068,3,4097.0,8.318254328798846,0,9,8443.0,9.041211408968211,0,0.9118505367468961
01060069,1,1105.0,7.00850518208228,0,6,5514.0,8.615226931687603,0,0.7942760567295037
01060070,3,4097.0,8.318254328798846,0,9,7403.0,8.909775673693389,0,1.19292081518436
01060071,1,1105.0,7.00850518208228,0,8,7253.0,8.889308319842847,0,0.8317676946719853
01060072,3,4097.0,8.318254328798846,0,5,5780.0,8.662331957082475,0,0.7746018298740918
01060073,3,4097.0,8.318254328798846,0,11,7940.0,8.97979449089521,0,0.8650397420869724
01060074,2,3230.0,8.080546965824498,0,8,6910.0,8.840869624091395,0,0.947863235549369
01060075,1,1105.0,7.00850518208228,0,4,4590.0,8.431853144249223,0,0.7352267424806905
01060076,2,3230.0,8.080546965824498,0,10,7430.0,8.91341571815747,0,0.8771856015758803
01060077,2,3230.0,8.080546965824498,0,11,7940.0,8.97979449089521,0,0.8773098755535951
01060079,2,3230.0,8.080546965824498,0,9,7403.0,8.909775673693389,0,0.9761619045804184
01060080,3,4097.0,8.318254328798846,0,4,4590.0,8.431853144249223,0,0.7371739300334693
01060081,1,1105.0,7.00850518208228,0,7,6760.0,8.818926087090677,0,0.7528021397234018
01060082,3,4097.0,8.318254328798846,0,11,7940.0,8.97979449089521,0,0.8735059959202913
01060084,3,4097.0,8.318254328798846,0,11,7940.0,8.97979449089521,0,0.8769696185958034
01060085,2,1705.0,7.441906728051625,0,10,7430.0,8.91341571815747,0,0.8664849344313461
01060086,3,4097.0,8.318254328798846,0,6,6380.0,8.761080103868347,0,0.7991796018144897
01060087,3,4097.0,8.318254328798846,0,5,5190.0,8.55468163582723,0,0.7859687057433846
01060088,3,4097.0,8.318254328798846,0,9,7330.0,8.899867211223587,0,0.9025178499173923
01060089,3,4097.0,8.318254328798846,0,7,6704.0,8.81060879571578,0,0.8410601639212836
01060090,1,1105.0,7.00850518208228,0,5,5190.0,8.55468163582723,0,0.7329771188454437
01060091,2,3230.0,8.080546965824498,0,8,6910.0,8.840869624091395,0,0.9171732911217365
01060092,3,4097.0,8.318254328798846,0,9,7403.0,8.909775673693389,0,0.9991073081990012
01060093,1,1105.0,7.00850518208228,0,8,6910.0,8.840869624091395,0,0.8346399529901618
01060094,5,3768.0,8.234564993267135,0,11,7940.0,8.97979449089521,0,0.909368902876666
01060095,2,2992.0,8.0040315078527,0,10,8610.0,9.060795734696166,0,0.8240342421097169
01060096,1,1105.0,7.00850518208228,0,9,7403.0,8.909775673693389,0,0.8629021859230542
01060097,1,1105.0,7.00850518208228,0,6,5514.0,8.615226931687603,0,0.7835864053100274
01060098,1,1105.0,7.00850518208228,0,7,6760.0,8.818926087090677,0,0.7663704453653529
01060099,3,4097.0,8.318254328798846,0,11,9103.0,9.116469156366112,0,0.8726670732773936
01060100,5,5293.0,8.574329382787047,0,11,7940.0,8.97979449089521,0,0.8780917636509467
01060101,3,4097.0,8.318254328798846,0,9,7403.0,8.909775673693389,0,1.0371572570146423
01061001,0,0.0,0.0,0,5,5627.0,8.63550941823428,0,0.6814004409809904
01061003,1,510.0,6.236369590203704,0,5,5627.0,8.63550941823428,0,0.6923497424814689
01061004,1,510.0,6.236369590203704,0,11,7940.0,8.97979449089521,0,0.8302172048094172
01061006,1,510.0,6.236369590203704,0,7,5715.0,8.651024539049757,0,0.8158852814851472
01061007,1,510.0,6.236369590203704,0,8,6905.0,8.840145877949938,0,0.7812325321259721
01061010,1,510.0,6.236369590203704,0,7,6755.0,8.81818627792769,0,0.7383002210815202
01061011,0,0.0,0.0,0,5,5627.0,8.63550941823428,0,0.668430591888763
01061012,1,510.0,6.236369590203704,0,7,5715.0,8.651024539049757,0,1.126557447174506
01061013,0,0.0,0.0,0,5,5627.0,8.63550941823428,0,0.676725079430489
01061014,0,0.0,0.0,0,5,5627.0,8.63550941823428,0,0.6750970928503697
01061015,1,510.0,6.236369590203704,0,7,5715.0,8.651024539049757,0,1.0435956922133696
01061016,1,510.0,6.236369590203704,0,9,8010.0,8.988570876215118,0,0.7675878680229763
01061017,1,510.0,6.236369590203704,0,9,8010.0,8.988570876215118,0,0.7675566691731706
01061018,1,510.0,6.236369590203704,0,5,5241.0,8.564458383883352,0,0.7637983000228945
01061019,2,2992.0,8.0040315078527,0,11,9103.0,9.116469156366112,0,0.8235121391685226
01061021,0,0.0,0.0,0,5,5627.0,8.63550941823428,0,0.7046938916706343
01061022,1,510.0,6.236369590203704,0,9,8010.0,8.988570876215118,0,0.7840408932813565
01061023,1,510.0,6.236369590203704,0,4,4692.0,8.453827315794417,0,0.7341988887502715
01061024,1,510.0,6.236369590203704,0,5,5627.0,8.63550941823428,0,0.71444552266575
01061025,1,510.0,6.236369590203704,0,4,3502.0,8.161375023197486,0,0.6756275393838351
01061026,1,510.0,6.236369590203704,0,7,5715.0,8.651024539049757,0,0.8933401041320919
01061027,1,510.0,6.236369590203704,0,8,5815.0,8.668368019213355,0,1.0630432284736435
01061028,2,2992.0,8.0040315078527,0,10,8503.0,9.048291920021784,0,0.7918788678107869
01061030,1,510.0,6.236369590203704,0,8,6820.0,8.82776136765472,0,0.8180475638627256
01061031,0,0.0,0.0,0,5,5627.0,8.63550941823428,0,0.6715575472588364
01061033,0,0.0,0.0,0,5,5627.0,8.63550941823428,0,0.6924329338706521
01061034,1,510.0,6.236369590203704,0,7,6755.0,8.81818627792769,0,0.7386647193414606
01061035,1,510.0,6.236369590203704,0,8,6905.0,8.840145877949938,0,0.7645485085410866
01061036,2,2992.0,8.0040315078527,0,9,8353.0,9.03049574505712,0,0.76332545691985
01061037,1,510.0,6.236369590203704,0,9,6235.0,8.738094230177667,0,0.9161546800767477
01061038,2,2992.0,8.0040315078527,0,10,8610.0,9.060795734696166,0,0.8002802997655553
01061039,1,510.0,6.236369590203704,0,7,6755.0,8.81818627792769,0,0.7533947579725865
01061040,1,510.0,6.236369590203704,0,6,6732.0,8.814776088545281,0,0.7215111747808882
01061041,1,510.0,6.236369590203704,0,11,7940.0,8.97979449089521,0,0.8017668333055101
01061042,1,510.0,6.236369590203704,0,9,8010.0,8.988570876215118,0,0.7496359906145686
01061043,0,0.0,0.0,0,5,5627.0,8.63550941823428,0,0.6679816884093758
01061044,1,510.0,6.236369590203704,0,11,7940.0,8.97979449089521,0,0.8164134618183504
01061045,1,510.0,6.236369590203704,0,5,5627.0,8.63550941823428,0,0.7073693533451246
01061046,1,510.0,6.236369590203704,0,9,8010.0,8.988570876215118,0,0.7477946171591936
01061047,1,510.0,6.236369590203704,0,5,5627.0,8.63550941823428,0,0.7091168671530252
01061048,1,510.0,6.236369590203704,0,5,5627.0,8.63550941823428,0,0.6999686872120694
01061049,2,2992.0,8.0040315078527,0,10,8610.0,9.060795734696166,0,0.7790325548078799
01061050,1,510.0,6.236369590203704,0,11,7940.0,8.97979449089521,0,0.8258650923092372
01061052,1,510.0,6.236369590203704,0,5,5627.0,8.63550941823428,0,0.7055752034302294
01061053,1,510.0,6.236369590203704,0,9,8010.0,8.988570876215118,0,0.762868809521816
01061054,1,510.0,6.236369590203704,0,7,5715.0,8.651024539049757,0,0.9380865892704102
01061055,1,510.0,6.236369590203704,0,7,5715.0,8.651024539049757,0,0.8563614027478335
01061056,1,510.0,6.236369590203704,0,8,6905.0,8.840145877949938,0,0.7844605053942442
01061057,1,510.0,6.236369590203704,0,8,6905.0,8.840145877949938,0,0.7895712055416761
01061058,1,510.0,6.236369590203704,0,9,8010.0,8.988570876215118,0,0.7690161805994751
01061059,1,510.0,6.236369590203704,0,5,5627.0,8.63550941823428,0,0.7196989885315517
01061060,1,510.0,6.236369590203704,0,2,1445.0,7.27655640271871,0,0.6698896163939038
01061061,1,510.0,6.236369590203704,0,9,8010.0,8.988570876215118,0,0.776748872173916
01061062,1,510.0,6.236369590203704,0,4,4692.0,8.453827315794417,0,0.7267962335609786
01061063,1,510.0,6.236369590203704,0,3,2635.0,7.877017895622398,0,0.6848245025653997
01061064,2,2992.0,8.0040315078527,0,9,8353.0,9.03049574505712,0,0.7575983181772488
01061065,1,510.0,6.236369590203704,0,9,8010.0,8.988570876215118,0,0.7601165107859518
01061066,0,0.0,0.0,0,5,5627.0,8.63550941823428,0,0.7081665481222921
01061067,1,510.0,6.236369590203704,0,5,5627.0,8.63550941823428,0,0.6965387062781623
01061068,1,510.0,6.236369590203704,0,10,8610.0,9.060795734696166,0,0.7749221667054453
01061071,3,3502.0,8.161375023197486,0,9,8010.0,8.988570876215118,0,0.76381611370684
01061072,1,510.0,6.236369590203704,0,9,8010.0,8.988570876215118,0,0.765492237530109
01061073,1,510.0,6.236369590203704,0,9,8010.0,8.988570876215118,0,0.799202274818839
01061074,1,510.0,6.236369590203704,0,10,6835.0,8.829958044235482,0,0.8288146399590754
01061076,0,0.0,0.0,0,5,5627.0,8.63550941823428,0,0.684716437415618
01061077,1,510.0,6.236369590203704,0,5,5627.0,8.63550941823428,0,0.6952580437418435
01061078,1,510.0,6.236369590203704,0,5,5627.0,8.63550941823428,0,0.6920089863414807
01061079,1,510.0,6.236369590203704,0,9,8010.0,8.988570876215118,0,0.7549802090465423
01061080,2,2992.0,8.0040315078527,0,10,8503.0,9.048291920021784,0,0.7722065008348682
01061081,0,0.0,0.0,0,5,5627.0,8.63550941823428,0,0.6976453942314707
01061082,1,510.0,6.236369590203704,0,5,5627.0,8.63550941823428,0,0.7222911260432856
01061083,1,510.0,6.236369590203704,0,7,7366.0,8.904765846682814,0,0.723733101712875
01061084,0,0.0,0.0,0,6,6732.0,8.814776088545281,0,0.7296004145639179
01061085,0,0.0,0.0,0,5,5627.0,8.63550941823428,0,0.6983111081604666
01061086,2,2992.0,8.0040315078527,0,7,7225.0,8.885440911707585,0,0.7505287890867861
01061087,0,0.0,0.0,0,5,5627.0,8.63550941823428,0,0.694040046844504
01061088,2,2992.0,8.0040315078527,0,11,9103.0,9.116469156366112,0,0.8037733707870129
01061091,0,0.0,0.0,0,7,7225.0,8.885440911707585,0,0.7109025496140129
01061092,1,510.0,6.236369590203704,0,10,8610.0,9.060795734696166,0,0.7902298669580607
01061093,2,2992.0,8.0040315078527,0,10,8503.0,9.048291920021784,0,0.7766016344853526
01061095,1,510.0,6.236369590203704,0,1,510.0,6.236369590203704,0,0.7017203287529279
01061096,2,2992.0,8.0040315078527,0,9,8353.0,9.03049574505712,0,0.8027579595427088
01061097,0,0.0,0.0,0,5,5627.0,8.63550941823428,0,0.6945043683287192
01061098,1,510.0,6.236369590203704,0,9,8010.0,8.988570876215118,0,0.7440653016209272
01061100,1,867.0,6.7661917146603505,0,7,7225.0,8.885440911707585,0,0.73549678750149
01061101,1,510.0,6.236369590203704,0,10,6835.0,8.829958044235482,0,0.8417725868573696
01061102,1,510.0,6.236369590203704,0,6,6431.0,8.769040810858803,0,0.7411542916072791
01061104,1,510.0,6.236369590203704,0,7,5715.0,8.651024539049757,0,0.8539093172036772
01061105,1,510.0,6.236369590203704,0,5,5627.0,8.63550941823428,0,0.6866373338891427
01061106,1,510.0,6.236369590203704,0,5,5627.0,8.63550941823428,0,0.6833716031975876
01061107,1,510.0,6.236369590203704,0,5,5627.0,8.63550941823428,0,0.680127920865206
01061108,0,0.0,0.0,0,5,5627.0,8.63550941823428,0,0.6835452615548445
01061109,1,510.0,6.236369590203704,0,10,8610.0,9.060795734696166,0,0.7702807816194355
01061110,1,510.0,6.236369590203704,0,7,5715.0,8.651024539049757,0,0.8828627460505734
01061112,2,2992.0,8.0040315078527,0,9,8353.0,9.03049574505712,0,0.8145732876478481
01061113,1,510.0,6.236369590203704,0,4,4692.0,8.453827315794417,0,0.72375190652328
01061114,1,510.0,6.236369590203704,0,9,8010.0,8.988570876215118,0,0.7544578097810644
01061115,2,2635.0,7.877017895622398,0,10,8610.0,9.060795734696166,0,0.7743140006742446
01061116,2,2992.0,8.0040315078527,0,10,8610.0,9.060795734696166,0,0.7945120523389675
01061117,3,3502.0,8.161375023197486,0,10,8610.0,9.060795734696166,0,0.7914287060789267
01061118,1,510.0,6.236369590203704,0,10,6835.0,8.829958044235482,0,0.8287450314835672
01061119,1,510.0,6.236369590203704,0,5,5627.0,8.63550941823428,0,0.6893044409042881
01062001,5,2813.0,7.942362237674335,0,11,7430.0,8.91341571815747,1,0.9842046437663021
01062003,1,1105.0,7.00850518208228,0,5,5021.0,8.52158353971753,0,0.7184223306480284
01062004,1,1105.0,7.00850518208228,0,10,7430.0,8.91341571815747,0,0.8122984811181504
01062005,5,3768.0,8.234564993267135,0,10,7430.0,8.91341571815747,0,0.8974346550717575
01062006,5,3768.0,8.234564993267135,0,11,7430.0,8.91341571815747,1,0.8931695571797977
01062008,1,1105.0,7.00850518208228,0,9,6910.0,8.840869624091395,1,0.7590830167278912
01062009,7,3333.0,8.111928063310739,0,9,4438.0,8.398184404834035,1,1.1882459149172864
01062011,6,3233.0,8.081475040137052,0,10,6563.0,8.789355452209982,1,1.1480749660523086
01062014,4,2663.0,7.88758403166028,0,11,7430.0,8.91341571815747,1,0.9236805285060532
01062016,3,2029.0,7.615791072035833,0,11,7430.0,8.91341571815747,1,0.868131299471215
01062018,7,3333.0,8.111928063310739,0,9,4438.0,8.398184404834035,1,1.046059041598002
01062019,2,1705.0,7.441906728051625,0,10,7430.0,8.91341571815747,0,0.8520731768931332
01062020,1,600.0,6.398594934535208,0,9,4438.0,8.398184404834035,1,0.8724871273357642
01062021,1,600.0,6.398594934535208,0,10,6563.0,8.789355452209982,1,0.8461091074025722
01062022,2,924.0,6.829793737512425,0,10,6563.0,8.789355452209982,1,0.9142394320047347
01062023,4,2663.0,7.88758403166028,0,11,7430.0,8.91341571815747,1,0.950975102461846
01062025,1,1105.0,7.00850518208228,0,7,6760.0,8.818926087090677,0,0.7241280101240541
01062026,1,600.0,6.398594934535208,0,9,4438.0,8.398184404834035,1,0.8284489984146439
01062027,2,924.0,6.829793737512425,0,11,7430.0,8.91341571815747,1,0.8689825219324432
01062031,1,1105.0,7.00850518208228,0,8,6910.0,8.840869624091395,0,0.7528664056207599
01062032,1,1105.0,7.00850518208228,0,7,6760.0,8.818926087090677,0,0.7357294606496744
01062033,1,600.0,6.398594934535208,0,9,4438.0,8.398184404834035,1,0.810546551780035
01062035,4,2663.0,7.88758403166028,0,11,7430.0,8.91341571815747,1,0.9238620444118162
01062036,5,3768.0,8.234564993267135,0,11,7430.0,8.91341571815747,1,0.9045295565917049
01062039,1,1105.0,7.00850518208228,0,9,6910.0,8.840869624091395,1,0.7415360937576898
01062040,1,600.0,6.398594934535208,0,9,4438.0,8.398184404834035,1,0.7985694843226812
01062045,2,924.0,6.829793737512425,0,10,6563.0,8.789355452209982,1,0.8770026076778066
01062046,1,1105.0,7.00850518208228,0,10,7330.0,8.899867211223587,1,0.7827763093705897
01062048,1,1105.0,7.00850518208228,0,5,5021.0,8.52158353971753,0,0.72081649895646
01062050,2,1705.0,7.441906728051625,0,10,7430.0,8.91341571815747,0,0.8487601496446193
01062051,3,2029.0,7.615791072035833,0,10,7430.0,8.91341571815747,0,0.8821957038345374
01062053,7,3333.0,8.111928063310739,0,9,4438.0,8.398184404834035,1,1.1073183910094315
01062056,2,1705.0,7.441906728051625,0,11,7430.0,8.91341571815747,1,0.8137080051102802
01062058,2,924.0,6.829793737512425,0,9,4438.0,8.398184404834035,1,0.9283129010906017
01062059,1,1105.0,7.00850518208228,0,8,6910.0,8.840869624091395,0,0.7663835935091861
01062060,7,3333.0,8.111928063310739,0,9,4438.0,8.398184404834035,1,0.96202501776471
01062061,1,1105.0,7.00850518208228,0,8,6910.0,8.840869624091395,0,0.7605031900799466
01062062,1,1105.0,7.00850518208228,0,11,7430.0,8.91341571815747,1,0.7857122222855003
01062065,2,1705.0,7.441906728051625,0,11,7430.0,8.91341571815747,1,0.824432374063452
01062069,5,2813.0,7.942362237674335,0,10,6563.0,8.789355452209982,1,0.9647723434105882
01062071,7,3333.0,8.111928063310739,0,10,6563.0,8.789355452209982,1,1.3530505975940579
01062076,5,2813.0,7.942362237674335,0,11,7940.0,8.97979449089521,0,0.9755698695282529
01062078,2,924.0,6.829793737512425,0,11,7430.0,8.91341571815747,1,0.863724613596137
01062081,3,2029.0,7.615791072035833,0,11,7430.0,8.91341571815747,1,0.8581292382020507
01062082,1,600.0,6.398594934535208,0,9,4438.0,8.398184404834035,1,0.8546889762973343
01062083,1,1105.0,7.00850518208228,0,10,7330.0,8.899867211223587,1,0.7678302104548902
01062086,2,924.0,6.829793737512425,0,9,4438.0,8.398184404834035,1,0.9148421738764728
01062087,1,1105.0,7.00850518208228,0,7,6760.0,8.818926087090677,0,0.7435724653841366
01062088,6,3233.0,8.081475040137052,0,9,4438.0,8.398184404834035,1,0.9874895430185252
01062089,2,1705.0,7.441906728051625,0,11,7430.0,8.91341571815747,1,0.8364589995916585
01062090,5,2813.0,7.942362237674335,0,11,7430.0,8.91341571815747,1,1.015565686653822
01062091,1,600.0,6.398594934535208,0,11,7430.0,8.91341571815747,1,0.8351763994885102
01062092,1,1105.0,7.00850518208228,0,10,7430.0,8.91341571815747,0,0.8496357680627441
01062093,1,1105.0,7.00850518208228,0,8,6910.0,8.840869624091395,0,0.7936327709446913
01062094,1,1105.0,7.00850518208228,0,8,6910.0,8.840869624091395,0,0.7518869384451723
03102000,1,884.0,6.785587645007929,0,1,884.0,6.785587645007929,0,0.7648714224974629
03103000,1,884.0,6.785587645007929,0,1,884.0,6.785587645007929,0,0.7539715388905607
03151001,1,884.0,6.785587645007929,0,2,1134.0,7.034387929915503,0,0.8065035338444442
03151002,0,0.0,0.0,0,2,1134.0,7.034387929915503,0,0.7339693090922952
03151003,0,0.0,0.0,0,1,884.0,6.785587645007929,0,0.7272578678014427
03151004,1,884.0,6.785587645007929,0,2,1134.0,7.034387929915503,0,0.7417710857836513
03151005,0,0.0,0.0,0,1,884.0,6.785587645007929,0,0.7175130533695431
03151006,1,884.0,6.785587645007929,0,2,1134.0,7.034387929915503,0,0.7790918012923809
03151007,0,0.0,0.0,0,2,1134.0,7.034387929915503,0,0.7256441002115566
03151008,0,0.0,0.0,0,2,1134.0,7.034387929915503,0,0.7264005200986181
03151009,1,884.0,6.785587645007929,0,2,1134.0,7.034387929915503,0,0.7563519562942493
03151010,0,0.0,0.0,0,2,1134.0,7.034387929915503,0,0.7349821638837225
03151011,0,0.0,0.0,0,2,1134.0,7.034387929915503,0,0.7165642034728903
03151012,1,884.0,6.785587645007929,0,2,1134.0,7.034387929915503,0,0.7765620301467098
03151013,1,884.0,6.785587645007929,0,2,1134.0,7.034387929915503,0,0.77572208864527
03151014,0,0.0,0.0,0,2,1134.0,7.034387929915503,0,0.7395028801094965
03151015,1,884.0,6.785587645007929,0,2,1134.0,7.034387929915503,0,0.7712293409307782
03151016,1,884.0,6.785587645007929,0,2,1134.0,7.034387929915503,0,0.8291599029584812
03151017,1,884.0,6.785587645007929,0,2,1134.0,7.034387929915503,0,0.7594507914755501
03151018,1,250.0,5.5254529391317835,0,2,1134.0,7.034387929915503,0,0.7548992919949117
03151019,0,0.0,0.0,0,2,1134.0,7.034387929915503,0,0.7157597326561069
03151020,1,884.0,6.785587645007929,0,2,1134.0,7.034387929915503,0,0.7525581682025653
03151021,0,0.0,0.0,0,1,884.0,6.785587645007929,0,0.7269230454090663
03151022,1,884.0,6.785587645007929,0,2,1134.0,7.034387929915503,0,0.7773059911873584
03151023,1,884.0,6.785587645007929,0,2,1134.0,7.034387929915503,0,0.7906117467688705
03151024,0,0.0,0.0,0,1,884.0,6.785587645007929,0,0.7344013110153671
03151025,1,884.0,6.785587645007929,0,2,1134.0,7.034387929915503,0,0.7453400588465768
03151026,0,0.0,0.0,0,2,1134.0,7.034387929915503,0,0.7251573733493779
03151027,1,884.0,6.785587645007929,0,2,1134.0,7.034387929915503,0,0.8177738675279289
03151028,0,0.0,0.0,0,1,250.0,5.5254529391317835,0,0.7199902955349771
03151029,1,250.0,5.5254529391317835,0,2,1134.0,7.034387929915503,0,0.7366512423615675
03151030,1,884.0,6.785587645007929,0,2,1134.0,7.034387929915503,0,0.7457526649645219
03151031,0,0.0,0.0,0,1,884.0,6.785587645007929,0,0.7335841502864966
03151032,0,0.0,0.0,0,1,884.0,6.785587645007929,0,0.7220157353417649
03151033,1,250.0,5.5254529391317835,0,2,1134.0,7.034387929915503,0,0.7437185493840797
03151034,1,884.0,6.785587645007929,0,2,1134.0,7.034387929915503,0,0.8521054047433005
03151035,0,0.0,0.0,0,2,1134.0,7.034387929915503,0,0.7422846236769486
03151036,0,0.0,0.0,0,2,1134.0,7.034387929915503,0,0.728628916554928
03151037,1,884.0,6.785587645007929,0,2,1134.0,7.034387929915503,0,0.7888625094351139
03151038,0,0.0,0.0,0,2,1134.0,7.034387929915503,0,0.7356469342169586
03151039,1,884.0,6.785587645007929,0,2,1134.0,7.034387929915503,0,0.7510393809430869
03151040,0,0.0,0.0,0,2,1134.0,7.034387929915503,0,0.7106030022146743
03151041,1,884.0,6.785587645007929,0,2,1134.0,7.034387929915503,0,0.7891654126998222
03153002,0,0.0,0.0,0,3,884.0,6.785587645007929,2,0.7722375929072812
03153008,0,0.0,0.0,0,2,884.0,6.785587645007929,1,0.7630698422135404
03153012,0,0.0,0.0,0,0,0.0,0.0,0,0.762567356788852
03153016,0,0.0,0.0,0,2,0.0,0.0,2,0.7765456746269463
03153017,0,0.0,0.0,0,2,884.0,6.785587645007929,1,0.764527775254471
03153018,0,0.0,0.0,0,1,0.0,0.0,1,0.7665040198555442
03153019,0,0.0,0.0,0,2,884.0,6.785587645007929,1,0.7610774507632057
03154001,0,0.0,0.0,0,1,884.0,6.785587645007929,0,0.7430119974676178
03154002,0,0.0,0.0,0,3,884.0,6.785587645007929,2,0.7814271399653836
03154004,0,0.0,0.0,0,1,884.0,6.785587645007929,0,0.7422079912752848
03154005,0,0.0,0.0,0,3,884.0,6.785587645007929,2,0.7667609827021644
03154006,0,0.0,0.0,0,3,884.0,6.785587645007929,2,0.7793104628243135
03154007,0,0.0,0.0,0,1,884.0,6.785587645007929,0,0.737645744910021
03154008,0,0.0,0.0,0,3,884.0,6.785587645007929,2,0.7526335577014989
03154009,0,0.0,0.0,0,1,884.0,6.785587645007929,0,0.749052350387512
03154012,0,0.0,0.0,0,3,884.0,6.785587645007929,2,0.7815418137448455
03154013,1,884.0,6.785587645007929,0,2,884.0,6.785587645007929,1,0.7726986320832113
03154014,1,884.0,6.785587645007929,0,1,884.0,6.785587645007929,0,0.8284278436138494
03154015,0,0.0,0.0,0,2,884.0,6.785587645007929,1,0.7570131472442341
03154016,0,0.0,0.0,0,1,884.0,6.785587645007929,0,0.7511396233601189
03154017,0,0.0,0.0,0,3,884.0,6.785587645007929,2,0.7691904874424143
03154018,1,884.0,6.785587645007929,0,2,884.0,6.785587645007929,1,0.7591127579470985
03154019,0,0.0,0.0,0,4,884.0,6.785587645007929,3,0.7733333989627167
03154021,0,0.0,0.0,0,2,884.0,6.785587645007929,1,0.7655069746309695
03154022,0,0.0,0.0,0,2,884.0,6.785587645007929,1,0.7634313032874045
03154024,0,0.0,0.0,0,1,884.0,6.785587645007929,0,0.7433117547267374
03154025,0,0.0,0.0,0,3,884.0,6.785587645007929,2,0.7687717704454226
03154026,0,0.0,0.0,0,3,884.0,6.785587645007929,2,0.7673821665295106
03154027,0,0.0,0.0,0,3,884.0,6.785587645007929,2,0.7809085845893216
03154028,0,0.0,0.0,0,3,884.0,6.785587645007929,2,0.7618343762989535
03155001,0,0.0,0.0,0,0,0.0,0.0,0,0.7678489291531863
03155002,1,500.0,6.2166061010848646,0,6,2742.0,7.916807490937603,1,0.860308059644754
03155003,0,0.0,0.0,0,4,2392.0,7.780303087908373,0,0.7995062826521336
03155005,0,0.0,0.0,0,4,1892.0,7.545918151209323,1,0.8204649279727393
03155006,0,0.0,0.0,0,1,792.0,6.675823221634848,0,0.7755487675740683
03155007,0,0.0,0.0,0,1,792.0,6.675823221634848,0,0.7863888952606166
03155009,0,0.0,0.0,0,3,1892.0,7.545918151209323,0,0.8042092845705093
03155010,1,792.0,6.675823221634848,0,2,1392.0,7.239214973779806,0,0.8162144612778086
03155011,0,0.0,0.0,0,2,1392.0,7.239214973779806,0,0.7908858923099498
03155012,0,0.0,0.0,0,5,2392.0,7.780303087908373,1,0.8411353318778267
03155013,0,0.0,0.0,0,1,792.0,6.675823221634848,0,0.7827176886492585
03157001,1,884.0,6.785587645007929,0,2,1134.0,7.034387929915503,0,0.7621859728024574
03157002,0,0.0,0.0,0,2,1134.0,7.034387929915503,0,0.7477797450109512
03157005,1,884.0,6.785587645007929,0,1,884.0,6.785587645007929,0,0.7676292010869685
03157006,1,884.0,6.785587645007929,0,2,1134.0,7.034387929915503,0,0.7605337083550718
03157007,1,884.0,6.785587645007929,0,2,1134.0,7.034387929915503,0,0.7916721913616434
03157008,1,884.0,6.785587645007929,0,2,1134.0,7.034387929915503,0,0.8012476079982256
03157009,1,884.0,6.785587645007929,0,2,1134.0,7.034387929915503,0,0.7598160572290062
03158002,0,0.0,0.0,0,1,884.0,6.785587645007929,0,0.7563128654045139
03158004,0,0.0,0.0,0,1,884.0,6.785587645007929,0,0.7564410254803156
03158005,1,884.0,6.785587645007929,0,2,884.0,6.785587645007929,1,0.7689238857381615
03158006,1,884.0,6.785587645007929,0,1,884.0,6.785587645007929,0,0.819413292123988
03158007,0,0.0,0.0,0,3,884.0,6.785587645007929,2,0.773716131545068
03158008,1,884.0,6.785587645007929,0,2,884.0,6.785587645007929,1,0.7801884850152643
03158009,1,884.0,6.785587645007929,0,2,884.0,6.785587645007929,1,0.7835559989255649
03158010,1,884.0,6.785587645007929,0,2,884.0,6.785587645007929,1,0.7719119981183328
03158011,0,0.0,0.0,0,1,884.0,6.785587645007929,0,0.7577861562125705
03158012,1,884.0,6.785587645007929,0,2,884.0,6.785587645007929,1,0.7859161918291642
03158013,1,884.0,6.785587645007929,0,2,884.0,6.785587645007929,1,0.7825651013558248
03158014,0,0.0,0.0,0,2,884.0,6.785587645007929,1,0.7675795292241232
03158016,0,0.0,0.0,0,1,884.0,6.785587645007929,0,0.7595871834621739
03158017,0,0.0,0.0,0,3,884.0,6.785587645007929,2,0.7743729273320696
03158018,0,0.0,0.0,0,1,884.0,6.785587645007929,0,0.7569229847341448
03158019,0,0.0,0.0,0,2,884.0,6.785587645007929,1,0.7698254156280111
03158021,1,884.0,6.785587645007929,0,2,884.0,6.785587645007929,1,0.7741278952766008
03158022,1,884.0,6.785587645007929,0,2,884.0,6.785587645007929,1,0.7765579867153345
03158023,1,884.0,6.785587645007929,0,2,884.0,6.785587645007929,1,0.7749409544079905
03158025,0,0.0,0.0,0,3,884.0,6.785587645007929,2,0.7768037686702354
03158027,1,884.0,6.785587645007929,0,3,884.0,6.785587645007929,2,0.7749991867517461
03158028,0,0.0,0.0,0,1,884.0,6.785587645007929,0,0.7574176198581554
03158030,1,884.0,6.785587645007929,0,2,884.0,6.785587645007929,1,0.8038700400137095
03158031,0,0.0,0.0,0,3,884.0,6.785587645007929,2,0.7758835002939792
03158032,1,884.0,6.785587645007929,0,3,884.0,6.785587645007929,2,0.776871056174651
03158033,1,884.0,6.785587645007929,0,2,884.0,6.785587645007929,1,0.7947024614517566
03158035,0,0.0,0.0,0,3,884.0,6.785587645007929,2,0.777976450752327
03158036,1,884.0,6.785587645007929,0,2,884.0,6.785587645007929,1,0.7772559781240674
03158037,1,884.0,6.785587645007929,0,2,884.0,6.785587645007929,1,0.7847500779850456
03158038,0,0.0,0.0,0,3,884.0,6.785587645007929,2,0.7708257550498285
03158039,0,0.0,0.0,0,3,884.0,6.785587645007929,2,0.76784539849249
03158040,1,884.0,6.785587645007929,0,3,884.0,6.785587645007929,2,0.7753079267828266
03159001,1,792.0,6.675823221634848,0,4,1892.0,7.545918151209323,1,0.854682231010867
03159002,0,0.0,0.0,0,1,792.0,6.675823221634848,0,0.7670119413443475
03159003,0,0.0,0.0,0,3,792.0,6.675823221634848,2,0.771037156713178
03159004,0,0.0,0.0,0,3,792.0,6.675823221634848,2,0.7702315173270355
03159005,0,0.0,0.0,0,1,792.0,6.675823221634848,0,0.7885372185372933
03159006,0,0.0,0.0,0,2,1392.0,7.239214973779806,0,0.7956408848904788
03159007,1,792.0,6.675823221634848,0,4,1892.0,7.545918151209323,1,0.8320436405030376
03159008,2,1392.0,7.239214973779806,0,5,2242.0,7.715569534520208,1,0.9138130559922693
03159009,2,1392.0,7.239214973779806,0,4,1892.0,7.545918151209323,1,0.896156990518062
03159010,0,0.0,0.0,0,1,792.0,6.675823221634848,0,0.7889321665350144
03159011,1,792.0,6.675823221634848,0,2,1392.0,7.239214973779806,0,0.8068725989872849
03159012,0,0.0,0.0,0,1,792.0,6.675823221634848,0,0.7764512328931761
03159014,0,0.0,0.0,0,1,792.0,6.675823221634848,0,0.7853959707600444
03159015,1,792.0,6.675823221634848,0,3,1392.0,7.239214973779806,1,0.914979782136089
03159016,1,792.0,6.675823221634848,0,3,1392.0,7.239214973779806,1,0.8605884737563245
03159017,3,1392.0,7.239214973779806,1,5,2242.0,7.715569534520208,1,0.9761101044023991
03159018,0,0.0,0.0,0,1,792.0,6.675823221634848,0,0.7796326115990979
03159019,0,0.0,0.0,0,1,792.0,6.675823221634848,0,0.7735560258907036
03159020,0,0.0,0.0,0,1,792.0,6.675823221634848,0,0.7751970147359968
03159021,2,1392.0,7.239214973779806,0,4,1892.0,7.545918151209323,1,0.9345931648798449
03159022,1,792.0,6.675823221634848,0,2,1392.0,7.239214973779806,0,0.7998878418435249
03159023,1,792.0,6.675823221634848,0,2,1392.0,7.239214973779806,0,0.8136776267305214
03159024,2,1392.0,7.239214973779806,0,4,1892.0,7.545918151209323,1,0.8868873386651794
03159025,0,0.0,0.0,0,1,792.0,6.675823221634848,0,0.7890923659034239
03159026,0,0.0,0.0,0,1,792.0,6.675823221634848,0,0.7725506503626989
03159027,0,0.0,0.0,0,1,792.0,6.675823221634848,0,0.7804297664104329
03159028,0,0.0,0.0,0,1,792.0,6.675823221634848,0,0.78972513075181
03159029,1,792.0,6.675823221634848,0,4,1892.0,7.545918151209323,1,0.8968728268607986
03159030,0,0.0,0.0,0,1,792.0,6.675823221634848,0,0.7829830384029675
03159031,2,1392.0,7.239214973779806,0,4,1892.0,7.545918151209323,1,0.9229272136891744
03159032,1,792.0,6.675823221634848,0,2,1392.0,7.239214973779806,0,0.7999215366047461
03159033,1,792.0,6.675823221634848,0,2,1392.0,7.239214973779806,0,0.8015412859427766
03159034,3,1392.0,7.239214973779806,1,5,2242.0,7.715569534520208,1,1.0805427923201691
03159035,1,792.0,6.675823221634848,0,2,1392.0,7.239214973779806,0,0.8199154066160373
03159036,0,0.0,0.0,0,2,0.0,0.0,2,0.7704492233875047
03159037,0,0.0,0.0,0,2,1392.0,7.239214973779806,0,0.7946053443556672
03159038,0,0.0,0.0,0,1,792.0,6.675823221634848,0,0.7828863630104428
03159039,0,0.0,0.0,0,1,792.0,6.675823221634848,0,0.7827857411755214
03241001,0,0.0,0.0,0,1,250.0,5.5254529391317835,0,0.7352617848484214
03241002,0,0.0,0.0,0,0,0.0,0.0,0,0.7410993147108376
03241003,1,250.0,5.5254529391317835,0,2,1134.0,7.034387929915503,0,0.7504690728143577
03241004,1,250.0,5.5254529391317835,0,1,250.0,5.5254529391317835,0,0.7429308584268635
03241005,0,0.0,0.0,0,1,250.0,5.5254529391317835,0,0.7297900141289386
03241006,0,0.0,0.0,0,1,250.0,5.5254529391317835,0,0.7376662421363633
03241007,0,0.0,0.0,0,1,250.0,5.5254529391317835,0,0.7377435266317203
03241008,0,0.0,0.0,0,2,1134.0,7.034387929915503,0,0.7391548855206238
03241009,0,0.0,0.0,0,1,250.0,5.5254529391317835,0,0.7385765938614455
03241010,0,0.0,0.0,0,1,250.0,5.5254529391317835,0,0.7333908498990136
03241011,0,0.0,0.0,0,2,1134.0,7.034387929915503,0,0.7438230232552074
03241012,0,0.0,0.0,0,1,250.0,5.5254529391317835,0,0.721854645666965
03241013,0,0.0,0.0,0,1,250.0,5.5254529391317835,0,0.7409735124177068
03241014,0,0.0,0.0,0,1,250.0,5.5254529391317835,0,0.7372174579772709
03241015,0,0.0,0.0,0,1,250.0,5.5254529391317835,0,0.7315328515940064
03241016,0,0.0,0.0,0,2,1134.0,7.034387929915503,0,0.7431959217298585
03241017,0,0.0,0.0,0,0,0.0,0.0,0,0.7486798492060671
03241018,1,250.0,5.5254529391317835,0,2,1134.0,7.034387929915503,0,0.7592019258919163
03241019,0,0.0,0.0,0,1,250.0,5.5254529391317835,0,0.7324495635326302
03241020,0,0.0,0.0,0,0,0.0,0.0,0,0.7415322106672675
03241021,0,0.0,0.0,0,0,0.0,0.0,0,0.7288312279152107
03251001,0,0.0,0.0,0,1,621.0,6.432940092739179,0,0.694642526190731
03251002,0,0.0,0.0,0,0,0.0,0.0,0,0.6956419600330398
03251003,0,0.0,0.0,0,1,827.0,6.71901315438526,0,0.720577389565459
03251004,0,0.0,0.0,0,0,0.0,0.0,0,0.7129597977773758
03251005,0,0.0,0.0,0,1,1020.0,6.928537818164665,0,0.7033236910120799
03251006,0,0.0,0.0,0,1,1020.0,6.928537818164665,0,0.7171735366906634
03251007,0,0.0,0.0,0,2,1137.0,7.037027614686276,0,0.6914306258853544
03251008,0,0.0,0.0,0,0,0.0,0.0,0,0.70479950906519
03251009,0,0.0,0.0,0,5,4286.0,8.363342466597977,0,0.7649884567017446
03251011,0,0.0,0.0,0,1,1020.0,6.928537818164665,0,0.7152751013233648
03251012,0,0.0,0.0,0,2,1549.0,7.346010209913293,0,0.7274043595330022
03251013,0,0.0,0.0,0,2,1549.0,7.346010209913293,0,0.7152151142495924
03251014,0,0.0,0.0,0,2,1137.0,7.037027614686276,0,0.6986498749215235
03251015,0,0.0,0.0,0,1,621.0,6.432940092739179,0,0.6978918274916381
03251017,0,0.0,0.0,0,1,1020.0,6.928537818164665,0,0.7057603467677214
03251018,0,0.0,0.0,0,0,0.0,0.0,0,0.7155194481787662
03251019,0,0.0,0.0,0,2,1549.0,7.346010209913293,0,0.7233483683184122
03251020,0,0.0,0.0,0,4,3336.0,8.112827478751374,0,0.7620608188800004
03251021,0,0.0,0.0,0,0,0.0,0.0,0,0.7163853100856916
03251022,0,0.0,0.0,0,4,3336.0,8.112827478751374,0,0.7510085130300699
03251023,0,0.0,0.0,0,4,3336.0,8.112827478751374,0,0.7688964068067901
03251024,0,0.0,0.0,0,0,0.0,0.0,0,0.7027766908285823
03251025,0,0.0,0.0,0,4,3336.0,8.112827478751374,0,0.7647892086558385
03251026,0,0.0,0.0,0,1,621.0,6.432940092739179,0,0.6906293764639855
03251027,0,0.0,0.0,0,0,0.0,0.0,0,0.7011229612149394
03251028,0,0.0,0.0,0,1,621.0,6.432940092739179,0,0.6954624849702062
03251029,0,0.0,0.0,0,5,4286.0,8.363342466597977,0,0.7687098747623027
03251030,0,0.0,0.0,0,2,1549.0,7.346010209913293,0,0.7223848074736007
03251031,0,0.0,0.0,0,0,0.0,0.0,0,0.6984001337019597
03251032,0,0.0,0.0,0,0,0.0,0.0,0,0.6984534746775071
03251033,0,0.0,0.0,0,1,621.0,6.432940092739179,0,0.68956045957661
03251034,0,0.0,0.0,0,0,0.0,0.0,0,0.7024333931156969
03251035,0,0.0,0.0,0,0,0.0,0.0,0,0.6995815860274176
03251036,0,0.0,0.0,0,5,4286.0,8.363342466597977,0,0.7758132399454947
03251037,1,621.0,6.432940092739179,0,2,1137.0,7.037027614686276,0,0.701806366667892
03251038,0,0.0,0.0,0,1,621.0,6.432940092739179,0,0.6937314089977951
03251040,0,0.0,0.0,0,0,0.0,0.0,0,0.7045953093976287
03251041,0,0.0,0.0,0,2,1137.0,7.037027614686276,0,0.6902964843720152
03251042,0,0.0,0.0,0,2,1137.0,7.037027614686276,0,0.6936309639257506
03251043,0,0.0,0.0,0,0,0.0,0.0,0,0.7141946819129894
03251044,0,0.0,0.0,0,3,2376.0,7.773594467360194,0,0.7327842679333627
03251045,0,0.0,0.0,0,0,0.0,0.0,0,0.7136787405173535
03251046,0,0.0,0.0,0,2,1549.0,7.346010209913293,0,0.7228166962410234
03251047,0,0.0,0.0,0,2,1137.0,7.037027614686276,0,0.6917706470623373
03251049,0,0.0,0.0,0,1,621.0,6.432940092739179,0,0.6924297082255946
03252001,0,0.0,0.0,0,3,2277.0,7.731053144007127,0,0.7942584873846172
03252002,0,0.0,0.0,0,0,0.0,0.0,0,0.7535982464821357
03252003,0,0.0,0.0,0,4,2777.0,7.9294865233142895,0,0.8075347320408004
03252004,0,0.0,0.0,0,0,0.0,0.0,0,0.7597392315882486
03252005,0,0.0,0.0,0,2,1327.0,7.191429330036379,0,0.7821775958132685
03252006,0,0.0,0.0,0,2,1327.0,7.191429330036379,0,0.77433538825183
03252007,0,0.0,0.0,0,2,1327.0,7.191429330036379,0,0.7723813029929145
03252008,0,0.0,0.0,0,0,0.0,0.0,0,0.7644240657987992
03254002,0,0.0,0.0,0,0,0.0,0.0,0,0.7631081937009734
03254003,0,0.0,0.0,0,2,1134.0,7.034387929915503,0,0.7444758480270791
03254005,0,0.0,0.0,0,1,884.0,6.785587645007929,0,0.7531955031168457
03254008,0,0.0,0.0,0,1,884.0,6.785587645007929,0,0.7561557626633192
03254011,0,0.0,0.0,0,1,884.0,6.785587645007929,0,0.7516068126039422
03254013,0,0.0,0.0,0,0,0.0,0.0,0,0.7571867553405933
03254014,0,0.0,0.0,0,0,0.0,0.0,0,0.7523765383984982
03254017,0,0.0,0.0,0,1,884.0,6.785587645007929,0,0.745491196927873
03254020,0,0.0,0.0,0,2,1134.0,7.034387929915503,0,0.7457592359210713
03254021,0,0.0,0.0,0,1,884.0,6.785587645007929,0,0.7482333632737026
03254022,0,0.0,0.0,0,1,884.0,6.785587645007929,0,0.7540972426759531
03254026,0,0.0,0.0,0,0,0.0,0.0,0,0.7481445580937978
03254028,0,0.0,0.0,0,2,1134.0,7.034387929915503,0,0.7431514258958153
03254029,0,0.0,0.0,0,1,884.0,6.785587645007929,0,0.7505682124359812
03254032,0,0.0,0.0,0,1,884.0,6.785587645007929,0,0.7586474916858359
03254041,0,0.0,0.0,0,0,0.0,0.0,0,0.7665487890220708
03254042,0,0.0,0.0,0,0,0.0,0.0,0,0.7668650639257686
03254043,0,0.0,0.0,0,0,0.0,0.0,0,0.7549411401849876
03254044,0,0.0,0.0,0,0,0.0,0.0,0,0.7604818108913699
03254045,0,0.0,0.0,0,0,0.0,0.0,0,0.7547240211721911
03255001,0,0.0,0.0,0,2,1000.0,6.90875477931522,0,0.7987662299385163
03255002,0,0.0,0.0,0,2,1000.0,6.90875477931522,0,0.8091552876538186
03255003,0,0.0,0.0,0,2,1000.0,6.90875477931522,0,0.7830229849086225
03255004,1,500.0,6.2166061010848646,0,3,1600.0,7.3783837129967145,0,0.8557250148762812
03255005,0,0.0,0.0,0,2,1000.0,6.90875477931522,0,0.8048176716298157
03255007,0,0.0,0.0,0,2,1000.0,6.90875477931522,0,0.797372313622515
03255008,0,0.0,0.0,0,0,0.0,0.0,0,0.7694089242450728
03255009,1,500.0,6.2166061010848646,0,6,2742.0,7.916807490937603,1,0.8677413319124132
03255010,0,0.0,0.0,0,1,500.0,6.2166061010848646,0,0.7769913610364937
03255012,0,0.0,0.0,0,0,0.0,0.0,0,0.7797144425539078
03255013,0,0.0,0.0,0,2,1000.0,6.90875477931522,0,0.7816061023769456
03255014,1,500.0,6.2166061010848646,0,5,2742.0,7.916807490937603,0,0.8613461484267926
03255015,0,0.0,0.0,0,2,1000.0,6.90875477931522,0,0.7944838540964301
03255016,0,0.0,0.0,0,1,500.0,6.2166061010848646,0,0.777010267444756
03255017,0,0.0,0.0,0,2,1000.0,6.90875477931522,0,0.7856260550342209
03255018,0,0.0,0.0,0,2,1000.0,6.90875477931522,0,0.7977641805710131
03255019,0,0.0,0.0,0,2,1000.0,6.90875477931522,0,0.8105635788998702
03255020,0,0.0,0.0,0,1,500.0,6.2166061010848646,0,0.778650658946229
03255021,0,0.0,0.0,0,2,1000.0,6.90875477931522,0,0.7890481911679968
03255022,0,0.0,0.0,0,1,500.0,6.2166061010848646,0,0.7785932096404334
03255023,0,0.0,0.0,0,3,1600.0,7.3783837129967145,0,0.8226028070036588
03255025,0,0.0,0.0,0,1,500.0,6.2166061010848646,0,0.7803883224049486
03255026,1,500.0,6.2166061010848646,0,6,2742.0,7.916807490937603,1,0.8948563858661587
03255027,0,0.0,0.0,0,2,1000.0,6.90875477931522,0,0.7841870386608973
03255028,0,0.0,0.0,0,1,500.0,6.2166061010848646,0,0.7786907079827752
03255030,0,0.0,0.0,0,2,1000.0,6.90875477931522,0,0.7942128054685733
03255031,0,0.0,0.0,0,2,1000.0,6.90875477931522,0,0.7993229984994128
03255032,0,0.0,0.0,0,2,1000.0,6.90875477931522,0,0.7941034175551358
03255033,0,0.0,0.0,0,2,1000.0,6.90875477931522,0,0.8105319921413721
03255034,0,0.0,0.0,0,2,1000.0,6.90875477931522,0,0.7905970717132317
03255035,0,0.0,0.0,0,2,1000.0,6.90875477931522,0,0.8134965151972542
03255036,0,0.0,0.0,0,2,1000.0,6.90875477931522,0,0.7871590270423591
03256001,0,0.0,0.0,0,0,0.0,0.0,0,0.700808903710135
03256002,0,0.0,0.0,0,0,0.0,0.0,0,0.7096340089669936
03256003,0,0.0,0.0,0,0,0.0,0.0,0,0.696011887578176
03256004,0,0.0,0.0,0,2,1777.0,7.48324441607385,0,0.7579593806124132
03256005,0,0.0,0.0,0,0,0.0,0.0,0,0.7034839817858702
03256006,0,0.0,0.0,0,0,0.0,0.0,0,0.7129088355692257
03256007,0,0.0,0.0,0,0,0.0,0.0,0,0.6971430606524148
03256008,0,0.0,0.0,0,0,0.0,0.0,0,0.6984151942212309
03256009,0,0.0,0.0,0,0,0.0,0.0,0,0.6982949336506378
03256010,0,0.0,0.0,0,0,0.0,0.0,0,0.695752291236591
03256011,0,0.0,0.0,0,0,0.0,0.0,0,0.7004768906319534
03256012,0,0.0,0.0,0,0,0.0,0.0,0,0.702842818640183
03256013,0,0.0,0.0,0,0,0.0,0.0,0,0.6928268407691802
03256014,0,0.0,0.0,0,0,0.0,0.0,0,0.694529367734958
03256015,0,0.0,0.0,0,0,0.0,0.0,0,0.6927612586752263
03256016,0,0.0,0.0,0,0,0.0,0.0,0,0.7150328006089669
03256017,0,0.0,0.0,0,0,0.0,0.0,0,0.7167291507515614
03256018,0,0.0,0.0,0,0,0.0,0.0,0,0.7238496641128276
03256019,0,0.0,0.0,0,0,0.0,0.0,0,0.7114462882337262
03256020,0,0.0,0.0,0,0,0.0,0.0,0,0.712462757771368
03256021,0,0.0,0.0,0,0,0.0,0.0,0,0.7047025287968409
03256022,0,0.0,0.0,0,0,0.0,0.0,0,0.7075089714422156
03256023,0,0.0,0.0,0,0,0.0,0.0,0,0.7074827036644519
03256024,0,0.0,0.0,0,1,827.0,6.71901315438526,0,0.7375528693590301
03256025,0,0.0,0.0,0,0,0.0,0.0,0,0.7263729742801621
03256026,0,0.0,0.0,0,1,250.0,5.5254529391317835,0,0.7112257005676637
03256027,0,0.0,0.0,0,0,0.0,0.0,0,0.7020093977615627
03256028,0,0.0,0.0,0,0,0.0,0.0,0,0.6986742474869225
03256029,0,0.0,0.0,0,1,250.0,5.5254529391317835,0,0.7088636832275712
03256030,0,0.0,0.0,0,0,0.0,0.0,0,0.7168993039218976
03256031,0,0.0,0.0,0,0,0.0,0.0,0,0.7089255580910618
03256032,0,0.0,0.0,0,1,827.0,6.71901315438526,0,0.7239827973680626
03256033,0,0.0,0.0,0,1,827.0,6.71901315438526,0,0.7310842137453542
03256034,0,0.0,0.0,0,1,827.0,6.71901315438526,0,0.7425783366034892
03256035,0,0.0,0.0,0,0,0.0,0.0,0,0.6984052201035664
03256036,0,0.0,0.0,0,0,0.0,0.0,0,0.7005268996964206
03257001,0,0.0,0.0,0,2,1777.0,7.48324441607385,0,0.7710012077922208
03257002,0,0.0,0.0,0,1,827.0,6.71901315438526,0,0.7473029861731575
03257003,0,0.0,0.0,0,1,827.0,6.71901315438526,0,0.7625057960114072
03257004,0,0.0,0.0,0,0,0.0,0.0,0,0.7341031311938773
03257005,0,0.0,0.0,0,2,1777.0,7.48324441607385,0,0.7735404934819637
03257006,0,0.0,0.0,0,0,0.0,0.0,0,0.7392497126381923
03257007,0,0.0,0.0,0,1,827.0,6.71901315438526,0,0.7408992152509296
03257008,0,0.0,0.0,0,2,1777.0,7.48324441607385,0,0.7754142639079178
03257009,0,0.0,0.0,0,2,1777.0,7.48324441607385,0,0.7756197597030945
03257010,0,0.0,0.0,0,0,0.0,0.0,0,0.7291350194422057
03257011,0,0.0,0.0,0,0,0.0,0.0,0,0.7338957708688687
03257012,0,0.0,0.0,0,2,1777.0,7.48324441607385,0,0.775459594597554
03257013,0,0.0,0.0,0,2,1777.0,7.48324441607385,0,0.7575120106591978
03257014,0,0.0,0.0,0,1,827.0,6.71901315438526,0,0.7547345787642219
03257015,0,0.0,0.0,0,1,827.0,6.71901315438526,0,0.7443265839538593
03257016,0,0.0,0.0,0,0,0.0,0.0,0,0.7358205159700897
03257017,0,0.0,0.0,0,1,827.0,6.71901315438526,0,0.7516066342241892
03257018,0,0.0,0.0,0,1,827.0,6.71901315438526,0,0.7479675783615743
03257019,0,0.0,0.0,0,1,827.0,6.71901315438526,0,0.7435566027948338
03257020,0,0.0,0.0,0,1,827.0,6.71901315438526,0,0.7399123219340207
03257021,0,0.0,0.0,0,1,827.0,6.71901315438526,0,0.741060389179528
03257022,0,0.0,0.0,0,2,1777.0,7.48324441607385,0,0.7784920423454401
03257023,0,0.0,0.0,0,1,827.0,6.71901315438526,0,0.749526292769893
03257024,0,0.0,0.0,0,1,827.0,6.71901315438526,0,0.7493160030514823
03257025,0,0.0,0.0,0,1,827.0,6.71901315438526,0,0.7475593304467513
03257026,0,0.0,0.0,0,1,827.0,6.71901315438526,0,0.7572330268693025
03257027,0,0.0,0.0,0,1,827.0,6.71901315438526,0,0.7446477760507102
03257028,0,0.0,0.0,0,2,1777.0,7.48324441607385,0,0.7645697348944671
03257029,0,0.0,0.0,0,1,827.0,6.71901315438526,0,0.7504652877399798
03257030,0,0.0,0.0,0,1,827.0,6.71901315438526,0,0.7400004025844521
03257031,0,0.0,0.0,0,3,2277.0,7.731053144007127,0,0.7891146774970251
03257032,0,0.0,0.0,0,1,827.0,6.71901315438526,0,0.7435839892944145
03257033,0,0.0,0.0,0,1,827.0,6.71901315438526,0,0.735340933187004
03257034,0,0.0,0.0,0,2,1777.0,7.48324441607385,0,0.7613937512564661
03257035,0,0.0,0.0,0,1,827.0,6.71901315438526,0,0.7490288364326879
03257036,0,0.0,0.0,0,0,0.0,0.0,0,0.7359062833240508
03257037,0,0.0,0.0,0,1,827.0,6.71901315438526,0,0.743528402696628
03257038,0,0.0,0.0,0,1,827.0,6.71901315438526,0,0.7329468535659304
03351001,1,250.0,5.5254529391317835,0,2,1134.0,7.034387929915503,0,0.8146045587939659
03351002,1,250.0,5.5254529391317835,0,2,1134.0,7.034387929915503,0,0.7691461603569252
03351003,1,250.0,5.5254529391317835,0,2,1134.0,7.034387929915503,0,0.7798359687576896
03351004,1,250.0,5.5254529391317835,0,1,250.0,5.5254529391317835,0,0.734673402670446
03351005,1,250.0,5.5254529391317835,0,2,1134.0,7.034387929915503,0,0.7673087506850815
03351007,1,250.0,5.5254529391317835,0,2,1134.0,7.034387929915503,0,0.7851018750166268
03351008,1,250.0,5.5254529391317835,0,2,1134.0,7.034387929915503,0,0.7472215534920338
03351010,0,0.0,0.0,0,1,250.0,5.5254529391317835,0,0.7247389420737125
03351012,1,250.0,5.5254529391317835,0,1,250.0,5.5254529391317835,0,0.835318957116622
03351015,1,250.0,5.5254529391317835,0,2,1134.0,7.034387929915503,0,0.7508989341326613
03351016,1,250.0,5.5254529391317835,0,2,1134.0,7.034387929915503,0,0.78624416657093
03351017,1,250.0,5.5254529391317835,0,2,1134.0,7.034387929915503,0,0.7633332815385873
03351018,1,250.0,5.5254529391317835,0,2,1134.0,7.034387929915503,0,0.8044912918482627
03351021,1,250.0,5.5254529391317835,0,2,1134.0,7.034387929915503,0,0.7828239036792014
03351022,1,250.0,5.5254529391317835,0,2,1134.0,7.034387929915503,0,0.8025266627061971
03351023,1,250.0,5.5254529391317835,0,1,250.0,5.5254529391317835,0,0.7482321628684121
03351024,1,250.0,5.5254529391317835,0,1,250.0,5.5254529391317835,0,0.766253794879967
03351025,1,250.0,5.5254529391317835,0,1,250.0,5.5254529391317835,0,0.7572704459148958
03351026,1,250.0,5.5254529391317835,0,1,250.0,5.5254529391317835,0,0.7343475759775855
03351501,1,250.0,5.5254529391317835,0,1,250.0,5.5254529391317835,0,0.731827661321858
03352002,0,0.0,0.0,0,1,510.0,6.236369590203704,0,0.6691929634622729
03352004,0,0.0,0.0,0,1,510.0,6.236369590203704,0,0.6345395426923014
03352008,0,0.0,0.0,0,1,510.0,6.236369590203704,0,0.6393060387418759
03352011,0,0.0,0.0,0,1,510.0,6.236369590203704,0,0.5772674561755042
03352020,1,510.0,6.236369590203704,0,4,2399.0,7.783224016336037,0,0.7097528936482107
03352022,1,510.0,6.236369590203704,0,1,510.0,6.236369590203704,0,0.6871603929825314
03352024,0,0.0,0.0,0,1,510.0,6.236369590203704,0,0.6753363025994183
03352025,0,0.0,0.0,0,1,510.0,6.236369590203704,0,0.6275569207467784
03352029,0,0.0,0.0,0,1,510.0,6.236369590203704,0,0.6726919755609959
03352032,0,0.0,0.0,0,2,1137.0,7.037027614686276,0,0.6314160594113104
03352036,0,0.0,0.0,0,1,510.0,6.236369590203704,0,0.65936942811441
03352038,0,0.0,0.0,0,1,510.0,6.236369590203704,0,0.6191757296518932
03352039,1,510.0,6.236369590203704,0,1,510.0,6.236369590203704,0,0.6465584137931302
03352041,0,0.0,0.0,0,1,510.0,6.236369590203704,0,0.6105924264647006
03352042,1,510.0,6.236369590203704,0,1,510.0,6.236369590203704,0,0.6842624764532714
03352043,0,0.0,0.0,0,1,510.0,6.236369590203704,0,0.6368699743385738
03352044,1,510.0,6.236369590203704,0,1,510.0,6.236369590203704,0,0.6982596188844722
03352045,0,0.0,0.0,0,1,510.0,6.236369590203704,0,0.6281060476367643
03352046,0,0.0,0.0,0,1,510.0,6.236369590203704,0,0.616407312686432
03352050,0,0.0,0.0,0,2,1137.0,7.037027614686276,0,0.6195627101222576
03352051,0,0.0,0.0,0,1,510.0,6.236369590203704,0,0.6285088621943474
03352052,0,0.0,0.0,0,1,510.0,6.236369590203704,0,0.6459001386001104
03352055,0,0.0,0.0,0,1,510.0,6.236369590203704,0,0.6096538510521944
03352056,1,510.0,6.236369590203704,0,1,510.0,6.236369590203704,0,0.6688247587217917
03352059,0,0.0,0.0,0,2,1137.0,7.037027614686276,0,0.6516945467563582
03352060,1,621.0,6.432940092739179,0,2,1137.0,7.037027614686276,0,0.6652524674952665
03352061,0,0.0,0.0,0,0,0.0,0.0,0,0.5851511254584871
03352062,0,0.0,0.0,0,1,621.0,6.432940092739179,0,0.6003994747541593
03352063,1,510.0,6.236369590203704,0,1,510.0,6.236369590203704,0,0.6553023914642706
03353001,3,670.0,6.508769136971682,0,7,3333.0,8.111928063310739,0,0.8694770301254339
03353002,2,520.0,6.255750041753367,0,8,3333.0,8.111928063310739,1,0.8373655974675672
03353003,2,520.0,6.255750041753367,0,8,3333.0,8.111928063310739,1,0.9076953524195013
03353004,2,520.0,6.255750041753367,0,8,3333.0,8.111928063310739,1,0.8433279609462636
03353005,2,520.0,6.255750041753367,0,7,3333.0,8.111928063310739,0,0.8704477299300379
03353006,1,100.0,4.61512051684126,0,7,3333.0,8.111928063310739,0,0.7904729275338651
03353007,4,1120.0,7.02197642307216,1,8,3333.0,8.111928063310739,1,0.8812726749740768
03353008,2,520.0,6.255750041753367,0,7,3333.0,8.111928063310739,0,0.8290461114285697
03353009,0,0.0,0.0,0,8,3333.0,8.111928063310739,1,0.770638109284355
03353010,0,0.0,0.0,0,8,3333.0,8.111928063310739,1,0.7710162263730891
03353011,0,0.0,0.0,0,8,3333.0,8.111928063310739,1,0.7912602318178017
03353012,2,520.0,6.255750041753367,0,8,3333.0,8.111928063310739,1,0.8176413184576472
03353013,0,0.0,0.0,0,8,3333.0,8.111928063310739,1,0.785270623063546
03353014,0,0.0,0.0,0,7,3333.0,8.111928063310739,0,0.7827370760480705
03353015,1,100.0,4.61512051684126,0,7,3333.0,8.111928063310739,0,0.784857549188342
03353016,2,520.0,6.255750041753367,0,8,3333.0,8.111928063310739,1,0.8087927051185181
03353017,3,670.0,6.508769136971682,0,8,3333.0,8.111928063310739,1,0.9255898082555877
03353018,0,0.0,0.0,0,7,3333.0,8.111928063310739,0,0.7806522524379433
03353019,2,520.0,6.255750041753367,0,7,3333.0,8.111928063310739,0,0.8338268837436974
03353020,2,520.0,6.255750041753367,0,8,3333.0,8.111928063310739,1,0.8546684696258331
03353021,2,520.0,6.255750041753367,0,7,3333.0,8.111928063310739,0,0.8108051342970297
03353022,0,0.0,0.0,0,6,2733.0,7.913521017283895,0,0.747685512408373
03353023,2,600.0,6.398594934535208,1,8,3333.0,8.111928063310739,1,0.8461893236249025
03353024,2,520.0,6.255750041753367,0,8,3333.0,8.111928063310739,1,0.8628163010820469
03353025,3,670.0,6.508769136971682,0,8,3843.0,8.254268770090183,0,0.8530246031596149
03353026,6,2733.0,7.913521017283895,0,8,3843.0,8.254268770090183,0,0.9946158242238963
03353027,0,0.0,0.0,0,6,2733.0,7.913521017283895,0,0.7681449486643155
03353028,2,520.0,6.255750041753367,0,8,3843.0,8.254268770090183,0,0.8079966989233991
03353029,3,670.0,6.508769136971682,0,8,3333.0,8.111928063310739,1,0.9736148492771842
03353030,0,0.0,0.0,0,8,3333.0,8.111928063310739,1,0.7808491343954027
03353031,3,670.0,6.508769136971682,0,8,3333.0,8.111928063310739,1,0.9910512276111769
03353032,3,670.0,6.508769136971682,0,8,3333.0,8.111928063310739,1,0.9416032601832267
03353033,1,0.0,0.0,1,8,3333.0,8.111928063310739,1,0.8332120980706221
03353034,2,520.0,6.255750041753367,0,8,3333.0,8.111928063310739,1,0.8077762455361852
03353035,0,0.0,0.0,0,7,3333.0,8.111928063310739,0,0.7808238784621997
03353036,0,0.0,0.0,0,8,3333.0,8.111928063310739,1,0.7712822296222213
03353037,0,0.0,0.0,0,8,3333.0,8.111928063310739,1,0.7940484558621805
03353038,0,0.0,0.0,0,7,3333.0,8.111928063310739,0,0.7776555317761109
03353039,2,520.0,6.255750041753367,0,7,3333.0,8.111928063310739,0,0.847992552029599
03353040,2,520.0,6.255750041753367,0,8,3333.0,8.111928063310739,1,0.8672228437136584
03353041,0,0.0,0.0,0,6,2733.0,7.913521017283895,0,0.7689747801665252
03353042,2,520.0,6.255750041753367,0,8,3333.0,8.111928063310739,1,0.8314632436028297
03354001,0,0.0,0.0,0,0,0.0,0.0,0,0.6935201680603497
03354002,0,0.0,0.0,0,0,0.0,0.0,0,0.6918037740806611
03354003,0,0.0,0.0,0,1,0.0,0.0,1,0.6766857721987325
03354004,0,0.0,0.0,0,1,0.0,0.0,1,0.6824291936750277
03354005,0,0.0,0.0,0,0,0.0,0.0,0,0.6714503326385144
03354006,0,0.0,0.0,0,1,0.0,0.0,1,0.6926870226504561
03354007,0,0.0,0.0,0,0,0.0,0.0,0,0.6722327120302235
03354008,0,0.0,0.0,0,1,0.0,0.0,1,0.6761443500172221
03354009,0,0.0,0.0,0,1,0.0,0.0,1,0.6859255313762043
03354010,0,0.0,0.0,0,0,0.0,0.0,0,0.6691901884640179
03354011,0,0.0,0.0,0,1,0.0,0.0,1,0.683969628986816
03354012,0,0.0,0.0,0,1,0.0,0.0,1,0.6871646321253362
03354013,0,0.0,0.0,0,0,0.0,0.0,0,0.6862210958113171
03354014,0,0.0,0.0,0,0,0.0,0.0,0,0.6733235575742562
03354015,0,0.0,0.0,0,0,0.0,0.0,0,0.6846525020967899
03354016,0,0.0,0.0,0,0,0.0,0.0,0,0.6888547163677516
03354017,0,0.0,0.0,0,0,0.0,0.0,0,0.6866122837418327
03354018,0,0.0,0.0,0,0,0.0,0.0,0,0.6833290242014775
03354019,1,0.0,0.0,1,1,0.0,0.0,1,0.7101513288181818
03354020,0,0.0,0.0,0,0,0.0,0.0,0,0.6785364726416043
03354021,0,0.0,0.0,0,0,0.0,0.0,0,0.66823660487775
03354022,0,0.0,0.0,0,0,0.0,0.0,0,0.6956985291354898
03354023,0,0.0,0.0,0,0,0.0,0.0,0,0.6772197794534471
03354024,0,0.0,0.0,0,1,0.0,0.0,1,0.6903174586920346
03354025,0,0.0,0.0,0,0,0.0,0.0,0,0.6825620754670296
03354026,0,0.0,0.0,0,0,0.0,0.0,0,0.6870526683797493
03354027,0,0.0,0.0,0,1,0.0,0.0,1,0.6954577219304889
03355001,1,0.0,0.0,1,8,3333.0,8.111928063310739,1,0.7897441990951586
03355002,0,0.0,0.0,0,3,520.0,6.255750041753367,1,0.7432534575438325
03355003,1,0.0,0.0,1,8,3333.0,8.111928063310739,1,0.8394496251954497
03355004,1,0.0,0.0,1,8,3333.0,8.111928063310739,1,0.792708090681551
03355005,1,0.0,0.0,1,4,1120.0,7.02197642307216,1,0.75999746297909
03355006,0,0.0,0.0,0,3,520.0,6.255750041753367,1,0.7389320600296718
03355007,1,0.0,0.0,1,8,3333.0,8.111928063310739,1,0.8184774236660948
03355008,0,0.0,0.0,0,3,520.0,6.255750041753367,1,0.7422393844508193
03355009,1,0.0,0.0,1,1,0.0,0.0,1,0.7702269941034544
03355010,0,0.0,0.0,0,1,0.0,0.0,1,0.7146314743466484
03355011,1,0.0,0.0,1,8,3333.0,8.111928063310739,1,0.8124938519268681
03355012,1,0.0,0.0,1,1,0.0,0.0,1,0.7264649267160932
03355013,1,0.0,0.0,1,1,0.0,0.0,1,0.7241134885136016
03355014,1,0.0,0.0,1,4,1120.0,7.02197642307216,1,0.7540050520038304
03355015,1,0.0,0.0,1,8,3333.0,8.111928063310739,1,0.8447984435146646
03355016,0,0.0,0.0,0,4,1120.0,7.02197642307216,1,0.7507882391124296
03355017,1,0.0,0.0,1,8,3333.0,8.111928063310739,1,0.8204861212941927
03355018,1,0.0,0.0,1,6,1594.0,7.374629015218945,1,0.930843170902752
03355019,1,0.0,0.0,1,8,3333.0,8.111928063310739,1,0.9068528292590642
03355020,0,0.0,0.0,0,8,3333.0,8.111928063310739,1,0.7730579196920611
03355021,1,0.0,0.0,1,5,1270.0,7.147559271189454,1,0.8455077398630249
03355022,1,0.0,0.0,1,6,1594.0,7.374629015218945,1,0.7729785714701435
03355023,1,0.0,0.0,1,8,3333.0,8.111928063310739,1,0.7925708617010112
03355024,0,0.0,0.0,0,3,520.0,6.255750041753367,1,0.7484255888355446
03355025,0,0.0,0.0,0,1,0.0,0.0,1,0.7115119924088286
03355026,1,0.0,0.0,1,4,1120.0,7.02197642307216,1,0.776298341957674
03355027,0,0.0,0.0,0,4,670.0,6.508769136971682,1,0.7518507424842166
03355028,1,0.0,0.0,1,8,3333.0,8.111928063310739,1,0.8125009217853154
03355029,0,0.0,0.0,0,3,520.0,6.255750041753367,1,0.7387248837304781
03355030,1,0.0,0.0,1,4,1120.0,7.02197642307216,1,0.7600092925933886
03355031,1,0.0,0.0,1,8,3333.0,8.111928063310739,1,0.7755681498939149
03355032,1,0.0,0.0,1,5,1270.0,7.147559271189454,1,0.7939500710747599
03355033,1,0.0,0.0,1,6,1594.0,7.374629015218945,1,0.7970313266671425
03355034,0,0.0,0.0,0,4,670.0,6.508769136971682,1,0.7494494941655221
03355035,0,0.0,0.0,0,6,1594.0,7.374629015218945,1,0.764480313236743
03355036,1,0.0,0.0,1,1,0.0,0.0,1,0.7504927182540961
03355037,1,0.0,0.0,1,1,0.0,0.0,1,0.7168244676820926
03355038,1,0.0,0.0,1,3,520.0,6.255750041753367,1,0.7461878297871123
03355039,1,0.0,0.0,1,8,3333.0,8.111928063310739,1,0.7886184174623184
03355040,1,0.0,0.0,1,4,1120.0,7.02197642307216,1,0.7569189256313366
03355041,0,0.0,0.0,0,8,3333.0,8.111928063310739,1,0.7795811751502839
03355042,1,0.0,0.0,1,8,3333.0,8.111928063310739,1,0.8108953293720819
03355049,1,0.0,0.0,1,2,770.0,6.647688373563329,1,0.7096812477186285
03356001,1,621.0,6.432940092739179,0,2,1137.0,7.037027614686276,0,0.6669222871005269
03356002,0,0.0,0.0,0,2,1137.0,7.037027614686276,0,0.6880345208188621
03356003,1,621.0,6.432940092739179,0,2,1137.0,7.037027614686276,0,0.6781080262549066
03356004,0,0.0,0.0,0,2,1137.0,7.037027614686276,0,0.6648029503725517
03356005,1,621.0,6.432940092739179,0,2,1137.0,7.037027614686276,0,0.694236011610043
03356006,1,621.0,6.432940092739179,0,2,1137.0,7.037027614686276,0,0.6723212740148184
03356007,1,621.0,6.432940092739179,0,2,1137.0,7.037027614686276,0,0.7080317595606855
03356008,1,621.0,6.432940092739179,0,2,1137.0,7.037027614686276,0,0.7315764754478853
03356009,2,1137.0,7.037027614686276,0,2,1137.0,7.037027614686276,0,0.8249446687428109
03356010,0,0.0,0.0,0,2,1137.0,7.037027614686276,0,0.6741089434622245
03356011,1,621.0,6.432940092739179,0,2,1137.0,7.037027614686276,0,0.6879654970137153
03357001,0,0.0,0.0,0,1,621.0,6.432940092739179,0,0.6950692812057101
03357002,0,0.0,0.0,0,1,510.0,6.236369590203704,0,0.6700055664808872
03357003,0,0.0,0.0,0,4,1180.0,7.074116816197362,0,0.7103833375053089
03357004,0,0.0,0.0,0,2,1131.0,7.0317412587631285,0,0.6666205721095343
03357005,0,0.0,0.0,0,1,621.0,6.432940092739179,0,0.697727488644674
03357006,0,0.0,0.0,0,0,0.0,0.0,0,0.7069164667260813
03357007,0,0.0,0.0,0,1,621.0,6.432940092739179,0,0.683884987933778
03357008,0,0.0,0.0,0,1,510.0,6.236369590203704,0,0.6856217810045744
03357009,0,0.0,0.0,0,1,100.0,4.61512051684126,0,0.709873852441574
03357010,0,0.0,0.0,0,1,621.0,6.432940092739179,0,0.6894357616240531
03357011,0,0.0,0.0,0,3,1231.0,7.116394144093465,0,0.6989021595243209
03357012,0,0.0,0.0,0,2,1131.0,7.0317412587631285,0,0.6685334476109668
03357013,0,0.0,0.0,0,2,520.0,6.255750041753367,0,0.7077925213852247
03357014,0,0.0,0.0,0,7,3243.0,8.084562415235304,0,0.718423788380223
03357015,0,0.0,0.0,0,3,670.0,6.508769136971682,0,0.7355373386945312
03357016,0,0.0,0.0,0,1,621.0,6.432940092739179,0,0.6724125311208569
03357017,0,0.0,0.0,0,5,2409.0,7.787382026484701,0,0.7268880090008263
03357018,0,0.0,0.0,0,1,621.0,6.432940092739179,0,0.7016556392177662
03357019,0,0.0,0.0,0,3,670.0,6.508769136971682,0,0.726739663876002
03357020,0,0.0,0.0,0,1,621.0,6.432940092739179,0,0.6940540568324604
03357021,0,0.0,0.0,0,3,670.0,6.508769136971682,0,0.7114949993290977
03357022,0,0.0,0.0,0,1,621.0,6.432940092739179,0,0.6917493818995936
03357023,0,0.0,0.0,0,3,670.0,6.508769136971682,0,0.7219515396987977
03357024,0,0.0,0.0,0,0,0.0,0.0,0,0.7056172553582027
03357025,0,0.0,0.0,0,2,520.0,6.255750041753367,0,0.7149367333588772
03357026,0,0.0,0.0,0,1,621.0,6.432940092739179,0,0.6852471209944366
03357027,0,0.0,0.0,0,2,1131.0,7.0317412587631285,0,0.6586333948493854
03357028,0,0.0,0.0,0,1,621.0,6.432940092739179,0,0.6934798170403922
03357029,0,0.0,0.0,0,6,2733.0,7.913521017283895,0,0.748317426106968
03357030,0,0.0,0.0,0,1,621.0,6.432940092739179,0,0.6892093009665079
03357031,0,0.0,0.0,0,0,0.0,0.0,0,0.6979536138889912
03357032,0,0.0,0.0,0,5,2409.0,7.787382026484701,0,0.7300755634431523
03357033,0,0.0,0.0,0,3,670.0,6.508769136971682,0,0.7274350706059285
03357034,0,0.0,0.0,0,6,2733.0,7.913521017283895,0,0.7415782789942409
03357035,0,0.0,0.0,0,2,1131.0,7.0317412587631285,0,0.6714681803844109
03357036,0,0.0,0.0,0,1,621.0,6.432940092739179,0,0.6906058463244129
03357037,0,0.0,0.0,0,1,621.0,6.432940092739179,0,0.691350801593452
03357038,0,0.0,0.0,0,1,621.0,6.432940092739179,0,0.6850813809116606
03357039,0,0.0,0.0,0,0,0.0,0.0,0,0.7024427286072223
03357040,0,0.0,0.0,0,2,1131.0,7.0317412587631285,0,0.6846143822719669
03357041,0,0.0,0.0,0,2,520.0,6.255750041753367,0,0.7145222810437138
03357042,0,0.0,0.0,0,2,721.0,6.582025138892826,0,0.6975760757014802
03357043,0,0.0,0.0,0,2,1131.0,7.0317412587631285,0,0.6963284836043966
03357044,0,0.0,0.0,0,5,2409.0,7.787382026484701,0,0.735502518540365
03357045,0,0.0,0.0,0,1,621.0,6.432940092739179,0,0.6921475895037059
03357046,0,0.0,0.0,0,3,670.0,6.508769136971682,0,0.7323162394382247
03357047,0,0.0,0.0,0,1,621.0,6.432940092739179,0,0.6862072857092909
03357048,0,0.0,0.0,0,6,2733.0,7.913521017283895,0,0.7425117535738894
03357049,0,0.0,0.0,0,3,670.0,6.508769136971682,0,0.7341955516405988
03357050,0,0.0,0.0,0,6,2733.0,7.913521017283895,0,0.7466472156798405
03357051,0,0.0,0.0,0,0,0.0,0.0,0,0.7064035393321293
03357052,0,0.0,0.0,0,1,621.0,6.432940092739179,0,0.6899042775677885
03357053,0,0.0,0.0,0,1,621.0,6.432940092739179,0,0.6882424073916409
03357054,0,0.0,0.0,0,0,0.0,0.0,0,0.6967728091257644
03357055,0,0.0,0.0,0,1,621.0,6.432940092739179,0,0.6873849239843834
03357056,0,0.0,0.0,0,6,2733.0,7.913521017283895,0,0.7578022375885023
03357057,0,0.0,0.0,0,2,721.0,6.582025138892826,0,0.702324511973152
03358001,0,0.0,0.0,0,1,250.0,5.5254529391317835,0,0.7086802921515893
03358002,0,0.0,0.0,0,3,770.0,6.647688373563329,0,0.7353102661418534
03358003,0,0.0,0.0,0,1,250.0,5.5254529391317835,0,0.7038559508008134
03358005,0,0.0,0.0,0,1,250.0,5.5254529391317835,0,0.7222627363927117
03358006,0,0.0,0.0,0,1,250.0,5.5254529391317835,0,0.7133853318415162
03358007,0,0.0,0.0,0,1,250.0,5.5254529391317835,0,0.7181586416992498
03358008,0,0.0,0.0,0,1,250.0,5.5254529391317835,0,0.7115160886441344
03358009,0,0.0,0.0,0,1,250.0,5.5254529391317835,0,0.7030841850799902
03358010,0,0.0,0.0,0,1,250.0,5.5254529391317835,0,0.7127418927358753
03358011,0,0.0,0.0,0,1,250.0,5.5254529391317835,0,0.7120741849255224
03358012,0,0.0,0.0,0,1,250.0,5.5254529391317835,0,0.7160266412525014
03358013,0,0.0,0.0,0,0,0.0,0.0,0,0.7000050576385424
03358014,0,0.0,0.0,0,1,250.0,5.5254529391317835,0,0.7101598976412336
03358015,0,0.0,0.0,0,1,250.0,5.5254529391317835,0,0.7267152917686213
03358016,0,0.0,0.0,0,1,250.0,5.5254529391317835,0,0.7244664923441807
03358017,0,0.0,0.0,0,1,100.0,4.61512051684126,0,0.7161245077510463
03358018,0,0.0,0.0,0,0,0.0,0.0,0,0.7007337431312823
03358019,0,0.0,0.0,0,2,520.0,6.255750041753367,0,0.73398784498544
03358020,0,0.0,0.0,0,1,250.0,5.5254529391317835,0,0.7173726500444791
03358021,0,0.0,0.0,0,1,250.0,5.5254529391317835,0,0.718996598005658
03358023,0,0.0,0.0,0,1,250.0,5.5254529391317835,0,0.7223491623475378
03358024,0,0.0,0.0,0,1,250.0,5.5254529391317835,0,0.7066253893585667
03358501,0,0.0,0.0,0,1,250.0,5.5254529391317835,0,0.713729217009391
03359001,0,0.0,0.0,0,8,3843.0,8.254268770090183,0,0.8026764902532617
03359002,0,0.0,0.0,0,7,3243.0,8.084562415235304,0,0.7478656587796257
03359003,1,100.0,4.61512051684126,0,8,3843.0,8.254268770090183,0,0.8170194443612346
03359004,1,510.0,6.236369590203704,0,1,510.0,6.236369590203704,0,0.6701529630692433
03359005,0,0.0,0.0,0,7,3243.0,8.084562415235304,0,0.7557696736573747
03359006,1,100.0,4.61512051684126,0,8,3843.0,8.254268770090183,0,0.8075856963389798
03359007,0,0.0,0.0,0,8,3843.0,8.254268770090183,0,0.8094954207190388
03359008,0,0.0,0.0,0,7,3243.0,8.084562415235304,0,0.7349751993092393
03359009,1,510.0,6.236369590203704,0,6,2823.0,7.945909598613133,0,0.7158087061223675
03359010,5,2409.0,7.787382026484701,0,8,3843.0,8.254268770090183,0,0.8944207181329733
03359011,0,0.0,0.0,0,7,3243.0,8.084562415235304,0,0.7624595868306954
03359012,0,0.0,0.0,0,8,3843.0,8.254268770090183,0,0.8082081418385888
03359013,1,510.0,6.236369590203704,0,7,3243.0,8.084562415235304,0,0.7859523699719242
03359014,1,510.0,6.236369590203704,0,7,3243.0,8.084562415235304,0,0.7374414124358064
03359015,1,510.0,6.236369590203704,0,7,3243.0,8.084562415235304,0,0.740593187249333
03359016,0,0.0,0.0,0,4,2399.0,7.783224016336037,0,0.6975022579341882
03359017,0,0.0,0.0,0,7,3243.0,8.084562415235304,0,0.746997339590135
03359018,1,510.0,6.236369590203704,0,3,2249.0,7.718685495198466,0,0.76132229747729
03359019,1,510.0,6.236369590203704,0,5,2723.0,7.909856667269403,0,0.7212699563212933
03359020,3,1889.0,7.5443321080536885,0,8,3843.0,8.254268770090183,0,0.8592276038277069
03359021,3,1889.0,7.5443321080536885,0,8,3843.0,8.254268770090183,0,0.8474923064285629
03359022,1,510.0,6.236369590203704,0,7,3243.0,8.084562415235304,0,0.7464556083722282
03359023,0,0.0,0.0,0,8,3843.0,8.254268770090183,0,0.7726656706773556
03359024,0,0.0,0.0,0,7,3243.0,8.084562415235304,0,0.7296519977602112
03359025,1,510.0,6.236369590203704,0,7,3243.0,8.084562415235304,0,0.727081680363574
03359026,1,510.0,6.236369590203704,0,8,3843.0,8.254268770090183,0,0.816118889170975
03359027,1,150.0,5.017279836814924,0,8,3843.0,8.254268770090183,0,0.82370485762547
03359028,6,2733.0,7.913521017283895,0,8,3843.0,8.254268770090183,0,0.9020503572109433
03359029,0,0.0,0.0,0,4,2399.0,7.783224016336037,0,0.6992943788303836
03359030,1,510.0,6.236369590203704,0,1,510.0,6.236369590203704,0,0.7022176515618785
03359031,0,0.0,0.0,0,7,3243.0,8.084562415235304,0,0.7221197585896507
03359032,3,1889.0,7.5443321080536885,0,8,3843.0,8.254268770090183,0,0.8494735182986716
03359033,4,1989.0,7.595889917718538,0,8,3843.0,8.254268770090183,0,0.8420161090761475
03359034,2,250.0,5.5254529391317835,0,8,3843.0,8.254268770090183,0,0.8283019195665767
03359035,1,510.0,6.236369590203704,0,1,510.0,6.236369590203704,0,0.7265637050078486
03359036,0,0.0,0.0,0,6,2823.0,7.945909598613133,0,0.7101169759254626
03359037,0,0.0,0.0,0,8,3843.0,8.254268770090183,0,0.7896954595518864
03359038,1,510.0,6.236369590203704,0,8,3843.0,8.254268770090183,0,0.7830909272132427
03359039,3,1889.0,7.5443321080536885,0,8,3843.0,8.254268770090183,0,0.8498508838040487
03359040,1,510.0,6.236369590203704,0,5,2723.0,7.909856667269403,0,0.8043020632818598
03360001,0,0.0,0.0,0,1,0.0,0.0,1,0.724140928792695
03360002,0,0.0,0.0,0,1,0.0,0.0,1,0.717688334754004
03360003,0,0.0,0.0,0,1,0.0,0.0,1,0.7176155611711001
03360004,0,0.0,0.0,0,3,520.0,6.255750041753367,1,0.7337744525240444
03360005,0,0.0,0.0,0,1,250.0,5.5254529391317835,0,0.7061591323640832
03360006,0,0.0,0.0,0,2,250.0,5.5254529391317835,1,0.7201806761818896
03360007,0,0.0,0.0,0,1,250.0,5.5254529391317835,0,0.7199051170124312
03360008,0,0.0,0.0,0,1,0.0,0.0,1,0.7123512455205379
03360009,0,0.0,0.0,0,2,250.0,5.5254529391317835,1,0.716061567095623
03360010,0,0.0,0.0,0,2,250.0,5.5254529391317835,1,0.7235519474193177
03360011,0,0.0,0.0,0,1,0.0,0.0,1,0.7088230629823224
03360012,0,0.0,0.0,0,1,0.0,0.0,1,0.7239360806249704
03360013,0,0.0,0.0,0,1,250.0,5.5254529391317835,0,0.7079963827546887
03360014,0,0.0,0.0,0,1,0.0,0.0,1,0.7235170054366087
03360015,0,0.0,0.0,0,1,0.0,0.0,1,0.706363682784877
03360016,0,0.0,0.0,0,1,0.0,0.0,1,0.7043917890789395
03360017,0,0.0,0.0,0,1,0.0,0.0,1,0.7147943408499486
03360018,0,0.0,0.0,0,1,0.0,0.0,1,0.700773162892856
03360019,0,0.0,0.0,0,2,250.0,5.5254529391317835,1,0.7168735231334016
03360020,0,0.0,0.0,0,0,0.0,0.0,0,0.7012437580657732
03360022,0,0.0,0.0,0,1,0.0,0.0,1,0.7026695806383437
03360023,0,0.0,0.0,0,1,250.0,5.5254529391317835,0,0.7143600489629641
03360024,0,0.0,0.0,0,0,0.0,0.0,0,0.6997171945265057
03360025,0,0.0,0.0,0,2,250.0,5.5254529391317835,1,0.709702592051744
03360026,0,0.0,0.0,0,1,0.0,0.0,1,0.7071034288638767
03360029,0,0.0,0.0,0,2,250.0,5.5254529391317835,1,0.7247206457176183
03360030,0,0.0,0.0,0,1,250.0,5.5254529391317835,0,0.7087521090661584
03361001,0,0.0,0.0,0,1,621.0,6.432940092739179,0,0.6883085300316192
03361002,0,0.0,0.0,0,1,621.0,6.432940092739179,0,0.6899777984215254
03361003,0,0.0,0.0,0,0,0.0,0.0,0,0.6941339995013995
03361004,0,0.0,0.0,0,1,621.0,6.432940092739179,0,0.6889280285963759
03361005,0,0.0,0.0,0,0,0.0,0.0,0,0.6941649821136878
03361006,0,0.0,0.0,0,1,621.0,6.432940092739179,0,0.6903492263684814
03361008,0,0.0,0.0,0,1,621.0,6.432940092739179,0,0.6891280185785188
03361009,0,0.0,0.0,0,1,621.0,6.432940092739179,0,0.688556386613926
03361010,0,0.0,0.0,0,2,1137.0,7.037027614686276,0,0.6890548865707327
03361012,0,0.0,0.0,0,0,0.0,0.0,0,0.6919860065605017
03361013,0,0.0,0.0,0,1,621.0,6.432940092739179,0,0.6885173997598545
03401000,1,621.0,6.432940092739179,0,2,1137.0,7.037027614686276,0,0.7204377735995449
03402000,0,0.0,0.0,0,0,0.0,0.0,0,0.5089047383318375
03405000,0,0.0,0.0,0,2,1137.0,7.037027614686276,0,0.5686905612133644
03451001,0,0.0,0.0,0,1,516.0,6.248042874508429,0,0.5902038237416724
03451002,1,516.0,6.248042874508429,0,2,1137.0,7.037027614686276,0,0.6372758168148256
03451004,1,516.0,6.248042874508429,0,2,1137.0,7.037027614686276,0,0.6384077744661827
03451005,1,516.0,6.248042874508429,0,2,1137.0,7.037027614686276,0,0.6796048921526348
03451007,0,0.0,0.0,0,2,1137.0,7.037027614686276,0,0.6018231526875981
03451008,1,516.0,6.248042874508429,0,2,1137.0,7.037027614686276,0,0.64734739971583
03452001,0,0.0,0.0,0,0,0.0,0.0,0,0.5177485562910106
03452002,0,0.0,0.0,0,0,0.0,0.0,0,0.47749600750232546
03452003,0,0.0,0.0,0,0,0.0,0.0,0,0.48821534743933015
03452006,0,0.0,0.0,0,0,0.0,0.0,0,0.537945149206728
03452007,0,0.0,0.0,0,0,0.0,0.0,0,0.49159656987302336
03452008,0,0.0,0.0,0,0,0.0,0.0,0,0.4861800332405687
03452009,0,0.0,0.0,0,0,0.0,0.0,0,0.48206790186375514
03452010,0,0.0,0.0,0,0,0.0,0.0,0,0.49073686242151504
03452011,0,0.0,0.0,0,0,0.0,0.0,0,0.5023576944666537
03452012,0,0.0,0.0,0,0,0.0,0.0,0,0.5222715035093866
03452013,0,0.0,0.0,0,0,0.0,0.0,0,0.45903551925683855
03452014,0,0.0,0.0,0,0,0.0,0.0,0,0.49315995228995424
03452015,0,0.0,0.0,0,0,0.0,0.0,0,0.493493097594344
03452016,0,0.0,0.0,0,0,0.0,0.0,0,0.4838556134600296
03452017,0,0.0,0.0,0,0,0.0,0.0,0,0.4949533823382989
03452019,0,0.0,0.0,0,0,0.0,0.0,0,0.4814851881818679
03452020,0,0.0,0.0,0,0,0.0,0.0,0,0.4652168973206633
03452021,0,0.0,0.0,0,0,0.0,0.0,0,0.49300549291868123
03452022,0,0.0,0.0,0,0,0.0,0.0,0,0.49814021120496765
03452023,0,0.0,0.0,0,0,0.0,0.0,0,0.5051947692170837
03452024,0,0.0,0.0,0,0,0.0,0.0,0,0.4959616968955053
03452025,0,0.0,0.0,0,1,516.0,6.248042874508429,0,0.5487013608481504
03452026,0,0.0,0.0,0,0,0.0,0.0,0,0.4954889745106103
03452027,0,0.0,0.0,0,0,0.0,0.0,0,0.4909604124495498
03453001,0,0.0,0.0,0,1,516.0,6.248042874508429,0,0.5895775208991709
03453002,0,0.0,0.0,0,2,1137.0,7.037027614686276,0,0.6412483553779742
03453003,0,0.0,0.0,0,2,1536.0,7.337587743538596,0,0.6784312117633349
03453004,0,0.0,0.0,0,2,1536.0,7.337587743538596,0,0.6675106538647482
03453005,0,0.0,0.0,0,3,2157.0,7.67693714581808,0,0.6776292184902537
03453006,0,0.0,0.0,0,3,2509.0,7.828038032125829,0,0.6904836007989323
03453007,0,0.0,0.0,0,1,516.0,6.248042874508429,0,0.6257979498437759
03453008,0,0.0,0.0,0,2,1137.0,7.037027614686276,0,0.6546294943043134
03453009,0,0.0,0.0,0,2,1536.0,7.337587743538596,0,0.6634144862840969
03453010,0,0.0,0.0,0,2,1536.0,7.337587743538596,0,0.6444626988456355
03453011,0,0.0,0.0,0,1,1020.0,6.928537818164665,0,0.6697222844570466
03453012,0,0.0,0.0,0,2,1536.0,7.337587743538596,0,0.6552811839943529
03453013,0,0.0,0.0,0,1,516.0,6.248042874508429,0,0.5910855580059344
03454001,0,0.0,0.0,0,3,2509.0,7.828038032125829,0,0.7278534310475682
03454002,0,0.0,0.0,0,2,1980.0,7.591357046698551,0,0.6673195770341921
03454003,1,960.0,6.8679744089702925,0,3,2509.0,7.828038032125829,0,0.7403621882835234
03454004,0,0.0,0.0,0,1,516.0,6.248042874508429,0,0.5898325135927827
03454005,0,0.0,0.0,0,0,0.0,0.0,0,0.6066945631095166
03454006,0,0.0,0.0,0,0,0.0,0.0,0,0.6066833223274277
03454007,0,0.0,0.0,0,0,0.0,0.0,0,0.5737625972917597
03454008,0,0.0,0.0,0,0,0.0,0.0,0,0.5770213098526199
03454009,0,0.0,0.0,0,3,2509.0,7.828038032125829,0,0.6780118311582617
03454010,0,0.0,0.0,0,3,2509.0,7.828038032125829,0,0.7098149739162379
03454011,0,0.0,0.0,0,1,516.0,6.248042874508429,0,0.602752956451986
03454012,0,0.0,0.0,0,3,2509.0,7.828038032125829,0,0.7309759133390897
03454013,0,0.0,0.0,0,0,0.0,0.0,0,0.5892399125242148
03454014,0,0.0,0.0,0,2,1980.0,7.591357046698551,0,0.6475632748788056
03454015,0,0.0,0.0,0,3,2509.0,7.828038032125829,0,0.6891962956659633
03454016,0,0.0,0.0,0,1,1020.0,6.928537818164665,0,0.631214044944858
03454017,0,0.0,0.0,0,3,2509.0,7.828038032125829,0,0.7045459558438454
03454018,0,0.0,0.0,0,0,0.0,0.0,0,0.6016581640788077
03454019,0,0.0,0.0,0,2,1980.0,7.591357046698551,0,0.6563612366746813
03454020,0,0.0,0.0,0,0,0.0,0.0,0,0.5702895081462968
03454021,0,0.0,0.0,0,2,1980.0,7.591357046698551,0,0.6681699890961685
03454022,0,0.0,0.0,0,1,516.0,6.248042874508429,0,0.61226466198873
03454023,0,0.0,0.0,0,1,1020.0,6.928537818164665,0,0.6347093462302298
03454024,0,0.0,0.0,0,1,1020.0,6.928537818164665,0,0.6293783723452706
03454025,0,0.0,0.0,0,0,0.0,0.0,0,0.5843658352787611
03454026,0,0.0,0.0,0,1,1020.0,6.928537818164665,0,0.6467287887029527
03454027,0,0.0,0.0,0,1,1020.0,6.928537818164665,0,0.6343504571390801
03454028,0,0.0,0.0,0,3,2509.0,7.828038032125829,0,0.6950883456375897
03454029,0,0.0,0.0,0,0,0.0,0.0,0,0.5946651847782547
03454030,0,0.0,0.0,0,0,0.0,0.0,0,0.5728083120694195
03454031,0,0.0,0.0,0,3,2509.0,7.828038032125829,0,0.7021456789368532
03454032,0,0.0,0.0,0,2,1980.0,7.591357046698551,0,0.6758542016041744
03454033,0,0.0,0.0,0,1,516.0,6.248042874508429,0,0.6156218679929628
03454034,0,0.0,0.0,0,3,2509.0,7.828038032125829,0,0.724334634671649
03454035,0,0.0,0.0,0,0,0.0,0.0,0,0.6285864789533815
03454036,0,0.0,0.0,0,3,2509.0,7.828038032125829,0,0.7197616119139912
03454037,0,0.0,0.0,0,0,0.0,0.0,0,0.5907465891367878
03454038,0,0.0,0.0,0,0,0.0,0.0,0,0.578904569026685
03454039,0,0.0,0.0,0,0,0.0,0.0,0,0.5928488580311642
03454040,0,0.0,0.0,0,0,0.0,0.0,0,0.5934005168229739
03454041,0,0.0,0.0,0,0,0.0,0.0,0,0.565471620868297
03454042,0,0.0,0.0,0,1,516.0,6.248042874508429,0,0.6243354665339974
03454043,0,0.0,0.0,0,0,0.0,0.0,0,0.5921995283407854
03454044,0,0.0,0.0,0,0,0.0,0.0,0,0.5575177447503982
03454045,0,0.0,0.0,0,4,3504.0,8.16194579946869,0,0.741760459469783
03454046,1,960.0,6.8679744089702925,0,3,2509.0,7.828038032125829,0,0.7733649879226626
03454047,0,0.0,0.0,0,0,0.0,0.0,0,0.6196855179517424
03454048,0,0.0,0.0,0,0,0.0,0.0,0,0.6215666487149581
03454049,1,960.0,6.8679744089702925,0,3,2509.0,7.828038032125829,0,0.7590032533865205
03454050,0,0.0,0.0,0,0,0.0,0.0,0,0.6198286587629862
03454051,0,0.0,0.0,0,0,0.0,0.0,0,0.5856775709498181
03454052,0,0.0,0.0,0,0,0.0,0.0,0,0.5828375565630367
03454053,0,0.0,0.0,0,3,2509.0,7.828038032125829,0,0.7141265364113953
03454054,0,0.0,0.0,0,0,0.0,0.0,0,0.6153624089425043
03454055,0,0.0,0.0,0,1,516.0,6.248042874508429,0,0.6355663008149528
03454056,0,0.0,0.0,0,0,0.0,0.0,0,0.5792887320777336
03454057,0,0.0,0.0,0,1,1020.0,6.928537818164665,0,0.6330954619280638
03454058,0,0.0,0.0,0,0,0.0,0.0,0,0.6110294425790426
03454059,0,0.0,0.0,0,3,2509.0,7.828038032125829,0,0.7001683488827191
03454060,0,0.0,0.0,0,0,0.0,0.0,0,0.591992648514962
03455007,0,0.0,0.0,0,0,0.0,0.0,0,0.5387440843179163
03455014,0,0.0,0.0,0,1,516.0,6.248042874508429,0,0.5628951228228452
03455015,0,0.0,0.0,0,1,516.0,6.248042874508429,0,0.5489272867667814
03455020,0,0.0,0.0,0,0,0.0,0.0,0,0.5270016034759952
03455021,0,0.0,0.0,0,0,0.0,0.0,0,0.5080734284004835
03455025,0,0.0,0.0,0,2,1137.0,7.037027614686276,0,0.5846721847817016
03455026,0,0.0,0.0,0,2,1137.0,7.037027614686276,0,0.6003687864275535
03455027,0,0.0,0.0,0,2,1137.0,7.037027614686276,0,0.5743907150133146
03456001,0,0.0,0.0,0,1,960.0,6.8679744089702925,0,0.7135722813079964
03456002,0,0.0,0.0,0,0,0.0,0.0,0,0.5996343360964207
03456003,0,0.0,0.0,0,1,960.0,6.8679744089702925,0,0.690732934460615
03456004,0,0.0,0.0,0,0,0.0,0.0,0,0.6250804236945466
03456005,0,0.0,0.0,0,0,0.0,0.0,0,0.6310584807303443
03456006,0,0.0,0.0,0,0,0.0,0.0,0,0.6287138432609611
03456007,0,0.0,0.0,0,0,0.0,0.0,0,0.6274295991606631
03456008,0,0.0,0.0,0,0,0.0,0.0,0,0.6412122552886883
03456009,0,0.0,0.0,0,0,0.0,0.0,0,0.6149928700608781
03456010,0,0.0,0.0,0,1,960.0,6.8679744089702925,0,0.6995480976734176
03456011,0,0.0,0.0,0,0,0.0,0.0,0,0.6160607331567389
03456012,0,0.0,0.0,0,0,0.0,0.0,0,0.5869653116794059
03456013,0,0.0,0.0,0,0,0.0,0.0,0,0.642657391766599
03456014,0,0.0,0.0,0,0,0.0,0.0,0,0.6359637655444532
03456015,0,0.0,0.0,0,1,960.0,6.8679744089702925,0,0.6643034367567067
03456016,0,0.0,0.0,0,4,3504.0,8.16194579946869,0,0.7432742517400497
03456017,0,0.0,0.0,0,0,0.0,0.0,0,0.6346024649057957
03456018,0,0.0,0.0,0,1,960.0,6.8679744089702925,0,0.7108703845019675
03456019,0,0.0,0.0,0,0,0.0,0.0,0,0.60902173833102
03456020,0,0.0,0.0,0,2,1980.0,7.591357046698551,0,0.7303143841298047
03456023,0,0.0,0.0,0,0,0.0,0.0,0,0.6272373569349753
03456024,0,0.0,0.0,0,0,0.0,0.0,0,0.5999305731330695
03456025,0,0.0,0.0,0,1,960.0,6.8679744089702925,0,0.6508580297762041
03456026,0,0.0,0.0,0,0,0.0,0.0,0,0.6150486403285672
03456027,0,0.0,0.0,0,1,960.0,6.8679744089702925,0,0.7183313127882568
03457002,0,0.0,0.0,0,0,0.0,0.0,0,0.44861997726981945
03457003,0,0.0,0.0,0,0,0.0,0.0,0,0.5533342805610735
03457006,0,0.0,0.0,0,1,516.0,6.248042874508429,0,0.5743750110705597
03457008,0,0.0,0.0,0,1,516.0,6.248042874508429,0,0.5636139290175949
03457009,0,0.0,0.0,0,1,516.0,6.248042874508429,0,0.5544023903807129
03457010,0,0.0,0.0,0,1,516.0,6.248042874508429,0,0.5511864100181748
03457011,0,0.0,0.0,0,1,516.0,6.248042874508429,0,0.5537863902658324
03457012,0,0.0,0.0,0,0,0.0,0.0,0,0.5373218044956767
03457013,0,0.0,0.0,0,0,0.0,0.0,0,0.5485422790329344
03457014,0,0.0,0.0,0,0,0.0,0.0,0,0.5395689080659263
03457015,0,0.0,0.0,0,0,0.0,0.0,0,0.5428861540451919
03457016,0,0.0,0.0,0,1,516.0,6.248042874508429,0,0.5566278862470875
03457017,0,0.0,0.0,0,1,516.0,6.248042874508429,0,0.578738104568306
03457018,0,0.0,0.0,0,1,516.0,6.248042874508429,0,0.5730651211028356
03457019,0,0.0,0.0,0,1,516.0,6.248042874508429,0,0.5572484310622444
03457020,0,0.0,0.0,0,1,516.0,6.248042874508429,0,0.5682697920199489
03457021,0,0.0,0.0,0,0,0.0,0.0,0,0.5485481167117775
03457022,0,0.0,0.0,0,0,0.0,0.0,0,0.5578730415295592
03457024,0,0.0,0.0,0,0,0.0,0.0,0,0.5388816415113614
03458001,0,0.0,0.0,0,2,1137.0,7.037027614686276,0,0.690903540556701
03458002,0,0.0,0.0,0,2,1137.0,7.037027614686276,0,0.6909231252475709
03458003,1,516.0,6.248042874508429,0,2,1137.0,7.037027614686276,0,0.6896645270964232
03458004,0,0.0,0.0,0,2,1137.0,7.037027614686276,0,0.692672991422932
03458005,2,1137.0,7.037027614686276,0,2,1137.0,7.037027614686276,0,0.716705568574661
03458006,1,621.0,6.432940092739179,0,2,1137.0,7.037027614686276,0,0.6962292479928469
03458007,1,516.0,6.248042874508429,0,2,1137.0,7.037027614686276,0,0.6821975921673564
03458008,0,0.0,0.0,0,2,1137.0,7.037027614686276,0,0.6918548965502048
03458009,2,1137.0,7.037027614686276,0,2,1137.0,7.037027614686276,0,0.7082942400505433
03458010,2,1137.0,7.037027614686276,0,2,1137.0,7.037027614686276,0,0.7618712904673255
03458011,0,0.0,0.0,0,2,1137.0,7.037027614686276,0,0.6940398009942848
03458012,0,0.0,0.0,0,2,1137.0,7.037027614686276,0,0.6953627849914549
03458013,1,516.0,6.248042874508429,0,2,1137.0,7.037027614686276,0,0.7071022675063643
03458014,0,0.0,0.0,0,2,1137.0,7.037027614686276,0,0.6886764856056985
03458015,0,0.0,0.0,0,2,1137.0,7.037027614686276,0,0.6903187483487965
03459001,2,1549.0,7.346010209913293,0,3,2509.0,7.828038032125829,0,0.8922789167694452
03459002,1,1020.0,6.928537818164665,0,3,2509.0,7.828038032125829,0,0.7936500158904036
03459003,1,529.0,6.272877006546167,0,5,4286.0,8.363342466597977,0,0.8227498748264124
03459004,2,1489.0,7.306531398939505,0,6,5281.0,8.572060092857077,0,0.8902584214019446
03459005,1,529.0,6.272877006546167,0,7,6111.0,8.718009330846357,0,0.8795451871368656
03459006,1,529.0,6.272877006546167,0,7,6111.0,8.718009330846357,0,0.8764727343808423
03459007,1,1020.0,6.928537818164665,0,3,2509.0,7.828038032125829,0,0.7293134207077706
03459008,2,1549.0,7.346010209913293,0,5,4286.0,8.363342466597977,0,0.9047602946868853
03459009,1,1020.0,6.928537818164665,0,3,2509.0,7.828038032125829,0,0.7110099363334301
03459010,1,1020.0,6.928537818164665,0,3,2509.0,7.828038032125829,0,0.7897520493006485
03459011,1,1020.0,6.928537818164665,0,3,2509.0,7.828038032125829,0,0.7297154301768507
03459012,1,529.0,6.272877006546167,0,6,5281.0,8.572060092857077,0,0.8839444915957294
03459013,1,529.0,6.272877006546167,0,5,4286.0,8.363342466597977,0,0.8123876748271396
03459015,1,529.0,6.272877006546167,0,6,5281.0,8.572060092857077,0,0.8752713131182199
03459016,1,1020.0,6.928537818164665,0,3,2509.0,7.828038032125829,0,0.7541898557659308
03459017,1,1020.0,6.928537818164665,0,3,2509.0,7.828038032125829,0,0.7501554778512804
03459018,1,1020.0,6.928537818164665,0,3,2509.0,7.828038032125829,0,0.7666023103715198
03459019,2,1489.0,7.306531398939505,0,6,5281.0,8.572060092857077,0,0.9227876891448907
03459020,2,1489.0,7.306531398939505,0,6,5281.0,8.572060092857077,0,0.9207890925030764
03459021,3,2509.0,7.828038032125829,0,5,4454.0,8.40178233990491,0,0.9906364889549791
03459022,1,529.0,6.272877006546167,0,6,5281.0,8.572060092857077,0,0.8770028851909051
03459023,1,1020.0,6.928537818164665,0,3,2509.0,7.828038032125829,0,0.74469065201562
03459024,2,1479.0,7.299797366758161,0,5,4286.0,8.363342466597977,0,0.8588227540478302
03459025,0,0.0,0.0,0,3,2509.0,7.828038032125829,0,0.6969901098323206
03459026,3,2509.0,7.828038032125829,0,3,2509.0,7.828038032125829,0,0.851962022914296
03459027,3,2509.0,7.828038032125829,0,3,2509.0,7.828038032125829,0,0.9021638505856283
03459028,1,1020.0,6.928537818164665,0,3,2509.0,7.828038032125829,0,0.731144259623419
03459029,2,1549.0,7.346010209913293,0,5,4286.0,8.363342466597977,0,0.8426532798935328
03459030,0,0.0,0.0,0,3,2509.0,7.828038032125829,0,0.7079423545997481
03459031,2,1549.0,7.346010209913293,0,3,2509.0,7.828038032125829,0,0.9134298084242902
03459032,3,2509.0,7.828038032125829,0,3,2509.0,7.828038032125829,0,0.8315372259784262
03459033,3,2509.0,7.828038032125829,0,3,2509.0,7.828038032125829,0,0.9781199264928098
03459034,1,529.0,6.272877006546167,0,7,6111.0,8.718009330846357,0,0.8834906556494148
03460001,0,0.0,0.0,0,2,1536.0,7.337587743538596,0,0.6953811251571352
03460002,1,1020.0,6.928537818164665,0,3,2509.0,7.828038032125829,0,0.7753419152530994
03460003,0,0.0,0.0,0,3,2509.0,7.828038032125829,0,0.7178136859090161
03460004,0,0.0,0.0,0,3,2157.0,7.67693714581808,0,0.6929705279778294
03460005,1,1020.0,6.928537818164665,0,3,2509.0,7.828038032125829,0,0.7504647016988352
03460006,0,0.0,0.0,0,2,1549.0,7.346010209913293,0,0.715007676486187
03460007,2,1549.0,7.346010209913293,0,3,2509.0,7.828038032125829,0,0.8227338674394764
03460008,1,1020.0,6.928537818164665,0,3,2509.0,7.828038032125829,0,0.742985539306956
03460009,0,0.0,0.0,0,2,1536.0,7.337587743538596,0,0.7000369854166913
03460010,0,0.0,0.0,0,3,2157.0,7.67693714581808,0,0.6854913065511465
03461001,2,1137.0,7.037027614686276,0,2,1137.0,7.037027614686276,0,0.7900986043521359
03461002,2,1137.0,7.037027614686276,0,2,1137.0,7.037027614686276,0,0.6706512383248571
03461003,0,0.0,0.0,0,2,1137.0,7.037027614686276,0,0.5830238254854371
03461004,2,1137.0,7.037027614686276,0,2,1137.0,7.037027614686276,0,0.7357006207438199
03461005,1,516.0,6.248042874508429,0,2,1137.0,7.037027614686276,0,0.6296865233232014
03461006,2,1137.0,7.037027614686276,0,2,1137.0,7.037027614686276,0,1.096016299985891
03461007,0,0.0,0.0,0,2,1137.0,7.037027614686276,0,0.6137002063315178
03461008,2,1137.0,7.037027614686276,0,2,1137.0,7.037027614686276,0,0.6565949562605082
03461009,0,0.0,0.0,0,2,1137.0,7.037027614686276,0,0.6349018683769765
03462001,0,0.0,0.0,0,0,0.0,0.0,0,0.5097441855658273
03462002,0,0.0,0.0,0,0,0.0,0.0,0,0.5136600714944762
03462003,0,0.0,0.0,0,0,0.0,0.0,0,0.5051775622768054
03462004,0,0.0,0.0,0,0,0.0,0.0,0,0.5016494097258494
03462005,0,0.0,0.0,0,1,516.0,6.248042874508429,0,0.5523631197700314
03462006,0,0.0,0.0,0,0,0.0,0.0,0,0.5041356109386896
03462007,0,0.0,0.0,0,0,0.0,0.0,0,0.48264248909920676
03462008,0,0.0,0.0,0,0,0.0,0.0,0,0.5097342102891734
03462009,0,0.0,0.0,0,0,0.0,0.0,0,0.498432232697799
03462010,0,0.0,0.0,0,0,0.0,0.0,0,0.5048972328791892
03462011,0,0.0,0.0,0,0,0.0,0.0,0,0.5059683342809728
03462012,0,0.0,0.0,0,0,0.0,0.0,0,0.5033439069702507
03462013,0,0.0,0.0,0,0,0.0,0.0,0,0.5000864007469417
03462014,0,0.0,0.0,0,0,0.0,0.0,0,0.4951926063085689
03462015,0,0.0,0.0,0,0,0.0,0.0,0,0.5115037771236028
03462016,0,0.0,0.0,0,0,0.0,0.0,0,0.4994605349907042
03462017,0,0.0,0.0,0,0,0.0,0.0,0,0.5111476064192777
03462018,0,0.0,0.0,0,0,0.0,0.0,0,0.5001884779584761
03462019,0,0.0,0.0,0,0,0.0,0.0,0,0.528088179258209
04012000,0,0.0,0.0,0,2,1137.0,7.037027614686276,0,0.6100657684952742
05111000,3,2472.0,7.813187267521416,0,12,9968.0,9.207235557022704,0,1.2490118969776176
05112000,4,2892.0,7.970049304976135,0,15,10004.0,9.210840247017833,0,1.1698844267357835
05114000,5,5096.0,8.536407410340042,0,15,11138.0,9.318207742845189,0,1.0798208587372387
05119000,5,3242.0,8.084254106307318,0,13,8794.0,9.081938657171658,0,1.1966823057922293
05120000,3,1720.0,7.450660796211539,0,9,5992.0,8.698347400458186,0,1.1985099060016995
05122000,4,2566.0,7.8504931808711405,0,11,7542.0,8.928375259853631,0,1.1594663632178959
05154004,4,1970.0,7.58629630715272,0,5,2470.0,7.81237820598861,0,0.8668957178334621
05154008,2,580.0,6.364750756851911,0,5,2470.0,7.81237820598861,0,0.8417200746611159
05154012,3,1890.0,7.544861068658458,0,12,9418.0,9.150484204822817,0,0.9865719630390148
05154016,3,1550.0,7.346655163176539,0,5,2470.0,7.81237820598861,0,0.9712878011694247
05154020,3,1890.0,7.544861068658458,0,14,10580.0,9.266815218904162,0,0.9969446494043903
05154024,4,1970.0,7.58629630715272,0,6,2820.0,7.944846711001996,0,0.9659056349902877
05154028,4,2540.0,7.840312983320164,0,13,10338.0,9.243678431586693,0,0.9796027426825575
05154032,3,1550.0,7.346655163176539,0,7,5220.0,8.560444233410552,0,1.1187125097675272
05154036,3,1550.0,7.346655163176539,0,5,2470.0,7.81237820598861,0,0.8163462152649188
05154040,2,1390.0,7.237778191923443,0,4,1970.0,7.58629630715272,0,0.7520511049750558
05154048,1,500.0,6.2166061010848646,0,14,10580.0,9.266815218904162,0,1.0116891885193962
05154052,3,2040.0,7.621195162809845,0,11,9068.0,9.112617283447568,0,0.9497387072704397
05154056,4,1970.0,7.58629630715272,0,7,3470.0,8.152198015861787,0,0.9934914384560936
05154060,3,2040.0,7.621195162809845,0,12,9988.0,9.20923976653215,0,0.9715830993153876
05158004,6,4192.0,8.341171747170762,0,11,8592.0,9.058703197313223,0,1.1742389137211948
05158008,5,3566.0,8.17948018535889,0,11,8842.0,9.087381464575735,0,1.1508865833712572
05158012,5,3732.0,8.224967478914584,0,12,8834.0,9.086476384753796,0,1.276913258977264
05158016,5,3566.0,8.17948018535889,0,11,8842.0,9.087381464575735,0,1.1370994553237046
05158020,5,3446.0,8.145259566516865,0,12,9642.0,9.173987542510384,0,1.1327185784151519
05158024,6,4192.0,8.341171747170762,0,12,8834.0,9.086476384753796,0,1.1877995853154715
05158026,4,3106.0,8.041412909393047,0,14,12318.0,9.418898064961974,0,1.1132782511713595
05158032,4,2732.0,7.913155185928068,0,12,7734.0,8.953510763007166,0,1.3338532476355582
05158036,5,3732.0,8.224967478914584,0,12,8834.0,9.086476384753796,0,1.2052294370245709
05162004,4,3106.0,8.041412909393047,0,15,12818.0,9.458683724312134,0,1.1029884835598531
05162008,3,3750.0,8.229777750081887,0,12,10918.0,9.298259670014065,0,1.0501137645960237
05162012,4,5126.0,8.5422759717837,0,12,10918.0,9.298259670014065,0,1.0527496587758898
05162016,4,4596.0,8.433159195806228,0,11,9618.0,9.171495588152615,0,1.1665355737750012
05162020,5,5972.0,8.695004592732307,0,12,10918.0,9.298259670014065,0,1.1237043296824065
05162022,4,3122.0,8.046549357283078,0,12,9968.0,9.207235557022704,0,1.1964960252385077
05162028,3,2260.0,7.72356247227797,0,14,12318.0,9.418898064961974,0,1.033223055018463
05166004,3,4126.0,8.325306029752582,0,8,7862.0,8.969923491991516,0,0.9751635105765806
05166008,3,4126.0,8.325306029752582,0,12,9988.0,9.20923976653215,0,1.018850865005906
05166012,2,2750.0,7.919719760924575,0,12,9988.0,9.20923976653215,0,1.0215067142081304
05166016,3,4126.0,8.325306029752582,0,9,8488.0,9.046526486737967,0,1.0047051194864665
05166020,3,4126.0,8.325306029752582,0,9,9162.0,9.122928914965213,0,1.0697924115122177
05166024,3,4126.0,8.325306029752582,0,9,9162.0,9.122928914965213,0,1.1184109502592543
05166028,4,4596.0,8.433159195806228,0,13,10628.0,9.271341393533582,0,1.0736095793708684
05166036,4,4596.0,8.433159195806228,0,13,11008.0,9.306468399070404,0,1.116561736752381
05170004,4,1720.0,7.450660796211539,0,13,9204.0,9.127502093667179,0,1.0223611888651676
05170008,3,1476.0,7.29776828253138,0,13,7444.0,8.915297945118109,0,1.167565526214129
05170012,3,1080.0,6.985641817639208,0,8,3688.0,8.213110697596676,0,1.0569369822711712
05170016,4,1512.0,7.321849713788356,0,10,5454.0,8.604287898267172,0,1.0501755936659574
05170020,1,500.0,6.2166061010848646,0,14,10580.0,9.266815218904162,0,1.0652025410587052
05170024,3,1972.0,7.587310506022615,0,15,10920.0,9.298442820197728,0,1.1107749971651448
05170028,3,1972.0,7.587310506022615,0,15,10920.0,9.298442820197728,0,1.0675381801565433
05170036,3,1092.0,6.996681488176539,0,9,4704.0,8.45638105201948,0,1.0669257413114115
05170040,5,2470.0,7.81237820598861,0,9,4942.0,8.505727713306959,0,0.9987569084216206
05170044,3,1270.0,7.147559271189454,0,12,7104.0,8.868554040531201,0,1.0934661542633042
05170048,4,1430.0,7.266128779556451,0,11,6104.0,8.716863386544805,0,1.0247347311688297
05170052,5,2470.0,7.81237820598861,0,10,5184.0,8.553525120663627,0,1.0244140155519394
05334002,1,1300.0,7.170888478512505,0,4,5196.0,8.555836815008442,0,0.7599674811205646
05334004,1,1300.0,7.170888478512505,0,5,5846.0,8.67368398817567,0,0.816155272218404
05334008,2,2676.0,7.892452043520352,0,6,6846.0,8.831565879121063,0,0.8333854986245315
05334012,1,1300.0,7.170888478512505,0,6,6346.0,8.75573753930647,0,0.8720476332550059
05334016,0,0.0,0.0,0,5,5846.0,8.67368398817567,0,0.7818322847184511
05334020,1,420.0,6.042632833682381,0,3,2220.0,7.7057128238944275,0,0.772980280552346
05334024,2,1720.0,7.450660796211539,0,3,2220.0,7.7057128238944275,0,0.7818531877392163
05334028,2,1720.0,7.450660796211539,0,3,2220.0,7.7057128238944275,0,0.839402148218368
05334032,1,1300.0,7.170888478512505,0,5,5696.0,8.647694999480395,0,0.8347830454451173
05334036,1,1300.0,7.170888478512505,0,4,5196.0,8.555836815008442,0,0.7904953589052558
05358004,1,1300.0,7.170888478512505,0,8,8146.0,9.005405040310642,0,0.8779317365569967
05358012,3,2220.0,7.7057128238944275,0,6,4820.0,8.480736654405622,0,0.9923072517286373
05358016,2,1720.0,7.450660796211539,0,7,7296.0,8.89521858376562,0,0.9696330367420252
05358020,1,1300.0,7.170888478512505,0,8,8146.0,9.005405040310642,0,0.9410435257331552
05358024,1,1300.0,7.170888478512505,0,9,8606.0,9.060331104649475,0,0.9121912986778034
05358028,3,2220.0,7.7057128238944275,0,10,9356.0,9.143880005275912,0,1.011244830086552
05358032,1,1300.0,7.170888478512505,0,8,8146.0,9.005405040310642,0,0.9853810982349351
05358036,3,4776.0,8.471568013389962,0,7,7646.0,8.942068693044225,0,0.9021027014735736
05358040,1,1300.0,7.170888478512505,0,12,11006.0,9.306286713023391,0,0.9804967749562532
05358044,3,2220.0,7.7057128238944275,0,6,4820.0,8.480736654405622,0,0.953809515723397
05358048,1,1300.0,7.170888478512505,0,10,9406.0,9.149209371971951,0,0.9486720927423338
05358052,2,1800.0,7.496097345175956,0,11,10356.0,9.24541789858888,0,0.9733544929101118
05358056,3,4776.0,8.471568013389962,0,10,9452.0,9.154087430425385,0,0.963853214745809
05358060,3,2220.0,7.7057128238944275,0,9,7980.0,8.984818995876008,0,0.9656178250723939
05362004,2,3100.0,8.03947991910045,0,12,10592.0,9.267948684596496,0,0.9863251801561836
05362008,2,2100.0,7.650168700845001,0,14,12192.0,9.408617295560266,0,0.9889222232298368
05362012,5,3160.0,8.058643712215618,0,10,7220.0,8.884748726451182,0,1.0849887292296845
05362016,1,1300.0,7.170888478512505,0,12,10852.0,9.292196818446016,0,0.966747159251745
05362020,3,2100.0,7.650168700845001,0,9,6880.0,8.83651926920248,0,1.0267360718368594
05362024,2,1260.0,7.13966033596492,0,14,12192.0,9.408617295560266,0,1.060273050618351
05362028,3,2060.0,7.630946580890459,0,12,10166.0,9.226902460275161,0,1.0865869358045623
05362032,2,2100.0,7.650168700845001,0,13,11852.0,9.3803362790795,0,0.9898126678165474
05362036,3,2260.0,7.72356247227797,0,15,13318.0,9.49694686620103,0,1.0616029795616724
05362040,6,4160.0,8.333510708982942,0,10,7220.0,8.884748726451182,0,1.1224336536049153
05366004,2,920.0,6.825460036255307,0,7,5420.0,8.598035579260339,0,0.9307820495378027
05366008,1,420.0,6.042632833682381,0,5,4020.0,8.299285906897275,0,0.8050449360472911
05366012,1,420.0,6.042632833682381,0,3,2220.0,7.7057128238944275,0,0.7609642062814038
05366020,1,420.0,6.042632833682381,0,3,2220.0,7.7057128238944275,0,0.8252945243796823
05366024,2,920.0,6.825460036255307,0,5,4020.0,8.299285906897275,0,0.8987649479191105
05366028,2,920.0,6.825460036255307,0,7,5420.0,8.598035579260339,0,0.9321849915340447
05366032,2,920.0,6.825460036255307,0,6,4620.0,8.438366410870266,0,0.8428245786635783
05366040,5,3700.0,8.216358332386156,0,9,6880.0,8.83651926920248,0,1.0371092034761493
05366044,3,2220.0,7.7057128238944275,0,8,5880.0,8.679482094459956,0,0.9740451286936737
05370004,3,4126.0,8.325306029752582,0,7,8072.0,8.996280439395015,0,1.0509077532502842
05370008,1,1376.0,7.227662498728654,0,4,5426.0,8.599141774063405,0,0.7803808742942006
05370012,1,1376.0,7.227662498728654,0,6,6846.0,8.831565879121063,0,0.8282656816945666
05370016,2,3476.0,8.153925132007862,0,5,6426.0,8.768263145371286,0,0.8818844757028509
05370020,3,4126.0,8.325306029752582,0,5,6426.0,8.768263145371286,0,0.9831138626314839
05370024,1,1376.0,7.227662498728654,0,4,5426.0,8.599141774063405,0,0.7421294611588741
05370028,1,1376.0,7.227662498728654,0,5,5846.0,8.67368398817567,0,0.8096244794845171
05370032,1,1376.0,7.227662498728654,0,4,5426.0,8.599141774063405,0,0.8016407285073084
05370036,3,4126.0,8.325306029752582,0,5,6426.0,8.768263145371286,0,1.0422788767463218
05374004,1,400.0,5.993961427306569,0,5,2600.0,7.8636512654486515,0,0.96706636949673
05374008,0,0.0,0.0,0,7,4400.0,8.38958706681109,0,0.9824648000564002
05374012,1,400.0,5.993961427306569,0,7,4400.0,8.38958706681109,0,0.962502255303533
05374016,2,800.0,6.68586094706836,0,10,6992.0,8.852664927703866,0,1.0404507530823857
05374020,1,460.0,6.133398042996649,0,9,6166.0,8.726967774991493,0,0.9954934524875285
05374024,1,400.0,5.993961427306569,0,7,4170.0,8.335911094196945,0,0.9722875840873383
05374028,1,400.0,5.993961427306569,0,4,2800.0,7.937731775260109,0,0.9061235814658899
05374032,0,0.0,0.0,0,7,4400.0,8.38958706681109,0,0.941141654233091
05374036,1,340.0,5.831882477283517,0,10,7042.0,8.85978949474541,0,1.0473079798104052
05374040,1,400.0,5.993961427306569,0,4,1800.0,7.496097345175956,0,0.9687285425105259
05374044,1,400.0,5.993961427306569,0,7,4400.0,8.38958706681109,0,0.922661790244576
05374048,1,400.0,5.993961427306569,0,7,4400.0,8.38958706681109,0,0.9494295452901045
05374052,1,340.0,5.831882477283517,0,10,6792.0,8.823647949191303,0,1.005943181200784
05378004,2,1260.0,7.13966033596492,0,12,8292.0,9.023167064451204,0,1.1390846223651447
05378008,3,1600.0,7.3783837129967145,0,10,7392.0,8.9082888855571,0,1.1434645970741248
05378012,2,800.0,6.68586094706836,0,11,7792.0,8.96098117384356,0,1.0437134173239553
05378016,4,2600.0,7.8636512654486515,0,12,10142.0,9.224539091375995,0,1.151776692554036
05378020,3,1600.0,7.3783837129967145,0,11,7892.0,8.973731569708402,0,1.189977994641624
05378024,3,1860.0,7.528869256642251,0,9,5900.0,8.682877107057168,0,1.0253325604046664
05378028,5,3660.0,8.205491613120236,0,9,5900.0,8.682877107057168,0,1.081611658850682
05378032,2,800.0,6.68586094706836,0,10,6792.0,8.823647949191303,0,1.1033174645967563
05382004,5,3700.0,8.216358332386156,0,8,5880.0,8.679482094459956,0,1.1825721981422264
05382008,3,2400.0,7.783640596221253,0,6,4160.0,8.333510708982942,0,1.1156430893197458
05382012,5,3700.0,8.216358332386156,0,8,5880.0,8.679482094459956,0,1.1317512216062575
05382016,2,1600.0,7.3783837129967145,0,7,4560.0,8.4252971767117,0,0.9521244895817356
05382020,3,2400.0,7.783640596221253,0,7,4560.0,8.4252971767117,0,1.124043565501951
05382024,3,2400.0,7.783640596221253,0,6,4160.0,8.333510708982942,0,1.4975601576721131
05382028,5,3660.0,8.205491613120236,0,8,4900.0,8.497194544909547,0,1.1165334036674703
05382032,4,2900.0,7.972810784121404,0,8,5880.0,8.679482094459956,0,1.0371279052203142
05382036,1,600.0,6.398594934535208,0,7,4400.0,8.38958706681109,0,0.9770798185684798
05382040,3,2400.0,7.783640596221253,0,8,4900.0,8.497194544909547,0,1.0198616535164489
05382044,6,4160.0,8.333510708982942,0,10,7220.0,8.884748726451182,0,1.1465879311069762
05382048,4,2900.0,7.972810784121404,0,8,5880.0,8.679482094459956,0,1.023278742745359
05382052,1,600.0,6.398594934535208,0,7,4400.0,8.38958706681109,0,0.9471387205714916
05382060,4,3200.0,8.071218539969863,0,7,4500.0,8.412054873292933,0,1.2864777911301872
05382064,4,2900.0,7.972810784121404,0,8,5880.0,8.679482094459956,0,1.074542198049092
05382068,4,3200.0,8.071218539969863,0,7,4500.0,8.412054873292933,0,1.21099967600481
05382072,4,2900.0,7.972810784121404,0,7,4580.0,8.429672593886743,0,1.1257098651649975
05382076,0,0.0,0.0,0,6,4060.0,8.309184527686298,0,0.9053607108430424
05512000,5,2638.0,7.878155336503324,0,11,6054.0,8.708639655987193,0,1.1467424414451994
05513000,4,2138.0,7.668093709082406,0,10,6244.0,8.739536422559677,0,1.1195193154111704
05554004,0,0.0,0.0,0,4,2007.0,7.60489448081162,0,0.7696812061151133
05554008,2,580.0,6.364750756851911,0,7,3062.0,8.027150106832774,0,0.9244579649553955
05554012,1,350.0,5.860786223465865,0,6,2298.0,7.740229524763182,0,0.8939776925980609
05554016,0,0.0,0.0,0,5,2167.0,7.681560362559537,0,0.8270961263797587
05554020,0,0.0,0.0,0,0,0.0,0.0,0,0.7215951998394861
05554024,0,0.0,0.0,0,2,1955.0,7.578656850594762,0,0.7666486362801388
05554028,2,592.0,6.385194398997726,0,6,2298.0,7.740229524763182,0,0.9146558270886566
05554032,2,580.0,6.364750756851911,0,7,3062.0,8.027150106832774,0,0.992774965960316
05554036,0,0.0,0.0,0,3,1587.0,7.370230641807081,0,0.8000895279201783
05554040,3,1012.0,6.920671504248683,0,7,3218.0,8.076826031298808,0,0.9591684608811215
05554044,2,592.0,6.385194398997726,0,7,3293.0,8.099857910737585,0,0.9172450991654151
05554048,2,580.0,6.364750756851911,0,7,3062.0,8.027150106832774,0,0.9000574670095374
05554052,0,0.0,0.0,0,3,2197.0,7.6953031349635665,0,0.7920017500082381
05554056,0,0.0,0.0,0,4,1172.0,7.067319848653476,0,0.8000091309657218
05554060,0,0.0,0.0,0,5,1672.0,7.422373700986824,0,0.8232685969636692
05554064,0,0.0,0.0,0,6,2667.0,7.889084407035514,0,0.8636980096608087
05554068,0,0.0,0.0,0,4,1172.0,7.067319848653476,0,0.7697764918449383
05558004,2,1825.0,7.509883061154913,0,8,5967.0,8.694167141883597,0,0.9747743409236551
05558008,0,0.0,0.0,0,4,2547.0,7.843064016692054,0,0.8468848226727186
05558012,0,0.0,0.0,0,3,1587.0,7.370230641807081,0,0.8470751019293331
05558016,1,242.0,5.493061443340548,0,5,3417.0,8.136810863675537,0,0.9201760836763859
05558020,1,995.0,6.903747257584598,0,5,3377.0,8.125039097367745,0,0.87236405280038
05558024,1,995.0,6.903747257584598,0,6,4067.0,8.31090675716845,0,0.9535363923815349
05558028,2,1995.0,7.59890045687141,0,7,5267.0,8.569406062863171,0,0.9727478480509664
05558032,1,995.0,6.903747257584598,0,6,4377.0,8.384347278082808,0,0.8788447768280515
05558036,1,242.0,5.493061443340548,0,8,5613.0,8.633018756921828,0,0.9807160555825959
05558040,0,0.0,0.0,0,4,2547.0,7.843064016692054,0,0.8186037774225812
05558044,1,995.0,6.903747257584598,0,6,4067.0,8.31090675716845,0,0.935842830587925
05562004,2,1242.0,7.1252830915107115,0,11,7299.0,8.895629627136483,0,1.038916066606777
05562008,1,242.0,5.493061443340548,0,10,6453.0,8.772455372611907,0,1.0114749441198048
05562014,5,2638.0,7.878155336503324,0,11,6404.0,8.764834214330834,0,1.146616308830803
05562016,2,592.0,6.385194398997726,0,8,5053.0,8.52793528794814,0,1.0118088269189731
05562020,3,1512.0,7.321849713788356,0,9,5244.0,8.565030520830398,0,1.1378788197862193
05562028,2,592.0,6.385194398997726,0,11,7299.0,8.895629627136483,0,1.054740976918353
05562032,2,592.0,6.385194398997726,0,10,6469.0,8.774931387494947,0,1.111372999908792
05562036,2,1242.0,7.1252830915107115,0,10,7153.0,8.875426919818963,0,1.0129367400290743
05566004,1,995.0,6.903747257584598,0,4,2726.0,7.910957382845589,0,0.8537329200456266
05566008,1,960.0,6.8679744089702925,0,4,3504.0,8.16194579946869,0,0.828215894862937
05566012,2,1955.0,7.578656850594762,0,5,4334.0,8.374476889214643,0,0.8669385439181254
05566016,1,960.0,6.8679744089702925,0,4,3504.0,8.16194579946869,0,0.8403982031687908
05566020,2,1980.0,7.591357046698551,0,3,2509.0,7.828038032125829,0,0.8020475809151257
05566024,0,0.0,0.0,0,3,2197.0,7.6953031349635665,0,0.8077952924965408
05566032,2,1955.0,7.578656850594762,0,4,3504.0,8.16194579946869,0,0.8808528935696589
05566036,0,0.0,0.0,0,3,2197.0,7.6953031349635665,0,0.8269662124917442
05566040,2,1489.0,7.306531398939505,0,4,3504.0,8.16194579946869,0,0.9119982820938715
05566044,2,1489.0,7.306531398939505,0,6,5281.0,8.572060092857077,0,0.8921802227008833
05566048,3,2509.0,7.828038032125829,0,4,3504.0,8.16194579946869,0,1.0061326972222853
05566052,0,0.0,0.0,0,2,1955.0,7.578656850594762,0,0.7707197874786884
05566056,3,2509.0,7.828038032125829,0,4,3504.0,8.16194579946869,0,1.06389527127393
05566060,0,0.0,0.0,0,4,3504.0,8.16194579946869,0,0.7705610010429287
05566064,1,995.0,6.903747257584598,0,3,2484.0,7.818027938530729,0,0.8412535697110111
05566068,0,0.0,0.0,0,2,1955.0,7.578656850594762,0,0.746325155167844
05566072,3,2509.0,7.828038032125829,0,4,3504.0,8.16194579946869,0,0.8751659477334306
05566076,1,960.0,6.8679744089702925,0,4,3504.0,8.16194579946869,0,0.778017467847409
05566080,1,960.0,6.8679744089702925,0,4,3504.0,8.16194579946869,0,0.8612553547731892
05566084,0,0.0,0.0,0,3,2484.0,7.818027938530729,0,0.8091788405359982
05566088,2,1489.0,7.306531398939505,0,4,3504.0,8.16194579946869,0,0.9412096487164161
05566092,3,2509.0,7.828038032125829,0,4,3504.0,8.16194579946869,0,0.9767872928482276
05566096,0,0.0,0.0,0,3,2484.0,7.818027938530729,0,0.7687281505462158
05570004,2,1825.0,7.509883061154913,0,6,5375.0,8.589699882202986,0,1.04777594882207
05570008,2,2030.0,7.616283561580385,0,7,6325.0,8.752423403865594,0,1.008362753699056
05570012,0,0.0,0.0,0,8,6991.0,8.852521917335372,0,0.9029889423892576
05570016,2,1825.0,7.509883061154913,0,7,5617.0,8.633731007664188,0,0.989749752005296
05570020,1,830.0,6.7226297948554485,0,7,6325.0,8.752423403865594,0,0.9499494712899941
05570024,1,995.0,6.903747257584598,0,8,7114.0,8.869960510523953,0,0.946682332397592
05570028,1,830.0,6.7226297948554485,0,7,6325.0,8.752423403865594,0,0.9334111521938462
05570032,1,995.0,6.903747257584598,0,6,5284.0,8.572627898304338,0,0.9003700159742065
05570036,0,0.0,0.0,0,7,6291.0,8.747034264178168,0,0.8940822848263806
05570040,2,1825.0,7.509883061154913,0,7,6335.0,8.754002933494261,0,0.973968009498629
05570044,1,995.0,6.903747257584598,0,5,4314.0,8.36985260351753,0,0.9433394577801139
05570048,2,2030.0,7.616283561580385,0,7,6325.0,8.752423403865594,0,0.9525934858705205
05570052,1,995.0,6.903747257584598,0,7,6164.0,8.726643415598444,0,0.9081228045922994
05754004,1,950.0,6.85751406254539,0,6,5281.0,8.572060092857077,0,0.8824232403961536
05754008,1,950.0,6.85751406254539,0,8,6531.0,8.784468454090355,0,0.9073100144664256
05754012,2,1777.0,7.48324441607385,0,5,4261.0,8.357493812658563,0,0.9063391400319392
05754016,1,950.0,6.85751406254539,0,8,6991.0,8.852521917335372,0,0.8950225885652102
05754020,0,0.0,0.0,0,7,6031.0,8.704833909687792,0,0.9083314828195669
05754024,0,0.0,0.0,0,8,6652.0,8.802823159741887,0,0.9241614187164877
05754028,0,0.0,0.0,0,6,5502.0,8.613048677059759,0,0.9101329014802071
05754032,0,0.0,0.0,0,6,5007.0,8.518791912779934,0,0.9073551978652765
05754036,2,1777.0,7.48324441607385,0,3,2277.0,7.731053144007127,0,0.9112801368421326
05754040,2,1777.0,7.48324441607385,0,4,3136.0,8.051022208190679,0,0.9394267948628483
05754044,1,950.0,6.85751406254539,0,6,5007.0,8.518791912779934,0,0.9097314805766246
05754048,0,0.0,0.0,0,7,6111.0,8.718009330846357,0,0.8825416241360936
05754052,2,1777.0,7.48324441607385,0,3,2306.0,7.7437032581737535,0,0.9247390329491475
05758004,2,1777.0,7.48324441607385,0,3,2306.0,7.7437032581737535,0,0.8990650328649418
05758008,2,1777.0,7.48324441607385,0,3,2306.0,7.7437032581737535,0,0.9538479014195834
05758016,2,1777.0,7.48324441607385,0,3,2306.0,7.7437032581737535,0,0.9747307077737588
05758020,2,1777.0,7.48324441607385,0,3,2306.0,7.7437032581737535,0,0.918442555429207
05758024,2,1777.0,7.48324441607385,0,3,2306.0,7.7437032581737535,0,0.9466502941019888
05758028,1,827.0,6.71901315438526,0,5,4286.0,8.363342466597977,0,0.8403030348954534
05758032,2,1777.0,7.48324441607385,0,4,3326.0,8.109826276018477,0,0.9129327849629449
05758036,1,827.0,6.71901315438526,0,3,2277.0,7.731053144007127,0,0.8581678476547475
05762008,1,500.0,6.2166061010848646,0,6,2742.0,7.916807490937603,1,0.8986375527835131
05762016,2,1000.0,6.90875477931522,0,4,1950.0,7.576097340623111,0,0.9378344892400297
05762020,1,500.0,6.2166061010848646,0,3,1600.0,7.3783837129967145,0,0.8498388928578604
05762024,1,500.0,6.2166061010848646,0,2,1000.0,6.90875477931522,0,0.8709884276537676
05762028,1,500.0,6.2166061010848646,0,5,3127.0,8.048149101665201,0,0.9379729540921806
05762032,1,500.0,6.2166061010848646,0,4,2777.0,7.9294865233142895,0,0.8803051158613758
05762036,2,850.0,6.7464121285733745,0,5,1950.0,7.576097340623111,1,0.9785588476640303
05762040,2,1000.0,6.90875477931522,0,5,1950.0,7.576097340623111,1,0.9587164612224565
05766004,1,950.0,6.85751406254539,0,4,2777.0,7.9294865233142895,0,0.8965216520301434
05766008,2,1777.0,7.48324441607385,0,3,2277.0,7.731053144007127,0,0.9858708348638978
05766012,0,0.0,0.0,0,4,2777.0,7.9294865233142895,0,0.8263495066079936
05766016,1,500.0,6.2166061010848646,0,4,2777.0,7.9294865233142895,0,0.8439998512814999
05766020,2,1450.0,7.280008252884188,0,4,2777.0,7.9294865233142895,0,0.8761719749073318
05766024,1,827.0,6.71901315438526,0,3,2277.0,7.731053144007127,0,0.8356445094750298
05766028,0,0.0,0.0,0,3,2277.0,7.731053144007127,0,0.8076141907138907
05766032,1,500.0,6.2166061010848646,0,4,2777.0,7.9294865233142895,0,0.8913454934416497
05766036,1,827.0,6.71901315438526,0,3,2277.0,7.731053144007127,0,0.8375316142516622
05766040,2,1777.0,7.48324441607385,0,3,2277.0,7.731053144007127,0,0.8966174454384677
05766044,2,1777.0,7.48324441607385,0,3,2277.0,7.731053144007127,0,0.8625978308256879
05766048,2,1777.0,7.48324441607385,0,3,2277.0,7.731053144007127,0,0.9509465063054467
05766052,0,0.0,0.0,0,4,2777.0,7.9294865233142895,0,0.816821579474547
05766056,2,1777.0,7.48324441607385,0,3,2277.0,7.731053144007127,0,0.9315449384628129
05766060,1,500.0,6.2166061010848646,0,4,2777.0,7.9294865233142895,0,0.8452411486029011
05766064,1,500.0,6.2166061010848646,0,4,2777.0,7.9294865233142895,0,0.9099839291887943
05770004,1,827.0,6.71901315438526,0,2,1777.0,7.48324441607385,0,0.8594147584831565
05770008,0,0.0,0.0,0,4,3326.0,8.109826276018477,0,0.7786261459532453
05770012,1,827.0,6.71901315438526,0,2,1777.0,7.48324441607385,0,0.7867963027385068
05770016,1,827.0,6.71901315438526,0,3,2306.0,7.7437032581737535,0,0.829291891113096
05770020,1,827.0,6.71901315438526,0,4,3326.0,8.109826276018477,0,0.8123461327612906
05770024,1,827.0,6.71901315438526,0,2,1777.0,7.48324441607385,0,0.7860066349973782
05770028,0,0.0,0.0,0,2,1777.0,7.48324441607385,0,0.7540225483153022
05770032,1,827.0,6.71901315438526,0,2,1777.0,7.48324441607385,0,0.8085058923042727
05770036,1,827.0,6.71901315438526,0,4,3326.0,8.109826276018477,0,0.8151672702376912
05770040,0,0.0,0.0,0,4,3326.0,8.109826276018477,0,0.7613913336889213
05770044,0,0.0,0.0,0,5,4286.0,8.363342466597977,0,0.7912188910025644
05774004,1,500.0,6.2166061010848646,0,5,3127.0,8.048149101665201,0,1.0177566441528034
05774008,1,500.0,6.2166061010848646,0,5,3127.0,8.048149101665201,0,0.911617377150331
05774012,1,500.0,6.2166061010848646,0,6,4200.0,8.343077871169383,0,0.9053348843553916
05774016,0,0.0,0.0,0,7,4730.0,8.461891875631148,0,0.9163337108475915
05774020,0,0.0,0.0,0,7,5507.0,8.613956859848546,0,0.9009103548776599
05774024,1,950.0,6.85751406254539,0,6,4677.0,8.450625947144124,0,0.8969597629424867
05774028,2,1000.0,6.90875477931522,0,3,1350.0,7.208600337960199,0,0.9268881709926653
05774032,1,500.0,6.2166061010848646,0,7,5027.0,8.522777569710138,0,0.9068368678610713
05774036,0,0.0,0.0,0,7,5030.0,8.523374050491318,0,0.9052270367656436
05774040,0,0.0,0.0,0,5,3250.0,8.086717920303906,0,0.9086695380396551
05911000,3,1788.0,7.489412083508719,0,10,6474.0,8.775703886567738,0,1.0770185611859064
05913000,1,1000.0,6.90875477931522,0,11,7853.0,8.968778235137956,0,1.0409860774900193
05914000,1,1000.0,6.90875477931522,0,12,7864.0,8.970177815492379,0,1.0192735305142233
05916000,4,2138.0,7.668093709082406,0,9,5474.0,8.607947554684701,0,1.066234212891127
05954004,1,340.0,5.831882477283517,0,8,5242.0,8.564649132572534,0,1.0086951118711256
05954008,2,1260.0,7.13966033596492,0,11,6834.0,8.82981174915805,0,1.0447632804817624
05954012,2,1260.0,7.13966033596492,0,11,6834.0,8.82981174915805,0,1.0558985511798749
05954016,3,1886.0,7.54274354536855,0,11,6934.0,8.844336332748933,0,1.1375397332746742
05954020,1,1000.0,6.90875477931522,0,11,6664.0,8.804625232612809,0,1.0283162025023729
05954024,2,1260.0,7.13966033596492,0,12,7634.0,8.940498217652733,0,1.0932874742579612
05954028,3,1886.0,7.54274354536855,0,11,6934.0,8.844336332748933,0,1.098800344198467
05954032,2,1260.0,7.13966033596492,0,9,5434.0,8.60061479955531,0,1.0346257951811946
05954036,1,920.0,6.825460036255307,0,11,6764.0,8.819517540604888,0,1.04472667981565
05958004,3,2550.0,7.844240718141811,0,6,4780.0,8.472405008626103,0,1.0264920294517845
05958008,1,700.0,6.55250788703459,0,5,3730.0,8.224431573221159,0,0.9214340691238645
05958012,0,0.0,0.0,0,4,2750.0,7.919719760924575,0,0.9056560701649787
05958016,0,0.0,0.0,0,5,3950.0,8.281723990411392,0,0.9233943879043061
05958020,0,0.0,0.0,0,2,1150.0,7.048386408721883,0,0.860273193315582
05958024,1,350.0,5.860786223465865,0,6,2650.0,7.8826922062890254,1,0.9352891313119869
05958028,0,0.0,0.0,0,2,1150.0,7.048386408721883,0,0.8741248983288067
05958032,1,700.0,6.55250788703459,0,7,5130.0,8.543055850941965,0,0.9401508044357427
05958036,0,0.0,0.0,0,4,2900.0,7.972810784121404,0,0.9058751000565877
05958040,0,0.0,0.0,0,4,2950.0,7.989899374942939,0,0.8854044501617186
05958044,2,1350.0,7.208600337960199,0,6,4780.0,8.472405008626103,0,0.9821483750539535
05958048,0,0.0,0.0,0,3,2250.0,7.719129840906732,0,0.8737780788182369
05962004,1,650.0,6.478509642208569,0,8,6040.0,8.706324840138741,0,0.9889524284073798
05962008,1,650.0,6.478509642208569,0,7,5120.0,8.54110501146255,0,0.9989811913840243
05962012,1,340.0,5.831882477283517,0,9,6042.0,8.706655856361559,0,0.9908607668556039
05962016,2,1650.0,7.409136443920128,0,8,6040.0,8.706324840138741,0,1.0457198881196619
05962020,1,400.0,5.993961427306569,0,6,4290.0,8.364275084991524,0,0.9657529929764327
05962024,2,1650.0,7.409136443920128,0,8,6040.0,8.706324840138741,0,1.0262008681855885
05962028,1,400.0,5.993961427306569,0,7,4370.0,8.382747094863314,0,0.9721001880181399
05962032,0,0.0,0.0,0,7,4470.0,8.405367376233981,0,0.9745742349229343
05962036,1,400.0,5.993961427306569,0,6,3450.0,8.146419323098003,0,0.9700277166731822
05962040,2,1650.0,7.409136443920128,0,7,5120.0,8.54110501146255,0,1.1587066263123416
05962044,2,1650.0,7.409136443920128,0,9,6666.0,8.80492526261806,0,1.0031344163465246
05962048,1,650.0,6.478509642208569,0,7,5120.0,8.54110501146255,0,0.9787525702465727
05962052,1,400.0,5.993961427306569,0,6,4290.0,8.364275084991524,0,0.9553341660804249
05962056,1,340.0,5.831882477283517,0,8,5242.0,8.564649132572534,0,0.9918697955446962
05962060,1,650.0,6.478509642208569,0,7,5120.0,8.54110501146255,0,0.9727383760169303
05966004,1,400.0,5.993961427306569,0,5,3950.0,8.281723990411392,0,0.9645131153015712
05966008,1,400.0,5.993961427306569,0,2,740.0,6.608000625296087,0,1.09995491429236
05966012,1,400.0,5.993961427306569,0,5,3950.0,8.281723990411392,0,0.9386006110907165
05966016,1,400.0,5.993961427306569,0,3,1750.0,7.467942332285852,0,0.9075616441747895
05966020,1,400.0,5.993961427306569,0,3,1750.0,7.467942332285852,0,0.9131812414282341
05966028,1,400.0,5.993961427306569,0,1,400.0,5.993961427306569,0,0.9900275965161561
05970004,0,0.0,0.0,0,1,400.0,5.993961427306569,0,0.8608082479852119
05970008,0,0.0,0.0,0,2,400.0,5.993961427306569,1,0.8386207518383253
05970012,0,0.0,0.0,0,1,400.0,5.993961427306569,0,0.8643809496116671
05970016,1,400.0,5.993961427306569,0,1,400.0,5.993961427306569,0,0.9076866880851987
05970020,1,400.0,5.993961427306569,0,1,400.0,5.993961427306569,0,0.8882990971951074
05970024,1,400.0,5.993961427306569,0,1,400.0,5.993961427306569,0,0.9173592679210434
05970028,0,0.0,0.0,0,3,1200.0,7.0909098220799835,1,0.8473049861298807
05970032,1,400.0,5.993961427306569,0,1,400.0,5.993961427306569,0,0.8724383997009098
05970036,0,0.0,0.0,0,1,400.0,5.993961427306569,0,0.8528137881184896
05970040,1,400.0,5.993961427306569,0,1,400.0,5.993961427306569,0,0.8725971986842025
05970044,0,0.0,0.0,0,2,400.0,5.993961427306569,1,0.8497436114051541
05974004,2,1900.0,7.550135342488429,0,5,4380.0,8.385032287813898,0,1.0080209482707334
05974008,4,3380.0,8.125926802707886,0,5,4380.0,8.385032287813898,0,1.2182714949068734
05974012,5,4380.0,8.385032287813898,0,5,4380.0,8.385032287813898,0,1.1620322194733093
05974016,2,1900.0,7.550135342488429,0,7,5830.0,8.670943791222156,0,0.981555864057128
05974020,0,0.0,0.0,0,8,5680.0,8.644882552557126,0,0.9187137502197069
05974024,3,2730.0,7.912423121473705,0,6,5375.0,8.589699882202986,0,1.0516784514663908
05974028,2,1900.0,7.550135342488429,0,7,5830.0,8.670943791222156,0,0.9511043353119163
05974036,2,1900.0,7.550135342488429,0,6,4230.0,8.350193650720067,0,0.9458448502410979
05974044,2,1900.0,7.550135342488429,0,6,4730.0,8.461891875631148,0,0.9653653342633469
05974048,5,4380.0,8.385032287813898,0,6,5375.0,8.589699882202986,0,1.1348413191736642
05974052,5,4380.0,8.385032287813898,0,6,5375.0,8.589699882202986,0,1.1441388431149453
05978004,3,2480.0,7.816416983691801,0,9,6887.0,8.837536046107568,0,1.0925970213158287
05978008,3,2480.0,7.816416983691801,0,7,5617.0,8.633731007664188,0,1.1187392105018574
05978012,2,1650.0,7.409136443920128,0,8,5362.0,8.587278798982926,0,1.179609927512444
05978016,2,1650.0,7.409136443920128,0,11,7853.0,8.968778235137956,0,1.1589926890303937
05978020,3,2480.0,7.816416983691801,0,9,6887.0,8.837536046107568,0,1.1657044572363977
05978024,1,1000.0,6.90875477931522,0,11,7853.0,8.968778235137956,0,1.0357854682813779
05978028,2,1650.0,7.409136443920128,0,11,7258.0,8.889997357284841,0,1.0472252809177793
05978032,2,1242.0,7.1252830915107115,0,9,6813.0,8.826734598220911,0,0.9828274998883875
05978040,2,1830.0,7.5126175446745105,0,8,5967.0,8.694167141883597,0,1.0324402032571856
06412000,1,1000.0,6.90875477931522,0,4,3150.0,8.055475141757274,0,0.8391403930906829
06413000,1,1000.0,6.90875477931522,0,4,3150.0,8.055475141757274,0,0.8400343237903766
06414000,0,0.0,0.0,0,3,2350.0,7.762596048540069,0,0.7877084776640197
06431001,2,2000.0,7.601402334583733,1,5,4450.0,8.400884069015854,1,0.8327313676839583
06431002,2,1350.0,7.208600337960199,0,5,4450.0,8.400884069015854,1,0.8442364746142167
06431003,2,1350.0,7.208600337960199,0,5,4450.0,8.400884069015854,1,0.827986283298389
06431004,2,2000.0,7.601402334583733,1,5,4450.0,8.400884069015854,1,0.8457505027926895
06431005,0,0.0,0.0,0,5,4450.0,8.400884069015854,1,0.8278176140944936
06431006,2,1350.0,7.208600337960199,0,5,4450.0,8.400884069015854,1,0.8395010902983823
06431007,0,0.0,0.0,0,5,4450.0,8.400884069015854,1,0.8220873294275239
06431008,2,2000.0,7.601402334583733,1,5,4450.0,8.400884069015854,1,0.8530743045101483
06431009,0,0.0,0.0,0,5,4450.0,8.400884069015854,1,0.8076082383863066
06431010,2,1350.0,7.208600337960199,0,5,4450.0,8.400884069015854,1,0.8401252743530518
06431011,1,750.0,6.621405651764134,0,5,4450.0,8.400884069015854,1,0.8379782908128297
06431012,2,2000.0,7.601402334583733,1,4,3850.0,8.25608813381491,1,0.817119244294614
06431013,1,0.0,0.0,1,5,4450.0,8.400884069015854,1,0.8372512498669069
06431014,2,1350.0,7.208600337960199,0,5,4450.0,8.400884069015854,1,0.8519720645582731
06431015,2,1350.0,7.208600337960199,0,5,4450.0,8.400884069015854,1,0.8269067829158578
06431016,1,750.0,6.621405651764134,0,5,4450.0,8.400884069015854,1,0.8389339169704964
06431017,1,0.0,0.0,1,5,4450.0,8.400884069015854,1,0.8309109734675284
06431018,2,2000.0,7.601402334583733,1,4,3300.0,8.101980731853192,1,0.8494525764732187
06431019,0,0.0,0.0,0,5,4450.0,8.400884069015854,1,0.825596835295729
06431020,3,3100.0,8.03947991910045,1,5,4450.0,8.400884069015854,1,0.8792148237900846
06431021,0,0.0,0.0,0,5,4450.0,8.400884069015854,1,0.8168163323423607
06431022,2,1350.0,7.208600337960199,0,5,4450.0,8.400884069015854,1,0.8666638512232251
06432001,2,1350.0,7.208600337960199,0,5,4450.0,8.400884069015854,1,0.8784935652641603
06432002,0,0.0,0.0,0,4,3150.0,8.055475141757274,0,0.815969417121986
06432003,2,1350.0,7.208600337960199,0,5,4450.0,8.400884069015854,1,0.8949678685761405
06432004,2,1350.0,7.208600337960199,0,4,3150.0,8.055475141757274,0,0.8581941725895925
06432005,2,1350.0,7.208600337960199,0,4,3150.0,8.055475141757274,0,0.8463788925083273
06432006,2,1350.0,7.208600337960199,0,4,3150.0,8.055475141757274,0,0.9496458844851428
06432007,2,1350.0,7.208600337960199,0,4,3350.0,8.11701408773731,1,0.8462295740166863
06432008,2,1350.0,7.208600337960199,0,2,1350.0,7.208600337960199,0,1.101628554704948
06432009,2,1350.0,7.208600337960199,0,4,3350.0,8.11701408773731,1,0.8522514398766243
06432010,2,1350.0,7.208600337960199,0,3,2150.0,7.67368812926773,0,0.8216564111919235
06432011,2,1350.0,7.208600337960199,0,3,2150.0,7.67368812926773,0,0.8658674679128218
06432012,2,1350.0,7.208600337960199,0,4,3150.0,8.055475141757274,0,0.9086043040835063
06432013,2,1350.0,7.208600337960199,0,5,4450.0,8.400884069015854,1,0.8549002906880172
06432014,2,1350.0,7.208600337960199,0,4,3350.0,8.11701408773731,1,1.0066148666815586
06432015,2,1350.0,7.208600337960199,0,4,3150.0,8.055475141757274,0,0.8452783941575273
06432016,2,1350.0,7.208600337960199,0,3,1350.0,7.208600337960199,1,0.9489951731932296
06432017,2,1350.0,7.208600337960199,0,2,1350.0,7.208600337960199,0,0.8274556174969401
06432018,2,1350.0,7.208600337960199,0,4,3350.0,8.11701408773731,1,0.9995761206680822
06432019,2,1350.0,7.208600337960199,0,2,1350.0,7.208600337960199,0,0.8560964967317528
06432020,2,1350.0,7.208600337960199,0,2,1350.0,7.208600337960199,0,0.9389466682330296
06432021,0,0.0,0.0,0,4,3150.0,8.055475141757274,0,0.8033980719755235
06432022,2,1350.0,7.208600337960199,0,5,4450.0,8.400884069015854,1,0.9143137682286209
06432023,2,1350.0,7.208600337960199,0,3,2350.0,7.762596048540069,0,1.1618572259784594
06433001,2,1350.0,7.208600337960199,0,5,4450.0,8.400884069015854,1,0.8636357748450372
06433002,2,1350.0,7.208600337960199,0,3,2350.0,7.762596048540069,0,0.8141782830732899
06433003,2,1350.0,7.208600337960199,0,2,1350.0,7.208600337960199,0,0.9543144974312595
06433004,2,1350.0,7.208600337960199,0,5,4450.0,8.400884069015854,1,0.8600755125653429
06433005,2,1350.0,7.208600337960199,0,3,2350.0,7.762596048540069,0,0.814930189022679
06433006,2,1350.0,7.208600337960199,0,3,2350.0,7.762596048540069,0,0.8993923953062261
06433007,2,1350.0,7.208600337960199,0,4,3150.0,8.055475141757274,0,0.833241072541293
06433008,2,1350.0,7.208600337960199,0,4,3150.0,8.055475141757274,0,0.8953295520502216
06433009,2,1350.0,7.208600337960199,0,3,2350.0,7.762596048540069,0,0.8629111904890021
06433010,2,1350.0,7.208600337960199,0,3,2350.0,7.762596048540069,0,0.8337305808897651
06433011,2,1350.0,7.208600337960199,0,3,1350.0,7.208600337960199,1,0.9321431027347791
06433012,2,1350.0,7.208600337960199,0,3,2350.0,7.762596048540069,0,0.8280596682138572
06433013,2,1350.0,7.208600337960199,0,5,4450.0,8.400884069015854,1,0.8803124341924706
06433014,2,1350.0,7.208600337960199,0,2,1350.0,7.208600337960199,0,0.8447035599803585
06434001,1,1000.0,6.90875477931522,0,5,3150.0,8.055475141757274,1,0.8535159957958451
06434002,1,1000.0,6.90875477931522,0,5,3150.0,8.055475141757274,1,0.8775709426342744
06434003,0,0.0,0.0,0,5,3150.0,8.055475141757274,1,0.8095650571264672
06434004,1,1000.0,6.90875477931522,0,3,1800.0,7.496097345175956,1,0.8326420918444574
06434005,0,0.0,0.0,0,5,3150.0,8.055475141757274,1,0.8168362480402176
06434006,1,1000.0,6.90875477931522,0,5,3150.0,8.055475141757274,1,0.823595517672639
06434007,1,1000.0,6.90875477931522,0,5,3150.0,8.055475141757274,1,0.8366917677350729
06434008,1,1000.0,6.90875477931522,0,5,3150.0,8.055475141757274,1,0.838663179154291
06434009,1,1000.0,6.90875477931522,0,5,3150.0,8.055475141757274,1,0.8204544876947456
06434010,1,1000.0,6.90875477931522,0,5,3150.0,8.055475141757274,1,0.8318989928960364
06434011,1,1000.0,6.90875477931522,0,3,1800.0,7.496097345175956,1,0.8506150139566875
06434012,1,1000.0,6.90875477931522,0,5,3150.0,8.055475141757274,1,0.8589575550974182
06434013,0,0.0,0.0,0,3,1800.0,7.496097345175956,1,0.815454415235521
06435001,1,800.0,6.68586094706836,0,2,1800.0,7.496097345175956,0,0.7993652603136326
06435002,1,800.0,6.68586094706836,0,2,1800.0,7.496097345175956,0,0.7985714142576594
06435003,1,800.0,6.68586094706836,0,2,1800.0,7.496097345175956,0,0.8142445386620131
06435004,1,800.0,6.68586094706836,0,3,1800.0,7.496097345175956,1,0.8151833781003688
06435005,1,800.0,6.68586094706836,0,2,1800.0,7.496097345175956,0,0.8205374961912107
06435006,2,1800.0,7.496097345175956,0,5,3150.0,8.055475141757274,1,0.8608249886827408
06435007,2,1800.0,7.496097345175956,0,4,3150.0,8.055475141757274,0,0.8577833577046515
06435008,0,0.0,0.0,0,2,2300.0,7.741099090035366,0,0.7698057680718361
06435009,1,800.0,6.68586094706836,0,4,3150.0,8.055475141757274,0,0.8286548034572737
06435010,1,800.0,6.68586094706836,0,2,1800.0,7.496097345175956,0,0.8425114443941256
06435011,1,800.0,6.68586094706836,0,4,3150.0,8.055475141757274,0,0.823022628630758
06435012,1,800.0,6.68586094706836,0,2,1800.0,7.496097345175956,0,0.8717736539464462
06435013,2,1800.0,7.496097345175956,0,5,3150.0,8.055475141757274,1,0.9030892910462569
06435014,2,1800.0,7.496097345175956,0,4,3150.0,8.055475141757274,0,0.842146298571669
06435015,1,800.0,6.68586094706836,0,4,3150.0,8.055475141757274,0,0.8431558866250395
06435016,0,0.0,0.0,0,1,800.0,6.68586094706836,0,0.7757901592860299
06435017,1,800.0,6.68586094706836,0,4,3150.0,8.055475141757274,0,0.8597380044786709
06435018,1,800.0,6.68586094706836,0,2,1800.0,7.496097345175956,0,0.8320307811552723
06435019,2,1800.0,7.496097345175956,0,4,3150.0,8.055475141757274,0,0.845138075545459
06435020,2,1800.0,7.496097345175956,0,5,3150.0,8.055475141757274,1,0.8699067902833977
06435021,2,1800.0,7.496097345175956,0,5,3150.0,8.055475141757274,1,0.8845312248400513
06435022,2,1800.0,7.496097345175956,0,5,3150.0,8.055475141757274,1,0.8679152145355161
06435023,1,800.0,6.68586094706836,0,4,3150.0,8.055475141757274,0,0.841459864800109
06435024,2,1800.0,7.496097345175956,0,5,3150.0,8.055475141757274,1,0.9099968861345684
06435025,0,0.0,0.0,0,1,800.0,6.68586094706836,0,0.7773511679031375
06435026,2,1800.0,7.496097345175956,0,5,3150.0,8.055475141757274,1,0.8718025602418442
06435027,0,0.0,0.0,0,2,2300.0,7.741099090035366,0,0.7676331473203855
06435028,0,0.0,0.0,0,2,1800.0,7.496097345175956,0,0.7842739553771115
06435029,1,800.0,6.68586094706836,0,2,1800.0,7.496097345175956,0,0.8193393725580658
06436001,0,0.0,0.0,0,4,3150.0,8.055475141757274,0,0.8209608494191791
06436002,0,0.0,0.0,0,3,2350.0,7.762596048540069,0,0.8067871144542833
06436003,1,1000.0,6.90875477931522,0,4,3150.0,8.055475141757274,0,0.8299078122444228
06436004,2,1350.0,7.208600337960199,0,3,2350.0,7.762596048540069,0,0.8279687730815593
06436005,1,600.0,6.398594934535208,0,4,3150.0,8.055475141757274,0,0.824926739113335
06436006,1,600.0,6.398594934535208,0,3,2350.0,7.762596048540069,0,0.8105151799307899
06436007,0,0.0,0.0,0,4,3150.0,8.055475141757274,0,0.8165152629443339
06436008,0,0.0,0.0,0,4,3150.0,8.055475141757274,0,0.814341666850562
06436009,0,0.0,0.0,0,4,3150.0,8.055475141757274,0,0.8205715029053182
06436010,0,0.0,0.0,0,4,3150.0,8.055475141757274,0,0.8207313670245717
06436011,0,0.0,0.0,0,4,3150.0,8.055475141757274,0,0.8259095185160936
06436012,0,0.0,0.0,0,4,3150.0,8.055475141757274,0,0.8245495348605532
06437001,0,0.0,0.0,0,4,3350.0,8.11701408773731,1,0.7901127072704861
06437003,2,1350.0,7.208600337960199,0,4,3350.0,8.11701408773731,1,0.8239612782656147
06437004,0,0.0,0.0,0,2,1350.0,7.208600337960199,0,0.7944745820725518
06437005,0,0.0,0.0,0,4,3350.0,8.11701408773731,1,0.799759833215619
06437006,0,0.0,0.0,0,4,3350.0,8.11701408773731,1,0.7859165212712333
06437007,2,1350.0,7.208600337960199,0,4,3350.0,8.11701408773731,1,0.8236699150571277
06437009,0,0.0,0.0,0,2,1350.0,7.208600337960199,0,0.7976617304920741
06437010,0,0.0,0.0,0,2,1350.0,7.208600337960199,0,0.7810759329352905
06437011,0,0.0,0.0,0,4,3350.0,8.11701408773731,1,0.7852909751626904
06437012,0,0.0,0.0,0,5,4450.0,8.400884069015854,1,0.7956089422151014
06437013,2,1350.0,7.208600337960199,0,5,4450.0,8.400884069015854,1,0.8205863006270028
06437016,0,0.0,0.0,0,5,4450.0,8.400884069015854,1,0.7880350486427967
06438001,2,1350.0,7.208600337960199,0,4,3150.0,8.055475141757274,0,0.8492210740714773
06438002,2,1350.0,7.208600337960199,0,4,3150.0,8.055475141757274,0,0.8601972914711467
06438003,2,1350.0,7.208600337960199,0,4,3150.0,8.055475141757274,0,0.9100398634503203
06438004,1,800.0,6.68586094706836,0,4,3150.0,8.055475141757274,0,0.8266380599506911
06438005,1,600.0,6.398594934535208,0,4,3150.0,8.055475141757274,0,0.8372839054129749
06438006,2,1350.0,7.208600337960199,0,4,3150.0,8.055475141757274,0,0.882963692993523
06438007,0,0.0,0.0,0,4,3150.0,8.055475141757274,0,0.8113177038313352
06438008,2,1800.0,7.496097345175956,0,4,3150.0,8.055475141757274,0,0.8410803132995511
06438009,2,1350.0,7.208600337960199,0,4,3150.0,8.055475141757274,0,0.8458795243943625
06438010,0,0.0,0.0,0,4,3150.0,8.055475141757274,0,0.8335484007292551
06438011,1,600.0,6.398594934535208,0,4,3150.0,8.055475141757274,0,0.8281921658556721
06438012,2,1350.0,7.208600337960199,0,4,3150.0,8.055475141757274,0,0.845943151618632
06438013,0,0.0,0.0,0,4,3150.0,8.055475141757274,0,0.8174126013927275
06439001,0,0.0,0.0,0,1,1000.0,6.90875477931522,0,0.7799806774533677
06439002,0,0.0,0.0,0,1,600.0,6.398594934535208,0,0.7732835813435979
06439003,0,0.0,0.0,0,2,1350.0,7.208600337960199,0,0.7741461808660659
06439004,0,0.0,0.0,0,2,1350.0,7.208600337960199,0,0.7603139986324812
06439005,0,0.0,0.0,0,0,0.0,0.0,0,0.7734611988021982
06439006,0,0.0,0.0,0,1,1000.0,6.90875477931522,0,0.778018490828227
06439007,0,0.0,0.0,0,2,1000.0,6.90875477931522,1,0.7928920619237572
06439008,0,0.0,0.0,0,3,2350.0,7.762596048540069,0,0.7938210996178561
06439009,0,0.0,0.0,0,2,1350.0,7.208600337960199,0,0.7711254609805305
06439010,0,0.0,0.0,0,1,450.0,6.111467339502679,0,0.7567060568879446
06439011,0,0.0,0.0,0,3,2350.0,7.762596048540069,0,0.7969535894300394
06439012,0,0.0,0.0,0,2,1350.0,7.208600337960199,0,0.7636469376475049
06439013,0,0.0,0.0,0,1,450.0,6.111467339502679,0,0.7579187745631358
06439014,0,0.0,0.0,0,2,1350.0,7.208600337960199,0,0.7740178837431013
06439015,0,0.0,0.0,0,3,2350.0,7.762596048540069,0,0.7803152945506342
06439016,0,0.0,0.0,0,4,2350.0,7.762596048540069,1,0.8005014229917478
06439017,0,0.0,0.0,0,2,1350.0,7.208600337960199,0,0.7786934570120856
06440001,2,1800.0,7.496097345175956,0,3,1800.0,7.496097345175956,1,0.9336826602892853
06440002,1,1000.0,6.90875477931522,0,3,1800.0,7.496097345175956,1,1.0206352226443474
06440003,1,1000.0,6.90875477931522,0,5,3150.0,8.055475141757274,1,0.8570710752899977
06440005,2,1000.0,6.90875477931522,1,3,1800.0,7.496097345175956,1,0.8917076129996593
06440006,2,1800.0,7.496097345175956,0,3,1800.0,7.496097345175956,1,0.9098750671429838
06440007,2,1800.0,7.496097345175956,0,3,1800.0,7.496097345175956,1,0.9608630465590516
06440009,1,800.0,6.68586094706836,0,4,2600.0,7.8636512654486515,1,0.834403905003811
06440010,2,1800.0,7.496097345175956,0,3,1800.0,7.496097345175956,1,0.9780373612775656
06440011,1,800.0,6.68586094706836,0,4,2600.0,7.8636512654486515,1,0.8641205840143733
06440012,2,1800.0,7.496097345175956,0,5,3150.0,8.055475141757274,1,0.8940270350324131
06440013,1,800.0,6.68586094706836,0,3,1800.0,7.496097345175956,1,0.8549110783737661
06440014,2,1800.0,7.496097345175956,0,4,2400.0,7.783640596221253,1,0.9397542925997587
06440015,2,1000.0,6.90875477931522,1,4,2600.0,7.8636512654486515,1,0.8998637613737165
06440016,2,1800.0,7.496097345175956,0,4,2600.0,7.8636512654486515,1,0.8774050390107042
06440017,2,1800.0,7.496097345175956,0,4,2400.0,7.783640596221253,1,1.0147304496090404
06440018,2,1000.0,6.90875477931522,1,3,1800.0,7.496097345175956,1,0.9448948209658921
06440019,2,1800.0,7.496097345175956,0,3,1800.0,7.496097345175956,1,0.9236427731175474
06440020,2,1800.0,7.496097345175956,0,3,1800.0,7.496097345175956,1,0.914639109582873
06440021,2,1800.0,7.496097345175956,0,3,1800.0,7.496097345175956,1,0.9351892047688071
06440022,2,1000.0,6.90875477931522,1,3,1800.0,7.496097345175956,1,0.9056750687172341
06440023,1,1000.0,6.90875477931522,0,5,3150.0,8.055475141757274,1,0.9830694150670449
06440024,3,1800.0,7.496097345175956,1,3,1800.0,7.496097345175956,1,0.9286124781635694
06440025,2,1800.0,7.496097345175956,0,5,3150.0,8.055475141757274,1,0.9978713657470482
06531001,1,0.0,0.0,1,4,2600.0,7.8636512654486515,1,0.889207366968986
06531002,1,0.0,0.0,1,4,2600.0,7.8636512654486515,1,0.9088073538931035
06531003,1,0.0,0.0,1,4,2600.0,7.8636512654486515,1,0.9867514436268454
06531004,1,0.0,0.0,1,4,2600.0,7.8636512654486515,1,0.9694940413201367
06531006,1,0.0,0.0,1,4,2600.0,7.8636512654486515,1,0.8648007455164517
06531007,1,0.0,0.0,1,4,2600.0,7.8636512654486515,1,0.9639957062329949
06531008,3,1800.0,7.496097345175956,1,4,2600.0,7.8636512654486515,1,0.8790642293449997
06531009,2,1000.0,6.90875477931522,1,4,2600.0,7.8636512654486515,1,0.9021638709010704
06531010,1,0.0,0.0,1,4,2600.0,7.8636512654486515,1,0.8574645575573885
06531011,2,1000.0,6.90875477931522,1,4,2600.0,7.8636512654486515,1,0.9077258227009123
06531012,2,1000.0,6.90875477931522,1,4,2600.0,7.8636512654486515,1,0.9297011269972505
06531013,1,0.0,0.0,1,4,2600.0,7.8636512654486515,1,0.9500381872009878
06531014,2,1000.0,6.90875477931522,1,4,2600.0,7.8636512654486515,1,0.970373094004066
06531015,2,800.0,6.68586094706836,1,4,2600.0,7.8636512654486515,1,0.8815698411057219
06531016,1,0.0,0.0,1,4,2600.0,7.8636512654486515,1,0.9276671966855139
06531017,1,0.0,0.0,1,4,2600.0,7.8636512654486515,1,0.9300980569198571
06531018,1,0.0,0.0,1,4,2600.0,7.8636512654486515,1,0.9476220834572323
06532001,1,0.0,0.0,1,2,1000.0,6.90875477931522,1,0.8497498305228643
06532002,1,0.0,0.0,1,3,1800.0,7.496097345175956,1,0.8428785073209282
06532003,1,0.0,0.0,1,2,1000.0,6.90875477931522,1,0.8301820972304177
06532004,0,0.0,0.0,0,2,400.0,5.993961427306569,1,0.827969139350921
06532005,0,0.0,0.0,0,2,400.0,5.993961427306569,1,0.8418898513475739
06532006,0,0.0,0.0,0,2,400.0,5.993961427306569,1,0.8343010631094069
06532007,0,0.0,0.0,0,1,0.0,0.0,1,0.8225480940393821
06532008,1,0.0,0.0,1,2,1000.0,6.90875477931522,1,0.8341707458745455
06532009,0,0.0,0.0,0,2,400.0,5.993961427306569,1,0.8400883307663221
06532010,0,0.0,0.0,0,2,1000.0,6.90875477931522,1,0.8263136896628971
06532011,0,0.0,0.0,0,2,400.0,5.993961427306569,1,0.8344831325886815
06532012,0,0.0,0.0,0,1,0.0,0.0,1,0.8309227964350686
06532013,1,0.0,0.0,1,3,1800.0,7.496097345175956,1,0.8585905079571874
06532014,1,0.0,0.0,1,3,1800.0,7.496097345175956,1,0.8809714259111736
06532015,1,0.0,0.0,1,4,2600.0,7.8636512654486515,1,0.889711976384352
06532016,0,0.0,0.0,0,2,1000.0,6.90875477931522,1,0.828091726135918
06532017,0,0.0,0.0,0,2,1000.0,6.90875477931522,1,0.8363441365500824
06532018,1,0.0,0.0,1,3,1800.0,7.496097345175956,1,0.843968751010828
06532019,0,0.0,0.0,0,2,800.0,6.68586094706836,1,0.8394916236305059
06532020,0,0.0,0.0,0,2,1000.0,6.90875477931522,1,0.8311151012971625
06532021,1,0.0,0.0,1,2,1000.0,6.90875477931522,1,0.8346552917778507
06532022,2,1000.0,6.90875477931522,1,3,1800.0,7.496097345175956,1,0.843488541208127
06532023,1,0.0,0.0,1,2,1000.0,6.90875477931522,1,0.8583756867257031
06533001,0,0.0,0.0,0,2,1000.0,6.90875477931522,1,0.8014502699927977
06533002,0,0.0,0.0,0,2,1000.0,6.90875477931522,1,0.7949087881676454
06533003,0,0.0,0.0,0,2,1000.0,6.90875477931522,1,0.7980536991388196
06533004,0,0.0,0.0,0,1,0.0,0.0,1,0.8045375317493637
06533005,0,0.0,0.0,0,1,0.0,0.0,1,0.805154334993557
06533006,0,0.0,0.0,0,0,0.0,0.0,0,0.7938033471192094
06533007,0,0.0,0.0,0,1,0.0,0.0,1,0.7980736749297169
06533008,0,0.0,0.0,0,1,1000.0,6.90875477931522,0,0.7900511673475337
06533009,0,0.0,0.0,0,1,1000.0,6.90875477931522,0,0.7918807362184217
06533010,0,0.0,0.0,0,2,1000.0,6.90875477931522,1,0.8157950877393277
06533011,0,0.0,0.0,0,1,0.0,0.0,1,0.8142021410575717
06533012,0,0.0,0.0,0,2,1000.0,6.90875477931522,1,0.8100158165918292
06533013,0,0.0,0.0,0,2,1000.0,6.90875477931522,1,0.79808763129503
06533014,0,0.0,0.0,0,2,1000.0,6.90875477931522,1,0.796960443064329
06533015,0,0.0,0.0,0,2,1000.0,6.90875477931522,1,0.7988925667615998
06533016,0,0.0,0.0,0,1,0.0,0.0,1,0.8060781312684391
06533017,0,0.0,0.0,0,2,1000.0,6.90875477931522,1,0.8129368842734793
06533018,0,0.0,0.0,0,2,1000.0,6.90875477931522,1,0.8216480840901748
06533019,0,0.0,0.0,0,2,1000.0,6.90875477931522,1,0.811749559770665
06534001,1,800.0,6.68586094706836,0,2,800.0,6.68586094706836,1,0.8822466513548668
06534002,0,0.0,0.0,0,3,1200.0,7.0909098220799835,1,0.8414621193110907
06534003,1,0.0,0.0,1,2,800.0,6.68586094706836,1,0.8447788299121561
06534004,0,0.0,0.0,0,2,800.0,6.68586094706836,1,0.8448676801693007
06534005,0,0.0,0.0,0,3,1200.0,7.0909098220799835,1,0.8438421256131936
06534006,1,800.0,6.68586094706836,0,2,800.0,6.68586094706836,1,0.8568049138719286
06534007,0,0.0,0.0,0,2,800.0,6.68586094706836,1,0.8438732968285593
06534008,2,800.0,6.68586094706836,1,3,1800.0,7.496097345175956,1,0.8713499372434245
06534009,1,0.0,0.0,1,3,1800.0,7.496097345175956,1,0.8817533644251317
06534010,1,0.0,0.0,1,2,800.0,6.68586094706836,1,0.8502025341539107
06534011,1,800.0,6.68586094706836,0,2,800.0,6.68586094706836,1,0.8838193359476103
06534012,0,0.0,0.0,0,2,800.0,6.68586094706836,1,0.8501964274299452
06534013,1,0.0,0.0,1,3,1800.0,7.496097345175956,1,0.8612889159031761
06534014,2,800.0,6.68586094706836,1,2,800.0,6.68586094706836,1,0.8580959420885805
06534015,0,0.0,0.0,0,3,1150.0,7.048386408721883,1,0.8499133584133329
06534017,1,800.0,6.68586094706836,0,2,800.0,6.68586094706836,1,0.8772940830871063
06534018,1,800.0,6.68586094706836,0,2,800.0,6.68586094706836,1,0.9651616387510793
06534019,0,0.0,0.0,0,3,1200.0,7.0909098220799835,1,0.84222760106481
06534020,1,0.0,0.0,1,3,1800.0,7.496097345175956,1,0.8628584230193547
06534021,0,0.0,0.0,0,2,800.0,6.68586094706836,1,0.8502189260658722
06534022,1,800.0,6.68586094706836,0,3,1150.0,7.048386408721883,1,0.8734181876200282
06535001,1,800.0,6.68586094706836,0,2,800.0,6.68586094706836,1,0.8445119462849509
06535002,1,800.0,6.68586094706836,0,2,800.0,6.68586094706836,1,0.9190367848229566
06535003,1,800.0,6.68586094706836,0,4,2600.0,7.8636512654486515,1,0.8357467539181709
06535004,0,0.0,0.0,0,2,1800.0,7.496097345175956,0,0.7940196884844911
06535005,2,800.0,6.68586094706836,1,4,2600.0,7.8636512654486515,1,0.8593036063505585
06535006,0,0.0,0.0,0,1,800.0,6.68586094706836,0,0.801670764954301
06535007,0,0.0,0.0,0,4,2600.0,7.8636512654486515,1,0.8032588411872816
06535008,0,0.0,0.0,0,4,2600.0,7.8636512654486515,1,0.8025421048470258
06535009,1,800.0,6.68586094706836,0,4,2600.0,7.8636512654486515,1,0.8751256454010449
06535010,1,800.0,6.68586094706836,0,2,800.0,6.68586094706836,1,0.9199282530977673
06535011,0,0.0,0.0,0,3,1600.0,7.3783837129967145,1,0.8012420867347889
06535012,0,0.0,0.0,0,4,2600.0,7.8636512654486515,1,0.811874131807218
06535013,2,800.0,6.68586094706836,1,4,2600.0,7.8636512654486515,1,0.8525698036843727
06535014,1,800.0,6.68586094706836,0,3,1600.0,7.3783837129967145,1,0.8451012941906118
06535015,0,0.0,0.0,0,1,800.0,6.68586094706836,0,0.7858049129199616
06535016,1,800.0,6.68586094706836,0,4,2600.0,7.8636512654486515,1,0.8360770190058382
06535017,1,800.0,6.68586094706836,0,3,1600.0,7.3783837129967145,1,0.8193767106947234
06535018,0,0.0,0.0,0,4,2600.0,7.8636512654486515,1,0.8246243280305476
06535019,0,0.0,0.0,0,2,1600.0,7.3783837129967145,0,0.7947713421640805
06631001,0,0.0,0.0,0,2,1600.0,7.3783837129967145,0,0.787312027644226
06631002,0,0.0,0.0,0,1,800.0,6.68586094706836,0,0.7726373998930791
06631003,0,0.0,0.0,0,0,0.0,0.0,0,0.7616082363139497
06631004,0,0.0,0.0,0,0,0.0,0.0,0,0.7599999703714059
06631005,0,0.0,0.0,0,1,1500.0,7.313886831633462,0,0.7533921576636661
06631006,0,0.0,0.0,0,0,0.0,0.0,0,0.7660668203682216
06631007,0,0.0,0.0,0,1,800.0,6.68586094706836,0,0.771623456231155
06631008,0,0.0,0.0,0,1,800.0,6.68586094706836,0,0.7745849223691792
06631009,0,0.0,0.0,0,0,0.0,0.0,0,0.7694193063527921
06631010,0,0.0,0.0,0,1,1500.0,7.313886831633462,0,0.7552508754286524
06631011,0,0.0,0.0,0,2,1600.0,7.3783837129967145,0,0.7822185146235414
06631012,0,0.0,0.0,0,1,500.0,6.2166061010848646,0,0.7544533547493064
06631013,0,0.0,0.0,0,0,0.0,0.0,0,0.7608649222350077
06631014,0,0.0,0.0,0,2,1600.0,7.3783837129967145,0,0.785136739076232
06631015,0,0.0,0.0,0,0,0.0,0.0,0,0.7683369426088502
06631016,0,0.0,0.0,0,1,800.0,6.68586094706836,0,0.7684291137994027
06631017,0,0.0,0.0,0,0,0.0,0.0,0,0.7667933184229194
06631018,0,0.0,0.0,0,1,800.0,6.68586094706836,0,0.7702548549239723
06631019,0,0.0,0.0,0,0,0.0,0.0,0,0.7622557643725272
06631020,0,0.0,0.0,0,0,0.0,0.0,0,0.7670636246585969
06631021,0,0.0,0.0,0,0,0.0,0.0,0,0.7572475737102259
06631022,0,0.0,0.0,0,0,0.0,0.0,0,0.7632781516727785
06631023,0,0.0,0.0,0,1,500.0,6.2166061010848646,0,0.755604599762635
06632001,0,0.0,0.0,0,4,2192.0,7.693025748417888,1,0.8148690221255409
06632002,0,0.0,0.0,0,2,800.0,6.68586094706836,1,0.7877997716207212
06632003,0,0.0,0.0,0,2,600.0,6.398594934535208,1,0.7921847962915285
06632004,0,0.0,0.0,0,1,800.0,6.68586094706836,0,0.7995943799631648
06632005,0,0.0,0.0,0,3,1392.0,7.239214973779806,1,0.7966167389768752
06632006,0,0.0,0.0,0,0,0.0,0.0,0,0.7769540628478657
06632007,0,0.0,0.0,0,1,800.0,6.68586094706836,0,0.7831723049209838
06632008,0,0.0,0.0,0,1,800.0,6.68586094706836,0,0.7800447780087755
06632009,0,0.0,0.0,0,0,0.0,0.0,0,0.7674648518200171
06632010,0,0.0,0.0,0,0,0.0,0.0,0,0.7658309196591726
06632011,0,0.0,0.0,0,2,800.0,6.68586094706836,1,0.7985370387424044
06632012,0,0.0,0.0,0,2,800.0,6.68586094706836,1,0.7879844010080198
06632013,0,0.0,0.0,0,3,1392.0,7.239214973779806,1,0.7853389869648015
06632014,0,0.0,0.0,0,2,800.0,6.68586094706836,1,0.8073718293668561
06632015,0,0.0,0.0,0,1,800.0,6.68586094706836,0,0.7911608479535397
06632016,0,0.0,0.0,0,0,0.0,0.0,0,0.7645932474120661
06632017,0,0.0,0.0,0,1,0.0,0.0,1,0.7835049208030866
06632018,0,0.0,0.0,0,4,2192.0,7.693025748417888,1,0.80323162154636
06632019,0,0.0,0.0,0,0,0.0,0.0,0,0.7724231038855072
06632020,0,0.0,0.0,0,0,0.0,0.0,0,0.7707777275947018
06633001,2,600.0,6.398594934535208,1,6,2742.0,7.916807490937603,1,1.0011364912378147
06633002,1,500.0,6.2166061010848646,0,6,2742.0,7.916807490937603,1,0.8810544230662891
06633003,2,600.0,6.398594934535208,1,5,2242.0,7.715569534520208,1,1.1004284381350453
06633004,3,850.0,6.7464121285733745,1,6,2742.0,7.916807490937603,1,0.9585023425300686
06633005,3,1100.0,7.00397413672268,1,6,2742.0,7.916807490937603,1,0.9862057917579433
06633006,2,350.0,5.860786223465865,1,6,3042.0,8.02059914989697,1,0.9249070121997728
06633007,2,600.0,6.398594934535208,1,6,2742.0,7.916807490937603,1,1.0781443090155098
06633008,2,600.0,6.398594934535208,1,5,2242.0,7.715569534520208,1,1.0167558093419273
06633010,3,1100.0,7.00397413672268,1,6,2742.0,7.916807490937603,1,0.9694374783151568
06633011,3,950.0,6.85751406254539,1,5,2242.0,7.715569534520208,1,0.9647659712886884
06633012,3,1392.0,7.239214973779806,1,4,1892.0,7.545918151209323,1,0.9039322055813092
06633013,3,1100.0,7.00397413672268,1,6,2742.0,7.916807490937603,1,0.9491995438181667
06633014,3,1100.0,7.00397413672268,1,6,2742.0,7.916807490937603,1,1.0312103532383081
06633015,3,1392.0,7.239214973779806,1,5,2242.0,7.715569534520208,1,0.9483655359167473
06633016,2,1100.0,7.00397413672268,0,6,2742.0,7.916807490937603,1,0.9744779154750058
06633017,2,600.0,6.398594934535208,1,5,2242.0,7.715569534520208,1,1.0511938709778323
06633018,2,350.0,5.860786223465865,1,5,2250.0,7.719129840906732,1,0.9144983381301801
06633019,3,1392.0,7.239214973779806,1,5,2242.0,7.715569534520208,1,0.9433128423722075
06633020,2,600.0,6.398594934535208,1,5,2242.0,7.715569534520208,1,1.0640801307731766
06633022,2,1392.0,7.239214973779806,0,6,2742.0,7.916807490937603,1,0.9239600931146733
06633023,2,600.0,6.398594934535208,1,5,2242.0,7.715569534520208,1,0.9854881650479977
06633024,2,600.0,6.398594934535208,1,5,2242.0,7.715569534520208,1,0.9592230780903264
06633025,2,1100.0,7.00397413672268,0,6,2742.0,7.916807490937603,1,0.9143105155281068
06633026,2,600.0,6.398594934535208,1,5,2242.0,7.715569534520208,1,1.0941687577181693
06633028,2,350.0,5.860786223465865,1,5,1950.0,7.576097340623111,1,0.9466813468363375
06633029,4,1450.0,7.280008252884188,1,6,2742.0,7.916807490937603,1,0.959300513658351
06633030,2,1100.0,7.00397413672268,0,6,2742.0,7.916807490937603,1,0.8756312873470109
06634001,0,0.0,0.0,0,4,1750.0,7.467942332285852,1,0.8558472078278585
06634002,2,600.0,6.398594934535208,1,6,3042.0,8.02059914989697,1,0.9662896969690429
06634003,1,0.0,0.0,1,5,2542.0,7.841099765422119,1,0.8821387903339721
06634004,1,800.0,6.68586094706836,0,4,1750.0,7.467942332285852,1,0.8455444196199321
06634005,1,0.0,0.0,1,5,2250.0,7.719129840906732,1,0.8770891775088044
06634006,1,800.0,6.68586094706836,0,4,1150.0,7.048386408721883,2,0.8825013575409658
06634007,1,0.0,0.0,1,6,3042.0,8.02059914989697,1,0.9107041023434264
06634008,2,600.0,6.398594934535208,1,6,3042.0,8.02059914989697,1,0.9561391500225468
06634009,0,0.0,0.0,0,4,1750.0,7.467942332285852,1,0.8443859803764768
06634010,1,800.0,6.68586094706836,0,3,1150.0,7.048386408721883,1,0.8653643414617072
06634011,0,0.0,0.0,0,3,1400.0,7.244941546337007,1,0.8319034938953327
06634012,2,600.0,6.398594934535208,1,6,3042.0,8.02059914989697,1,0.9077636364749702
06634013,1,0.0,0.0,1,5,2542.0,7.841099765422119,1,0.8512867381353262
06634014,1,0.0,0.0,1,5,2542.0,7.841099765422119,1,0.8685870150892221
06634015,0,0.0,0.0,0,4,2192.0,7.693025748417888,1,0.8319372854448026
06634016,1,800.0,6.68586094706836,0,4,1750.0,7.467942332285852,1,0.857762418307402
06634017,1,800.0,6.68586094706836,0,2,800.0,6.68586094706836,1,0.8412431528077021
06634018,2,600.0,6.398594934535208,1,6,3042.0,8.02059914989697,1,0.9386455300768956
06634019,0,0.0,0.0,0,2,800.0,6.68586094706836,1,0.8139584189925297
06634020,1,800.0,6.68586094706836,0,1,800.0,6.68586094706836,0,0.8242646759957503
06634021,1,800.0,6.68586094706836,0,2,800.0,6.68586094706836,1,0.8603680528591193
06634022,1,800.0,6.68586094706836,0,3,800.0,6.68586094706836,2,0.8936165765023217
06634023,0,0.0,0.0,0,2,800.0,6.68586094706836,1,0.8227987096935512
06634024,1,0.0,0.0,1,4,2192.0,7.693025748417888,1,0.8426595701853479
06634025,1,0.0,0.0,1,4,1750.0,7.467942332285852,1,0.8670298555529492
06634026,1,800.0,6.68586094706836,0,2,800.0,6.68586094706836,1,0.9367402067346492
06634027,1,800.0,6.68586094706836,0,4,1750.0,7.467942332285852,1,0.8617831597004003
06635001,0,0.0,0.0,0,3,1150.0,7.048386408721883,1,0.8518702929316063
06635003,0,0.0,0.0,0,4,1750.0,7.467942332285852,1,0.8713899359591204
06635004,0,0.0,0.0,0,3,1150.0,7.048386408721883,1,0.8508072495016973
06635006,0,0.0,0.0,0,3,1150.0,7.048386408721883,1,0.855284726939025
06635007,1,350.0,5.860786223465865,0,5,2050.0,7.62608275807238,1,0.9292523576546313
06635008,2,850.0,6.7464121285733745,0,5,1950.0,7.576097340623111,1,0.9634677028983316
06635009,0,0.0,0.0,0,5,2250.0,7.719129840906732,1,0.8797223256513989
06635010,0,0.0,0.0,0,3,1150.0,7.048386408721883,1,0.8636745896258015
06635011,0,0.0,0.0,0,2,1150.0,7.048386408721883,0,0.8567827098485288
06635012,1,800.0,6.68586094706836,0,4,1150.0,7.048386408721883,2,0.86770951507749
06635013,1,800.0,6.68586094706836,0,3,1150.0,7.048386408721883,1,0.86181790977257
06635014,0,0.0,0.0,0,3,1200.0,7.0909098220799835,1,0.84951975970712
06635015,1,350.0,5.860786223465865,0,4,1450.0,7.280008252884188,1,0.917351686796393
06635016,1,350.0,5.860786223465865,0,3,1150.0,7.048386408721883,1,0.8800968452543818
06635017,1,800.0,6.68586094706836,0,3,1150.0,7.048386408721883,1,0.8583195786047715
06635018,1,350.0,5.860786223465865,0,5,1950.0,7.576097340623111,1,1.1380915880942049
06635019,1,350.0,5.860786223465865,0,5,2250.0,7.719129840906732,1,0.8916351772237443
06635020,2,850.0,6.7464121285733745,0,5,1950.0,7.576097340623111,1,0.9765549102758756
06635021,1,350.0,5.860786223465865,0,5,2250.0,7.719129840906732,1,0.8960479693483401
06635022,0,0.0,0.0,0,3,2250.0,7.719129840906732,0,0.8891422730434347
06636001,1,792.0,6.675823221634848,0,3,1392.0,7.239214973779806,1,0.8358409632549633
06636002,1,792.0,6.675823221634848,0,3,1392.0,7.239214973779806,1,0.8345688343281559
06636003,0,0.0,0.0,0,3,1392.0,7.239214973779806,1,0.7985113023916586
06636004,3,1392.0,7.239214973779806,1,3,1392.0,7.239214973779806,1,0.8720557425338268
06636005,0,0.0,0.0,0,1,792.0,6.675823221634848,0,0.7668579753008697
06636006,2,600.0,6.398594934535208,1,3,1392.0,7.239214973779806,1,0.8631807723081291
06636007,0,0.0,0.0,0,3,1392.0,7.239214973779806,1,0.8014253304222091
06636008,1,792.0,6.675823221634848,0,3,1392.0,7.239214973779806,1,0.8235796839936712
06636009,1,792.0,6.675823221634848,0,3,1392.0,7.239214973779806,1,1.0697664472467918
06636010,0,0.0,0.0,0,2,792.0,6.675823221634848,1,0.7807039421210362
06636011,0,0.0,0.0,0,3,1392.0,7.239214973779806,1,0.7934132304106504
06636012,0,0.0,0.0,0,3,1392.0,7.239214973779806,1,0.8157818620136169
06636013,0,0.0,0.0,0,2,1392.0,7.239214973779806,0,0.7837250053881409
06636014,0,0.0,0.0,0,3,1392.0,7.239214973779806,1,0.8002737644875819
06636015,0,0.0,0.0,0,3,1392.0,7.239214973779806,1,0.7823376883854907
06636016,2,1392.0,7.239214973779806,0,3,1392.0,7.239214973779806,1,0.9132062316124665
07111000,0,0.0,0.0,0,1,1000.0,6.90875477931522,0,0.7891770116395856
07131001,0,0.0,0.0,0,5,3320.0,8.108021221376747,0,0.8007626950223818
07131002,2,1500.0,7.313886831633462,0,6,4120.0,8.323851131338817,0,0.8668864012592514
07131003,3,2300.0,7.741099090035366,0,7,5420.0,8.598035579260339,0,0.8964200508669785
07131004,0,0.0,0.0,0,5,3320.0,8.108021221376747,0,0.8038210979056288
07131005,0,0.0,0.0,0,6,4620.0,8.438366410870266,0,0.8079501040567116
07131006,1,1000.0,6.90875477931522,0,4,2900.0,7.972810784121404,0,0.8710663146181012
07131007,3,2400.0,7.783640596221253,0,6,4120.0,8.323851131338817,0,0.9314566721592421
07131008,0,0.0,0.0,0,4,2720.0,7.908754738783246,0,0.7845492603379252
07131011,3,2300.0,7.741099090035366,0,7,5420.0,8.598035579260339,0,0.9357815476394798
07131014,1,1000.0,6.90875477931522,0,4,2900.0,7.972810784121404,0,0.8517341503380798
07131015,0,0.0,0.0,0,4,2720.0,7.908754738783246,0,0.7737245664588228
07131016,1,1000.0,6.90875477931522,0,5,3700.0,8.216358332386156,0,0.8676804901262294
07131017,3,2300.0,7.741099090035366,0,6,4120.0,8.323851131338817,0,0.9160935582311964
07131018,0,0.0,0.0,0,4,2720.0,7.908754738783246,0,0.7880157915833511
07131021,1,500.0,6.2166061010848646,0,6,4620.0,8.438366410870266,0,0.8175408569875335
07131022,1,500.0,6.2166061010848646,0,6,4620.0,8.438366410870266,0,0.8196034692322631
07131025,1,1000.0,6.90875477931522,0,4,2900.0,7.972810784121404,0,0.8571154041134577
07131026,1,500.0,6.2166061010848646,0,6,4620.0,8.438366410870266,0,0.843467862200975
07131027,1,1000.0,6.90875477931522,0,5,3320.0,8.108021221376747,0,0.8546282953708726
07131028,0,0.0,0.0,0,5,3320.0,8.108021221376747,0,0.795676537899995
07131029,1,500.0,6.2166061010848646,0,6,4120.0,8.323851131338817,0,0.8562067566568724
07131030,0,0.0,0.0,0,4,2720.0,7.908754738783246,0,0.7865792450846503
07131032,0,0.0,0.0,0,5,3320.0,8.108021221376747,0,0.7963293817014301
07131033,1,500.0,6.2166061010848646,0,6,4620.0,8.438366410870266,0,0.8349590837014029
07131034,1,500.0,6.2166061010848646,0,5,3320.0,8.108021221376747,0,0.8318209117692505
07131036,3,2300.0,7.741099090035366,0,7,5420.0,8.598035579260339,0,0.9285823912260643
07131037,0,0.0,0.0,0,5,3320.0,8.108021221376747,0,0.8174043286982196
07131039,2,1500.0,7.313886831633462,0,6,4120.0,8.323851131338817,0,0.8670205180278266
07131040,1,500.0,6.2166061010848646,0,7,5420.0,8.598035579260339,0,0.8975488638566597
07131041,1,1000.0,6.90875477931522,0,5,3700.0,8.216358332386156,0,0.8789949869782315
07131042,0,0.0,0.0,0,4,2720.0,7.908754738783246,0,0.7857098227312559
07131044,0,0.0,0.0,0,5,3320.0,8.108021221376747,0,0.8116275174078729
07131047,1,500.0,6.2166061010848646,0,7,5420.0,8.598035579260339,0,0.8743623393455109
07131049,3,2300.0,7.741099090035366,0,6,4120.0,8.323851131338817,0,0.9037284423239276
07131050,0,0.0,0.0,0,6,3770.0,8.235095497258357,0,0.7871288616756373
07131051,0,0.0,0.0,0,5,3170.0,8.061802274538348,0,0.7737466075419654
07131052,0,0.0,0.0,0,5,3320.0,8.108021221376747,0,0.794334156587838
07131054,1,1000.0,6.90875477931522,0,4,2900.0,7.972810784121404,0,0.847867577583938
07131055,1,1000.0,6.90875477931522,0,4,2900.0,7.972810784121404,0,0.8457401980260829
07131058,0,0.0,0.0,0,6,3770.0,8.235095497258357,0,0.7851862307282902
07131059,1,1000.0,6.90875477931522,0,4,2900.0,7.972810784121404,0,0.8567727198396062
07131060,1,1000.0,6.90875477931522,0,4,2900.0,7.972810784121404,0,0.8447981294838968
07131062,1,500.0,6.2166061010848646,0,6,4620.0,8.438366410870266,0,0.8211736090058845
07131065,0,0.0,0.0,0,4,2720.0,7.908754738783246,0,0.7803239243958451
07131066,0,0.0,0.0,0,5,3320.0,8.108021221376747,0,0.7874246909127695
07131068,3,2300.0,7.741099090035366,0,6,4120.0,8.323851131338817,0,0.8938391785652476
07131069,0,0.0,0.0,0,5,3320.0,8.108021221376747,0,0.8094119033782654
07131070,3,2400.0,7.783640596221253,0,5,3700.0,8.216358332386156,0,0.9583537947662792
07131072,0,0.0,0.0,0,5,3320.0,8.108021221376747,0,0.8015181798617449
07131073,1,1000.0,6.90875477931522,0,5,3700.0,8.216358332386156,0,0.8780993672149903
07131074,1,500.0,6.2166061010848646,0,6,4620.0,8.438366410870266,0,0.8345277984312114
07131076,1,500.0,6.2166061010848646,0,5,3320.0,8.108021221376747,0,0.8427968024540797
07131077,3,2400.0,7.783640596221253,0,5,3700.0,8.216358332386156,0,0.9112272333008185
07131081,1,1000.0,6.90875477931522,0,4,2900.0,7.972810784121404,0,0.8642183232776
07131082,1,500.0,6.2166061010848646,0,6,4620.0,8.438366410870266,0,0.826279330974361
07131083,0,0.0,0.0,0,4,2720.0,7.908754738783246,0,0.7780958247705678
07131084,0,0.0,0.0,0,5,3320.0,8.108021221376747,0,0.7895392064998028
07131085,1,500.0,6.2166061010848646,0,5,3320.0,8.108021221376747,0,0.82215646965988
07131086,0,0.0,0.0,0,5,3320.0,8.108021221376747,0,0.7903178344128869
07131090,4,2900.0,7.972810784121404,0,6,4120.0,8.323851131338817,0,0.9697560245357246
07131201,0,0.0,0.0,0,4,2900.0,7.972810784121404,0,0.8330376358152076
07131202,0,0.0,0.0,0,4,2900.0,7.972810784121404,0,0.8415620860728927
07131204,0,0.0,0.0,0,4,2900.0,7.972810784121404,0,0.8373461094124572
07131205,0,0.0,0.0,0,4,2900.0,7.972810784121404,0,0.831290490749802
07131206,0,0.0,0.0,0,5,3320.0,8.108021221376747,0,0.8222465620553955
07131208,0,0.0,0.0,0,5,3320.0,8.108021221376747,0,0.8386404990977567
07131209,0,0.0,0.0,0,4,2900.0,7.972810784121404,0,0.8299184218189191
07131210,0,0.0,0.0,0,4,2900.0,7.972810784121404,0,0.8270213456711877
07131211,0,0.0,0.0,0,4,2900.0,7.972810784121404,0,0.8201440383446633
07131501,1,500.0,6.2166061010848646,0,5,3320.0,8.108021221376747,0,0.8348800759387841
07131502,0,0.0,0.0,0,4,2900.0,7.972810784121404,0,0.8265265596602471
07132001,0,0.0,0.0,0,4,2800.0,7.937731775260109,0,0.8685028634865589
07132002,0,0.0,0.0,0,2,1000.0,6.90875477931522,0,0.8600433906576143
07132004,0,0.0,0.0,0,4,2800.0,7.937731775260109,0,0.8755957444266931
07132005,0,0.0,0.0,0,4,2800.0,7.937731775260109,0,0.8758681448826751
07132006,0,0.0,0.0,0,2,1000.0,6.90875477931522,0,0.8634839398306038
07132007,0,0.0,0.0,0,5,3600.0,8.188966863648876,0,0.8868031291294277
07132008,1,400.0,5.993961427306569,0,4,2800.0,7.937731775260109,0,0.8886435068296767
07132009,0,0.0,0.0,0,5,3600.0,8.188966863648876,0,0.886227091004264
07132010,0,0.0,0.0,0,4,2800.0,7.937731775260109,0,0.8884007353448367
07132011,0,0.0,0.0,0,4,2800.0,7.937731775260109,0,0.8681050005000468
07132012,1,400.0,5.993961427306569,0,1,400.0,5.993961427306569,0,0.8660482791243244
07132013,0,0.0,0.0,0,4,2800.0,7.937731775260109,0,0.8829871255538163
07132014,0,0.0,0.0,0,4,2800.0,7.937731775260109,0,0.872591571132137
07132015,0,0.0,0.0,0,3,2400.0,7.783640596221253,0,0.8712249035187656
07132016,1,1000.0,6.90875477931522,0,5,3700.0,8.216358332386156,0,0.8818302112516828
07132017,0,0.0,0.0,0,4,2800.0,7.937731775260109,0,0.8781957793604125
07132018,0,0.0,0.0,0,1,400.0,5.993961427306569,0,0.8440856928299516
07132019,0,0.0,0.0,0,1,400.0,5.993961427306569,0,0.8376432415355471
07132020,0,0.0,0.0,0,3,2000.0,7.601402334583733,0,0.8540496838901848
07132022,0,0.0,0.0,0,4,2800.0,7.937731775260109,0,0.8672115326337085
07132023,0,0.0,0.0,0,4,2800.0,7.937731775260109,0,0.8788202055538326
07132024,0,0.0,0.0,0,3,2000.0,7.601402334583733,0,0.8582139239081413
07132025,0,0.0,0.0,0,2,1000.0,6.90875477931522,0,0.8483727846778188
07132026,0,0.0,0.0,0,1,400.0,5.993961427306569,0,0.8370099284623445
07132027,1,600.0,6.398594934535208,0,5,3600.0,8.188966863648876,0,0.9047209039125286
07132028,0,0.0,0.0,0,4,2800.0,7.937731775260109,0,0.8848951768989691
07132029,1,1000.0,6.90875477931522,0,5,3700.0,8.216358332386156,0,0.8829433119828113
07132030,0,0.0,0.0,0,4,2800.0,7.937731775260109,0,0.8627025929881768
07132031,2,1600.0,7.3783837129967145,0,7,4560.0,8.4252971767117,0,0.911364297379267
07132032,0,0.0,0.0,0,5,3600.0,8.188966863648876,0,0.8849465339819277
07132033,0,0.0,0.0,0,4,2800.0,7.937731775260109,0,0.8664440990516133
07132034,0,0.0,0.0,0,4,2800.0,7.937731775260109,0,0.8924197429133818
07132035,0,0.0,0.0,0,5,3600.0,8.188966863648876,0,0.9016850346666452
07132036,0,0.0,0.0,0,1,400.0,5.993961427306569,0,0.8386110598161998
07132037,1,400.0,5.993961427306569,0,2,1000.0,6.90875477931522,0,0.9194829961366204
07132038,0,0.0,0.0,0,4,2800.0,7.937731775260109,0,0.8881726264579366
07132039,0,0.0,0.0,0,3,2000.0,7.601402334583733,0,0.8587075443919836
07132040,0,0.0,0.0,0,4,2800.0,7.937731775260109,0,0.8574044910288534
07132041,0,0.0,0.0,0,5,3600.0,8.188966863648876,0,0.8904078955422268
07132042,0,0.0,0.0,0,1,400.0,5.993961427306569,0,0.858414269316063
07132043,0,0.0,0.0,0,3,2400.0,7.783640596221253,0,0.8659789775010398
07132044,0,0.0,0.0,0,4,2800.0,7.937731775260109,0,0.8839145395946272
07132045,1,400.0,5.993961427306569,0,2,1000.0,6.90875477931522,0,0.8934228068271078
07132046,1,600.0,6.398594934535208,0,6,4060.0,8.309184527686298,0,0.9050702216523789
07132047,0,0.0,0.0,0,4,2800.0,7.937731775260109,0,0.8751948288852212
07132048,0,0.0,0.0,0,4,2800.0,7.937731775260109,0,0.8675494219602982
07132049,0,0.0,0.0,0,5,3600.0,8.188966863648876,0,0.8842666338623189
07132050,0,0.0,0.0,0,1,400.0,5.993961427306569,0,0.8542883564097408
07132051,0,0.0,0.0,0,4,2800.0,7.937731775260109,0,0.8834115433460703
07132052,0,0.0,0.0,0,4,2800.0,7.937731775260109,0,0.8806388845561126
07132053,2,1600.0,7.3783837129967145,0,7,4560.0,8.4252971767117,0,0.9150451706382885
07132054,0,0.0,0.0,0,4,2800.0,7.937731775260109,0,0.8746374495785769
07132055,0,0.0,0.0,0,3,2400.0,7.783640596221253,0,0.8616925522553897
07132056,0,0.0,0.0,0,4,2800.0,7.937731775260109,0,0.8639750225865382
07132057,0,0.0,0.0,0,4,2800.0,7.937731775260109,0,0.8565944263757452
07132058,0,0.0,0.0,0,4,2800.0,7.937731775260109,0,0.8688097964934378
07132059,0,0.0,0.0,0,2,1000.0,6.90875477931522,0,0.8528898366712879
07132060,2,1600.0,7.3783837129967145,0,6,4100.0,8.31898612539206,0,0.9034000720657241
07132061,0,0.0,0.0,0,4,2800.0,7.937731775260109,0,0.8775387512578903
07132062,2,1600.0,7.3783837129967145,0,7,4560.0,8.4252971767117,0,0.9323407344771408
07132063,1,400.0,5.993961427306569,0,2,1000.0,6.90875477931522,0,0.8690991715402543
07132064,0,0.0,0.0,0,5,3600.0,8.188966863648876,0,0.8988948717757318
07132065,0,0.0,0.0,0,3,2400.0,7.783640596221253,0,0.8647785344615992
07132066,0,0.0,0.0,0,3,2000.0,7.601402334583733,0,0.851855332364905
07132067,0,0.0,0.0,0,4,2800.0,7.937731775260109,0,0.8684386045029336
07132068,0,0.0,0.0,0,1,400.0,5.993961427306569,0,0.8373443856909051
07132069,2,1600.0,7.3783837129967145,0,5,3600.0,8.188966863648876,0,0.9031424790930103
07132070,0,0.0,0.0,0,4,2800.0,7.937731775260109,0,0.8638544146061369
07132071,0,0.0,0.0,0,3,2000.0,7.601402334583733,0,0.8561244224032363
07132072,1,400.0,5.993961427306569,0,1,400.0,5.993961427306569,0,0.8674820779009516
07132073,0,0.0,0.0,0,2,1000.0,6.90875477931522,0,0.8427621589149038
07132075,0,0.0,0.0,0,1,400.0,5.993961427306569,0,0.8493987094642216
07132076,1,400.0,5.993961427306569,0,2,1000.0,6.90875477931522,0,0.8870495445015623
07132078,0,0.0,0.0,0,3,2400.0,7.783640596221253,0,0.8718395198911585
07132079,0,0.0,0.0,0,1,400.0,5.993961427306569,0,0.8321011409182058
07132080,1,400.0,5.993961427306569,0,3,2000.0,7.601402334583733,0,0.8769363777785303
07132081,0,0.0,0.0,0,4,2800.0,7.937731775260109,0,0.8763262788407709
07132082,0,0.0,0.0,0,5,3600.0,8.188966863648876,0,0.8920822053142784
07132083,0,0.0,0.0,0,3,2400.0,7.783640596221253,0,0.8777516020142292
07132085,0,0.0,0.0,0,4,2900.0,7.972810784121404,0,0.8696603098423131
07132086,0,0.0,0.0,0,4,2800.0,7.937731775260109,0,0.8587792635871659
07132087,0,0.0,0.0,0,5,3600.0,8.188966863648876,0,0.8912116423556236
07132088,0,0.0,0.0,0,5,3600.0,8.188966863648876,0,0.8894358561881972
07132089,1,1000.0,6.90875477931522,0,5,3700.0,8.216358332386156,0,0.8845208650096444
07132090,0,0.0,0.0,0,3,2400.0,7.783640596221253,0,0.86197189012812
07132091,0,0.0,0.0,0,4,2800.0,7.937731775260109,0,0.8858491824779525
07132092,0,0.0,0.0,0,4,2800.0,7.937731775260109,0,0.8729856860832685
07132093,0,0.0,0.0,0,5,3600.0,8.188966863648876,0,0.8812486740090094
07132094,2,1600.0,7.3783837129967145,0,6,4060.0,8.309184527686298,0,0.9119463200706
07132095,0,0.0,0.0,0,3,2000.0,7.601402334583733,0,0.8478627993439458
07132096,0,0.0,0.0,0,4,2800.0,7.937731775260109,0,0.8785679451580879
07132097,0,0.0,0.0,0,5,3600.0,8.188966863648876,0,0.8847207495139369
07132098,0,0.0,0.0,0,3,2000.0,7.601402334583733,0,0.8674377184614026
07132099,0,0.0,0.0,0,4,2800.0,7.937731775260109,0,0.8711968311479227
07132100,0,0.0,0.0,0,5,3600.0,8.188966863648876,0,0.8829903269672473
07132101,0,0.0,0.0,0,1,400.0,5.993961427306569,0,0.8531534640823277
07132103,0,0.0,0.0,0,4,2800.0,7.937731775260109,0,0.8722389284015091
07132104,0,0.0,0.0,0,4,2800.0,7.937731775260109,0,0.8695314697148143
07132105,0,0.0,0.0,0,4,2800.0,7.937731775260109,0,0.8645788277491577
07132106,0,0.0,0.0,0,4,2800.0,7.937731775260109,0,0.8646703731151199
07132107,0,0.0,0.0,0,3,2000.0,7.601402334583733,0,0.854586968018374
07132108,0,0.0,0.0,0,3,2000.0,7.601402334583733,0,0.8592707742970956
07132109,0,0.0,0.0,0,4,2800.0,7.937731775260109,0,0.8643989675187491
07132110,0,0.0,0.0,0,4,2800.0,7.937731775260109,0,0.8711721970138774
07132111,0,0.0,0.0,0,3,2000.0,7.601402334583733,0,0.8705613597584083
07132112,0,0.0,0.0,0,5,3600.0,8.188966863648876,0,0.8871894802596784
07132113,0,0.0,0.0,0,1,400.0,5.993961427306569,0,0.8439883527128941
07132114,1,600.0,6.398594934535208,0,6,4060.0,8.309184527686298,0,0.905878764479818
07132115,0,0.0,0.0,0,5,3600.0,8.188966863648876,0,0.8982418166624715
07132116,0,0.0,0.0,0,3,2400.0,7.783640596221253,0,0.8549172846870705
07132117,0,0.0,0.0,0,4,2800.0,7.937731775260109,0,0.8780762587768851
07132118,0,0.0,0.0,0,5,3600.0,8.188966863648876,0,0.8856751488808056
07132119,0,0.0,0.0,0,5,3600.0,8.188966863648876,0,0.8950031548219253
07132201,0,0.0,0.0,0,4,2800.0,7.937731775260109,0,0.8509466914091286
07132501,0,0.0,0.0,0,4,2800.0,7.937731775260109,0,0.8688953828749866
07132502,0,0.0,0.0,0,4,2800.0,7.937731775260109,0,0.8760738219749441
07133001,0,0.0,0.0,0,2,1150.0,7.048386408721883,0,0.7456216181085795
07133002,0,0.0,0.0,0,2,1150.0,7.048386408721883,0,0.7496171894145912
07133003,0,0.0,0.0,0,2,1150.0,7.048386408721883,0,0.7469963839805158
07133004,0,0.0,0.0,0,2,1150.0,7.048386408721883,0,0.7495094150687112
07133005,0,0.0,0.0,0,2,1150.0,7.048386408721883,0,0.7509219472623653
07133006,0,0.0,0.0,0,2,1150.0,7.048386408721883,0,0.7500242625888074
07133008,1,700.0,6.55250788703459,0,3,2150.0,7.67368812926773,0,0.7570820339921602
07133009,0,0.0,0.0,0,2,1150.0,7.048386408721883,0,0.7478022784889746
07133010,1,700.0,6.55250788703459,0,3,2150.0,7.67368812926773,0,0.7538281642205489
07133011,1,700.0,6.55250788703459,0,2,1150.0,7.048386408721883,0,0.7447969388795184
07133012,0,0.0,0.0,0,3,1800.0,7.496097345175956,0,0.7550129244715358
07133013,0,0.0,0.0,0,2,1150.0,7.048386408721883,0,0.7479338304530095
07133014,0,0.0,0.0,0,2,1150.0,7.048386408721883,0,0.7457032619044219
07133015,0,0.0,0.0,0,2,1150.0,7.048386408721883,0,0.7484553934814333
07133017,1,700.0,6.55250788703459,0,2,1150.0,7.048386408721883,0,0.7470627513665178
07133018,0,0.0,0.0,0,1,450.0,6.111467339502679,0,0.7528627535990222
07133019,0,0.0,0.0,0,2,1150.0,7.048386408721883,0,0.7472055080913024
07133020,0,0.0,0.0,0,2,1150.0,7.048386408721883,0,0.7440496133531778
07133021,0,0.0,0.0,0,2,1150.0,7.048386408721883,0,0.749751739049316
07133022,0,0.0,0.0,0,2,1150.0,7.048386408721883,0,0.7498815329729034
07133023,0,0.0,0.0,0,1,450.0,6.111467339502679,0,0.7526610576256542
07133024,1,700.0,6.55250788703459,0,2,1150.0,7.048386408721883,0,0.7467546703417903
07133025,0,0.0,0.0,0,2,1150.0,7.048386408721883,0,0.7520281083072793
07133026,0,0.0,0.0,0,1,450.0,6.111467339502679,0,0.7534415119297828
07133027,0,0.0,0.0,0,2,1150.0,7.048386408721883,0,0.7453106822566298
07133028,0,0.0,0.0,0,2,1150.0,7.048386408721883,0,0.7510582313292158
07133030,0,0.0,0.0,0,2,1150.0,7.048386408721883,0,0.7459398659866716
07133031,0,0.0,0.0,0,2,1150.0,7.048386408721883,0,0.7504327087637989
07133032,0,0.0,0.0,0,2,1150.0,7.048386408721883,0,0.7494345379120138
07133033,0,0.0,0.0,0,2,1150.0,7.048386408721883,0,0.750553162449273
07133035,0,0.0,0.0,0,2,1150.0,7.048386408721883,0,0.7510948807900537
07133036,0,0.0,0.0,0,2,1150.0,7.048386408721883,0,0.7495083665647816
07133037,0,0.0,0.0,0,2,1150.0,7.048386408721883,0,0.7512465566146775
07133038,1,450.0,6.111467339502679,0,3,2150.0,7.67368812926773,0,0.7650411757833397
07133039,0,0.0,0.0,0,2,1150.0,7.048386408721883,0,0.7450932307119265
07133040,0,0.0,0.0,0,2,1150.0,7.048386408721883,0,0.7494855344230039
07133041,1,700.0,6.55250788703459,0,3,2150.0,7.67368812926773,0,0.7544931496211233
07133043,1,450.0,6.111467339502679,0,3,2150.0,7.67368812926773,0,0.7646427102065281
07133044,0,0.0,0.0,0,2,1150.0,7.048386408721883,0,0.7500727804440722
07133045,0,0.0,0.0,0,2,1150.0,7.048386408721883,0,0.7463443170081144
07133046,1,450.0,6.111467339502679,0,3,2150.0,7.67368812926773,0,0.7552467542954945
07133048,0,0.0,0.0,0,2,1150.0,7.048386408721883,0,0.7473223029887915
07133049,1,700.0,6.55250788703459,0,3,2150.0,7.67368812926773,0,0.7509532085096771
07133050,0,0.0,0.0,0,2,1150.0,7.048386408721883,0,0.7511415478883047
07133051,1,700.0,6.55250788703459,0,2,1150.0,7.048386408721883,0,0.7480665197065244
07133052,1,450.0,6.111467339502679,0,3,2150.0,7.67368812926773,0,0.7582977169901
07133053,0,0.0,0.0,0,3,2150.0,7.67368812926773,0,0.7494452585760706
07133054,0,0.0,0.0,0,1,450.0,6.111467339502679,0,0.7535298949266575
07133055,0,0.0,0.0,0,2,1150.0,7.048386408721883,0,0.7523415749567938
07133056,0,0.0,0.0,0,1,450.0,6.111467339502679,0,0.7541284863471185
07133057,0,0.0,0.0,0,2,1150.0,7.048386408721883,0,0.7469992874489297
07133058,0,0.0,0.0,0,2,1150.0,7.048386408721883,0,0.7440948495271318
07133059,1,700.0,6.55250788703459,0,3,2150.0,7.67368812926773,0,0.7511394334094916
07133060,1,700.0,6.55250788703459,0,3,2150.0,7.67368812926773,0,0.750102280920586
07133061,0,0.0,0.0,0,2,1150.0,7.048386408721883,0,0.7481534359168841
07133062,0,0.0,0.0,0,3,2150.0,7.67368812926773,0,0.7529861796607176
07133063,0,0.0,0.0,0,3,2150.0,7.67368812926773,0,0.7537683073255161
07133064,0,0.0,0.0,0,2,1150.0,7.048386408721883,0,0.747693103485899
07133065,0,0.0,0.0,0,2,1150.0,7.048386408721883,0,0.7449660339291495
07133066,0,0.0,0.0,0,3,2150.0,7.67368812926773,0,0.7510232645071703
07133067,0,0.0,0.0,0,2,1150.0,7.048386408721883,0,0.7495058828073974
07133068,0,0.0,0.0,0,2,1150.0,7.048386408721883,0,0.7508817546884399
07133069,0,0.0,0.0,0,2,1150.0,7.048386408721883,0,0.751630995713612
07133070,0,0.0,0.0,0,2,1150.0,7.048386408721883,0,0.7463218810858374
07133071,0,0.0,0.0,0,2,1150.0,7.048386408721883,0,0.7471957564136487
07133072,0,0.0,0.0,0,2,1150.0,7.048386408721883,0,0.7485444926298936
07133073,1,450.0,6.111467339502679,0,3,2150.0,7.67368812926773,0,0.7613995430633202
07133074,0,0.0,0.0,0,2,1150.0,7.048386408721883,0,0.7456428508907775
07133075,0,0.0,0.0,0,2,1150.0,7.048386408721883,0,0.7460396900880933
07133076,0,0.0,0.0,0,2,1150.0,7.048386408721883,0,0.7449875207601421
07133077,1,700.0,6.55250788703459,0,3,2150.0,7.67368812926773,0,0.7547690938239677
07133078,0,0.0,0.0,0,2,1350.0,7.208600337960199,0,0.7550982565351709
07133080,0,0.0,0.0,0,2,1350.0,7.208600337960199,0,0.7548615667152696
07133081,0,0.0,0.0,0,2,1150.0,7.048386408721883,0,0.7455199769330803
07133083,0,0.0,0.0,0,2,1150.0,7.048386408721883,0,0.7446978336086281
07133084,0,0.0,0.0,0,2,1150.0,7.048386408721883,0,0.744411474161252
07133085,0,0.0,0.0,0,1,450.0,6.111467339502679,0,0.7520942800222932
07133086,0,0.0,0.0,0,2,1150.0,7.048386408721883,0,0.749059614229916
07133087,0,0.0,0.0,0,1,450.0,6.111467339502679,0,0.7532466439527421
07133088,0,0.0,0.0,0,2,1150.0,7.048386408721883,0,0.7485469128068103
07133089,0,0.0,0.0,0,2,1150.0,7.048386408721883,0,0.7460843249121138
07133090,0,0.0,0.0,0,2,1150.0,7.048386408721883,0,0.7437964874314699
07133091,0,0.0,0.0,0,2,1150.0,7.048386408721883,0,0.7507308010782919
07133092,1,700.0,6.55250788703459,0,3,2150.0,7.67368812926773,0,0.7507831924792123
07133093,0,0.0,0.0,0,1,450.0,6.111467339502679,0,0.7513536214938474
07133094,1,450.0,6.111467339502679,0,3,2150.0,7.67368812926773,0,0.7557253010390177
07133095,0,0.0,0.0,0,1,450.0,6.111467339502679,0,0.7527034020570864
07133096,1,450.0,6.111467339502679,0,3,2150.0,7.67368812926773,0,0.7552023818780442
07133098,0,0.0,0.0,0,2,1150.0,7.048386408721883,0,0.748925307178395
07133099,0,0.0,0.0,0,2,1150.0,7.048386408721883,0,0.7501172309785481
07133100,0,0.0,0.0,0,2,1150.0,7.048386408721883,0,0.750040664622931
07133101,0,0.0,0.0,0,2,1150.0,7.048386408721883,0,0.7475583864892736
07133102,0,0.0,0.0,0,2,1150.0,7.048386408721883,0,0.7455077723948443
07133103,0,0.0,0.0,0,1,450.0,6.111467339502679,0,0.7517848976249389
07133104,0,0.0,0.0,0,1,700.0,6.55250788703459,0,0.749663279541021
07133105,0,0.0,0.0,0,2,1150.0,7.048386408721883,0,0.7477392321063763
07133106,0,0.0,0.0,0,3,1750.0,7.467942332285852,0,0.7527007785928912
07133107,0,0.0,0.0,0,2,1150.0,7.048386408721883,0,0.746520382456662
07133108,0,0.0,0.0,0,1,450.0,6.111467339502679,0,0.7520982999774712
07133109,0,0.0,0.0,0,2,1150.0,7.048386408721883,0,0.7494677956654323
07133110,0,0.0,0.0,0,1,450.0,6.111467339502679,0,0.7524645109484769
07133111,0,0.0,0.0,0,3,2150.0,7.67368812926773,0,0.7519171913600537
07133112,0,0.0,0.0,0,2,1150.0,7.048386408721883,0,0.7473818406305063
07133113,1,450.0,6.111467339502679,0,3,2150.0,7.67368812926773,0,0.7582181939220511
07133114,0,0.0,0.0,0,2,1150.0,7.048386408721883,0,0.7508619993436352
07133115,0,0.0,0.0,0,2,1150.0,7.048386408721883,0,0.7514590961161709
07133116,0,0.0,0.0,0,2,1150.0,7.048386408721883,0,0.7501283983041772
07133117,0,0.0,0.0,0,2,1150.0,7.048386408721883,0,0.7484517722784356
07133201,1,450.0,6.111467339502679,0,3,2150.0,7.67368812926773,0,0.77271872465391
07133202,1,450.0,6.111467339502679,0,3,2150.0,7.67368812926773,0,0.7616156765753176
07133204,1,450.0,6.111467339502679,0,3,2150.0,7.67368812926773,0,0.7755544327107636
07133205,1,450.0,6.111467339502679,0,3,2150.0,7.67368812926773,0,0.7608897982658911
07133501,0,0.0,0.0,0,2,1150.0,7.048386408721883,0,0.7465284369088937
07134001,1,1000.0,6.90875477931522,0,5,3150.0,8.055475141757274,1,0.771632428106829
07134002,2,1700.0,7.438971592395862,0,5,3150.0,8.055475141757274,1,0.7689738648594976
07134003,2,1450.0,7.280008252884188,0,5,3150.0,8.055475141757274,1,0.7648211744656876
07134004,1,450.0,6.111467339502679,0,4,3150.0,8.055475141757274,0,0.7781446266673706
07134005,1,700.0,6.55250788703459,0,4,2150.0,7.67368812926773,1,0.7984339099533755
07134006,1,450.0,6.111467339502679,0,3,2150.0,7.67368812926773,0,0.7604993612650258
07134007,1,700.0,6.55250788703459,0,5,3150.0,8.055475141757274,1,0.771732780785872
07134008,1,700.0,6.55250788703459,0,5,3150.0,8.055475141757274,1,0.7964985338425046
07134009,2,1150.0,7.048386408721883,0,3,2150.0,7.67368812926773,0,0.7611549083095006
07134010,2,1700.0,7.438971592395862,0,5,3150.0,8.055475141757274,1,0.7614128385135381
07134011,1,1000.0,6.90875477931522,0,5,3150.0,8.055475141757274,1,0.7800816686969205
07134012,1,450.0,6.111467339502679,0,4,3150.0,8.055475141757274,0,0.7864724208483592
07134013,1,450.0,6.111467339502679,0,4,3150.0,8.055475141757274,0,0.7707626128281184
07134014,1,450.0,6.111467339502679,0,5,3150.0,8.055475141757274,1,0.7727758982653963
07134015,2,1700.0,7.438971592395862,0,5,3150.0,8.055475141757274,1,0.7669221141445859
07134016,2,1700.0,7.438971592395862,0,5,3150.0,8.055475141757274,1,0.7671946425243381
07134017,1,450.0,6.111467339502679,0,3,2150.0,7.67368812926773,0,0.7806873361914091
07134018,2,1700.0,7.438971592395862,0,5,3150.0,8.055475141757274,1,0.7620337694403694
07134019,1,700.0,6.55250788703459,0,3,2150.0,7.67368812926773,0,0.7593678155146932
07134020,2,1700.0,7.438971592395862,0,5,3150.0,8.055475141757274,1,0.760459887410594
07134021,1,700.0,6.55250788703459,0,4,2150.0,7.67368812926773,1,0.7977655355343969
07134022,2,1700.0,7.438971592395862,0,5,3150.0,8.055475141757274,1,0.7609652141455225
07134023,2,1700.0,7.438971592395862,0,5,3150.0,8.055475141757274,1,0.7636153602089236
07134024,2,1700.0,7.438971592395862,0,5,3150.0,8.055475141757274,1,0.7592972337152796
07134025,2,1150.0,7.048386408721883,0,3,2150.0,7.67368812926773,0,0.7592423350161783
07134026,1,700.0,6.55250788703459,0,5,3150.0,8.055475141757274,1,0.7919227491909778
07134027,1,700.0,6.55250788703459,0,5,3150.0,8.055475141757274,1,0.7645899764032547
07134028,2,1150.0,7.048386408721883,0,4,3150.0,8.055475141757274,0,0.7616746120645856
07134029,2,1700.0,7.438971592395862,0,5,3150.0,8.055475141757274,1,0.7576342257570414
07134030,1,450.0,6.111467339502679,0,4,3150.0,8.055475141757274,0,0.8408385443448432
07134031,2,1700.0,7.438971592395862,0,5,3150.0,8.055475141757274,1,0.7630407375647452
07134032,1,450.0,6.111467339502679,0,3,2150.0,7.67368812926773,0,0.7647527793368932
07134033,2,1700.0,7.438971592395862,0,5,3150.0,8.055475141757274,1,0.762466340026893
07134034,2,1700.0,7.438971592395862,0,5,3150.0,8.055475141757274,1,0.7635555569202391
07134035,1,450.0,6.111467339502679,0,3,2150.0,7.67368812926773,0,0.7976236007498059
07134036,2,1700.0,7.438971592395862,0,5,3150.0,8.055475141757274,1,0.7687405100262821
07134037,1,450.0,6.111467339502679,0,4,3150.0,8.055475141757274,0,0.782086133971402
07134038,1,450.0,6.111467339502679,0,5,3150.0,8.055475141757274,1,0.7646138110978675
07134039,1,450.0,6.111467339502679,0,4,3150.0,8.055475141757274,0,0.7656543920757839
07134040,2,1150.0,7.048386408721883,0,5,3150.0,8.055475141757274,1,0.7618472253539177
07134041,2,1150.0,7.048386408721883,0,5,3150.0,8.055475141757274,1,0.7606057676269393
07134042,2,1700.0,7.438971592395862,0,5,3150.0,8.055475141757274,1,0.7605346989932122
07134043,1,450.0,6.111467339502679,0,4,3150.0,8.055475141757274,0,0.8657638782102528
07134044,1,450.0,6.111467339502679,0,4,3150.0,8.055475141757274,0,0.7829906856504696
07134045,1,700.0,6.55250788703459,0,5,3150.0,8.055475141757274,1,0.761224899886225
07134046,1,450.0,6.111467339502679,0,5,3150.0,8.055475141757274,1,0.7707512943538963
07134047,1,450.0,6.111467339502679,0,5,3150.0,8.055475141757274,1,0.7633885701396982
07134048,2,1700.0,7.438971592395862,0,5,3150.0,8.055475141757274,1,0.7639648329888322
07134049,1,450.0,6.111467339502679,0,4,3150.0,8.055475141757274,0,0.8738574435708053
07134050,2,1700.0,7.438971592395862,0,5,3150.0,8.055475141757274,1,0.7615623531941953
07134051,2,1700.0,7.438971592395862,0,5,3150.0,8.055475141757274,1,0.763563925839891
07134052,2,1150.0,7.048386408721883,0,5,3150.0,8.055475141757274,1,0.7609889481453654
07134053,2,1700.0,7.438971592395862,0,5,3150.0,8.055475141757274,1,0.7653189784989212
07134054,1,700.0,6.55250788703459,0,4,2150.0,7.67368812926773,1,0.8152300231962977
07134055,1,700.0,6.55250788703459,0,3,2150.0,7.67368812926773,0,0.7578636167287325
07134056,1,450.0,6.111467339502679,0,4,3150.0,8.055475141757274,0,0.7690358981875176
07134057,2,1700.0,7.438971592395862,0,5,3150.0,8.055475141757274,1,0.7610986208592757
07134058,2,1700.0,7.438971592395862,0,5,3150.0,8.055475141757274,1,0.7608521384959092
07134059,1,450.0,6.111467339502679,0,4,3150.0,8.055475141757274,0,0.766854267241454
07134060,1,450.0,6.111467339502679,0,4,3150.0,8.055475141757274,0,0.7636812711149206
07134061,2,1700.0,7.438971592395862,0,5,3150.0,8.055475141757274,1,0.7644572419184283
07134062,1,700.0,6.55250788703459,0,5,3150.0,8.055475141757274,1,0.7609937225512581
07134063,2,1700.0,7.438971592395862,0,5,3150.0,8.055475141757274,1,0.7637184663098302
07134064,1,450.0,6.111467339502679,0,4,3150.0,8.055475141757274,0,0.7754007548460844
07134065,1,450.0,6.111467339502679,0,3,2150.0,7.67368812926773,0,0.8062162630370464
07134066,1,700.0,6.55250788703459,0,3,2150.0,7.67368812926773,0,0.7589923537607791
07134067,1,450.0,6.111467339502679,0,4,3150.0,8.055475141757274,0,0.7660770126590618
07134068,1,700.0,6.55250788703459,0,5,3150.0,8.055475141757274,1,0.7706356925724256
07134069,1,450.0,6.111467339502679,0,4,3150.0,8.055475141757274,0,0.8016838097210048
07134070,2,1700.0,7.438971592395862,0,5,3150.0,8.055475141757274,1,0.761156730200413
07134071,2,1700.0,7.438971592395862,0,5,3150.0,8.055475141757274,1,0.7665601992531916
07134072,2,1700.0,7.438971592395862,0,5,3150.0,8.055475141757274,1,0.7607085767702092
07134073,1,700.0,6.55250788703459,0,5,3150.0,8.055475141757274,1,0.7748140474736822
07134074,1,700.0,6.55250788703459,0,5,3150.0,8.055475141757274,1,0.7680119446493014
07134075,1,700.0,6.55250788703459,0,5,3150.0,8.055475141757274,1,0.7779164914749614
07134076,1,450.0,6.111467339502679,0,4,3150.0,8.055475141757274,0,0.7758159015563995
07134077,1,700.0,6.55250788703459,0,3,2150.0,7.67368812926773,0,0.7558956669890458
07134078,2,1700.0,7.438971592395862,0,5,3150.0,8.055475141757274,1,0.7609758848259001
07134079,1,450.0,6.111467339502679,0,3,2150.0,7.67368812926773,0,0.8254357719973346
07134080,2,1700.0,7.438971592395862,0,5,3150.0,8.055475141757274,1,0.7620649620164075
07134081,2,1450.0,7.280008252884188,0,5,3150.0,8.055475141757274,1,0.7666346780098084
07134082,1,700.0,6.55250788703459,0,3,2150.0,7.67368812926773,0,0.757966871655618
07134083,1,700.0,6.55250788703459,0,3,2150.0,7.67368812926773,0,0.7586880106778657
07134084,3,2150.0,7.67368812926773,0,5,3150.0,8.055475141757274,1,0.7614287996412145
07134085,1,700.0,6.55250788703459,0,5,3150.0,8.055475141757274,1,0.7640057452894384
07134086,1,450.0,6.111467339502679,0,3,2150.0,7.67368812926773,0,0.7707082358290218
07134087,1,450.0,6.111467339502679,0,4,3150.0,8.055475141757274,0,0.8012500472085087
07134088,1,450.0,6.111467339502679,0,4,3150.0,8.055475141757274,0,0.7841831379516238
07134089,2,1150.0,7.048386408721883,0,5,3150.0,8.055475141757274,1,0.7628724554955424
07134090,2,1150.0,7.048386408721883,0,5,3150.0,8.055475141757274,1,0.761574888883472
07134091,1,450.0,6.111467339502679,0,4,3150.0,8.055475141757274,0,0.7751547322015853
07134092,1,450.0,6.111467339502679,0,4,3150.0,8.055475141757274,0,0.8209914686030182
07134093,1,450.0,6.111467339502679,0,4,3150.0,8.055475141757274,0,0.7733296060287765
07134094,2,1700.0,7.438971592395862,0,5,3150.0,8.055475141757274,1,0.7608067207285925
07134095,2,1450.0,7.280008252884188,0,5,3150.0,8.055475141757274,1,0.7652926150146966
07134502,2,1450.0,7.280008252884188,0,5,3150.0,8.055475141757274,1,0.7679399126313209
07135001,1,450.0,6.111467339502679,0,3,2450.0,7.804251383528112,0,0.769046683268061
07135002,0,0.0,0.0,0,1,450.0,6.111467339502679,0,0.7522405001594101
07135003,1,450.0,6.111467339502679,0,3,2450.0,7.804251383528112,0,0.9031536478276334
07135004,1,450.0,6.111467339502679,0,1,450.0,6.111467339502679,0,0.7757983273871789
07135005,0,0.0,0.0,0,1,450.0,6.111467339502679,0,0.7497679308221774
07135007,1,450.0,6.111467339502679,0,1,450.0,6.111467339502679,0,0.7702794926395873
07135008,1,450.0,6.111467339502679,0,3,2450.0,7.804251383528112,0,0.7552520660976973
07135009,0,0.0,0.0,0,1,450.0,6.111467339502679,0,0.7673078103009334
07135010,1,450.0,6.111467339502679,0,2,1450.0,7.280008252884188,0,0.8020288068459602
07135011,0,0.0,0.0,0,2,1450.0,7.280008252884188,0,0.7699242409732651
07135012,1,450.0,6.111467339502679,0,2,1450.0,7.280008252884188,0,0.7596318461611894
07135013,1,450.0,6.111467339502679,0,3,2450.0,7.804251383528112,0,0.7871104195959149
07135014,0,0.0,0.0,0,1,450.0,6.111467339502679,0,0.7668197024463048
07135015,1,450.0,6.111467339502679,0,1,450.0,6.111467339502679,0,0.7681966239139779
07135016,0,0.0,0.0,0,1,450.0,6.111467339502679,0,0.769597661164688
07135017,1,450.0,6.111467339502679,0,1,450.0,6.111467339502679,0,0.7668699928216285
07135018,0,0.0,0.0,0,1,450.0,6.111467339502679,0,0.755584434864072
07135019,1,450.0,6.111467339502679,0,3,2450.0,7.804251383528112,0,0.7701504651992912
07135020,1,450.0,6.111467339502679,0,1,450.0,6.111467339502679,0,0.7615417883127604
07135021,1,450.0,6.111467339502679,0,1,450.0,6.111467339502679,0,0.758046277749864
07135022,0,0.0,0.0,0,1,450.0,6.111467339502679,0,0.7683153199205062
07135023,0,0.0,0.0,0,2,1450.0,7.280008252884188,0,0.7720695283188098
07135024,1,450.0,6.111467339502679,0,1,450.0,6.111467339502679,0,0.7653598952434364
07135025,1,450.0,6.111467339502679,0,1,450.0,6.111467339502679,0,0.769562664213034
07135026,0,0.0,0.0,0,3,1950.0,7.576097340623111,0,0.765205065665549
07135027,1,450.0,6.111467339502679,0,1,450.0,6.111467339502679,0,0.7655211556185662
07135028,0,0.0,0.0,0,2,1450.0,7.280008252884188,0,0.7690403334195373
07135029,1,450.0,6.111467339502679,0,1,450.0,6.111467339502679,0,0.7579112222403699
07135030,0,0.0,0.0,0,2,1450.0,7.280008252884188,0,0.7458039567916004
07135031,0,0.0,0.0,0,1,450.0,6.111467339502679,0,0.7686771710142473
07135032,1,450.0,6.111467339502679,0,1,450.0,6.111467339502679,0,0.7785920646576177
07135033,0,0.0,0.0,0,2,1450.0,7.280008252884188,0,0.7698227221522306
07135034,0,0.0,0.0,0,1,450.0,6.111467339502679,0,0.7548107085481139
07135035,0,0.0,0.0,0,2,1450.0,7.280008252884188,0,0.7482944512598477
07135036,0,0.0,0.0,0,1,450.0,6.111467339502679,0,0.7609103051851623
07135037,1,450.0,6.111467339502679,0,2,1450.0,7.280008252884188,0,0.7831168015269827
07135038,0,0.0,0.0,0,2,1450.0,7.280008252884188,0,0.7671716433454389
07135039,1,450.0,6.111467339502679,0,1,450.0,6.111467339502679,0,0.7999702375057193
07135040,0,0.0,0.0,0,3,1950.0,7.576097340623111,0,0.7674399892805133
07135041,1,450.0,6.111467339502679,0,2,1450.0,7.280008252884188,0,0.8002255911490184
07135042,0,0.0,0.0,0,1,450.0,6.111467339502679,0,0.7643257208195622
07135043,0,0.0,0.0,0,2,1450.0,7.280008252884188,0,0.771623967585074
07135044,0,0.0,0.0,0,1,450.0,6.111467339502679,0,0.7660183045791777
07135045,0,0.0,0.0,0,2,1450.0,7.280008252884188,0,0.7659191363572574
07135046,0,0.0,0.0,0,3,1950.0,7.576097340623111,0,0.768180928626125
07135048,1,450.0,6.111467339502679,0,2,1450.0,7.280008252884188,0,0.7514167242005607
07135049,0,0.0,0.0,0,1,450.0,6.111467339502679,0,0.7636565860416
07135051,0,0.0,0.0,0,1,450.0,6.111467339502679,0,0.7622214129419662
07135052,0,0.0,0.0,0,2,1450.0,7.280008252884188,0,0.7622788798706756
07135053,1,450.0,6.111467339502679,0,1,450.0,6.111467339502679,0,0.7683257875982139
07135054,1,450.0,6.111467339502679,0,1,450.0,6.111467339502679,0,0.7770198462519592
07135056,0,0.0,0.0,0,1,450.0,6.111467339502679,0,0.7675771056817269
07135057,0,0.0,0.0,0,2,1450.0,7.280008252884188,0,0.7453400290359514
07135058,0,0.0,0.0,0,2,1450.0,7.280008252884188,0,0.7664906601416609
07135060,1,450.0,6.111467339502679,0,1,450.0,6.111467339502679,0,0.7697124487090565
07135061,1,450.0,6.111467339502679,0,1,450.0,6.111467339502679,0,0.7764790403074184
07135062,0,0.0,0.0,0,1,450.0,6.111467339502679,0,0.7701207343476775
07135064,1,450.0,6.111467339502679,0,2,1450.0,7.280008252884188,0,0.796841835949299
07135065,0,0.0,0.0,0,1,450.0,6.111467339502679,0,0.7682644158440228
07135066,0,0.0,0.0,0,1,450.0,6.111467339502679,0,0.7679966974182837
07135067,0,0.0,0.0,0,1,450.0,6.111467339502679,0,0.7596893652475867
07135068,1,450.0,6.111467339502679,0,3,2450.0,7.804251383528112,0,0.7638575292084155
07135069,1,450.0,6.111467339502679,0,1,450.0,6.111467339502679,0,0.7734088331132665
07135070,1,450.0,6.111467339502679,0,2,1450.0,7.280008252884188,0,0.8194289341478911
07135071,1,450.0,6.111467339502679,0,2,1450.0,7.280008252884188,0,0.8293482525666971
07135072,0,0.0,0.0,0,1,450.0,6.111467339502679,0,0.7666681797159234
07135073,1,450.0,6.111467339502679,0,3,2450.0,7.804251383528112,0,0.7742459192402797
07135074,1,450.0,6.111467339502679,0,1,450.0,6.111467339502679,0,0.7887482979075788
07135075,0,0.0,0.0,0,2,1450.0,7.280008252884188,0,0.7722009246609595
07135076,1,450.0,6.111467339502679,0,3,2450.0,7.804251383528112,0,0.7642695516921474
07135077,1,450.0,6.111467339502679,0,2,1450.0,7.280008252884188,0,0.8231482970392062
07135078,0,0.0,0.0,0,1,450.0,6.111467339502679,0,0.7487376458433045
07135079,1,450.0,6.111467339502679,0,1,450.0,6.111467339502679,0,0.7739513898870908
07135080,1,450.0,6.111467339502679,0,1,450.0,6.111467339502679,0,0.7790651570392519
07135081,1,450.0,6.111467339502679,0,2,1450.0,7.280008252884188,0,0.8176231622805838
07135082,0,0.0,0.0,0,1,450.0,6.111467339502679,0,0.7672784747541332
07135083,0,0.0,0.0,0,1,450.0,6.111467339502679,0,0.7510125819103095
07135084,0,0.0,0.0,0,3,1950.0,7.576097340623111,0,0.770023877316537
07135085,1,450.0,6.111467339502679,0,2,1450.0,7.280008252884188,0,0.7520081793688276
07135086,1,450.0,6.111467339502679,0,1,450.0,6.111467339502679,0,0.7646889453126767
07135087,0,0.0,0.0,0,2,1450.0,7.280008252884188,0,0.7438022102940702
07135088,1,450.0,6.111467339502679,0,2,1450.0,7.280008252884188,0,0.8174326165050629
07135089,0,0.0,0.0,0,1,450.0,6.111467339502679,0,0.7535215720337907
07135090,0,0.0,0.0,0,1,450.0,6.111467339502679,0,0.7654519016104356
07135091,0,0.0,0.0,0,2,1450.0,7.280008252884188,0,0.7441915658706906
07135092,1,450.0,6.111467339502679,0,3,2450.0,7.804251383528112,0,0.7970654840425494
07135093,0,0.0,0.0,0,2,1450.0,7.280008252884188,0,0.7681951978381316
07135501,1,450.0,6.111467339502679,0,3,2450.0,7.804251383528112,0,0.7502245450272691
07135502,0,0.0,0.0,0,1,450.0,6.111467339502679,0,0.7611130599884679
07137001,0,0.0,0.0,0,5,3350.0,8.11701408773731,0,0.8024027961246709
07137003,0,0.0,0.0,0,4,2900.0,7.972810784121404,0,0.8226115723748332
07137004,0,0.0,0.0,0,4,2750.0,7.919719760924575,0,0.7783291283064169
07137006,0,0.0,0.0,0,4,2900.0,7.972810784121404,0,0.8083454106012149
07137007,0,0.0,0.0,0,6,3770.0,8.235095497258357,0,0.7948068986591874
07137008,0,0.0,0.0,0,5,3350.0,8.11701408773731,0,0.8106799345089529
07137011,0,0.0,0.0,0,4,2750.0,7.919719760924575,0,0.7740706102597263
07137014,0,0.0,0.0,0,4,2750.0,7.919719760924575,0,0.7786781057933239
07137019,0,0.0,0.0,0,4,2750.0,7.919719760924575,0,0.7758597551174344
07137023,0,0.0,0.0,0,2,1450.0,7.280008252884188,0,0.779339500062737
07137025,0,0.0,0.0,0,5,3350.0,8.11701408773731,0,0.7989830511195357
07137027,0,0.0,0.0,0,2,1450.0,7.280008252884188,0,0.7775291492419164
07137029,0,0.0,0.0,0,2,1450.0,7.280008252884188,0,0.7772628509825601
07137030,0,0.0,0.0,0,2,1450.0,7.280008252884188,0,0.7759127815399921
07137034,0,0.0,0.0,0,4,2900.0,7.972810784121404,0,0.816485570206016
07137035,0,0.0,0.0,0,6,3770.0,8.235095497258357,0,0.7950336164146298
07137036,0,0.0,0.0,0,5,3350.0,8.11701408773731,0,0.787380621903513
07137041,0,0.0,0.0,0,2,1450.0,7.280008252884188,0,0.7764229408709902
07137043,0,0.0,0.0,0,2,1450.0,7.280008252884188,0,0.7777695163075056
07137048,0,0.0,0.0,0,3,2250.0,7.719129840906732,0,0.7849774025566576
07137049,0,0.0,0.0,0,5,3350.0,8.11701408773731,0,0.8054375216615178
07137053,0,0.0,0.0,0,2,1450.0,7.280008252884188,0,0.7757278246828707
07137055,0,0.0,0.0,0,5,3350.0,8.11701408773731,0,0.7964157562052256
07137056,0,0.0,0.0,0,4,2900.0,7.972810784121404,0,0.808410202940252
07137057,0,0.0,0.0,0,5,3350.0,8.11701408773731,0,0.8064851303634128
07137060,0,0.0,0.0,0,5,3350.0,8.11701408773731,0,0.8055481912533313
07137061,0,0.0,0.0,0,5,3350.0,8.11701408773731,0,0.8077500977767952
07137063,0,0.0,0.0,0,4,2750.0,7.919719760924575,0,0.7825344338139869
07137065,0,0.0,0.0,0,2,1450.0,7.280008252884188,0,0.784257132418948
07137066,0,0.0,0.0,0,5,3350.0,8.11701408773731,0,0.7845665980422052
07137068,0,0.0,0.0,0,5,3350.0,8.11701408773731,0,0.7902398925121865
07137069,0,0.0,0.0,0,5,3350.0,8.11701408773731,0,0.8040431437764335
07137070,0,0.0,0.0,0,2,1450.0,7.280008252884188,0,0.7773182020115446
07137074,0,0.0,0.0,0,4,2750.0,7.919719760924575,0,0.7807847769871137
07137077,0,0.0,0.0,0,4,2750.0,7.919719760924575,0,0.7780591817949374
07137079,0,0.0,0.0,0,4,2750.0,7.919719760924575,0,0.7827619054518458
07137080,0,0.0,0.0,0,2,1450.0,7.280008252884188,0,0.774355635907517
07137081,0,0.0,0.0,0,4,2900.0,7.972810784121404,0,0.8168469845794244
07137086,0,0.0,0.0,0,4,2850.0,7.955425088912672,0,0.7937820505695753
07137087,0,0.0,0.0,0,2,1450.0,7.280008252884188,0,0.7723419558091679
07137088,0,0.0,0.0,0,3,2400.0,7.783640596221253,0,0.805947247400744
07137089,0,0.0,0.0,0,3,2250.0,7.719129840906732,0,0.7829597083068118
07137092,0,0.0,0.0,0,5,3350.0,8.11701408773731,0,0.7857570789289186
07137093,0,0.0,0.0,0,4,2900.0,7.972810784121404,0,0.8147724211935763
07137095,0,0.0,0.0,0,2,1450.0,7.280008252884188,0,0.7809947829629258
07137096,0,0.0,0.0,0,4,2850.0,7.955425088912672,0,0.8013664721902312
07137097,0,0.0,0.0,0,5,3350.0,8.11701408773731,0,0.7960804906384984
07137099,0,0.0,0.0,0,5,3320.0,8.108021221376747,0,0.805228184803328
07137101,0,0.0,0.0,0,5,3350.0,8.11701408773731,0,0.7987513122545052
07137102,0,0.0,0.0,0,4,2850.0,7.955425088912672,0,0.7886059943432215
07137105,0,0.0,0.0,0,5,3350.0,8.11701408773731,0,0.7916971196724927
07137106,0,0.0,0.0,0,4,2900.0,7.972810784121404,0,0.8125935039421143
07137110,0,0.0,0.0,0,4,2750.0,7.919719760924575,0,0.7827163383013908
07137112,0,0.0,0.0,0,4,2850.0,7.955425088912672,0,0.789999410596074
07137113,0,0.0,0.0,0,5,3350.0,8.11701408773731,0,0.7992902353549237
07137114,0,0.0,0.0,0,1,450.0,6.111467339502679,0,0.7709735599520697
07137201,0,0.0,0.0,0,1,450.0,6.111467339502679,0,0.7733174505941027
07137202,0,0.0,0.0,0,4,2850.0,7.955425088912672,0,0.7940496767578525
07137203,0,0.0,0.0,0,3,2400.0,7.783640596221253,0,0.8043714385028388
07137204,0,0.0,0.0,0,1,450.0,6.111467339502679,0,0.7743100489803414
07137205,0,0.0,0.0,0,1,450.0,6.111467339502679,0,0.7707038620411899
07137206,0,0.0,0.0,0,1,450.0,6.111467339502679,0,0.7695591947383309
07137207,0,0.0,0.0,0,2,1450.0,7.280008252884188,0,0.7836909772145135
07137208,0,0.0,0.0,0,1,450.0,6.111467339502679,0,0.7711333395869269
07137209,0,0.0,0.0,0,3,2400.0,7.783640596221253,0,0.8047278014844501
07137211,0,0.0,0.0,0,3,2400.0,7.783640596221253,0,0.8043397666910781
07137212,0,0.0,0.0,0,2,1450.0,7.280008252884188,0,0.7831210239060682
07137214,0,0.0,0.0,0,1,450.0,6.111467339502679,0,0.7716437547715287
07137215,0,0.0,0.0,0,1,450.0,6.111467339502679,0,0.7674521564083847
07137216,0,0.0,0.0,0,3,2400.0,7.783640596221253,0,0.7993627053008886
07137217,0,0.0,0.0,0,2,1450.0,7.280008252884188,0,0.7795378257641132
07137218,0,0.0,0.0,0,1,1000.0,6.90875477931522,0,0.7963322747045831
07137219,0,0.0,0.0,0,1,450.0,6.111467339502679,0,0.7702366812964793
07137220,0,0.0,0.0,0,1,450.0,6.111467339502679,0,0.7745047788838049
07137221,0,0.0,0.0,0,1,450.0,6.111467339502679,0,0.7755952915940993
07137222,0,0.0,0.0,0,3,2400.0,7.783640596221253,0,0.8017617440387386
07137223,0,0.0,0.0,0,1,450.0,6.111467339502679,0,0.7725831810782656
07137224,0,0.0,0.0,0,1,1000.0,6.90875477931522,0,0.7923857884799828
07137225,0,0.0,0.0,0,3,2400.0,7.783640596221253,0,0.8058186882911516
07137226,0,0.0,0.0,0,1,1000.0,6.90875477931522,0,0.7961285585962306
07137227,0,0.0,0.0,0,1,450.0,6.111467339502679,0,0.7765208383737447
07137228,0,0.0,0.0,0,3,2400.0,7.783640596221253,0,0.8099836974846284
07137229,0,0.0,0.0,0,3,2400.0,7.783640596221253,0,0.8007593628056249
07137230,0,0.0,0.0,0,2,1450.0,7.280008252884188,0,0.7831257441180082
07137231,0,0.0,0.0,0,2,1450.0,7.280008252884188,0,0.7883612946139245
07137501,0,0.0,0.0,0,2,1450.0,7.280008252884188,0,0.7736172214543309
07137504,0,0.0,0.0,0,2,1450.0,7.280008252884188,0,0.7786313844767845
07138002,0,0.0,0.0,0,3,2400.0,7.783640596221253,0,0.8276782386511758
07138003,3,2400.0,7.783640596221253,0,7,4560.0,8.4252971767117,0,0.9319958984134319
07138004,1,1000.0,6.90875477931522,0,4,2900.0,7.972810784121404,0,0.8743782011464786
07138005,0,0.0,0.0,0,3,2400.0,7.783640596221253,0,0.8450951617223047
07138006,1,1000.0,6.90875477931522,0,5,3700.0,8.216358332386156,0,0.88134648428885
07138007,1,1000.0,6.90875477931522,0,4,2900.0,7.972810784121404,0,0.8694810658301981
07138008,3,2400.0,7.783640596221253,0,6,4160.0,8.333510708982942,0,0.9887852637775196
07138009,3,2400.0,7.783640596221253,0,5,3700.0,8.216358332386156,0,0.9084845118174253
07138010,0,0.0,0.0,0,4,2900.0,7.972810784121404,0,0.8473164745839523
07138011,0,0.0,0.0,0,3,2400.0,7.783640596221253,0,0.8358656660458164
07138012,0,0.0,0.0,0,3,2400.0,7.783640596221253,0,0.8293567256157266
07138013,0,0.0,0.0,0,4,2800.0,7.937731775260109,0,0.8703442575762668
07138014,0,0.0,0.0,0,3,2400.0,7.783640596221253,0,0.8517883393719794
07138015,0,0.0,0.0,0,4,2900.0,7.972810784121404,0,0.844978490802696
07138019,3,2400.0,7.783640596221253,0,5,3700.0,8.216358332386156,0,0.9668008071879819
07138023,0,0.0,0.0,0,3,2400.0,7.783640596221253,0,0.8207341108998385
07138024,0,0.0,0.0,0,4,2900.0,7.972810784121404,0,0.8445939225611269
07138025,0,0.0,0.0,0,3,2400.0,7.783640596221253,0,0.8422200529168612
07138026,0,0.0,0.0,0,3,2400.0,7.783640596221253,0,0.8382488951011235
07138027,0,0.0,0.0,0,3,2400.0,7.783640596221253,0,0.8448326106522205
07138030,0,0.0,0.0,0,3,2400.0,7.783640596221253,0,0.8616022064848747
07138031,0,0.0,0.0,0,3,2400.0,7.783640596221253,0,0.8171728820811026
07138034,0,0.0,0.0,0,3,2400.0,7.783640596221253,0,0.8254777394294355
07138036,0,0.0,0.0,0,4,2900.0,7.972810784121404,0,0.8540589000716958
07138037,2,1800.0,7.496097345175956,0,5,3700.0,8.216358332386156,0,0.9035454155397629
07138038,0,0.0,0.0,0,4,2900.0,7.972810784121404,0,0.8291988339466922
07138040,0,0.0,0.0,0,3,2400.0,7.783640596221253,0,0.8518772193723202
07138041,3,2400.0,7.783640596221253,0,5,3700.0,8.216358332386156,0,0.9274673027177103
07138042,0,0.0,0.0,0,3,2400.0,7.783640596221253,0,0.8258207173746106
07138043,0,0.0,0.0,0,3,2400.0,7.783640596221253,0,0.8323028477339445
07138044,2,1600.0,7.3783837129967145,0,5,3700.0,8.216358332386156,0,0.9082795555894214
07138045,0,0.0,0.0,0,3,2400.0,7.783640596221253,0,0.8138995488461259
07138047,1,1000.0,6.90875477931522,0,4,2900.0,7.972810784121404,0,0.8606798118313965
07138048,0,0.0,0.0,0,3,2400.0,7.783640596221253,0,0.8407674125810775
07138050,0,0.0,0.0,0,4,2800.0,7.937731775260109,0,0.8625592401762278
07138052,0,0.0,0.0,0,4,2800.0,7.937731775260109,0,0.849661991234552
07138053,0,0.0,0.0,0,3,2400.0,7.783640596221253,0,0.851747068535905
07138054,0,0.0,0.0,0,3,2400.0,7.783640596221253,0,0.8472584063360742
07138055,3,2400.0,7.783640596221253,0,5,3700.0,8.216358332386156,0,0.9405148239310357
07138057,0,0.0,0.0,0,3,2400.0,7.783640596221253,0,0.8495837986043151
07138058,0,0.0,0.0,0,4,2800.0,7.937731775260109,0,0.8627039347517278
07138059,0,0.0,0.0,0,3,2400.0,7.783640596221253,0,0.8411423268262896
07138061,0,0.0,0.0,0,3,2400.0,7.783640596221253,0,0.8361431978218083
07138062,3,2400.0,7.783640596221253,0,6,4160.0,8.333510708982942,0,1.0405382619156645
07138063,1,1000.0,6.90875477931522,0,4,2900.0,7.972810784121404,0,0.8573576097947923
07138064,0,0.0,0.0,0,4,2800.0,7.937731775260109,0,0.8550101819631178
07138065,1,1000.0,6.90875477931522,0,5,3700.0,8.216358332386156,0,0.8852267542685885
07138066,0,0.0,0.0,0,3,2400.0,7.783640596221253,0,0.8334342824165196
07138068,3,2400.0,7.783640596221253,0,5,3700.0,8.216358332386156,0,0.9224143670705411
07138069,0,0.0,0.0,0,3,2400.0,7.783640596221253,0,0.8200471475719935
07138070,0,0.0,0.0,0,4,2800.0,7.937731775260109,0,0.8527525869115737
07138071,0,0.0,0.0,0,3,2400.0,7.783640596221253,0,0.8467801493852034
07138072,0,0.0,0.0,0,3,2400.0,7.783640596221253,0,0.8253454756591898
07138073,3,2400.0,7.783640596221253,0,6,4160.0,8.333510708982942,0,1.0024329789611188
07138074,0,0.0,0.0,0,3,2400.0,7.783640596221253,0,0.8430334913104887
07138075,3,2400.0,7.783640596221253,0,5,3700.0,8.216358332386156,0,0.9451613260261866
07138076,1,1000.0,6.90875477931522,0,4,2900.0,7.972810784121404,0,0.8722981128089324
07138077,3,2400.0,7.783640596221253,0,6,4160.0,8.333510708982942,0,0.9612040996999548
07138078,0,0.0,0.0,0,4,2800.0,7.937731775260109,0,0.8454153876100005
07138080,3,2400.0,7.783640596221253,0,7,4560.0,8.4252971767117,0,0.9606903690125321
07138201,0,0.0,0.0,0,3,2400.0,7.783640596221253,0,0.8297243638925775
07138501,3,2400.0,7.783640596221253,0,5,3700.0,8.216358332386156,0,0.9505817437203272
07140001,1,450.0,6.111467339502679,0,1,450.0,6.111467339502679,0,0.772977968051502
07140002,1,450.0,6.111467339502679,0,1,450.0,6.111467339502679,0,0.7613936274410426
07140003,1,450.0,6.111467339502679,0,2,1150.0,7.048386408721883,0,0.7584790198666227
07140005,0,0.0,0.0,0,1,450.0,6.111467339502679,0,0.7608851746703603
07140006,1,450.0,6.111467339502679,0,4,3150.0,8.055475141757274,0,1.055351341931831
07140007,1,450.0,6.111467339502679,0,3,2150.0,7.67368812926773,0,0.8877109798125026
07140008,1,450.0,6.111467339502679,0,2,1150.0,7.048386408721883,0,0.7742576898434914
07140009,1,450.0,6.111467339502679,0,1,450.0,6.111467339502679,0,0.7754528408821499
07140010,1,450.0,6.111467339502679,0,1,450.0,6.111467339502679,0,0.7665592732774902
07140011,0,0.0,0.0,0,1,450.0,6.111467339502679,0,0.7588215546388262
07140012,1,450.0,6.111467339502679,0,1,450.0,6.111467339502679,0,0.7610574230630525
07140014,0,0.0,0.0,0,1,450.0,6.111467339502679,0,0.7636342481406606
07140015,1,450.0,6.111467339502679,0,2,1150.0,7.048386408721883,0,0.7831215539140379
07140016,0,0.0,0.0,0,1,450.0,6.111467339502679,0,0.7608053799138835
07140018,1,450.0,6.111467339502679,0,1,450.0,6.111467339502679,0,0.7640260140825083
07140020,0,0.0,0.0,0,1,450.0,6.111467339502679,0,0.7620572825589063
07140021,1,450.0,6.111467339502679,0,1,450.0,6.111467339502679,0,0.7750993736046192
07140023,1,450.0,6.111467339502679,0,1,450.0,6.111467339502679,0,0.7613509098309641
07140024,1,450.0,6.111467339502679,0,4,3150.0,8.055475141757274,0,1.0717593298171808
07140025,0,0.0,0.0,0,1,450.0,6.111467339502679,0,0.7592193730687793
07140027,0,0.0,0.0,0,1,450.0,6.111467339502679,0,0.755037733007637
07140028,1,450.0,6.111467339502679,0,3,2150.0,7.67368812926773,0,0.7915373317965305
07140029,1,450.0,6.111467339502679,0,3,2150.0,7.67368812926773,0,0.8545436478780235
07140030,1,450.0,6.111467339502679,0,3,2150.0,7.67368812926773,0,0.8210152172666856
07140031,0,0.0,0.0,0,1,450.0,6.111467339502679,0,0.762972435701188
07140035,0,0.0,0.0,0,1,450.0,6.111467339502679,0,0.7560378176817426
07140036,0,0.0,0.0,0,1,450.0,6.111467339502679,0,0.7640334216619579
07140037,0,0.0,0.0,0,1,450.0,6.111467339502679,0,0.755974660879774
07140039,1,450.0,6.111467339502679,0,2,1150.0,7.048386408721883,0,0.7777612950426488
07140040,1,450.0,6.111467339502679,0,3,2150.0,7.67368812926773,0,0.7721830831807761
07140041,1,450.0,6.111467339502679,0,3,2150.0,7.67368812926773,0,0.7710680110559016
07140042,1,450.0,6.111467339502679,0,1,450.0,6.111467339502679,0,0.7659098071199593
07140043,0,0.0,0.0,0,1,450.0,6.111467339502679,0,0.7653897171812026
07140044,1,450.0,6.111467339502679,0,4,3150.0,8.055475141757274,0,1.1543082092785184
07140045,0,0.0,0.0,0,1,450.0,6.111467339502679,0,0.7652461203461671
07140046,1,450.0,6.111467339502679,0,1,450.0,6.111467339502679,0,0.7746425194356179
07140047,0,0.0,0.0,0,1,450.0,6.111467339502679,0,0.7622006441055613
07140048,1,450.0,6.111467339502679,0,3,2150.0,7.67368812926773,0,0.8062813026044969
07140049,1,450.0,6.111467339502679,0,3,2150.0,7.67368812926773,0,0.7973079851949973
07140050,1,450.0,6.111467339502679,0,3,2150.0,7.67368812926773,0,0.7644664974744201
07140053,1,450.0,6.111467339502679,0,4,3150.0,8.055475141757274,0,0.8936288683043179
07140055,1,450.0,6.111467339502679,0,1,450.0,6.111467339502679,0,0.766618231154151
07140056,1,450.0,6.111467339502679,0,2,1150.0,7.048386408721883,0,0.7654237161604075
07140058,1,450.0,6.111467339502679,0,1,450.0,6.111467339502679,0,0.7632718208459295
07140060,0,0.0,0.0,0,1,450.0,6.111467339502679,0,0.7625038760784224
07140062,1,450.0,6.111467339502679,0,2,1450.0,7.280008252884188,0,0.8170102832860908
07140063,0,0.0,0.0,0,1,450.0,6.111467339502679,0,0.7632138901542795
07140064,1,450.0,6.111467339502679,0,1,450.0,6.111467339502679,0,0.7708388769693388
07140065,1,450.0,6.111467339502679,0,1,450.0,6.111467339502679,0,0.7705434011229202
07140067,1,450.0,6.111467339502679,0,3,2150.0,7.67368812926773,0,0.8072982651650058
07140068,0,0.0,0.0,0,1,450.0,6.111467339502679,0,0.7590827310631054
07140070,1,450.0,6.111467339502679,0,1,450.0,6.111467339502679,0,0.7641275066234408
07140071,1,450.0,6.111467339502679,0,3,2150.0,7.67368812926773,0,0.8207599070208925
07140073,1,450.0,6.111467339502679,0,1,450.0,6.111467339502679,0,0.7688393265404838
07140075,0,0.0,0.0,0,1,450.0,6.111467339502679,0,0.7659537568167583
07140076,1,450.0,6.111467339502679,0,1,450.0,6.111467339502679,0,0.7707436597525017
07140077,1,450.0,6.111467339502679,0,1,450.0,6.111467339502679,0,0.7689902372737556
07140079,1,450.0,6.111467339502679,0,1,450.0,6.111467339502679,0,0.7656680745512503
07140080,0,0.0,0.0,0,1,450.0,6.111467339502679,0,0.7600346658659722
07140081,1,450.0,6.111467339502679,0,4,3150.0,8.055475141757274,0,0.8751475323618982
07140084,0,0.0,0.0,0,1,450.0,6.111467339502679,0,0.7625994036035343
07140085,0,0.0,0.0,0,1,450.0,6.111467339502679,0,0.7578780651742809
07140086,1,450.0,6.111467339502679,0,3,2150.0,7.67368812926773,0,0.8050938762047237
07140087,0,0.0,0.0,0,1,450.0,6.111467339502679,0,0.7617997357975403
07140089,0,0.0,0.0,0,1,450.0,6.111467339502679,0,0.7609089569830947
07140090,1,450.0,6.111467339502679,0,3,2150.0,7.67368812926773,0,0.7900068013977803
07140092,1,450.0,6.111467339502679,0,2,1150.0,7.048386408721883,0,0.7677627415795756
07140093,0,0.0,0.0,0,1,450.0,6.111467339502679,0,0.7660630447252599
07140094,1,450.0,6.111467339502679,0,3,2150.0,7.67368812926773,0,0.838460231551225
07140095,1,450.0,6.111467339502679,0,1,450.0,6.111467339502679,0,0.7773613178737462
07140096,0,0.0,0.0,0,1,450.0,6.111467339502679,0,0.7576016144356121
07140099,1,450.0,6.111467339502679,0,2,1150.0,7.048386408721883,0,0.7611962041625213
07140100,1,450.0,6.111467339502679,0,2,1150.0,7.048386408721883,0,0.7759317420538654
07140101,1,450.0,6.111467339502679,0,1,450.0,6.111467339502679,0,0.7704598733405503
07140102,0,0.0,0.0,0,1,450.0,6.111467339502679,0,0.7659240564036134
07140104,0,0.0,0.0,0,1,450.0,6.111467339502679,0,0.7599649638236234
07140105,1,450.0,6.111467339502679,0,3,2150.0,7.67368812926773,0,0.8430808560681784
07140106,1,450.0,6.111467339502679,0,1,450.0,6.111467339502679,0,0.7645859742017803
07140107,1,450.0,6.111467339502679,0,3,2150.0,7.67368812926773,0,0.8981159051606783
07140108,0,0.0,0.0,0,1,450.0,6.111467339502679,0,0.7631323571191757
07140109,1,450.0,6.111467339502679,0,4,3150.0,8.055475141757274,0,0.954893129308413
07140110,0,0.0,0.0,0,1,450.0,6.111467339502679,0,0.7621178753776588
07140111,1,450.0,6.111467339502679,0,3,2150.0,7.67368812926773,0,0.8616265813416476
07140112,0,0.0,0.0,0,1,450.0,6.111467339502679,0,0.7592637579622856
07140113,1,450.0,6.111467339502679,0,2,1150.0,7.048386408721883,0,0.7719409070784093
07140115,1,450.0,6.111467339502679,0,2,1150.0,7.048386408721883,0,0.7777470032188505
07140116,0,0.0,0.0,0,1,450.0,6.111467339502679,0,0.757571211545291
07140117,0,0.0,0.0,0,1,450.0,6.111467339502679,0,0.7617063496247342
07140118,1,450.0,6.111467339502679,0,1,450.0,6.111467339502679,0,0.7613168152597067
07140119,1,450.0,6.111467339502679,0,2,1150.0,7.048386408721883,0,0.7766012454497957
07140120,1,450.0,6.111467339502679,0,4,3150.0,8.055475141757274,0,1.045216119210558
07140121,1,450.0,6.111467339502679,0,1,450.0,6.111467339502679,0,0.7600733327438245
07140122,1,450.0,6.111467339502679,0,3,2150.0,7.67368812926773,0,0.8023891275365067
07140123,1,450.0,6.111467339502679,0,1,450.0,6.111467339502679,0,0.7850148480700245
07140125,0,0.0,0.0,0,1,450.0,6.111467339502679,0,0.755491638839143
07140126,0,0.0,0.0,0,1,450.0,6.111467339502679,0,0.7606774594200005
07140127,1,450.0,6.111467339502679,0,2,1150.0,7.048386408721883,0,0.7620412064696718
07140128,1,450.0,6.111467339502679,0,3,2150.0,7.67368812926773,0,0.8463994900458321
07140129,1,450.0,6.111467339502679,0,3,2150.0,7.67368812926773,0,0.7856953804784745
07140130,1,450.0,6.111467339502679,0,3,2150.0,7.67368812926773,0,0.7862639574329131
07140131,1,450.0,6.111467339502679,0,1,450.0,6.111467339502679,0,0.7681281595584617
07140133,0,0.0,0.0,0,1,450.0,6.111467339502679,0,0.7621136754066451
07140134,1,450.0,6.111467339502679,0,2,1150.0,7.048386408721883,0,0.7677061469916184
07140135,1,450.0,6.111467339502679,0,3,2150.0,7.67368812926773,0,0.7766275498042277
07140138,0,0.0,0.0,0,1,450.0,6.111467339502679,0,0.7578105523326095
07140139,1,450.0,6.111467339502679,0,2,1150.0,7.048386408721883,0,0.7774585520501693
07140140,0,0.0,0.0,0,1,450.0,6.111467339502679,0,0.7635204245213068
07140141,1,450.0,6.111467339502679,0,3,2150.0,7.67368812926773,0,0.8985388867828836
07140144,1,450.0,6.111467339502679,0,2,1150.0,7.048386408721883,0,0.766997414702087
07140145,1,450.0,6.111467339502679,0,4,3150.0,8.055475141757274,0,0.994532664677144
07140146,1,450.0,6.111467339502679,0,3,2150.0,7.67368812926773,0,0.8307569904280863
07140147,1,450.0,6.111467339502679,0,1,450.0,6.111467339502679,0,0.7715107575945315
07140148,0,0.0,0.0,0,1,450.0,6.111467339502679,0,0.7597718906834517
07140149,0,0.0,0.0,0,1,450.0,6.111467339502679,0,0.7636933652288672
07140150,1,450.0,6.111467339502679,0,2,1150.0,7.048386408721883,0,0.7634750413908769
07140151,1,450.0,6.111467339502679,0,3,2150.0,7.67368812926773,0,0.8416162340303636
07140153,1,450.0,6.111467339502679,0,1,450.0,6.111467339502679,0,0.7696910609312404
07140154,1,450.0,6.111467339502679,0,2,1150.0,7.048386408721883,0,0.7899526579008505
07140155,0,0.0,0.0,0,1,450.0,6.111467339502679,0,0.7607608143087305
07140156,0,0.0,0.0,0,1,450.0,6.111467339502679,0,0.7612820807203426
07140158,1,450.0,6.111467339502679,0,1,450.0,6.111467339502679,0,0.7591073527614942
07140159,1,450.0,6.111467339502679,0,4,3150.0,8.055475141757274,0,0.9321985506076191
07140161,0,0.0,0.0,0,1,450.0,6.111467339502679,0,0.7588971812570855
07140163,1,450.0,6.111467339502679,0,3,2150.0,7.67368812926773,0,0.7834064126191618
07140164,1,450.0,6.111467339502679,0,3,2150.0,7.67368812926773,0,0.7841724964894026
07140165,1,450.0,6.111467339502679,0,3,2150.0,7.67368812926773,0,0.9174285659586414
07140166,1,450.0,6.111467339502679,0,1,450.0,6.111467339502679,0,0.7859702307384688
07140201,0,0.0,0.0,0,1,450.0,6.111467339502679,0,0.7667387734714535
07140202,1,450.0,6.111467339502679,0,1,450.0,6.111467339502679,0,0.7673805420635098
07140204,1,450.0,6.111467339502679,0,1,450.0,6.111467339502679,0,0.7817796200271272
07140205,0,0.0,0.0,0,1,450.0,6.111467339502679,0,0.7678556806064236
07140501,0,0.0,0.0,0,1,450.0,6.111467339502679,0,0.769739029421145
07140502,1,450.0,6.111467339502679,0,1,450.0,6.111467339502679,0,0.7690807840343751
07140503,1,450.0,6.111467339502679,0,1,450.0,6.111467339502679,0,0.7725858505118066
07140504,1,450.0,6.111467339502679,0,1,450.0,6.111467339502679,0,0.7697249964995101
07141001,0,0.0,0.0,0,0,0.0,0.0,0,0.7779554569537166
07141002,0,0.0,0.0,0,0,0.0,0.0,0,0.7877167089099931
07141003,0,0.0,0.0,0,0,0.0,0.0,0,0.7769436370886769
07141004,0,0.0,0.0,0,1,450.0,6.111467339502679,0,0.7639119821709502
07141005,0,0.0,0.0,0,0,0.0,0.0,0,0.7898151980377377
07141006,0,0.0,0.0,0,0,0.0,0.0,0,0.7823223302353528
07141008,0,0.0,0.0,0,0,0.0,0.0,0,0.7763339299664407
07141009,0,0.0,0.0,0,0,0.0,0.0,0,0.7720202354985886
07141010,0,0.0,0.0,0,0,0.0,0.0,0,0.7774865974473788
07141011,0,0.0,0.0,0,0,0.0,0.0,0,0.77415056144889
07141012,0,0.0,0.0,0,0,0.0,0.0,0,0.7709330878748771
07141013,0,0.0,0.0,0,0,0.0,0.0,0,0.7797556279407631
07141014,0,0.0,0.0,0,0,0.0,0.0,0,0.7867581805837531
07141015,0,0.0,0.0,0,1,450.0,6.111467339502679,0,0.765908075938845
07141016,0,0.0,0.0,0,1,450.0,6.111467339502679,0,0.760771316788739
07141018,0,0.0,0.0,0,0,0.0,0.0,0,0.7792545412434232
07141019,0,0.0,0.0,0,0,0.0,0.0,0,0.7686034814726679
07141020,0,0.0,0.0,0,1,1000.0,6.90875477931522,0,0.7829305548714858
07141021,0,0.0,0.0,0,0,0.0,0.0,0,0.7828596839925355
07141022,0,0.0,0.0,0,0,0.0,0.0,0,0.7835661894021875
07141023,0,0.0,0.0,0,1,450.0,6.111467339502679,0,0.7716018458725578
07141024,0,0.0,0.0,0,1,450.0,6.111467339502679,0,0.7670350059911178
07141025,0,0.0,0.0,0,0,0.0,0.0,0,0.7812193562844061
07141026,0,0.0,0.0,0,0,0.0,0.0,0,0.7721029060601363
07141027,0,0.0,0.0,0,0,0.0,0.0,0,0.7776163282797748
07141029,0,0.0,0.0,0,0,0.0,0.0,0,0.7885624202011092
07141030,0,0.0,0.0,0,0,0.0,0.0,0,0.7807713761452264
07141031,0,0.0,0.0,0,1,450.0,6.111467339502679,0,0.759380612739152
07141032,0,0.0,0.0,0,0,0.0,0.0,0,0.7766979285340934
07141033,0,0.0,0.0,0,0,0.0,0.0,0,0.7736134662511683
07141034,0,0.0,0.0,0,0,0.0,0.0,0,0.7786015438521585
07141035,0,0.0,0.0,0,1,450.0,6.111467339502679,0,0.7700707479109505
07141036,0,0.0,0.0,0,0,0.0,0.0,0,0.7764882937244076
07141037,0,0.0,0.0,0,1,450.0,6.111467339502679,0,0.7671822986073986
07141038,0,0.0,0.0,0,0,0.0,0.0,0,0.7911165290077043
07141039,0,0.0,0.0,0,0,0.0,0.0,0,0.7763443093553576
07141040,0,0.0,0.0,0,1,450.0,6.111467339502679,0,0.7673961112148522
07141041,0,0.0,0.0,0,0,0.0,0.0,0,0.7831310678700649
07141042,0,0.0,0.0,0,1,450.0,6.111467339502679,0,0.770520696118922
07141043,0,0.0,0.0,0,0,0.0,0.0,0,0.7869176762873122
07141044,0,0.0,0.0,0,0,0.0,0.0,0,0.7794796731314768
07141045,0,0.0,0.0,0,0,0.0,0.0,0,0.7841989205254013
07141046,0,0.0,0.0,0,0,0.0,0.0,0,0.7719649102260724
07141047,0,0.0,0.0,0,1,450.0,6.111467339502679,0,0.7688918411479408
07141049,0,0.0,0.0,0,0,0.0,0.0,0,0.7906769749298641
07141050,0,0.0,0.0,0,0,0.0,0.0,0,0.7807385493162173
07141051,0,0.0,0.0,0,1,1000.0,6.90875477931522,0,0.7842458739108193
07141052,0,0.0,0.0,0,0,0.0,0.0,0,0.7907420400695868
07141053,0,0.0,0.0,0,0,0.0,0.0,0,0.7886887227793882
07141054,0,0.0,0.0,0,0,0.0,0.0,0,0.7767390462501707
07141055,0,0.0,0.0,0,1,450.0,6.111467339502679,0,0.7675040533704087
07141057,0,0.0,0.0,0,0,0.0,0.0,0,0.7875763476544032
07141058,0,0.0,0.0,0,0,0.0,0.0,0,0.78170079332633
07141059,0,0.0,0.0,0,0,0.0,0.0,0,0.7839553260523439
07141060,0,0.0,0.0,0,0,0.0,0.0,0,0.7708133328263737
07141061,0,0.0,0.0,0,0,0.0,0.0,0,0.7878890107340811
07141062,0,0.0,0.0,0,0,0.0,0.0,0,0.7852465653563312
07141063,0,0.0,0.0,0,0,0.0,0.0,0,0.7717890800149644
07141064,0,0.0,0.0,0,0,0.0,0.0,0,0.7887882236788937
07141065,0,0.0,0.0,0,1,1000.0,6.90875477931522,0,0.7857360098399113
07141066,0,0.0,0.0,0,1,450.0,6.111467339502679,0,0.7687486186503456
07141067,0,0.0,0.0,0,1,450.0,6.111467339502679,0,0.7670762865390385
07141068,0,0.0,0.0,0,0,0.0,0.0,0,0.777097608689985
07141069,0,0.0,0.0,0,1,450.0,6.111467339502679,0,0.75851675280183
07141070,0,0.0,0.0,0,1,450.0,6.111467339502679,0,0.7721804463840496
07141071,0,0.0,0.0,0,0,0.0,0.0,0,0.7835693317688956
07141072,0,0.0,0.0,0,1,450.0,6.111467339502679,0,0.7646767279676348
07141073,0,0.0,0.0,0,0,0.0,0.0,0,0.7773969123970486
07141074,0,0.0,0.0,0,0,0.0,0.0,0,0.7772572136410543
07141075,0,0.0,0.0,0,1,450.0,6.111467339502679,0,0.778645022301399
07141076,0,0.0,0.0,0,0,0.0,0.0,0,0.7854278963782702
07141077,0,0.0,0.0,0,0,0.0,0.0,0,0.7817582254672746
07141078,0,0.0,0.0,0,1,450.0,6.111467339502679,0,0.7648966576848755
07141079,0,0.0,0.0,0,1,450.0,6.111467339502679,0,0.7636578536867542
07141080,0,0.0,0.0,0,1,450.0,6.111467339502679,0,0.7634472961217524
07141081,0,0.0,0.0,0,0,0.0,0.0,0,0.7845511762004702
07141082,0,0.0,0.0,0,0,0.0,0.0,0,0.7730922354805705
07141083,0,0.0,0.0,0,1,450.0,6.111467339502679,0,0.7667087913417467
07141084,0,0.0,0.0,0,0,0.0,0.0,0,0.770670958387276
07141085,0,0.0,0.0,0,0,0.0,0.0,0,0.7696250390599972
07141086,0,0.0,0.0,0,0,0.0,0.0,0,0.781700616680275
07141087,0,0.0,0.0,0,0,0.0,0.0,0,0.7781420178934549
07141088,0,0.0,0.0,0,0,0.0,0.0,0,0.7753481530360486
07141089,0,0.0,0.0,0,0,0.0,0.0,0,0.7806655853189439
07141091,0,0.0,0.0,0,0,0.0,0.0,0,0.7788978910891171
07141092,0,0.0,0.0,0,0,0.0,0.0,0,0.7677538943187516
07141093,0,0.0,0.0,0,1,1000.0,6.90875477931522,0,0.7864390510384756
07141094,0,0.0,0.0,0,1,450.0,6.111467339502679,0,0.7710134062053547
07141095,0,0.0,0.0,0,0,0.0,0.0,0,0.7863882821040513
07141096,0,0.0,0.0,0,0,0.0,0.0,0,0.7735804338162648
07141097,0,0.0,0.0,0,1,450.0,6.111467339502679,0,0.7640376078137185
07141098,0,0.0,0.0,0,0,0.0,0.0,0,0.7832104550858139
07141099,0,0.0,0.0,0,1,450.0,6.111467339502679,0,0.7640961747684096
07141100,0,0.0,0.0,0,1,450.0,6.111467339502679,0,0.7706388577181843
07141101,0,0.0,0.0,0,0,0.0,0.0,0,0.7746971956837903
07141102,0,0.0,0.0,0,1,1000.0,6.90875477931522,0,0.7863423759204115
07141103,0,0.0,0.0,0,0,0.0,0.0,0,0.7795437296068224
07141104,0,0.0,0.0,0,0,0.0,0.0,0,0.7722849575123908
07141105,0,0.0,0.0,0,1,450.0,6.111467339502679,0,0.764189301011442
07141106,0,0.0,0.0,0,0,0.0,0.0,0,0.7755336606901311
07141107,0,0.0,0.0,0,1,450.0,6.111467339502679,0,0.767210220104078
07141108,0,0.0,0.0,0,1,450.0,6.111467339502679,0,0.7708444704881323
07141109,0,0.0,0.0,0,1,450.0,6.111467339502679,0,0.7625979121891509
07141110,0,0.0,0.0,0,1,450.0,6.111467339502679,0,0.7685732456920071
07141111,0,0.0,0.0,0,0,0.0,0.0,0,0.7724837152057218
07141112,0,0.0,0.0,0,1,450.0,6.111467339502679,0,0.7656536504822602
07141113,0,0.0,0.0,0,0,0.0,0.0,0,0.7757873288321571
07141114,0,0.0,0.0,0,1,450.0,6.111467339502679,0,0.7627884897570881
07141115,0,0.0,0.0,0,1,450.0,6.111467339502679,0,0.7629259349608404
07141116,0,0.0,0.0,0,1,450.0,6.111467339502679,0,0.7630259943804202
07141117,0,0.0,0.0,0,0,0.0,0.0,0,0.7726279357057675
07141118,0,0.0,0.0,0,0,0.0,0.0,0,0.7747289234567943
07141120,0,0.0,0.0,0,1,450.0,6.111467339502679,0,0.7668903143913846
07141121,0,0.0,0.0,0,1,450.0,6.111467339502679,0,0.7623072954695898
07141122,0,0.0,0.0,0,1,450.0,6.111467339502679,0,0.7591049652940285
07141124,0,0.0,0.0,0,0,0.0,0.0,0,0.7826823236710356
07141125,0,0.0,0.0,0,0,0.0,0.0,0,0.7810557144149305
07141126,0,0.0,0.0,0,0,0.0,0.0,0,0.781001953556368
07141127,0,0.0,0.0,0,0,0.0,0.0,0,0.7746777756801574
07141128,0,0.0,0.0,0,0,0.0,0.0,0,0.7786995796320271
07141129,0,0.0,0.0,0,0,0.0,0.0,0,0.7744709730236881
07141130,0,0.0,0.0,0,0,0.0,0.0,0,0.781592862780037
07141131,0,0.0,0.0,0,1,450.0,6.111467339502679,0,0.7640889385281491
07141132,0,0.0,0.0,0,0,0.0,0.0,0,0.7774322102871248
07141133,0,0.0,0.0,0,0,0.0,0.0,0,0.7816586538225742
07141134,0,0.0,0.0,0,0,0.0,0.0,0,0.7650101998502663
07141135,0,0.0,0.0,0,0,0.0,0.0,0,0.7797485341761377
07141136,0,0.0,0.0,0,1,450.0,6.111467339502679,0,0.7606811840462184
07141137,0,0.0,0.0,0,1,450.0,6.111467339502679,0,0.7637472859898695
07141138,0,0.0,0.0,0,1,450.0,6.111467339502679,0,0.7657542107676969
07141139,0,0.0,0.0,0,0,0.0,0.0,0,0.7820051020381924
07141140,0,0.0,0.0,0,1,450.0,6.111467339502679,0,0.7696956306271381
07141141,0,0.0,0.0,0,0,0.0,0.0,0,0.7840839806084818
07141201,0,0.0,0.0,0,0,0.0,0.0,0,0.7886977523114688
07141501,0,0.0,0.0,0,1,450.0,6.111467339502679,0,0.7744155101876495
07141502,0,0.0,0.0,0,1,450.0,6.111467339502679,0,0.7653090143941292
07141503,0,0.0,0.0,0,0,0.0,0.0,0,0.7844967689402118
07143001,0,0.0,0.0,0,3,2400.0,7.783640596221253,0,0.8085873211867551
07143003,0,0.0,0.0,0,0,0.0,0.0,0,0.8019406648657382
07143005,0,0.0,0.0,0,0,0.0,0.0,0,0.8015716223597431
07143006,0,0.0,0.0,0,3,2400.0,7.783640596221253,0,0.8143058013672594
07143007,0,0.0,0.0,0,3,2400.0,7.783640596221253,0,0.8142498329118124
07143008,0,0.0,0.0,0,0,0.0,0.0,0,0.7894213949615072
07143009,0,0.0,0.0,0,3,2400.0,7.783640596221253,0,0.8163465369977594
07143010,0,0.0,0.0,0,0,0.0,0.0,0,0.8007487187938109
07143011,0,0.0,0.0,0,0,0.0,0.0,0,0.7965802693949187
07143012,0,0.0,0.0,0,1,1000.0,6.90875477931522,0,0.8044112210285619
07143013,0,0.0,0.0,0,0,0.0,0.0,0,0.7889343340193864
07143015,0,0.0,0.0,0,3,2400.0,7.783640596221253,0,0.8158496425347352
07143018,0,0.0,0.0,0,1,1000.0,6.90875477931522,0,0.8176310590434679
07143019,0,0.0,0.0,0,3,2400.0,7.783640596221253,0,0.8321969822524572
07143020,0,0.0,0.0,0,0,0.0,0.0,0,0.7858458774085918
07143021,0,0.0,0.0,0,0,0.0,0.0,0,0.7973164774363755
07143022,0,0.0,0.0,0,3,2400.0,7.783640596221253,0,0.8214454180049684
07143023,0,0.0,0.0,0,0,0.0,0.0,0,0.7917967235722971
07143024,0,0.0,0.0,0,0,0.0,0.0,0,0.7970432623590892
07143025,0,0.0,0.0,0,2,1600.0,7.3783837129967145,0,0.8233095314188984
07143026,0,0.0,0.0,0,0,0.0,0.0,0,0.7918185630525196
07143027,0,0.0,0.0,0,0,0.0,0.0,0,0.7977642877367747
07143028,0,0.0,0.0,0,1,1000.0,6.90875477931522,0,0.8099838568254207
07143029,0,0.0,0.0,0,3,2400.0,7.783640596221253,0,0.82772470555491
07143030,0,0.0,0.0,0,2,1600.0,7.3783837129967145,0,0.8051280774358813
07143031,0,0.0,0.0,0,1,1000.0,6.90875477931522,0,0.7942134044919964
07143032,0,0.0,0.0,0,2,1600.0,7.3783837129967145,0,0.8016166379989593
07143033,0,0.0,0.0,0,0,0.0,0.0,0,0.792445967197423
07143034,0,0.0,0.0,0,0,0.0,0.0,0,0.7867640075988972
07143036,0,0.0,0.0,0,0,0.0,0.0,0,0.7846962736141803
07143037,0,0.0,0.0,0,0,0.0,0.0,0,0.7976264858959188
07143038,0,0.0,0.0,0,2,1600.0,7.3783837129967145,0,0.8074406028236707
07143039,0,0.0,0.0,0,0,0.0,0.0,0,0.790393723583477
07143040,0,0.0,0.0,0,3,2400.0,7.783640596221253,0,0.8073069599084108
07143041,0,0.0,0.0,0,3,2400.0,7.783640596221253,0,0.8203594444899902
07143042,0,0.0,0.0,0,0,0.0,0.0,0,0.8064067069658711
07143044,0,0.0,0.0,0,3,2400.0,7.783640596221253,0,0.8248413442933333
07143045,0,0.0,0.0,0,3,2400.0,7.783640596221253,0,0.8333517818797145
07143046,0,0.0,0.0,0,2,1600.0,7.3783837129967145,0,0.8175045067333762
07143047,0,0.0,0.0,0,1,1000.0,6.90875477931522,0,0.8091044850781526
07143048,0,0.0,0.0,0,0,0.0,0.0,0,0.7963118380449026
07143049,0,0.0,0.0,0,0,0.0,0.0,0,0.8029211935879188
07143050,0,0.0,0.0,0,3,2400.0,7.783640596221253,0,0.8116979437889789
07143051,0,0.0,0.0,0,0,0.0,0.0,0,0.7930512625864946
07143052,0,0.0,0.0,0,0,0.0,0.0,0,0.7903938454811996
07143053,0,0.0,0.0,0,0,0.0,0.0,0,0.7921326126338153
07143054,0,0.0,0.0,0,0,0.0,0.0,0,0.7942535229989122
07143055,0,0.0,0.0,0,0,0.0,0.0,0,0.7940442587010575
07143056,0,0.0,0.0,0,2,1600.0,7.3783837129967145,0,0.8142564131020018
07143057,0,0.0,0.0,0,0,0.0,0.0,0,0.7892903008448232
07143058,0,0.0,0.0,0,0,0.0,0.0,0,0.7961073009994031
07143059,0,0.0,0.0,0,3,2400.0,7.783640596221253,0,0.8146494887159912
07143060,0,0.0,0.0,0,0,0.0,0.0,0,0.8068886789605598
07143061,0,0.0,0.0,0,1,1000.0,6.90875477931522,0,0.8122275606898288
07143062,0,0.0,0.0,0,1,1000.0,6.90875477931522,0,0.8055265512471844
07143064,0,0.0,0.0,0,3,2400.0,7.783640596221253,0,0.8241158104025282
07143065,0,0.0,0.0,0,0,0.0,0.0,0,0.7995526326845144
07143066,0,0.0,0.0,0,2,1600.0,7.3783837129967145,0,0.8254982324063413
07143067,0,0.0,0.0,0,2,1600.0,7.3783837129967145,0,0.8168215226601947
07143068,0,0.0,0.0,0,3,2400.0,7.783640596221253,0,0.812455381478137
07143069,0,0.0,0.0,0,3,2400.0,7.783640596221253,0,0.8190571747163344
07143070,0,0.0,0.0,0,1,1000.0,6.90875477931522,0,0.8063908292400699
07143071,0,0.0,0.0,0,1,1000.0,6.90875477931522,0,0.792566657741412
07143072,0,0.0,0.0,0,0,0.0,0.0,0,0.7893630625804677
07143073,0,0.0,0.0,0,0,0.0,0.0,0,0.8010572098593287
07143074,0,0.0,0.0,0,0,0.0,0.0,0,0.7984008721003855
07143075,0,0.0,0.0,0,2,1600.0,7.3783837129967145,0,0.8219718901593863
07143077,0,0.0,0.0,0,0,0.0,0.0,0,0.7905701258760645
07143078,0,0.0,0.0,0,1,1000.0,6.90875477931522,0,0.811420524635473
07143079,0,0.0,0.0,0,0,0.0,0.0,0,0.7867624693592978
07143080,0,0.0,0.0,0,0,0.0,0.0,0,0.7983717462459787
07143081,0,0.0,0.0,0,0,0.0,0.0,0,0.8032411999157798
07143082,0,0.0,0.0,0,3,2400.0,7.783640596221253,0,0.8111377408682425
07143084,0,0.0,0.0,0,3,2400.0,7.783640596221253,0,0.8135184945248334
07143085,0,0.0,0.0,0,0,0.0,0.0,0,0.8175215608470159
07143200,0,0.0,0.0,0,1,400.0,5.993961427306569,0,0.8197078930339066
07143202,0,0.0,0.0,0,1,400.0,5.993961427306569,0,0.8292292044895695
07143203,0,0.0,0.0,0,0,0.0,0.0,0,0.8126164516416379
07143204,0,0.0,0.0,0,4,2800.0,7.937731775260109,0,0.8502270516576462
07143205,0,0.0,0.0,0,3,2000.0,7.601402334583733,0,0.8465257812552895
07143206,0,0.0,0.0,0,1,400.0,5.993961427306569,0,0.8283627516294428
07143207,0,0.0,0.0,0,1,400.0,5.993961427306569,0,0.8200422306190354
07143208,0,0.0,0.0,0,0,0.0,0.0,0,0.8013609686794965
07143209,0,0.0,0.0,0,0,0.0,0.0,0,0.8092056051237941
07143210,0,0.0,0.0,0,0,0.0,0.0,0,0.8037249432152807
07143211,0,0.0,0.0,0,1,400.0,5.993961427306569,0,0.8335497733988906
07143212,0,0.0,0.0,0,4,2800.0,7.937731775260109,0,0.8530573977695335
07143213,0,0.0,0.0,0,0,0.0,0.0,0,0.8139002534743343
07143214,0,0.0,0.0,0,2,400.0,5.993961427306569,1,0.8273027287997092
07143215,0,0.0,0.0,0,3,2000.0,7.601402334583733,0,0.8237753054296524
07143216,0,0.0,0.0,0,1,400.0,5.993961427306569,0,0.8231621580692425
07143218,0,0.0,0.0,0,1,0.0,0.0,1,0.8144079655343854
07143219,0,0.0,0.0,0,1,400.0,5.993961427306569,0,0.825628711655563
07143220,0,0.0,0.0,0,0,0.0,0.0,0,0.8083207983547182
07143221,0,0.0,0.0,0,1,1000.0,6.90875477931522,0,0.8132821366632101
07143222,0,0.0,0.0,0,1,400.0,5.993961427306569,0,0.8249279567932971
07143223,0,0.0,0.0,0,3,2000.0,7.601402334583733,0,0.8340974210159293
07143224,0,0.0,0.0,0,1,0.0,0.0,1,0.8118490454265364
07143225,0,0.0,0.0,0,4,2800.0,7.937731775260109,0,0.860400376851585
07143226,0,0.0,0.0,0,0,0.0,0.0,0,0.8069355999352812
07143227,0,0.0,0.0,0,1,400.0,5.993961427306569,0,0.8245587045827647
07143228,0,0.0,0.0,0,0,0.0,0.0,0,0.8084900446055407
07143229,0,0.0,0.0,0,3,2000.0,7.601402334583733,0,0.8387692406697566
07143230,0,0.0,0.0,0,0,0.0,0.0,0,0.8109111820920272
07143231,0,0.0,0.0,0,1,400.0,5.993961427306569,0,0.8254986431273812
07143232,0,0.0,0.0,0,0,0.0,0.0,0,0.8091213921722877
07143233,0,0.0,0.0,0,1,400.0,5.993961427306569,0,0.8176289745630334
07143234,0,0.0,0.0,0,1,400.0,5.993961427306569,0,0.8270106301456053
07143235,0,0.0,0.0,0,4,2800.0,7.937731775260109,0,0.8456919138555954
07143236,0,0.0,0.0,0,4,2800.0,7.937731775260109,0,0.8572170770513592
07143237,0,0.0,0.0,0,2,400.0,5.993961427306569,1,0.8192852707152054
07143238,0,0.0,0.0,0,0,0.0,0.0,0,0.8159353634089361
07143239,0,0.0,0.0,0,0,0.0,0.0,0,0.805217999274063
07143240,0,0.0,0.0,0,4,2800.0,7.937731775260109,0,0.8540751221297616
07143241,0,0.0,0.0,0,4,2800.0,7.937731775260109,0,0.8404510767409472
07143242,0,0.0,0.0,0,1,400.0,5.993961427306569,0,0.8215032389566909
07143243,0,0.0,0.0,0,1,400.0,5.993961427306569,0,0.8282116598254038
07143244,0,0.0,0.0,0,2,400.0,5.993961427306569,1,0.8225753673912464
07143245,0,0.0,0.0,0,1,0.0,0.0,1,0.8129510744801226
07143246,0,0.0,0.0,0,1,0.0,0.0,1,0.8113721087354397
07143247,0,0.0,0.0,0,0,0.0,0.0,0,0.8121784937927634
07143248,0,0.0,0.0,0,1,400.0,5.993961427306569,0,0.8345173822372531
07143249,0,0.0,0.0,0,0,0.0,0.0,0,0.8123104314600331
07143250,0,0.0,0.0,0,4,2800.0,7.937731775260109,0,0.8562954945960295
07143251,0,0.0,0.0,0,0,0.0,0.0,0,0.8113766532530737
07143252,0,0.0,0.0,0,4,2800.0,7.937731775260109,0,0.8547679770831873
07143253,0,0.0,0.0,0,1,400.0,5.993961427306569,0,0.8389047420777858
07143254,0,0.0,0.0,0,0,0.0,0.0,0,0.8179942094528914
07143255,0,0.0,0.0,0,1,400.0,5.993961427306569,0,0.8314232526756877
07143256,0,0.0,0.0,0,2,400.0,5.993961427306569,1,0.830279247901085
07143257,0,0.0,0.0,0,4,2800.0,7.937731775260109,0,0.8502507848481047
07143258,0,0.0,0.0,0,2,1400.0,7.244941546337007,0,0.8248648733544619
07143259,0,0.0,0.0,0,2,1400.0,7.244941546337007,0,0.8257054626653462
07143260,0,0.0,0.0,0,3,2000.0,7.601402334583733,0,0.8474169793737534
07143261,0,0.0,0.0,0,4,2800.0,7.937731775260109,0,0.8523644041460126
07143262,0,0.0,0.0,0,4,2800.0,7.937731775260109,0,0.8404485841632146
07143263,0,0.0,0.0,0,0,0.0,0.0,0,0.8039368681193498
07143264,0,0.0,0.0,0,2,1000.0,6.90875477931522,0,0.8415816367172341
07143265,0,0.0,0.0,0,4,2800.0,7.937731775260109,0,0.8578807532503424
07143266,0,0.0,0.0,0,0,0.0,0.0,0,0.8016055360441823
07143267,0,0.0,0.0,0,4,2800.0,7.937731775260109,0,0.8502454342785883
07143268,0,0.0,0.0,0,4,2800.0,7.937731775260109,0,0.8354463575565936
07143269,0,0.0,0.0,0,4,2800.0,7.937731775260109,0,0.8468821231928039
07143270,0,0.0,0.0,0,1,400.0,5.993961427306569,0,0.8418377002419128
07143271,0,0.0,0.0,0,1,0.0,0.0,1,0.8107405325219958
07143272,0,0.0,0.0,0,2,400.0,5.993961427306569,1,0.8219317731465426
07143273,0,0.0,0.0,0,0,0.0,0.0,0,0.8045198005269966
07143274,0,0.0,0.0,0,2,400.0,5.993961427306569,1,0.8235510780375042
07143275,0,0.0,0.0,0,1,1000.0,6.90875477931522,0,0.8121726033030707
07143276,0,0.0,0.0,0,3,2000.0,7.601402334583733,0,0.8409560783157078
07143277,0,0.0,0.0,0,1,400.0,5.993961427306569,0,0.8275808400261915
07143278,0,0.0,0.0,0,2,400.0,5.993961427306569,1,0.8251400946381657
07143279,0,0.0,0.0,0,1,400.0,5.993961427306569,0,0.826975117499604
07143280,0,0.0,0.0,0,1,400.0,5.993961427306569,0,0.8352890067258769
07143281,0,0.0,0.0,0,0,0.0,0.0,0,0.8062858751094346
07143282,0,0.0,0.0,0,1,0.0,0.0,1,0.8157822708040605
07143283,0,0.0,0.0,0,2,400.0,5.993961427306569,1,0.8252671757289429
07143284,0,0.0,0.0,0,1,400.0,5.993961427306569,0,0.8178060684223853
07143285,0,0.0,0.0,0,2,400.0,5.993961427306569,1,0.821717548755015
07143286,0,0.0,0.0,0,2,400.0,5.993961427306569,1,0.8186768833443794
07143287,0,0.0,0.0,0,4,2800.0,7.937731775260109,0,0.8411899990435886
07143288,0,0.0,0.0,0,1,400.0,5.993961427306569,0,0.8224270239989648
07143289,0,0.0,0.0,0,0,0.0,0.0,0,0.8154027208857693
07143290,0,0.0,0.0,0,0,0.0,0.0,0,0.805315544115117
07143291,0,0.0,0.0,0,2,400.0,5.993961427306569,1,0.8273645764593258
07143292,0,0.0,0.0,0,1,0.0,0.0,1,0.814246931732588
07143293,0,0.0,0.0,0,0,0.0,0.0,0,0.8164658164735858
07143294,0,0.0,0.0,0,3,2000.0,7.601402334583733,0,0.8300221369325698
07143295,0,0.0,0.0,0,2,400.0,5.993961427306569,1,0.8282936710538211
07143296,0,0.0,0.0,0,4,2800.0,7.937731775260109,0,0.862411698290934
07143297,0,0.0,0.0,0,1,400.0,5.993961427306569,0,0.825853942994826
07143298,0,0.0,0.0,0,1,400.0,5.993961427306569,0,0.822655204252382
07143299,0,0.0,0.0,0,3,2000.0,7.601402334583733,0,0.845957538693197
07143300,0,0.0,0.0,0,1,400.0,5.993961427306569,0,0.8301900573690044
07143301,0,0.0,0.0,0,4,2800.0,7.937731775260109,0,0.8484320869086299
07143302,0,0.0,0.0,0,2,400.0,5.993961427306569,1,0.8231391948395048
07143303,0,0.0,0.0,0,1,0.0,0.0,1,0.8155818036050011
07143304,0,0.0,0.0,0,0,0.0,0.0,0,0.8019716905020959
07143305,0,0.0,0.0,0,1,1000.0,6.90875477931522,0,0.8148079743596265
07143306,0,0.0,0.0,0,4,2800.0,7.937731775260109,0,0.8426466454541932
07143307,0,0.0,0.0,0,0,0.0,0.0,0,0.8074308819899768
07143308,0,0.0,0.0,0,0,0.0,0.0,0,0.8132120776056393
07143309,0,0.0,0.0,0,1,0.0,0.0,1,0.8157614155378892
07143310,0,0.0,0.0,0,4,2800.0,7.937731775260109,0,0.8405019893541819
07143311,0,0.0,0.0,0,2,400.0,5.993961427306569,1,0.8263433182133779
07143312,0,0.0,0.0,0,0,0.0,0.0,0,0.8096484827545205
07143313,0,0.0,0.0,0,4,2800.0,7.937731775260109,0,0.8441780341075633
07143314,0,0.0,0.0,0,1,0.0,0.0,1,0.8138624016417922
07143315,0,0.0,0.0,0,2,400.0,5.993961427306569,1,0.8238352256828203
07143316,0,0.0,0.0,0,0,0.0,0.0,0,0.800696460938291
07143501,0,0.0,0.0,0,0,0.0,0.0,0,0.8091052275531818
07143502,0,0.0,0.0,0,0,0.0,0.0,0,0.8080902071991058
07231001,0,0.0,0.0,0,3,2450.0,7.804251383528112,0,0.7368783258240147
07231003,1,1000.0,6.90875477931522,0,3,2450.0,7.804251383528112,0,0.7156594040919328
07231004,1,450.0,6.111467339502679,0,3,2450.0,7.804251383528112,0,0.7474578167926353
07231005,1,450.0,6.111467339502679,0,3,2450.0,7.804251383528112,0,0.7628437068211047
07231006,2,2000.0,7.601402334583733,0,5,3150.0,8.055475141757274,1,0.7740854957737142
07231007,1,1000.0,6.90875477931522,0,3,2450.0,7.804251383528112,0,0.7243001835659364
07231008,1,450.0,6.111467339502679,0,4,3150.0,8.055475141757274,0,0.7757338047781359
07231009,0,0.0,0.0,0,3,2450.0,7.804251383528112,0,0.7118229806228591
07231010,1,1000.0,6.90875477931522,0,3,2450.0,7.804251383528112,0,0.7084480640885191
07231012,1,450.0,6.111467339502679,0,3,2450.0,7.804251383528112,0,0.7536196196702061
07231013,1,1000.0,6.90875477931522,0,3,2450.0,7.804251383528112,0,0.7207025340085536
07231014,1,450.0,6.111467339502679,0,3,2450.0,7.804251383528112,0,0.7853293916363568
07231016,2,1450.0,7.280008252884188,0,4,3150.0,8.055475141757274,0,0.757320433065995
07231017,2,2000.0,7.601402334583733,0,5,3150.0,8.055475141757274,1,0.8217259546169264
07231018,1,1000.0,6.90875477931522,0,5,3150.0,8.055475141757274,1,0.7762721405142687
07231019,2,2000.0,7.601402334583733,0,5,3150.0,8.055475141757274,1,0.8163259528241265
07231020,1,450.0,6.111467339502679,0,3,2450.0,7.804251383528112,0,0.7373835254201337
07231022,1,1000.0,6.90875477931522,0,3,2450.0,7.804251383528112,0,0.7333759790644897
07231024,1,1000.0,6.90875477931522,0,3,2450.0,7.804251383528112,0,0.7270760350351908
07231025,0,0.0,0.0,0,3,2450.0,7.804251383528112,0,0.7245661726392055
07231026,0,0.0,0.0,0,3,2450.0,7.804251383528112,0,0.7050954577046791
07231029,1,450.0,6.111467339502679,0,3,2450.0,7.804251383528112,0,0.7960298954271163
07231030,1,450.0,6.111467339502679,0,3,2450.0,7.804251383528112,0,0.7565704164527998
07231031,1,1000.0,6.90875477931522,0,3,2450.0,7.804251383528112,0,0.7400537861273542
07231032,2,2000.0,7.601402334583733,0,5,3150.0,8.055475141757274,1,0.7729529907348611
07231033,0,0.0,0.0,0,3,2450.0,7.804251383528112,0,0.7349551555109509
07231035,2,2000.0,7.601402334583733,0,5,3150.0,8.055475141757274,1,0.776220756585087
07231036,0,0.0,0.0,0,3,2450.0,7.804251383528112,0,0.7248320623263526
07231037,1,1000.0,6.90875477931522,0,3,2450.0,7.804251383528112,0,0.7226161684332346
07231040,2,1450.0,7.280008252884188,0,4,3150.0,8.055475141757274,0,0.7650238737828036
07231041,1,450.0,6.111467339502679,0,4,3150.0,8.055475141757274,0,0.7721391772540356
07231042,2,2000.0,7.601402334583733,0,5,3150.0,8.055475141757274,1,0.7706751247369223
07231044,0,0.0,0.0,0,3,2450.0,7.804251383528112,0,0.7315537631754303
07231046,0,0.0,0.0,0,3,2450.0,7.804251383528112,0,0.7163627111505437
07231049,0,0.0,0.0,0,3,2450.0,7.804251383528112,0,0.7315117455567373
07231051,1,1000.0,6.90875477931522,0,3,2450.0,7.804251383528112,0,0.727684222780962
07231053,2,2000.0,7.601402334583733,0,3,2450.0,7.804251383528112,0,0.7442811890428289
07231054,2,2000.0,7.601402334583733,0,5,3150.0,8.055475141757274,1,0.8000876328868567
07231056,1,450.0,6.111467339502679,0,4,3150.0,8.055475141757274,0,0.8273187169943728
07231057,1,450.0,6.111467339502679,0,3,2450.0,7.804251383528112,0,0.7435767183663808
07231058,3,2450.0,7.804251383528112,0,5,3150.0,8.055475141757274,1,0.7657899034219666
07231062,0,0.0,0.0,0,3,2450.0,7.804251383528112,0,0.7225932212023904
07231064,2,2000.0,7.601402334583733,0,5,3150.0,8.055475141757274,1,0.7776947746307631
07231065,0,0.0,0.0,0,3,2450.0,7.804251383528112,0,0.7167059784951577
07231066,2,1450.0,7.280008252884188,0,3,2450.0,7.804251383528112,0,0.7492595808282871
07231067,1,450.0,6.111467339502679,0,3,2450.0,7.804251383528112,0,0.7536879117848669
07231068,1,450.0,6.111467339502679,0,3,2450.0,7.804251383528112,0,0.7661210967074655
07231069,1,1000.0,6.90875477931522,0,3,2450.0,7.804251383528112,0,0.7406209586562205
07231070,1,450.0,6.111467339502679,0,4,3150.0,8.055475141757274,0,0.8339049512466752
07231071,1,450.0,6.111467339502679,0,4,3150.0,8.055475141757274,0,0.7896106086017042
07231072,1,450.0,6.111467339502679,0,3,2450.0,7.804251383528112,0,0.7780197126882509
07231074,0,0.0,0.0,0,3,2450.0,7.804251383528112,0,0.7254198585343314
07231075,1,450.0,6.111467339502679,0,4,3150.0,8.055475141757274,0,0.759648417013649
07231076,1,450.0,6.111467339502679,0,3,2450.0,7.804251383528112,0,0.7625370026950737
07231077,1,450.0,6.111467339502679,0,4,3150.0,8.055475141757274,0,0.7894310050031239
07231078,2,2000.0,7.601402334583733,0,5,3150.0,8.055475141757274,1,0.8046596856190762
07231079,2,2000.0,7.601402334583733,0,5,3150.0,8.055475141757274,1,0.8256081764234113
07231080,0,0.0,0.0,0,3,2450.0,7.804251383528112,0,0.7186820661762933
07231081,1,450.0,6.111467339502679,0,3,2450.0,7.804251383528112,0,0.7517773328518422
07231082,0,0.0,0.0,0,3,2450.0,7.804251383528112,0,0.7115479536565514
07231083,3,2450.0,7.804251383528112,0,5,3150.0,8.055475141757274,1,0.7675516112895402
07231085,0,0.0,0.0,0,3,2450.0,7.804251383528112,0,0.7225176245523188
07231086,2,2000.0,7.601402334583733,0,4,3150.0,8.055475141757274,0,0.7522323387509734
07231087,1,450.0,6.111467339502679,0,4,3150.0,8.055475141757274,0,0.7733334070758728
07231090,1,450.0,6.111467339502679,0,4,3150.0,8.055475141757274,0,0.756935154059853
07231092,2,2000.0,7.601402334583733,0,3,2450.0,7.804251383528112,0,0.7529694354311187
07231093,2,2000.0,7.601402334583733,0,5,3150.0,8.055475141757274,1,0.8026722606113341
07231095,0,0.0,0.0,0,3,2450.0,7.804251383528112,0,0.728330930815035
07231096,0,0.0,0.0,0,3,2450.0,7.804251383528112,0,0.7365790731094821
07231100,0,0.0,0.0,0,3,2450.0,7.804251383528112,0,0.7255930846596759
07231101,0,0.0,0.0,0,3,2450.0,7.804251383528112,0,0.735051946570225
07231103,1,450.0,6.111467339502679,0,3,2450.0,7.804251383528112,0,0.7465882179940876
07231104,0,0.0,0.0,0,3,2450.0,7.804251383528112,0,0.7226687001110113
07231105,2,2000.0,7.601402334583733,0,3,2450.0,7.804251383528112,0,0.7470596512840535
07231107,1,450.0,6.111467339502679,0,3,2450.0,7.804251383528112,0,0.7440314633590988
07231108,0,0.0,0.0,0,3,2450.0,7.804251383528112,0,0.7267920069804632
07231110,1,450.0,6.111467339502679,0,3,2450.0,7.804251383528112,0,0.7767735192489152
07231111,2,2000.0,7.601402334583733,0,3,2450.0,7.804251383528112,0,0.745770454054179
07231112,2,1450.0,7.280008252884188,0,5,3150.0,8.055475141757274,1,0.7726812185178324
07231113,1,1000.0,6.90875477931522,0,3,2450.0,7.804251383528112,0,0.7330320313053865
07231114,0,0.0,0.0,0,3,2450.0,7.804251383528112,0,0.7219582820060525
07231115,2,2000.0,7.601402334583733,0,5,3150.0,8.055475141757274,1,0.7991303960678952
07231117,1,1000.0,6.90875477931522,0,3,2450.0,7.804251383528112,0,0.7375378154563972
07231120,1,450.0,6.111467339502679,0,4,3150.0,8.055475141757274,0,0.8155561867376724
07231122,2,2000.0,7.601402334583733,0,5,3150.0,8.055475141757274,1,0.7916035854237228
07231123,2,2000.0,7.601402334583733,0,5,3150.0,8.055475141757274,1,0.7875290432608231
07231124,1,450.0,6.111467339502679,0,4,3150.0,8.055475141757274,0,0.797535831313706
07231125,1,450.0,6.111467339502679,0,3,2450.0,7.804251383528112,0,0.7515875897184252
07231126,1,450.0,6.111467339502679,0,4,3150.0,8.055475141757274,0,0.7608486267431291
07231127,0,0.0,0.0,0,3,2450.0,7.804251383528112,0,0.7290054466041973
07231132,0,0.0,0.0,0,3,2450.0,7.804251383528112,0,0.7348815081062983
07231133,3,2450.0,7.804251383528112,0,4,3150.0,8.055475141757274,0,0.7512482115636765
07231134,0,0.0,0.0,0,3,2450.0,7.804251383528112,0,0.73111112739691
07231136,1,450.0,6.111467339502679,0,3,2450.0,7.804251383528112,0,0.7569500265361584
07231202,2,2000.0,7.601402334583733,0,5,3150.0,8.055475141757274,1,0.7847419324475875
07231203,2,2000.0,7.601402334583733,0,5,3150.0,8.055475141757274,1,0.7819743799311689
07231204,2,2000.0,7.601402334583733,0,5,3150.0,8.055475141757274,1,0.771235796209905
07231206,1,450.0,6.111467339502679,0,4,3150.0,8.055475141757274,0,1.0261305804289613
07231501,1,450.0,6.111467339502679,0,4,3150.0,8.055475141757274,0,0.87604134692869
07231502,2,1450.0,7.280008252884188,0,5,3150.0,8.055475141757274,1,0.769829403714295
07231503,0,0.0,0.0,0,3,2450.0,7.804251383528112,0,0.7150851183672179
07231504,1,1000.0,6.90875477931522,0,3,2450.0,7.804251383528112,0,0.7181379590882669
07232001,0,0.0,0.0,0,1,1000.0,6.90875477931522,0,0.6055331343106842
07232002,1,1000.0,6.90875477931522,0,2,2000.0,7.601402334583733,0,0.665261929434967
07232003,0,0.0,0.0,0,1,1000.0,6.90875477931522,0,0.6487527362500413
07232004,0,0.0,0.0,0,1,1000.0,6.90875477931522,0,0.6128291989406609
07232005,0,0.0,0.0,0,1,1000.0,6.90875477931522,0,0.6303712452140696
07232006,1,1000.0,6.90875477931522,0,3,2450.0,7.804251383528112,0,0.7085045878979535
07232007,0,0.0,0.0,0,3,2450.0,7.804251383528112,0,0.6879579341778989
07232008,0,0.0,0.0,0,1,1000.0,6.90875477931522,0,0.6097908311714271
07232009,0,0.0,0.0,0,1,1000.0,6.90875477931522,0,0.6461880649646672
07232010,1,1000.0,6.90875477931522,0,3,2450.0,7.804251383528112,0,0.7031155749460336
07232011,0,0.0,0.0,0,1,1000.0,6.90875477931522,0,0.6411268250607536
07232012,0,0.0,0.0,0,1,1000.0,6.90875477931522,0,0.6158742399104152
07232013,0,0.0,0.0,0,2,2000.0,7.601402334583733,0,0.64635640978353
07232014,0,0.0,0.0,0,1,1000.0,6.90875477931522,0,0.6689108792453923
07232015,0,0.0,0.0,0,1,1000.0,6.90875477931522,0,0.6593730054142138
07232016,0,0.0,0.0,0,1,1000.0,6.90875477931522,0,0.6229223357946166
07232018,0,0.0,0.0,0,2,2000.0,7.601402334583733,0,0.6733817153088262
07232019,1,1000.0,6.90875477931522,0,2,2000.0,7.601402334583733,0,0.6348370022026883
07232020,0,0.0,0.0,0,2,2000.0,7.601402334583733,0,0.6550449872968496
07232022,0,0.0,0.0,0,1,1000.0,6.90875477931522,0,0.637203924767354
07232024,1,1000.0,6.90875477931522,0,3,2450.0,7.804251383528112,0,0.6978105066283798
07232025,0,0.0,0.0,0,1,1000.0,6.90875477931522,0,0.609782222598122
07232026,1,1000.0,6.90875477931522,0,2,2000.0,7.601402334583733,0,0.6603723782886974
07232027,1,1000.0,6.90875477931522,0,3,2450.0,7.804251383528112,0,0.6953260216945125
07232028,1,1000.0,6.90875477931522,0,2,2000.0,7.601402334583733,0,0.6570622385471054
07232029,0,0.0,0.0,0,1,1000.0,6.90875477931522,0,0.6532816307882654
07232030,0,0.0,0.0,0,1,1000.0,6.90875477931522,0,0.6641531947741751
07232031,0,0.0,0.0,0,1,1000.0,6.90875477931522,0,0.628982687203498
07232033,1,1000.0,6.90875477931522,0,2,2000.0,7.601402334583733,0,0.6553230515001287
07232034,1,1000.0,6.90875477931522,0,2,2000.0,7.601402334583733,0,0.6798600591329298
07232037,1,1000.0,6.90875477931522,0,2,2000.0,7.601402334583733,0,0.648091307303
07232038,0,0.0,0.0,0,1,1000.0,6.90875477931522,0,0.6366541380353375
07232039,0,0.0,0.0,0,2,2000.0,7.601402334583733,0,0.6758559616996016
07232040,0,0.0,0.0,0,1,1000.0,6.90875477931522,0,0.6200660645403349
07232041,0,0.0,0.0,0,1,1000.0,6.90875477931522,0,0.6040618895791376
07232042,0,0.0,0.0,0,1,1000.0,6.90875477931522,0,0.610018465880111
07232043,0,0.0,0.0,0,3,2450.0,7.804251383528112,0,0.6941686063029949
07232044,1,1000.0,6.90875477931522,0,3,2450.0,7.804251383528112,0,0.6925197962886867
07232045,0,0.0,0.0,0,2,2000.0,7.601402334583733,0,0.640800411223049
07232047,0,0.0,0.0,0,1,1000.0,6.90875477931522,0,0.6344161879687713
07232048,0,0.0,0.0,0,1,1000.0,6.90875477931522,0,0.6648682968747335
07232049,0,0.0,0.0,0,1,1000.0,6.90875477931522,0,0.6163666739863938
07232050,1,1000.0,6.90875477931522,0,3,2450.0,7.804251383528112,0,0.7101838740925193
07232053,1,1000.0,6.90875477931522,0,2,2000.0,7.601402334583733,0,0.6503331860609947
07232054,0,0.0,0.0,0,1,1000.0,6.90875477931522,0,0.6283558684894925
07232055,1,1000.0,6.90875477931522,0,3,2450.0,7.804251383528112,0,0.7132450284621832
07232056,0,0.0,0.0,0,1,1000.0,6.90875477931522,0,0.6224592654837002
07232057,0,0.0,0.0,0,1,1000.0,6.90875477931522,0,0.646228542434832
07232058,1,1000.0,6.90875477931522,0,3,2450.0,7.804251383528112,0,0.6867968563926288
07232059,0,0.0,0.0,0,1,1000.0,6.90875477931522,0,0.6244134401201797
07232060,1,1000.0,6.90875477931522,0,3,2450.0,7.804251383528112,0,0.6961730356779527
07232061,1,1000.0,6.90875477931522,0,3,2450.0,7.804251383528112,0,0.7060992664130838
07232062,1,1000.0,6.90875477931522,0,2,2000.0,7.601402334583733,0,0.6600775678736114
07232063,1,1000.0,6.90875477931522,0,2,2000.0,7.601402334583733,0,0.6657909566616499
07232064,0,0.0,0.0,0,1,1000.0,6.90875477931522,0,0.6192073919101204
07232065,1,1000.0,6.90875477931522,0,2,2000.0,7.601402334583733,0,0.6709080192189927
07232066,0,0.0,0.0,0,1,1000.0,6.90875477931522,0,0.6033332354231482
07232067,0,0.0,0.0,0,1,1000.0,6.90875477931522,0,0.6163877699202536
07232068,0,0.0,0.0,0,1,1000.0,6.90875477931522,0,0.6196529158872648
07232069,0,0.0,0.0,0,1,1000.0,6.90875477931522,0,0.6262605606242004
07232070,0,0.0,0.0,0,3,2450.0,7.804251383528112,0,0.6849924155631635
07232072,0,0.0,0.0,0,1,1000.0,6.90875477931522,0,0.6240096650776774
07232074,0,0.0,0.0,0,1,1000.0,6.90875477931522,0,0.6650344956408945
07232075,0,0.0,0.0,0,2,2000.0,7.601402334583733,0,0.6834906357044397
07232076,0,0.0,0.0,0,1,1000.0,6.90875477931522,0,0.6793484303053634
07232077,1,1000.0,6.90875477931522,0,2,2000.0,7.601402334583733,0,0.6808174066674203
07232078,1,1000.0,6.90875477931522,0,2,2000.0,7.601402334583733,0,0.6750716665265144
07232079,1,1000.0,6.90875477931522,0,2,2000.0,7.601402334583733,0,0.6657831329217072
07232080,0,0.0,0.0,0,1,1000.0,6.90875477931522,0,0.6320488425536552
07232081,1,1000.0,6.90875477931522,0,3,2450.0,7.804251383528112,0,0.6856060278498008
07232082,1,1000.0,6.90875477931522,0,2,2000.0,7.601402334583733,0,0.6727269246850351
07232084,0,0.0,0.0,0,1,1000.0,6.90875477931522,0,0.6237109432249233
07232086,0,0.0,0.0,0,2,2000.0,7.601402334583733,0,0.6717353984933918
07232087,0,0.0,0.0,0,1,1000.0,6.90875477931522,0,0.6816736911978292
07232088,0,0.0,0.0,0,1,1000.0,6.90875477931522,0,0.6299887521295022
07232091,1,1000.0,6.90875477931522,0,2,2000.0,7.601402334583733,0,0.6705421838893655
07232093,1,1000.0,6.90875477931522,0,2,2000.0,7.601402334583733,0,0.6668456878429679
07232094,0,0.0,0.0,0,1,1000.0,6.90875477931522,0,0.6391307365042169
07232095,0,0.0,0.0,0,2,2000.0,7.601402334583733,0,0.6340424959679143
07232098,0,0.0,0.0,0,1,1000.0,6.90875477931522,0,0.6585280289605282
07232099,0,0.0,0.0,0,2,2000.0,7.601402334583733,0,0.6516717227657252
07232101,0,0.0,0.0,0,3,2450.0,7.804251383528112,0,0.6899172392599362
07232102,0,0.0,0.0,0,1,1000.0,6.90875477931522,0,0.6396852595303413
07232103,1,1000.0,6.90875477931522,0,2,2000.0,7.601402334583733,0,0.6483193022185156
07232104,1,1000.0,6.90875477931522,0,3,2450.0,7.804251383528112,0,0.6962630200497595
07232105,1,1000.0,6.90875477931522,0,3,2450.0,7.804251383528112,0,0.6959703221589251
07232106,0,0.0,0.0,0,1,1000.0,6.90875477931522,0,0.6314920739983617
07232107,1,1000.0,6.90875477931522,0,3,2450.0,7.804251383528112,0,0.7099734284356054
07232108,1,1000.0,6.90875477931522,0,2,2000.0,7.601402334583733,0,0.6576399917937249
07232109,0,0.0,0.0,0,2,2000.0,7.601402334583733,0,0.6674226599804038
07232110,0,0.0,0.0,0,1,1000.0,6.90875477931522,0,0.6103731407325792
07232111,1,1000.0,6.90875477931522,0,3,2450.0,7.804251383528112,0,0.6899966381808376
07232112,0,0.0,0.0,0,1,1000.0,6.90875477931522,0,0.6094522410849466
07232113,0,0.0,0.0,0,2,1450.0,7.280008252884188,0,0.6873011065235688
07232114,0,0.0,0.0,0,2,2000.0,7.601402334583733,0,0.642270297444105
07232115,1,1000.0,6.90875477931522,0,2,2000.0,7.601402334583733,0,0.6846545653628139
07232117,0,0.0,0.0,0,1,1000.0,6.90875477931522,0,0.6330256356232713
07232118,0,0.0,0.0,0,1,1000.0,6.90875477931522,0,0.6686599593336567
07232119,0,0.0,0.0,0,1,1000.0,6.90875477931522,0,0.671282406577242
07232122,0,0.0,0.0,0,1,1000.0,6.90875477931522,0,0.6316676601451268
07232123,1,1000.0,6.90875477931522,0,3,2450.0,7.804251383528112,0,0.7020051948667151
07232124,0,0.0,0.0,0,2,2000.0,7.601402334583733,0,0.6422568475291704
07232125,1,1000.0,6.90875477931522,0,3,2450.0,7.804251383528112,0,0.6913160063032896
07232126,1,1000.0,6.90875477931522,0,3,2450.0,7.804251383528112,0,0.6948184993617054
07232127,0,0.0,0.0,0,1,1000.0,6.90875477931522,0,0.6035333969908584
07232128,0,0.0,0.0,0,1,1000.0,6.90875477931522,0,0.6375409112311123
07232130,0,0.0,0.0,0,1,1000.0,6.90875477931522,0,0.6088331234159363
07232131,0,0.0,0.0,0,1,1000.0,6.90875477931522,0,0.6188586922312842
07232132,0,0.0,0.0,0,1,1000.0,6.90875477931522,0,0.6453858786467495
07232134,0,0.0,0.0,0,1,1000.0,6.90875477931522,0,0.6593790087463023
07232135,0,0.0,0.0,0,3,2450.0,7.804251383528112,0,0.6833973410883237
07232137,1,1000.0,6.90875477931522,0,2,2000.0,7.601402334583733,0,0.6642929811575394
07232201,0,0.0,0.0,0,1,1000.0,6.90875477931522,0,0.6347380953223893
07232202,0,0.0,0.0,0,1,420.0,6.042632833682381,0,0.6887291438958378
07232203,0,0.0,0.0,0,1,1000.0,6.90875477931522,0,0.6796133079420033
07232206,0,0.0,0.0,0,1,420.0,6.042632833682381,0,0.6634169552833566
07232207,0,0.0,0.0,0,1,420.0,6.042632833682381,0,0.6632655763494556
07232208,0,0.0,0.0,0,1,420.0,6.042632833682381,0,0.6695981850107999
07232209,0,0.0,0.0,0,1,420.0,6.042632833682381,0,0.7024418802975805
07232210,0,0.0,0.0,0,1,1000.0,6.90875477931522,0,0.6777841818217007
07232211,0,0.0,0.0,0,1,1000.0,6.90875477931522,0,0.6584170753667724
07232212,0,0.0,0.0,0,0,0.0,0.0,0,0.610784334017729
07232213,0,0.0,0.0,0,1,1000.0,6.90875477931522,0,0.6173431401156214
07232214,0,0.0,0.0,0,1,1000.0,6.90875477931522,0,0.6060986166381324
07232216,0,0.0,0.0,0,2,1420.0,7.259116128097101,0,0.6709542330729235
07232217,0,0.0,0.0,0,1,1000.0,6.90875477931522,0,0.6594868030393358
07232218,1,1000.0,6.90875477931522,0,2,2000.0,7.601402334583733,0,0.6864607763227603
07232220,0,0.0,0.0,0,0,0.0,0.0,0,0.6254968464041294
07232221,0,0.0,0.0,0,1,1000.0,6.90875477931522,0,0.6459748737333867
07232222,0,0.0,0.0,0,1,1000.0,6.90875477931522,0,0.6669201042114696
07232223,0,0.0,0.0,0,1,420.0,6.042632833682381,0,0.6917895569079873
07232224,0,0.0,0.0,0,2,1420.0,7.259116128097101,0,0.6779620896118499
07232225,1,1000.0,6.90875477931522,0,2,2000.0,7.601402334583733,0,0.6868140175521614
07232226,0,0.0,0.0,0,1,420.0,6.042632833682381,0,0.6922693667899825
07232227,0,0.0,0.0,0,1,420.0,6.042632833682381,0,0.6850906644213586
07232228,0,0.0,0.0,0,3,2450.0,7.804251383528112,0,0.7009549312560064
07232229,0,0.0,0.0,0,0,0.0,0.0,0,0.6350023943722142
07232230,0,0.0,0.0,0,1,420.0,6.042632833682381,0,0.6531720530667211
07232231,0,0.0,0.0,0,1,420.0,6.042632833682381,0,0.6496390766789293
07232233,0,0.0,0.0,0,1,1000.0,6.90875477931522,0,0.6582303837523711
07232234,0,0.0,0.0,0,0,0.0,0.0,0,0.6249641900276572
07232236,0,0.0,0.0,0,1,420.0,6.042632833682381,0,0.6399744995019707
07232238,0,0.0,0.0,0,1,1000.0,6.90875477931522,0,0.6672522181134688
07232240,0,0.0,0.0,0,0,0.0,0.0,0,0.630421167390519
07232245,0,0.0,0.0,0,1,1000.0,6.90875477931522,0,0.62338710357762
07232246,0,0.0,0.0,0,1,1000.0,6.90875477931522,0,0.6233171280092773
07232247,0,0.0,0.0,0,0,0.0,0.0,0,0.6376903068483838
07232248,0,0.0,0.0,0,1,1000.0,6.90875477931522,0,0.6263079175272751
07232249,0,0.0,0.0,0,1,1000.0,6.90875477931522,0,0.6506343864752095
07232250,0,0.0,0.0,0,2,920.0,6.825460036255307,0,0.7040753123390704
07232253,0,0.0,0.0,0,1,1000.0,6.90875477931522,0,0.6419094780640864
07232254,0,0.0,0.0,0,1,1000.0,6.90875477931522,0,0.654800264117883
07232255,0,0.0,0.0,0,1,1000.0,6.90875477931522,0,0.6607328338827253
07232256,0,0.0,0.0,0,1,1000.0,6.90875477931522,0,0.670359009131422
07232258,0,0.0,0.0,0,1,1000.0,6.90875477931522,0,0.6460813996762887
07232259,0,0.0,0.0,0,0,0.0,0.0,0,0.632127407754239
07232260,0,0.0,0.0,0,1,1000.0,6.90875477931522,0,0.6405087654590182
07232261,0,0.0,0.0,0,1,1000.0,6.90875477931522,0,0.6564832978364359
07232262,0,0.0,0.0,0,1,1000.0,6.90875477931522,0,0.6544170847572197
07232263,0,0.0,0.0,0,0,0.0,0.0,0,0.6285318903803533
07232264,0,0.0,0.0,0,1,1000.0,6.90875477931522,0,0.6486770232628196
07232265,0,0.0,0.0,0,1,420.0,6.042632833682381,0,0.6495547398918082
07232266,0,0.0,0.0,0,2,1420.0,7.259116128097101,0,0.6607849960031107
07232267,0,0.0,0.0,0,1,1000.0,6.90875477931522,0,0.6535558580556958
07232270,0,0.0,0.0,0,1,1000.0,6.90875477931522,0,0.6530114812849153
07232271,0,0.0,0.0,0,1,420.0,6.042632833682381,0,0.6618129898418592
07232272,0,0.0,0.0,0,2,920.0,6.825460036255307,0,0.7041651290802593
07232273,0,0.0,0.0,0,1,1000.0,6.90875477931522,0,0.6852619408589882
07232277,0,0.0,0.0,0,1,1000.0,6.90875477931522,0,0.6505347779233238
07232279,0,0.0,0.0,0,1,1000.0,6.90875477931522,0,0.6722593837188519
07232280,0,0.0,0.0,0,1,1000.0,6.90875477931522,0,0.6699956054184246
07232282,0,0.0,0.0,0,3,2450.0,7.804251383528112,0,0.6988659159716517
07232283,0,0.0,0.0,0,1,420.0,6.042632833682381,0,0.6717929790575832
07232285,0,0.0,0.0,0,1,1000.0,6.90875477931522,0,0.6489503715598639
07232287,0,0.0,0.0,0,1,1000.0,6.90875477931522,0,0.6227475127793025
07232288,0,0.0,0.0,0,2,920.0,6.825460036255307,0,0.7014331418402497
07232289,1,1000.0,6.90875477931522,0,3,2450.0,7.804251383528112,0,0.7190185930098973
07232290,0,0.0,0.0,0,2,1420.0,7.259116128097101,0,0.6633331833556175
07232292,0,0.0,0.0,0,1,420.0,6.042632833682381,0,0.660334678242543
07232293,0,0.0,0.0,0,1,1000.0,6.90875477931522,0,0.6607976299386864
07232294,0,0.0,0.0,0,1,1000.0,6.90875477931522,0,0.6079585256455513
07232295,0,0.0,0.0,0,2,1420.0,7.259116128097101,0,0.6568017725963182
07232296,0,0.0,0.0,0,1,420.0,6.042632833682381,0,0.6795373626454058
07232297,0,0.0,0.0,0,1,1000.0,6.90875477931522,0,0.6257563920134095
07232300,0,0.0,0.0,0,2,1420.0,7.259116128097101,0,0.6798976010312274
07232301,0,0.0,0.0,0,0,0.0,0.0,0,0.6250813731097506
07232302,0,0.0,0.0,0,2,920.0,6.825460036255307,0,0.6998983163574917
07232304,0,0.0,0.0,0,2,1420.0,7.259116128097101,0,0.6766715274926273
07232305,0,0.0,0.0,0,2,920.0,6.825460036255307,0,0.7013926681084228
07232307,0,0.0,0.0,0,2,1420.0,7.259116128097101,0,0.6805340072061073
07232308,0,0.0,0.0,0,1,420.0,6.042632833682381,0,0.6743984269288559
07232310,0,0.0,0.0,0,0,0.0,0.0,0,0.6221188309754924
07232311,1,1000.0,6.90875477931522,0,3,2450.0,7.804251383528112,0,0.7017050222414991
07232313,0,0.0,0.0,0,3,2450.0,7.804251383528112,0,0.6916581645976296
07232318,0,0.0,0.0,0,2,1420.0,7.259116128097101,0,0.6951826540741743
07232320,0,0.0,0.0,0,1,420.0,6.042632833682381,0,0.6644293643185686
07232321,0,0.0,0.0,0,1,1000.0,6.90875477931522,0,0.6739575187027934
07232322,0,0.0,0.0,0,1,1000.0,6.90875477931522,0,0.6503909637552966
07232328,0,0.0,0.0,0,1,420.0,6.042632833682381,0,0.655072780273631
07232329,0,0.0,0.0,0,1,420.0,6.042632833682381,0,0.6450638998932612
07232332,0,0.0,0.0,0,2,1420.0,7.259116128097101,0,0.6859319528712016
07232333,0,0.0,0.0,0,0,0.0,0.0,0,0.6381992452507579
07232501,0,0.0,0.0,0,2,2000.0,7.601402334583733,0,0.6568514845617273
07232503,0,0.0,0.0,0,1,1000.0,6.90875477931522,0,0.6260862185886018
07233002,0,0.0,0.0,0,2,920.0,6.825460036255307,0,0.7309283905403147
07233003,0,0.0,0.0,0,4,2370.0,7.771067086065406,0,0.7542938693593828
07233004,0,0.0,0.0,0,2,920.0,6.825460036255307,0,0.7296295929291207
07233005,0,0.0,0.0,0,2,920.0,6.825460036255307,0,0.7464622142145889
07233006,0,0.0,0.0,0,2,920.0,6.825460036255307,0,0.7372654945799784
07233007,0,0.0,0.0,0,2,920.0,6.825460036255307,0,0.7425646810077818
07233008,0,0.0,0.0,0,2,1450.0,7.280008252884188,0,0.7172652854948027
07233010,0,0.0,0.0,0,4,2370.0,7.771067086065406,0,0.7556747026083699
07233011,0,0.0,0.0,0,2,1450.0,7.280008252884188,0,0.7264969732951847
07233014,0,0.0,0.0,0,2,950.0,6.85751406254539,0,0.743204662887257
07233016,0,0.0,0.0,0,2,1450.0,7.280008252884188,0,0.742153135300826
07233017,0,0.0,0.0,0,2,1450.0,7.280008252884188,0,0.7091789619358042
07233018,0,0.0,0.0,0,3,1370.0,7.223295679562314,0,0.7402034516379099
07233019,0,0.0,0.0,0,2,920.0,6.825460036255307,0,0.728332122510822
07233020,0,0.0,0.0,0,3,1370.0,7.223295679562314,0,0.7447118465740097
07233021,0,0.0,0.0,0,2,1450.0,7.280008252884188,0,0.7365639861813338
07233022,0,0.0,0.0,0,3,2220.0,7.7057128238944275,0,0.7595999423368007
07233023,0,0.0,0.0,0,3,2220.0,7.7057128238944275,0,0.7522668992343999
07233025,0,0.0,0.0,0,2,950.0,6.85751406254539,0,0.7504039054188512
07233026,0,0.0,0.0,0,2,920.0,6.825460036255307,0,0.7179728701890951
07233027,0,0.0,0.0,0,2,1450.0,7.280008252884188,0,0.7334327081563973
07233028,0,0.0,0.0,0,2,920.0,6.825460036255307,0,0.7408813136559134
07233029,0,0.0,0.0,0,2,920.0,6.825460036255307,0,0.7387552187153064
07233030,0,0.0,0.0,0,3,1370.0,7.223295679562314,0,0.7333956883617453
07233031,0,0.0,0.0,0,2,950.0,6.85751406254539,0,0.7423252503905212
07233032,0,0.0,0.0,0,2,950.0,6.85751406254539,0,0.753992016296557
07233033,0,0.0,0.0,0,2,920.0,6.825460036255307,0,0.7341777802346103
07233034,0,0.0,0.0,0,2,1450.0,7.280008252884188,0,0.7397383670965954
07233035,0,0.0,0.0,0,2,920.0,6.825460036255307,0,0.7457701441960058
07233036,0,0.0,0.0,0,2,920.0,6.825460036255307,0,0.7194713259907264
07233037,0,0.0,0.0,0,2,950.0,6.85751406254539,0,0.7534141008093731
07233038,0,0.0,0.0,0,2,920.0,6.825460036255307,0,0.7519956062313489
07233039,0,0.0,0.0,0,3,1370.0,7.223295679562314,0,0.7305275522975032
07233040,0,0.0,0.0,0,3,1370.0,7.223295679562314,0,0.7488699581854754
07233041,0,0.0,0.0,0,2,920.0,6.825460036255307,0,0.7376138609572613
07233042,0,0.0,0.0,0,2,1450.0,7.280008252884188,0,0.7359853373667002
07233043,0,0.0,0.0,0,2,1450.0,7.280008252884188,0,0.7038117698519157
07233046,0,0.0,0.0,0,3,2450.0,7.804251383528112,0,0.734002028791557
07233048,0,0.0,0.0,0,3,1370.0,7.223295679562314,0,0.7520292573294074
07233049,0,0.0,0.0,0,3,1370.0,7.223295679562314,0,0.7446776653637572
07233050,0,0.0,0.0,0,3,1870.0,7.534228326274089,0,0.7235380522293221
07233052,0,0.0,0.0,0,2,1450.0,7.280008252884188,0,0.719326796064625
07233053,0,0.0,0.0,0,2,920.0,6.825460036255307,0,0.7308837724829591
07233054,0,0.0,0.0,0,2,920.0,6.825460036255307,0,0.7471080980092162
07233055,0,0.0,0.0,0,2,1450.0,7.280008252884188,0,0.7224139646722725
07233056,0,0.0,0.0,0,2,920.0,6.825460036255307,0,0.7241766158695688
07233058,0,0.0,0.0,0,2,920.0,6.825460036255307,0,0.7309250855941549
07233060,0,0.0,0.0,0,2,1450.0,7.280008252884188,0,0.709174125281115
07233061,0,0.0,0.0,0,3,1370.0,7.223295679562314,0,0.7478055378993247
07233062,0,0.0,0.0,0,2,1450.0,7.280008252884188,0,0.7334442359392994
07233063,0,0.0,0.0,0,2,1450.0,7.280008252884188,0,0.7319925720106707
07233064,0,0.0,0.0,0,2,950.0,6.85751406254539,0,0.7489852965605328
07233065,0,0.0,0.0,0,2,1450.0,7.280008252884188,0,0.7155022573470393
07233067,0,0.0,0.0,0,2,1450.0,7.280008252884188,0,0.74013253684275
07233068,0,0.0,0.0,0,2,1450.0,7.280008252884188,0,0.7410155913919185
07233070,0,0.0,0.0,0,3,2450.0,7.804251383528112,0,0.7344395027745816
07233071,0,0.0,0.0,0,3,2450.0,7.804251383528112,0,0.7397994305475417
07233074,0,0.0,0.0,0,2,1450.0,7.280008252884188,0,0.7308807872861256
07233075,0,0.0,0.0,0,2,1450.0,7.280008252884188,0,0.7237327897710089
07233076,0,0.0,0.0,0,4,2720.0,7.908754738783246,0,0.7673054848995061
07233077,0,0.0,0.0,0,2,950.0,6.85751406254539,0,0.7493236203448141
07233079,0,0.0,0.0,0,2,1450.0,7.280008252884188,0,0.7135376687217849
07233080,0,0.0,0.0,0,2,920.0,6.825460036255307,0,0.7393377531395751
07233081,0,0.0,0.0,0,2,1450.0,7.280008252884188,0,0.7086250479563015
07233083,0,0.0,0.0,0,2,920.0,6.825460036255307,0,0.7567444561906514
07233084,0,0.0,0.0,0,2,1450.0,7.280008252884188,0,0.7408775344311418
07233201,0,0.0,0.0,0,4,2750.0,7.919719760924575,0,0.7716329867451117
07233202,0,0.0,0.0,0,3,1950.0,7.576097340623111,0,0.7658291215334687
07233203,0,0.0,0.0,0,2,950.0,6.85751406254539,0,0.7533503315167585
07233204,0,0.0,0.0,0,2,1420.0,7.259116128097101,0,0.7038665099431625
07233205,0,0.0,0.0,0,4,2720.0,7.908754738783246,0,0.7654682687768141
07233206,0,0.0,0.0,0,4,2370.0,7.771067086065406,0,0.7577871775446283
07233207,0,0.0,0.0,0,4,2720.0,7.908754738783246,0,0.763699748736684
07233208,0,0.0,0.0,0,5,3170.0,8.061802274538348,0,0.7778244749062746
07233209,0,0.0,0.0,0,1,1000.0,6.90875477931522,0,0.6930806377973506
07233210,0,0.0,0.0,0,6,3770.0,8.235095497258357,0,0.7869709586415258
07233211,0,0.0,0.0,0,2,920.0,6.825460036255307,0,0.7145827332265522
07233212,0,0.0,0.0,0,4,2370.0,7.771067086065406,0,0.7597758544743893
07233213,0,0.0,0.0,0,3,1950.0,7.576097340623111,0,0.7599465369571305
07233214,0,0.0,0.0,0,3,2220.0,7.7057128238944275,0,0.7272810789913938
07233215,0,0.0,0.0,0,3,1950.0,7.576097340623111,0,0.7593468667046358
07233216,0,0.0,0.0,0,2,950.0,6.85751406254539,0,0.7555035516260202
07233217,0,0.0,0.0,0,3,1950.0,7.576097340623111,0,0.7620480776085
07233218,0,0.0,0.0,0,4,2370.0,7.771067086065406,0,0.7633447104833813
07233219,0,0.0,0.0,0,3,2220.0,7.7057128238944275,0,0.7355907854802902
07233220,0,0.0,0.0,0,5,3170.0,8.061802274538348,0,0.78137800005681
07233221,0,0.0,0.0,0,3,1950.0,7.576097340623111,0,0.757082686498386
07233222,0,0.0,0.0,0,3,1950.0,7.576097340623111,0,0.763162916618694
07233223,0,0.0,0.0,0,2,1420.0,7.259116128097101,0,0.6981459607879994
07233224,0,0.0,0.0,0,3,1950.0,7.576097340623111,0,0.7647492297322667
07233225,0,0.0,0.0,0,4,2750.0,7.919719760924575,0,0.767563444634893
07233226,0,0.0,0.0,0,3,1950.0,7.576097340623111,0,0.7583133496877995
07233227,0,0.0,0.0,0,2,1420.0,7.259116128097101,0,0.6959583792224349
07233228,0,0.0,0.0,0,6,3770.0,8.235095497258357,0,0.7860647121162554
07233229,0,0.0,0.0,0,4,2720.0,7.908754738783246,0,0.7658190816996495
07233230,0,0.0,0.0,0,3,1950.0,7.576097340623111,0,0.7680006816984245
07233232,0,0.0,0.0,0,2,920.0,6.825460036255307,0,0.7170732327647413
07233233,0,0.0,0.0,0,5,3170.0,8.061802274538348,0,0.7740995853456496
07233234,0,0.0,0.0,0,3,1950.0,7.576097340623111,0,0.7667605853447041
07233235,0,0.0,0.0,0,2,920.0,6.825460036255307,0,0.7131869524028811
07233236,0,0.0,0.0,0,3,1950.0,7.576097340623111,0,0.7616874624200541
07233237,0,0.0,0.0,0,3,2220.0,7.7057128238944275,0,0.7263928287585049
07233239,0,0.0,0.0,0,2,920.0,6.825460036255307,0,0.7412707573346383
07233240,0,0.0,0.0,0,3,2220.0,7.7057128238944275,0,0.7407217939502224
07233241,0,0.0,0.0,0,2,920.0,6.825460036255307,0,0.7231125738306681
07233242,0,0.0,0.0,0,3,1950.0,7.576097340623111,0,0.762206047842171
07233243,0,0.0,0.0,0,3,1950.0,7.576097340623111,0,0.7560681733954351
07233244,0,0.0,0.0,0,5,3170.0,8.061802274538348,0,0.7779038839573253
07233501,0,0.0,0.0,0,2,1450.0,7.280008252884188,0,0.7336734846105402
07235001,1,1000.0,6.90875477931522,0,3,2000.0,7.601402334583733,1,0.7892158835419076
07235002,1,1000.0,6.90875477931522,0,3,2000.0,7.601402334583733,1,0.6700218065977528
07235003,2,2000.0,7.601402334583733,0,3,2000.0,7.601402334583733,1,0.7101042747545785
07235004,2,2000.0,7.601402334583733,0,3,2450.0,7.804251383528112,0,0.758288561665581
07235005,2,2000.0,7.601402334583733,0,5,3150.0,8.055475141757274,1,0.8040030704651074
07235008,2,2000.0,7.601402334583733,0,5,3150.0,8.055475141757274,1,0.8420711540316173
07235010,2,2000.0,7.601402334583733,0,5,3150.0,8.055475141757274,1,0.790469701484322
07235014,2,2000.0,7.601402334583733,0,5,3150.0,8.055475141757274,1,0.8970877563603326
07235015,2,2000.0,7.601402334583733,0,4,2450.0,7.804251383528112,1,0.7668594986280881
07235019,2,2000.0,7.601402334583733,0,4,2450.0,7.804251383528112,1,0.7674805822261324
07235021,2,2000.0,7.601402334583733,0,5,3150.0,8.055475141757274,1,0.8219079935746759
07235022,2,2000.0,7.601402334583733,0,4,2450.0,7.804251383528112,1,0.8166563133427742
07235025,1,1000.0,6.90875477931522,0,3,2000.0,7.601402334583733,1,0.6429028735791387
07235026,2,2000.0,7.601402334583733,0,3,2450.0,7.804251383528112,0,0.7564753108249358
07235027,2,2000.0,7.601402334583733,0,3,2000.0,7.601402334583733,1,0.7646578628176353
07235028,0,0.0,0.0,0,3,2000.0,7.601402334583733,1,0.6351752960340951
07235030,2,2000.0,7.601402334583733,0,5,3150.0,8.055475141757274,1,0.8531070108211912
07235033,3,2000.0,7.601402334583733,1,3,2000.0,7.601402334583733,1,0.6882041706740036
07235035,3,2000.0,7.601402334583733,1,5,3150.0,8.055475141757274,1,0.8592286792861665
07235036,2,2000.0,7.601402334583733,0,5,3150.0,8.055475141757274,1,0.9532729149521343
07235037,2,2000.0,7.601402334583733,0,4,2450.0,7.804251383528112,1,0.7905169136118865
07235038,2,2000.0,7.601402334583733,0,4,2450.0,7.804251383528112,1,0.8229299791932545
07235040,2,2000.0,7.601402334583733,0,5,3150.0,8.055475141757274,1,0.7642308088431852
07235043,2,2000.0,7.601402334583733,0,3,2000.0,7.601402334583733,1,0.7159304650906915
07235044,2,2000.0,7.601402334583733,0,5,3150.0,8.055475141757274,1,0.8130071607331408
07235046,2,2000.0,7.601402334583733,0,4,2450.0,7.804251383528112,1,0.7596350368586486
07235047,2,2000.0,7.601402334583733,0,5,3150.0,8.055475141757274,1,0.9546867323709951
07235048,2,2000.0,7.601402334583733,0,4,2450.0,7.804251383528112,1,0.7943961944554028
07235050,2,2000.0,7.601402334583733,0,5,3150.0,8.055475141757274,1,0.7855485031442752
07235051,1,1000.0,6.90875477931522,0,3,2000.0,7.601402334583733,1,0.710688062052286
07235052,2,2000.0,7.601402334583733,0,3,2000.0,7.601402334583733,1,0.673266556637322
07235055,2,2000.0,7.601402334583733,0,3,2000.0,7.601402334583733,1,0.6963368373366817
07235056,2,2000.0,7.601402334583733,0,4,2450.0,7.804251383528112,1,0.9077302911768735
07235057,1,1000.0,6.90875477931522,0,3,2000.0,7.601402334583733,1,0.6490919832039989
07235058,2,2000.0,7.601402334583733,0,5,3150.0,8.055475141757274,1,0.8062489097577522
07235060,2,2000.0,7.601402334583733,0,4,2450.0,7.804251383528112,1,0.8690597338969523
07235062,0,0.0,0.0,0,3,2000.0,7.601402334583733,1,0.6229940493061215
07235063,2,2000.0,7.601402334583733,0,4,2450.0,7.804251383528112,1,0.7572351001718911
07235067,2,2000.0,7.601402334583733,0,4,2450.0,7.804251383528112,1,0.7581175727602445
07235068,2,2000.0,7.601402334583733,0,3,2000.0,7.601402334583733,1,0.7158016966917721
07235069,1,1000.0,6.90875477931522,0,3,2450.0,7.804251383528112,0,0.7630827508658167
07235070,2,2000.0,7.601402334583733,0,4,2450.0,7.804251383528112,1,0.8404666162923338
07235072,2,2000.0,7.601402334583733,0,3,2000.0,7.601402334583733,1,0.7382367337544273
07235073,1,1000.0,6.90875477931522,0,3,2000.0,7.601402334583733,1,0.6812981563649176
07235074,2,2000.0,7.601402334583733,0,5,3150.0,8.055475141757274,1,0.7645192189835571
07235077,2,2000.0,7.601402334583733,0,4,2450.0,7.804251383528112,1,0.7926129613032438
07235078,2,2000.0,7.601402334583733,0,4,2450.0,7.804251383528112,1,0.80140578562755
07235080,2,2000.0,7.601402334583733,0,5,3150.0,8.055475141757274,1,0.8129723844026389
07235081,3,2000.0,7.601402334583733,1,4,2700.0,7.901377353792616,1,0.7448443872704906
07235082,1,1000.0,6.90875477931522,0,3,2000.0,7.601402334583733,1,0.6546881195144678
07235083,2,2000.0,7.601402334583733,0,4,2450.0,7.804251383528112,1,0.7836362521005436
07235085,2,2000.0,7.601402334583733,0,4,2450.0,7.804251383528112,1,0.9023988725266459
07235090,2,2000.0,7.601402334583733,0,4,2450.0,7.804251383528112,1,0.8285956915241977
07235091,1,1000.0,6.90875477931522,0,3,2450.0,7.804251383528112,0,0.7412087492620443
07235092,2,2000.0,7.601402334583733,0,5,3150.0,8.055475141757274,1,0.797991081539783
07235093,1,1000.0,6.90875477931522,0,5,3150.0,8.055475141757274,1,0.8227839025359982
07235094,1,1000.0,6.90875477931522,0,2,2000.0,7.601402334583733,0,0.7554003606944001
07235095,1,1000.0,6.90875477931522,0,3,2000.0,7.601402334583733,1,0.6384144596347707
07235096,1,1000.0,6.90875477931522,0,3,2000.0,7.601402334583733,1,0.6802379237415209
07235098,2,2000.0,7.601402334583733,0,3,2000.0,7.601402334583733,1,0.6786847254268555
07235100,2,2000.0,7.601402334583733,0,4,2450.0,7.804251383528112,1,0.760704671944268
07235101,1,1000.0,6.90875477931522,0,3,2000.0,7.601402334583733,1,0.6482876442529677
07235103,2,2000.0,7.601402334583733,0,5,3150.0,8.055475141757274,1,0.8099995506844131
07235104,0,0.0,0.0,0,3,2000.0,7.601402334583733,1,0.6000091298320427
07235105,2,2000.0,7.601402334583733,0,3,2000.0,7.601402334583733,1,0.7265578933401341
07235106,2,2000.0,7.601402334583733,0,3,2000.0,7.601402334583733,1,0.7474493145105332
07235107,2,2000.0,7.601402334583733,0,4,2450.0,7.804251383528112,1,0.7784747469846023
07235108,2,2000.0,7.601402334583733,0,5,3150.0,8.055475141757274,1,0.7787572520640147
07235111,1,1000.0,6.90875477931522,0,2,2000.0,7.601402334583733,0,0.699286656581526
07235112,2,2000.0,7.601402334583733,0,5,3150.0,8.055475141757274,1,0.8772962249246057
07235114,2,2000.0,7.601402334583733,0,5,3150.0,8.055475141757274,1,1.023017768716004
07235115,2,2000.0,7.601402334583733,0,4,2450.0,7.804251383528112,1,0.7992682150737829
07235116,2,2000.0,7.601402334583733,0,4,2450.0,7.804251383528112,1,0.816634117946521
07235118,1,1000.0,6.90875477931522,0,3,2000.0,7.601402334583733,1,0.6596078208941282
07235119,2,2000.0,7.601402334583733,0,5,3150.0,8.055475141757274,1,0.7734368176818762
07235120,2,2000.0,7.601402334583733,0,4,2450.0,7.804251383528112,1,0.7725499701617436
07235122,2,2000.0,7.601402334583733,0,3,2000.0,7.601402334583733,1,0.6823139212193445
07235123,2,2000.0,7.601402334583733,0,3,2000.0,7.601402334583733,1,0.7279219226399266
07235124,2,2000.0,7.601402334583733,0,4,2450.0,7.804251383528112,1,0.7777884732516445
07235125,2,2000.0,7.601402334583733,0,4,2450.0,7.804251383528112,1,0.7953266993567741
07235126,1,1000.0,6.90875477931522,0,3,2000.0,7.601402334583733,1,0.6568127990376638
07235131,0,0.0,0.0,0,3,2000.0,7.601402334583733,1,0.6539419947715722
07235132,1,1000.0,6.90875477931522,0,3,2000.0,7.601402334583733,1,0.6718325185959095
07235133,1,1000.0,6.90875477931522,0,3,2000.0,7.601402334583733,1,0.6547302144386324
07235134,2,2000.0,7.601402334583733,0,4,2450.0,7.804251383528112,1,0.7624667580731617
07235135,2,2000.0,7.601402334583733,0,5,3150.0,8.055475141757274,1,0.8096979441497871
07235136,1,1000.0,6.90875477931522,0,3,2000.0,7.601402334583733,1,0.6416820830698513
07235137,1,1000.0,6.90875477931522,0,3,2000.0,7.601402334583733,1,0.7445830606403829
07235140,2,2000.0,7.601402334583733,0,3,2000.0,7.601402334583733,1,0.6949216198215425
07235141,2,2000.0,7.601402334583733,0,4,2450.0,7.804251383528112,1,0.8620899486736541
07235142,3,2000.0,7.601402334583733,1,5,3150.0,8.055475141757274,1,0.7655762680625626
07235143,1,1000.0,6.90875477931522,0,3,2000.0,7.601402334583733,1,0.6988176767978254
07235144,1,1000.0,6.90875477931522,0,3,2000.0,7.601402334583733,1,0.6782767769285348
07235146,1,1000.0,6.90875477931522,0,3,2000.0,7.601402334583733,1,0.6390881671411028
07235148,2,2000.0,7.601402334583733,0,3,2000.0,7.601402334583733,1,0.6983349863703852
07235149,0,0.0,0.0,0,3,2000.0,7.601402334583733,1,0.6220550307390318
07235151,1,1000.0,6.90875477931522,0,3,2450.0,7.804251383528112,0,0.7301999414388616
07235152,2,2000.0,7.601402334583733,0,3,2000.0,7.601402334583733,1,0.7063174469817928
07235153,1,1000.0,6.90875477931522,0,5,3150.0,8.055475141757274,1,0.8333251102667684
07235154,0,0.0,0.0,0,3,2000.0,7.601402334583733,1,0.6288310567194658
07235207,2,2000.0,7.601402334583733,0,5,3150.0,8.055475141757274,1,0.7628169591787008
07235501,1,1000.0,6.90875477931522,0,2,2000.0,7.601402334583733,0,0.714482701579843
07311000,2,1100.0,7.00397413672268,1,5,4450.0,8.400884069015854,1,0.8378600864526957
07312000,0,0.0,0.0,0,2,1800.0,7.496097345175956,0,0.7268998491025533
07313000,1,200.0,5.303304908059076,0,7,4300.0,8.366602832783736,3,0.7945790857345314
07314000,3,3100.0,8.03947991910045,1,6,4650.0,8.444837529224097,1,0.9154160533010962
07315000,0,0.0,0.0,0,2,1350.0,7.208600337960199,0,0.79534032238746
07316000,1,1100.0,7.00397413672268,0,7,4300.0,8.366602832783736,3,0.7990427393641656
07317000,0,0.0,0.0,0,1,700.0,6.55250788703459,0,0.6674963124238538
07319000,0,0.0,0.0,0,5,4450.0,8.400884069015854,1,0.8137639276429702
07320000,0,0.0,0.0,0,2,700.0,6.55250788703459,1,0.6563484714231522
07331001,0,0.0,0.0,0,2,1350.0,7.208600337960199,0,0.7709350626711484
07331002,2,1350.0,7.208600337960199,0,5,4450.0,8.400884069015854,1,0.8138796835818718
07331003,0,0.0,0.0,0,4,2450.0,7.804251383528112,1,0.7691201531782059
07331004,0,0.0,0.0,0,2,1350.0,7.208600337960199,0,0.7635200797948788
07331005,0,0.0,0.0,0,3,2050.0,7.62608275807238,0,0.7563942161819956
07331006,0,0.0,0.0,0,5,4450.0,8.400884069015854,1,0.7992283058673408
07331007,0,0.0,0.0,0,2,1350.0,7.208600337960199,0,0.7829291264936433
07331008,0,0.0,0.0,0,2,1350.0,7.208600337960199,0,0.7678797579199763
07331009,0,0.0,0.0,0,5,4450.0,8.400884069015854,1,0.7858924224278825
07331010,0,0.0,0.0,0,2,1350.0,7.208600337960199,0,0.7785830379444851
07331011,0,0.0,0.0,0,5,4450.0,8.400884069015854,1,0.7820913690393527
07331012,0,0.0,0.0,0,2,1350.0,7.208600337960199,0,0.7637182861525503
07331014,0,0.0,0.0,0,4,2450.0,7.804251383528112,1,0.7731184913758549
07331015,0,0.0,0.0,0,5,4450.0,8.400884069015854,1,0.7903762366399488
07331017,0,0.0,0.0,0,3,2050.0,7.62608275807238,0,0.756140233748093
07331018,2,1350.0,7.208600337960199,0,5,4450.0,8.400884069015854,1,0.829053251133738
07331019,0,0.0,0.0,0,2,1350.0,7.208600337960199,0,0.7707452483017119
07331020,0,0.0,0.0,0,5,4450.0,8.400884069015854,1,0.776488587151623
07331021,0,0.0,0.0,0,2,1350.0,7.208600337960199,0,0.7598393414189404
07331022,0,0.0,0.0,0,4,2450.0,7.804251383528112,1,0.7696834248701028
07331023,0,0.0,0.0,0,5,4450.0,8.400884069015854,1,0.78475054276391
07331024,0,0.0,0.0,0,5,4450.0,8.400884069015854,1,0.7743460294385918
07331025,0,0.0,0.0,0,2,1350.0,7.208600337960199,0,0.7608867360015081
07331026,0,0.0,0.0,0,4,2450.0,7.804251383528112,1,0.7783389874396747
07331027,0,0.0,0.0,0,4,2450.0,7.804251383528112,1,0.7656414133827698
07331028,0,0.0,0.0,0,4,2450.0,7.804251383528112,1,0.7905625333359442
07331029,0,0.0,0.0,0,2,1350.0,7.208600337960199,0,0.7800743705579165
07331030,0,0.0,0.0,0,2,1350.0,7.208600337960199,0,0.760407543084588
07331031,0,0.0,0.0,0,4,2450.0,7.804251383528112,1,0.7780008134042784
07331032,0,0.0,0.0,0,3,1350.0,7.208600337960199,1,0.7820954218013068
07331033,0,0.0,0.0,0,2,1350.0,7.208600337960199,0,0.7634247885298822
07331034,2,1350.0,7.208600337960199,0,5,4450.0,8.400884069015854,1,0.8260207541191102
07331035,0,0.0,0.0,0,2,1350.0,7.208600337960199,0,0.7567719390669496
07331036,0,0.0,0.0,0,5,4450.0,8.400884069015854,1,0.7823701738743705
07331037,0,0.0,0.0,0,5,4450.0,8.400884069015854,1,0.7884372465582534
07331038,2,1350.0,7.208600337960199,0,5,4450.0,8.400884069015854,1,0.8336388248633064
07331039,0,0.0,0.0,0,5,4450.0,8.400884069015854,1,0.7791871310478446
07331041,0,0.0,0.0,0,5,4450.0,8.400884069015854,1,0.789578820338868
07331042,0,0.0,0.0,0,4,2450.0,7.804251383528112,1,0.7691606695080502
07331043,0,0.0,0.0,0,2,1350.0,7.208600337960199,0,0.7652847431214946
07331044,0,0.0,0.0,0,4,3150.0,8.055475141757274,0,0.7607385043620067
07331045,0,0.0,0.0,0,5,4450.0,8.400884069015854,1,0.80722945626896
07331046,0,0.0,0.0,0,5,4450.0,8.400884069015854,1,0.7782423377681649
07331047,0,0.0,0.0,0,5,4450.0,8.400884069015854,1,0.7918844332312486
07331048,0,0.0,0.0,0,5,4450.0,8.400884069015854,1,0.7855122635711627
07331049,0,0.0,0.0,0,5,4450.0,8.400884069015854,1,0.7866897134891682
07331050,0,0.0,0.0,0,3,2050.0,7.62608275807238,0,0.7566795024851201
07331051,0,0.0,0.0,0,3,2050.0,7.62608275807238,0,0.754112437566891
07331052,0,0.0,0.0,0,5,4450.0,8.400884069015854,1,0.7749295537136951
07331053,0,0.0,0.0,0,4,3150.0,8.055475141757274,0,0.7592281201635356
07331054,0,0.0,0.0,0,5,4450.0,8.400884069015854,1,0.7930233260699006
07331055,0,0.0,0.0,0,5,4450.0,8.400884069015854,1,0.8042235776173999
07331056,0,0.0,0.0,0,2,1350.0,7.208600337960199,0,0.7674609418232603
07331058,0,0.0,0.0,0,2,1350.0,7.208600337960199,0,0.7767623394894834
07331059,0,0.0,0.0,0,2,1350.0,7.208600337960199,0,0.7803420334334834
07331060,0,0.0,0.0,0,3,2050.0,7.62608275807238,0,0.7540583880492663
07331061,0,0.0,0.0,0,2,1350.0,7.208600337960199,0,0.772455952486875
07331062,0,0.0,0.0,0,3,2050.0,7.62608275807238,0,0.7534011602675054
07331063,0,0.0,0.0,0,2,1350.0,7.208600337960199,0,0.768470449041659
07331064,0,0.0,0.0,0,2,1350.0,7.208600337960199,0,0.7802217453667559
07331065,0,0.0,0.0,0,2,1350.0,7.208600337960199,0,0.7659261991999047
07331066,0,0.0,0.0,0,5,4450.0,8.400884069015854,1,0.7780159854378876
07331067,0,0.0,0.0,0,4,2450.0,7.804251383528112,1,0.7678425733342495
07331068,0,0.0,0.0,0,2,1350.0,7.208600337960199,0,0.7635325619045201
07331070,0,0.0,0.0,0,3,2050.0,7.62608275807238,0,0.7565898343426615
07331071,0,0.0,0.0,0,5,4450.0,8.400884069015854,1,0.7897773825418364
07331072,0,0.0,0.0,0,3,2050.0,7.62608275807238,0,0.7546357417135439
07331073,0,0.0,0.0,0,2,1350.0,7.208600337960199,0,0.7714789919599636
07331075,0,0.0,0.0,0,3,2050.0,7.62608275807238,0,0.7541999548717091
07332001,0,0.0,0.0,0,4,3800.0,8.24301946898925,1,0.7689438947193932
07332002,1,1100.0,7.00397413672268,0,4,3300.0,8.101980731853192,1,0.7984580564982813
07332003,0,0.0,0.0,0,3,3100.0,8.03947991910045,1,0.7807182880250981
07332004,0,0.0,0.0,0,5,4450.0,8.400884069015854,1,0.7955037741532991
07332005,0,0.0,0.0,0,3,3100.0,8.03947991910045,1,0.7847319629013092
07332006,0,0.0,0.0,0,5,4450.0,8.400884069015854,1,0.782394551361005
07332007,0,0.0,0.0,0,4,3800.0,8.24301946898925,1,0.762182357594454
07332008,0,0.0,0.0,0,4,3850.0,8.25608813381491,1,0.7933675785662235
07332009,1,1100.0,7.00397413672268,0,7,4300.0,8.366602832783736,3,0.813475741336018
07332010,0,0.0,0.0,0,5,4450.0,8.400884069015854,1,0.8017219426905113
07332012,0,0.0,0.0,0,4,3850.0,8.25608813381491,1,0.7720514638836254
07332013,2,1100.0,7.00397413672268,1,4,3300.0,8.101980731853192,1,0.8336493314230302
07332014,0,0.0,0.0,0,6,2000.0,7.601402334583733,3,0.7400535403579508
07332015,1,1100.0,7.00397413672268,0,4,3300.0,8.101980731853192,1,0.8118032208872681
07332016,0,0.0,0.0,0,7,4000.0,8.294299608857235,3,0.7517713531907397
07332017,1,1100.0,7.00397413672268,0,6,3300.0,8.101980731853192,3,0.81166357054721
07332018,0,0.0,0.0,0,7,4300.0,8.366602832783736,3,0.7685120756690715
07332019,1,1100.0,7.00397413672268,0,5,4050.0,8.30671904320269,1,0.8035863402940373
07332020,1,1100.0,7.00397413672268,0,5,3300.0,8.101980731853192,2,0.821622876964454
07332021,1,1100.0,7.00397413672268,0,5,4450.0,8.400884069015854,1,0.8084240707822263
07332022,2,1100.0,7.00397413672268,1,5,3300.0,8.101980731853192,2,0.828039165013998
07332023,1,1100.0,7.00397413672268,0,5,4450.0,8.400884069015854,1,0.8000587419409445
07332024,0,0.0,0.0,0,5,4450.0,8.400884069015854,1,0.7824695432008286
07332025,2,1100.0,7.00397413672268,1,7,4300.0,8.366602832783736,3,0.8615432888314216
07332026,1,1100.0,7.00397413672268,0,4,3300.0,8.101980731853192,1,0.7936405608474855
07332027,0,0.0,0.0,0,4,3800.0,8.24301946898925,1,0.7667787330057599
07332028,1,1100.0,7.00397413672268,0,4,3300.0,8.101980731853192,1,0.7953179761334117
07332029,0,0.0,0.0,0,5,4450.0,8.400884069015854,1,0.7785665580407348
07332030,0,0.0,0.0,0,5,4450.0,8.400884069015854,1,0.7896222689522603
07332031,0,0.0,0.0,0,4,3850.0,8.25608813381491,1,0.783369097282254
07332032,0,0.0,0.0,0,7,4300.0,8.366602832783736,3,0.773963620257352
07332033,0,0.0,0.0,0,5,4450.0,8.400884069015854,1,0.799692359417513
07332034,1,1100.0,7.00397413672268,0,7,4300.0,8.366602832783736,3,0.7818253219734395
07332035,2,1100.0,7.00397413672268,1,7,4300.0,8.366602832783736,3,0.841490570314621
07332036,0,0.0,0.0,0,5,4450.0,8.400884069015854,1,0.7760381933526437
07332037,0,0.0,0.0,0,7,4000.0,8.294299608857235,3,0.7666489453527768
07332038,0,0.0,0.0,0,4,3850.0,8.25608813381491,1,0.7799676879631001
07332039,1,1100.0,7.00397413672268,0,7,4300.0,8.366602832783736,3,0.82443786423361
07332040,0,0.0,0.0,0,5,4450.0,8.400884069015854,1,0.7923367272745533
07332041,0,0.0,0.0,0,5,4450.0,8.400884069015854,1,0.7881707043545606
07332042,0,0.0,0.0,0,5,4450.0,8.400884069015854,1,0.7740655422761246
07332043,1,1100.0,7.00397413672268,0,7,4300.0,8.366602832783736,3,0.8199594658407423
07332044,0,0.0,0.0,0,3,3100.0,8.03947991910045,1,0.7731926577409827
07332046,1,1100.0,7.00397413672268,0,5,3300.0,8.101980731853192,2,0.8059874495217686
07332047,0,0.0,0.0,0,4,3800.0,8.24301946898925,1,0.7665267724087024
07332048,0,0.0,0.0,0,5,4000.0,8.294299608857235,1,0.7531369119713818
07332049,0,0.0,0.0,0,3,3100.0,8.03947991910045,1,0.7865102099587025
07332050,1,1100.0,7.00397413672268,0,6,4650.0,8.444837529224097,1,0.8117951686378096
07333001,0,0.0,0.0,0,5,4450.0,8.400884069015854,1,0.7668996873054721
07333003,0,0.0,0.0,0,2,1150.0,7.048386408721883,0,0.7447119985432744
07333004,0,0.0,0.0,0,2,1150.0,7.048386408721883,0,0.7431595957578101
07333005,0,0.0,0.0,0,3,1800.0,7.496097345175956,1,0.7527435704064235
07333006,0,0.0,0.0,0,5,4450.0,8.400884069015854,1,0.769834218329378
07333007,0,0.0,0.0,0,5,3150.0,8.055475141757274,1,0.758898822808614
07333008,0,0.0,0.0,0,2,1150.0,7.048386408721883,0,0.7422458511943464
07333009,0,0.0,0.0,0,3,1800.0,7.496097345175956,1,0.748746632884925
07333010,0,0.0,0.0,0,3,1800.0,7.496097345175956,1,0.7564102549152665
07333011,0,0.0,0.0,0,3,1800.0,7.496097345175956,1,0.7507167154357071
07333012,0,0.0,0.0,0,5,4450.0,8.400884069015854,1,0.7707660552400468
07333013,0,0.0,0.0,0,2,1800.0,7.496097345175956,0,0.7495314549112762
07333014,0,0.0,0.0,0,1,700.0,6.55250788703459,0,0.7431339269597921
07333016,0,0.0,0.0,0,1,700.0,6.55250788703459,0,0.7415198890497801
07333017,0,0.0,0.0,0,3,1800.0,7.496097345175956,1,0.7564274040009695
07333018,0,0.0,0.0,0,5,4450.0,8.400884069015854,1,0.7711150342892228
07333019,0,0.0,0.0,0,4,3800.0,8.24301946898925,1,0.7661592682744085
07333020,0,0.0,0.0,0,2,1800.0,7.496097345175956,0,0.7439484699230943
07333021,0,0.0,0.0,0,2,1150.0,7.048386408721883,0,0.7430061992969602
07333022,0,0.0,0.0,0,5,3150.0,8.055475141757274,1,0.7636592758953304
07333023,0,0.0,0.0,0,1,700.0,6.55250788703459,0,0.7459622217775997
07333024,0,0.0,0.0,0,1,700.0,6.55250788703459,0,0.7393837898708656
07333025,0,0.0,0.0,0,1,700.0,6.55250788703459,0,0.7455344239007167
07333026,0,0.0,0.0,0,4,3800.0,8.24301946898925,1,0.7618274290813669
07333027,0,0.0,0.0,0,3,1800.0,7.496097345175956,1,0.7444006447393072
07333028,0,0.0,0.0,0,1,700.0,6.55250788703459,0,0.7401975436822894
07333030,0,0.0,0.0,0,1,700.0,6.55250788703459,0,0.7383853561667064
07333031,0,0.0,0.0,0,4,2450.0,7.804251383528112,1,0.7638009225065574
07333032,0,0.0,0.0,0,5,4450.0,8.400884069015854,1,0.7682845399421013
07333033,0,0.0,0.0,0,2,1800.0,7.496097345175956,0,0.7434552370500878
07333034,0,0.0,0.0,0,1,700.0,6.55250788703459,0,0.7407903449304476
07333035,0,0.0,0.0,0,3,1800.0,7.496097345175956,1,0.750551127356327
07333036,0,0.0,0.0,0,2,1150.0,7.048386408721883,0,0.745582056397708
07333037,0,0.0,0.0,0,1,700.0,6.55250788703459,0,0.742548882961312
07333038,0,0.0,0.0,0,4,3800.0,8.24301946898925,1,0.7637064286800921
07333039,0,0.0,0.0,0,5,3150.0,8.055475141757274,1,0.7564144258547391
07333040,0,0.0,0.0,0,1,700.0,6.55250788703459,0,0.7489992521507544
07333041,0,0.0,0.0,0,6,5150.0,8.546946149565585,1,0.7691798845116267
07333042,0,0.0,0.0,0,2,1800.0,7.496097345175956,0,0.7405183993661574
07333043,0,0.0,0.0,0,2,1150.0,7.048386408721883,0,0.7436992580473382
07333045,0,0.0,0.0,0,5,3150.0,8.055475141757274,1,0.7599193490234688
07333046,0,0.0,0.0,0,1,700.0,6.55250788703459,0,0.7511303271890919
07333047,0,0.0,0.0,0,4,3150.0,8.055475141757274,0,0.7582685776045135
07333048,0,0.0,0.0,0,2,1800.0,7.496097345175956,0,0.7426342315326079
07333049,0,0.0,0.0,0,2,1150.0,7.048386408721883,0,0.7473466614551477
07333050,0,0.0,0.0,0,1,700.0,6.55250788703459,0,0.7485426202856665
07333051,0,0.0,0.0,0,2,1150.0,7.048386408721883,0,0.7444693152273352
07333053,0,0.0,0.0,0,2,1150.0,7.048386408721883,0,0.746582911304119
07333054,0,0.0,0.0,0,2,1150.0,7.048386408721883,0,0.7440149563772782
07333055,0,0.0,0.0,0,2,1150.0,7.048386408721883,0,0.7442111506255935
07333056,0,0.0,0.0,0,1,700.0,6.55250788703459,0,0.752180933870447
07333057,0,0.0,0.0,0,4,3150.0,8.055475141757274,0,0.7550750077289134
07333058,0,0.0,0.0,0,5,4450.0,8.400884069015854,1,0.7693165429689426
07333060,0,0.0,0.0,0,4,3800.0,8.24301946898925,1,0.7570521890803599
07333061,0,0.0,0.0,0,2,1150.0,7.048386408721883,0,0.7425424899128414
07333062,0,0.0,0.0,0,5,3150.0,8.055475141757274,1,0.76188570675725
07333064,0,0.0,0.0,0,6,5150.0,8.546946149565585,1,0.766333000719116
07333065,0,0.0,0.0,0,1,700.0,6.55250788703459,0,0.7453726554518176
07333066,0,0.0,0.0,0,1,700.0,6.55250788703459,0,0.7453844625426032
07333067,0,0.0,0.0,0,2,1150.0,7.048386408721883,0,0.7431856354690451
07333068,0,0.0,0.0,0,2,1150.0,7.048386408721883,0,0.7419745765699354
07333069,0,0.0,0.0,0,1,700.0,6.55250788703459,0,0.740814726754748
07333071,0,0.0,0.0,0,3,1800.0,7.496097345175956,1,0.7477557529985661
07333072,0,0.0,0.0,0,2,1150.0,7.048386408721883,0,0.7436837635751993
07333073,0,0.0,0.0,0,2,1150.0,7.048386408721883,0,0.7426540320805447
07333074,0,0.0,0.0,0,3,1800.0,7.496097345175956,1,0.7529866704350224
07333075,0,0.0,0.0,0,3,1800.0,7.496097345175956,1,0.7503220074363985
07333076,0,0.0,0.0,0,4,2450.0,7.804251383528112,1,0.7662053763434438
07333077,0,0.0,0.0,0,2,1150.0,7.048386408721883,0,0.7422442887142986
07333078,0,0.0,0.0,0,2,1150.0,7.048386408721883,0,0.7436367725866793
07333079,0,0.0,0.0,0,2,1150.0,7.048386408721883,0,0.742781347682598
07333080,0,0.0,0.0,0,2,1800.0,7.496097345175956,0,0.7389034928515634
07333081,0,0.0,0.0,0,3,1800.0,7.496097345175956,1,0.7547631274977515
07333083,0,0.0,0.0,0,2,1150.0,7.048386408721883,0,0.7471207622393086
07333084,0,0.0,0.0,0,1,700.0,6.55250788703459,0,0.7446177201436195
07333201,1,700.0,6.55250788703459,0,2,1150.0,7.048386408721883,0,0.7422654893820215
07333202,1,700.0,6.55250788703459,0,1,700.0,6.55250788703459,0,0.7413165445446923
07333203,1,700.0,6.55250788703459,0,1,700.0,6.55250788703459,0,0.7420788004930065
07333501,0,0.0,0.0,0,5,4450.0,8.400884069015854,1,0.7727107970467881
07333502,0,0.0,0.0,0,1,700.0,6.55250788703459,0,0.7423451880979917
07333503,0,0.0,0.0,0,2,1800.0,7.496097345175956,0,0.7412964489831968
07334001,5,2300.0,7.741099090035366,2,7,4300.0,8.366602832783736,3,0.8892010058567876
07334002,4,1200.0,7.0909098220799835,2,5,2300.0,7.741099090035366,2,0.886559443991123
07334004,4,1200.0,7.0909098220799835,2,7,4300.0,8.366602832783736,3,0.8611896964566597
07334005,4,1200.0,7.0909098220799835,2,5,2300.0,7.741099090035366,2,0.8053105612144611
07334006,2,1300.0,7.170888478512505,0,7,4300.0,8.366602832783736,3,0.8654170714565939
07334007,6,2300.0,7.741099090035366,3,7,4300.0,8.366602832783736,3,0.9158247758848281
07334008,4,1200.0,7.0909098220799835,2,7,4300.0,8.366602832783736,3,0.9965136644036232
07334009,4,1200.0,7.0909098220799835,2,7,4300.0,8.366602832783736,3,0.9221613373757938
07334011,5,2300.0,7.741099090035366,2,7,4300.0,8.366602832783736,3,0.9382911550953155
07334012,4,1200.0,7.0909098220799835,2,7,4300.0,8.366602832783736,3,0.9919729277699275
07334013,4,1200.0,7.0909098220799835,2,7,4300.0,8.366602832783736,3,0.8792966242303919
07334014,5,2300.0,7.741099090035366,2,7,4300.0,8.366602832783736,3,0.8694688361645293
07334015,4,1200.0,7.0909098220799835,2,7,4300.0,8.366602832783736,3,0.9627082177447692
07334016,4,1200.0,7.0909098220799835,2,7,4300.0,8.366602832783736,3,1.0511306994033274
07334017,3,1300.0,7.170888478512505,1,7,4300.0,8.366602832783736,3,0.9015209929524794
07334018,2,1300.0,7.170888478512505,0,7,4300.0,8.366602832783736,3,0.8672605757961487
07334020,4,1200.0,7.0909098220799835,2,7,4300.0,8.366602832783736,3,0.8315041702719831
07334021,4,1200.0,7.0909098220799835,2,5,2300.0,7.741099090035366,2,0.9839128036380004
07334022,4,1200.0,7.0909098220799835,2,7,4300.0,8.366602832783736,3,1.0225469927018689
07334023,4,1300.0,7.170888478512505,2,7,4300.0,8.366602832783736,3,0.8573487664975412
07334024,4,1200.0,7.0909098220799835,2,7,4300.0,8.366602832783736,3,0.9599650904983827
07334025,5,2300.0,7.741099090035366,2,7,4300.0,8.366602832783736,3,0.9268845042542312
07334027,4,1200.0,7.0909098220799835,2,5,2300.0,7.741099090035366,2,0.8096873537674711
07334028,3,1300.0,7.170888478512505,1,7,4300.0,8.366602832783736,3,0.8997187890627925
07334030,3,200.0,5.303304908059076,2,7,4300.0,8.366602832783736,3,0.8208283242325215
07334031,3,200.0,5.303304908059076,2,5,2300.0,7.741099090035366,2,0.7807270151860572
07334032,2,1300.0,7.170888478512505,0,7,4300.0,8.366602832783736,3,0.8735203585019229
07334033,3,1300.0,7.170888478512505,1,7,4300.0,8.366602832783736,3,0.8923530333920604
07334034,3,200.0,5.303304908059076,2,7,4300.0,8.366602832783736,3,0.806293115294676
07334036,2,1300.0,7.170888478512505,0,7,4300.0,8.366602832783736,3,0.8552763984624683
07334501,4,1200.0,7.0909098220799835,2,7,4300.0,8.366602832783736,3,1.035941195446517
07335002,1,700.0,6.55250788703459,0,1,700.0,6.55250788703459,0,0.7117112309215576
07335003,1,700.0,6.55250788703459,0,2,700.0,6.55250788703459,1,0.7107277497617805
07335004,0,0.0,0.0,0,3,1800.0,7.496097345175956,1,0.742308866889237
07335005,1,700.0,6.55250788703459,0,1,700.0,6.55250788703459,0,0.7432870653750803
07335006,1,700.0,6.55250788703459,0,1,700.0,6.55250788703459,0,0.741381843775704
07335007,0,0.0,0.0,0,3,1800.0,7.496097345175956,1,0.7413262394919131
07335009,1,700.0,6.55250788703459,0,1,700.0,6.55250788703459,0,0.7469764463465874
07335010,0,0.0,0.0,0,5,4000.0,8.294299608857235,1,0.7517803278532036
07335011,1,700.0,6.55250788703459,0,2,700.0,6.55250788703459,1,0.6990449350137485
07335012,1,700.0,6.55250788703459,0,2,700.0,6.55250788703459,1,0.716846886695266
07335013,0,0.0,0.0,0,1,700.0,6.55250788703459,0,0.738208370569664
07335014,1,700.0,6.55250788703459,0,1,700.0,6.55250788703459,0,0.7384227109923626
07335015,0,0.0,0.0,0,3,1800.0,7.496097345175956,1,0.7386068987256305
07335016,1,700.0,6.55250788703459,0,3,1700.0,7.438971592395862,1,0.727811580969372
07335017,1,700.0,6.55250788703459,0,1,700.0,6.55250788703459,0,0.7348604895109434
07335018,1,700.0,6.55250788703459,0,1,700.0,6.55250788703459,0,0.719124026419808
07335019,1,700.0,6.55250788703459,0,1,700.0,6.55250788703459,0,0.7581430050400892
07335020,1,700.0,6.55250788703459,0,3,1700.0,7.438971592395862,1,0.7523298284829933
07335021,0,0.0,0.0,0,1,700.0,6.55250788703459,0,0.7070824279562873
07335022,1,700.0,6.55250788703459,0,2,700.0,6.55250788703459,1,0.7186445278389215
07335023,0,0.0,0.0,0,1,700.0,6.55250788703459,0,0.7032755546426461
07335024,1,700.0,6.55250788703459,0,1,700.0,6.55250788703459,0,0.7415528542978718
07335025,1,700.0,6.55250788703459,0,1,700.0,6.55250788703459,0,0.7362089227126314
07335026,0,0.0,0.0,0,2,1800.0,7.496097345175956,0,0.7373434429841068
07335027,1,700.0,6.55250788703459,0,2,700.0,6.55250788703459,1,0.7055273026011035
07335028,0,0.0,0.0,0,3,1800.0,7.496097345175956,1,0.7453875571204134
07335029,1,700.0,6.55250788703459,0,1,700.0,6.55250788703459,0,0.7423567311827184
07335030,1,700.0,6.55250788703459,0,3,1700.0,7.438971592395862,1,0.7621694970229456
07335031,1,700.0,6.55250788703459,0,2,700.0,6.55250788703459,1,0.7100082264891536
07335033,1,700.0,6.55250788703459,0,1,700.0,6.55250788703459,0,0.7435235360038456
07335034,1,700.0,6.55250788703459,0,1,700.0,6.55250788703459,0,0.7314779195364698
07335035,0,0.0,0.0,0,1,700.0,6.55250788703459,0,0.7335850771986574
07335037,0,0.0,0.0,0,1,700.0,6.55250788703459,0,0.7076697485944345
07335038,1,700.0,6.55250788703459,0,2,700.0,6.55250788703459,1,0.7350102530159314
07335040,1,700.0,6.55250788703459,0,1,700.0,6.55250788703459,0,0.7323062797775423
07335041,1,700.0,6.55250788703459,0,1,700.0,6.55250788703459,0,0.7386263564369915
07335042,1,700.0,6.55250788703459,0,1,700.0,6.55250788703459,0,0.7370457158683744
07335043,1,700.0,6.55250788703459,0,1,700.0,6.55250788703459,0,0.7473592379564358
07335044,1,700.0,6.55250788703459,0,3,1700.0,7.438971592395862,1,0.7445887823741714
07335045,0,0.0,0.0,0,2,1800.0,7.496097345175956,0,0.7154237649697786
07335046,1,700.0,6.55250788703459,0,1,700.0,6.55250788703459,0,0.7412635526777418
07335047,0,0.0,0.0,0,2,1800.0,7.496097345175956,0,0.7149780473530606
07335048,0,0.0,0.0,0,3,1800.0,7.496097345175956,1,0.7341123662963387
07335049,1,700.0,6.55250788703459,0,1,700.0,6.55250788703459,0,0.7364518493586172
07335201,1,700.0,6.55250788703459,0,3,1700.0,7.438971592395862,1,0.7007052162149217
07335202,1,700.0,6.55250788703459,0,2,700.0,6.55250788703459,1,0.7055477439085628
07335203,1,700.0,6.55250788703459,0,2,700.0,6.55250788703459,1,0.7010122306474527
07335204,0,0.0,0.0,0,1,700.0,6.55250788703459,0,0.7061552850664907
07335205,0,0.0,0.0,0,2,1800.0,7.496097345175956,0,0.738756766786858
07335501,1,700.0,6.55250788703459,0,3,1700.0,7.438971592395862,1,0.7779177738589005
07336001,1,700.0,6.55250788703459,0,2,1150.0,7.048386408721883,0,0.7467420111997338
07336002,1,700.0,6.55250788703459,0,4,2150.0,7.67368812926773,1,0.8271634421367966
07336003,1,700.0,6.55250788703459,0,4,2150.0,7.67368812926773,1,0.9269738455696286
07336004,1,700.0,6.55250788703459,0,3,1700.0,7.438971592395862,1,0.7369711473994032
07336005,1,700.0,6.55250788703459,0,3,2150.0,7.67368812926773,0,0.7639348104806982
07336006,1,700.0,6.55250788703459,0,4,2150.0,7.67368812926773,1,1.3584535019369461
07336008,1,700.0,6.55250788703459,0,3,1700.0,7.438971592395862,1,0.7459676459757568
07336009,1,700.0,6.55250788703459,0,4,2150.0,7.67368812926773,1,0.794474690363854
07336010,1,700.0,6.55250788703459,0,3,1700.0,7.438971592395862,1,0.7235794928051154
07336011,1,700.0,6.55250788703459,0,3,1700.0,7.438971592395862,1,0.7352414961041147
07336012,1,700.0,6.55250788703459,0,3,2150.0,7.67368812926773,0,0.7655078244337277
07336013,1,700.0,6.55250788703459,0,2,1150.0,7.048386408721883,0,0.7495055459819319
07336014,1,700.0,6.55250788703459,0,3,2150.0,7.67368812926773,0,0.7751131254790804
07336015,1,700.0,6.55250788703459,0,4,2150.0,7.67368812926773,1,0.9473610661255489
07336016,1,700.0,6.55250788703459,0,3,1700.0,7.438971592395862,1,0.7314559964500545
07336017,1,700.0,6.55250788703459,0,3,1700.0,7.438971592395862,1,0.7178886980718324
07336018,1,700.0,6.55250788703459,0,4,2150.0,7.67368812926773,1,0.9086496335130086
07336019,1,700.0,6.55250788703459,0,2,1150.0,7.048386408721883,0,0.7498640243394816
07336021,1,700.0,6.55250788703459,0,4,2150.0,7.67368812926773,1,0.8043390403607839
07336022,1,700.0,6.55250788703459,0,4,2150.0,7.67368812926773,1,0.937729795526393
07336023,1,700.0,6.55250788703459,0,3,2150.0,7.67368812926773,0,0.7719578641918476
07336024,1,700.0,6.55250788703459,0,4,2150.0,7.67368812926773,1,0.9292772753176062
07336025,1,700.0,6.55250788703459,0,4,2150.0,7.67368812926773,1,0.832793150430335
07336027,1,700.0,6.55250788703459,0,3,1700.0,7.438971592395862,1,0.7406119072117573
07336029,1,700.0,6.55250788703459,0,2,1150.0,7.048386408721883,0,0.7472231153497567
07336030,1,700.0,6.55250788703459,0,3,2150.0,7.67368812926773,0,0.7779296499277002
07336031,1,700.0,6.55250788703459,0,3,1700.0,7.438971592395862,1,0.7840130298747447
07336032,1,700.0,6.55250788703459,0,3,1700.0,7.438971592395862,1,0.7281472158818991
07336033,1,700.0,6.55250788703459,0,3,2150.0,7.67368812926773,0,0.7576921993566036
07336034,1,700.0,6.55250788703459,0,4,2150.0,7.67368812926773,1,1.0235411675317276
07336036,1,700.0,6.55250788703459,0,2,1150.0,7.048386408721883,0,0.7439818407660157
07336037,1,700.0,6.55250788703459,0,3,1700.0,7.438971592395862,1,0.7755585266141154
07336038,1,700.0,6.55250788703459,0,3,2150.0,7.67368812926773,0,0.7537297201236681
07336039,1,700.0,6.55250788703459,0,4,2150.0,7.67368812926773,1,0.7830805181555174
07336040,1,700.0,6.55250788703459,0,3,2150.0,7.67368812926773,0,0.7647117176817401
07336041,1,700.0,6.55250788703459,0,3,1700.0,7.438971592395862,1,0.7793506695975825
07336042,1,700.0,6.55250788703459,0,3,2150.0,7.67368812926773,0,0.7761397872223774
07336043,1,700.0,6.55250788703459,0,2,1150.0,7.048386408721883,0,0.7509547691071987
07336044,1,700.0,6.55250788703459,0,3,2150.0,7.67368812926773,0,0.7662845209936474
07336045,1,700.0,6.55250788703459,0,3,2150.0,7.67368812926773,0,0.7550156355063636
07336046,1,700.0,6.55250788703459,0,4,2150.0,7.67368812926773,1,0.788366293657893
07336047,1,700.0,6.55250788703459,0,3,1700.0,7.438971592395862,1,0.8414042383283029
07336048,1,700.0,6.55250788703459,0,4,2150.0,7.67368812926773,1,0.7737154066792651
07336049,1,700.0,6.55250788703459,0,3,2150.0,7.67368812926773,0,0.7535392891858592
07336050,1,700.0,6.55250788703459,0,3,2150.0,7.67368812926773,0,0.7764639202704531
07336051,1,700.0,6.55250788703459,0,4,2150.0,7.67368812926773,1,0.9785875755846509
07336052,1,700.0,6.55250788703459,0,4,2150.0,7.67368812926773,1,0.8410186657822558
07336053,1,700.0,6.55250788703459,0,1,700.0,6.55250788703459,0,0.7493263242627782
07336054,1,700.0,6.55250788703459,0,3,1700.0,7.438971592395862,1,0.7611375413219448
07336056,1,700.0,6.55250788703459,0,3,1700.0,7.438971592395862,1,0.7911639185300491
07336057,1,700.0,6.55250788703459,0,3,2150.0,7.67368812926773,0,0.7607833276861165
07336058,1,700.0,6.55250788703459,0,3,2150.0,7.67368812926773,0,0.7537962733876338
07336060,1,700.0,6.55250788703459,0,3,2150.0,7.67368812926773,0,0.7549559811488863
07336061,1,700.0,6.55250788703459,0,2,1150.0,7.048386408721883,0,0.7498698315979163
07336062,1,700.0,6.55250788703459,0,3,2150.0,7.67368812926773,0,0.7587318397986589
07336064,1,700.0,6.55250788703459,0,3,1700.0,7.438971592395862,1,0.749828842951047
07336065,1,700.0,6.55250788703459,0,3,2150.0,7.67368812926773,0,0.7705203790468361
07336066,1,700.0,6.55250788703459,0,3,1700.0,7.438971592395862,1,0.8140920123693622
07336067,1,700.0,6.55250788703459,0,4,2150.0,7.67368812926773,1,0.8140500428598845
07336068,1,700.0,6.55250788703459,0,4,2150.0,7.67368812926773,1,0.8006602434347093
07336069,1,700.0,6.55250788703459,0,2,1150.0,7.048386408721883,0,0.7438417131009907
07336070,1,700.0,6.55250788703459,0,4,2150.0,7.67368812926773,1,0.9551985340839076
07336071,1,700.0,6.55250788703459,0,3,1700.0,7.438971592395862,1,0.8006685048125903
07336072,1,700.0,6.55250788703459,0,3,2150.0,7.67368812926773,0,0.7782193630339639
07336073,1,700.0,6.55250788703459,0,2,1150.0,7.048386408721883,0,0.7542425213818333
07336074,1,700.0,6.55250788703459,0,2,1150.0,7.048386408721883,0,0.7461384336867227
07336075,1,700.0,6.55250788703459,0,3,2150.0,7.67368812926773,0,0.7669930109468719
07336076,1,700.0,6.55250788703459,0,3,1700.0,7.438971592395862,1,0.7479764801239763
07336077,1,700.0,6.55250788703459,0,4,2150.0,7.67368812926773,1,0.8473396611181008
07336079,1,700.0,6.55250788703459,0,4,2150.0,7.67368812926773,1,1.0605634922886658
07336081,1,700.0,6.55250788703459,0,4,2150.0,7.67368812926773,1,0.835233959158282
07336082,1,700.0,6.55250788703459,0,3,1700.0,7.438971592395862,1,0.8144696747265432
07336084,1,700.0,6.55250788703459,0,4,2150.0,7.67368812926773,1,0.7976844892613925
07336085,1,700.0,6.55250788703459,0,2,1150.0,7.048386408721883,0,0.746403868455108
07336086,1,700.0,6.55250788703459,0,2,1150.0,7.048386408721883,0,0.7455609782340141
07336087,1,700.0,6.55250788703459,0,1,700.0,6.55250788703459,0,0.7599578779328391
07336088,1,700.0,6.55250788703459,0,4,2150.0,7.67368812926773,1,1.0021532934674109
07336089,1,700.0,6.55250788703459,0,4,2150.0,7.67368812926773,1,0.9303917550555765
07336090,1,700.0,6.55250788703459,0,2,1150.0,7.048386408721883,0,0.7528835164914268
07336091,1,700.0,6.55250788703459,0,4,2150.0,7.67368812926773,1,0.9429073039832386
07336092,1,700.0,6.55250788703459,0,3,1700.0,7.438971592395862,1,0.7206830199085665
07336094,1,700.0,6.55250788703459,0,4,2150.0,7.67368812926773,1,0.7688194422306149
07336095,1,700.0,6.55250788703459,0,4,2150.0,7.67368812926773,1,0.7880334896896435
07336096,1,700.0,6.55250788703459,0,3,1700.0,7.438971592395862,1,0.7572437530191041
07336097,1,700.0,6.55250788703459,0,4,2150.0,7.67368812926773,1,0.9117200345488599
07336098,1,700.0,6.55250788703459,0,4,2150.0,7.67368812926773,1,0.9048720264527454
07336099,1,700.0,6.55250788703459,0,4,2150.0,7.67368812926773,1,0.8587539521438814
07336100,1,700.0,6.55250788703459,0,3,2150.0,7.67368812926773,0,0.7661676947571965
07336101,1,700.0,6.55250788703459,0,3,1700.0,7.438971592395862,1,0.8060997232026258
07336102,1,700.0,6.55250788703459,0,3,1700.0,7.438971592395862,1,0.705025315726278
07336103,1,700.0,6.55250788703459,0,4,2150.0,7.67368812926773,1,0.8131743182392404
07336104,1,700.0,6.55250788703459,0,3,2150.0,7.67368812926773,0,0.7589186527724752
07336105,1,700.0,6.55250788703459,0,2,1150.0,7.048386408721883,0,0.7566858143419309
07336106,1,700.0,6.55250788703459,0,4,2150.0,7.67368812926773,1,0.9099448834719663
07336107,1,700.0,6.55250788703459,0,3,1700.0,7.438971592395862,1,0.8195219022962006
07336501,1,700.0,6.55250788703459,0,3,1700.0,7.438971592395862,1,0.7887334140887572
07337001,0,0.0,0.0,0,7,4300.0,8.366602832783736,3,0.7603723230149866
07337002,1,1100.0,7.00397413672268,0,7,4300.0,8.366602832783736,3,0.8356774756167757
07337005,0,0.0,0.0,0,5,2300.0,7.741099090035366,2,0.7448178818081457
07337006,3,200.0,5.303304908059076,2,6,2300.0,7.741099090035366,3,0.7800127278856791
07337007,3,200.0,5.303304908059076,2,7,4300.0,8.366602832783736,3,0.7926462898407102
07337008,0,0.0,0.0,0,5,2300.0,7.741099090035366,2,0.7212610957520291
07337009,0,0.0,0.0,0,7,4300.0,8.366602832783736,3,0.7637382909703728
07337011,2,1300.0,7.170888478512505,0,7,4300.0,8.366602832783736,3,0.8471314735784199
07337012,0,0.0,0.0,0,7,4300.0,8.366602832783736,3,0.7836296626222041
07337013,0,0.0,0.0,0,5,2300.0,7.741099090035366,2,0.7208718932085528
07337014,2,1300.0,7.170888478512505,0,7,4300.0,8.366602832783736,3,0.815488262920562
07337015,0,0.0,0.0,0,7,4300.0,8.366602832783736,3,0.7768558581117015
07337017,0,0.0,0.0,0,7,4300.0,8.366602832783736,3,0.7535009547322762
07337018,3,200.0,5.303304908059076,2,5,2300.0,7.741099090035366,2,0.7773331336125191
07337019,0,0.0,0.0,0,5,2300.0,7.741099090035366,2,0.7287713124200599
07337020,1,1100.0,7.00397413672268,0,7,4300.0,8.366602832783736,3,0.795517513020007
07337021,1,1100.0,7.00397413672268,0,7,4300.0,8.366602832783736,3,0.7990966020034616
07337022,0,0.0,0.0,0,6,2300.0,7.741099090035366,3,0.7564959113731725
07337023,2,1300.0,7.170888478512505,0,7,4300.0,8.366602832783736,3,0.8186989484942484
07337024,0,0.0,0.0,0,6,2300.0,7.741099090035366,3,0.7427897453666523
07337025,0,0.0,0.0,0,7,4300.0,8.366602832783736,3,0.7845771873473258
07337026,0,0.0,0.0,0,7,4300.0,8.366602832783736,3,0.7707903107417335
07337027,2,1300.0,7.170888478512505,0,7,4300.0,8.366602832783736,3,0.8384276336387047
07337028,0,0.0,0.0,0,7,4300.0,8.366602832783736,3,0.7740997405454619
07337029,0,0.0,0.0,0,5,2300.0,7.741099090035366,2,0.748687052757541
07337031,0,0.0,0.0,0,7,4300.0,8.366602832783736,3,0.7652425928004478
07337032,2,1300.0,7.170888478512505,0,7,4300.0,8.366602832783736,3,0.8634801533543321
07337033,0,0.0,0.0,0,5,2300.0,7.741099090035366,2,0.7250438792667322
07337035,1,1100.0,7.00397413672268,0,7,4300.0,8.366602832783736,3,0.8164903692803513
07337036,0,0.0,0.0,0,7,4300.0,8.366602832783736,3,0.7860938327657268
07337037,3,200.0,5.303304908059076,2,6,2300.0,7.741099090035366,3,0.7916923144525072
07337038,4,1200.0,7.0909098220799835,2,7,4300.0,8.366602832783736,3,0.869945860479513
07337039,4,1200.0,7.0909098220799835,2,7,4300.0,8.366602832783736,3,0.8964072552278644
07337040,0,0.0,0.0,0,7,4300.0,8.366602832783736,3,0.7705362156955022
07337041,2,1300.0,7.170888478512505,0,7,4300.0,8.366602832783736,3,0.8345873657886029
07337042,0,0.0,0.0,0,7,4300.0,8.366602832783736,3,0.7699769469464641
07337043,1,200.0,5.303304908059076,0,7,4300.0,8.366602832783736,3,0.7983901741188106
07337044,3,200.0,5.303304908059076,2,7,4300.0,8.366602832783736,3,0.8176183203257049
07337045,0,0.0,0.0,0,5,2300.0,7.741099090035366,2,0.7592533028758565
07337046,0,0.0,0.0,0,5,2300.0,7.741099090035366,2,0.7476332405427819
07337047,1,1100.0,7.00397413672268,0,7,4300.0,8.366602832783736,3,0.8111696698126496
07337048,1,1100.0,7.00397413672268,0,7,4300.0,8.366602832783736,3,0.8216014775355913
07337049,0,0.0,0.0,0,6,2300.0,7.741099090035366,3,0.7552530540145747
07337050,2,1300.0,7.170888478512505,0,7,4300.0,8.366602832783736,3,0.8048046781292818
07337051,0,0.0,0.0,0,7,4300.0,8.366602832783736,3,0.7566652650858918
07337052,1,1100.0,7.00397413672268,0,7,4300.0,8.366602832783736,3,0.7965372985107753
07337054,0,0.0,0.0,0,5,2300.0,7.741099090035366,2,0.7362632176643427
07337055,0,0.0,0.0,0,5,2300.0,7.741099090035366,2,0.760056145090557
07337056,2,0.0,0.0,2,5,2300.0,7.741099090035366,2,0.7626536559134742
07337058,3,200.0,5.303304908059076,2,5,2300.0,7.741099090035366,2,0.7723068258550561
07337059,0,0.0,0.0,0,5,2300.0,7.741099090035366,2,0.7295311738444893
07337060,0,0.0,0.0,0,5,2300.0,7.741099090035366,2,0.7074603015498062
07337061,3,200.0,5.303304908059076,2,7,4300.0,8.366602832783736,3,0.8338877223576606
07337062,0,0.0,0.0,0,5,2300.0,7.741099090035366,2,0.7487563713758878
07337064,0,0.0,0.0,0,7,4300.0,8.366602832783736,3,0.754863540817553
07337065,0,0.0,0.0,0,7,4300.0,8.366602832783736,3,0.7603531377255619
07337066,0,0.0,0.0,0,7,4300.0,8.366602832783736,3,0.788048743624852
07337067,0,0.0,0.0,0,5,2300.0,7.741099090035366,2,0.7286948114291468
07337068,3,200.0,5.303304908059076,2,7,4300.0,8.366602832783736,3,0.8106735831849085
07337069,0,0.0,0.0,0,7,4300.0,8.366602832783736,3,0.7932837914962518
07337070,1,1100.0,7.00397413672268,0,7,4300.0,8.366602832783736,3,0.7865120434327337
07337071,0,0.0,0.0,0,5,2300.0,7.741099090035366,2,0.7241377936037598
07337072,0,0.0,0.0,0,5,2300.0,7.741099090035366,2,0.735456797756201
07337073,0,0.0,0.0,0,7,4300.0,8.366602832783736,3,0.7687092330411353
07337074,0,0.0,0.0,0,5,2300.0,7.741099090035366,2,0.7305704179121002
07337076,2,0.0,0.0,2,5,2300.0,7.741099090035366,2,0.7561291788947327
07337077,1,1100.0,7.00397413672268,0,7,4300.0,8.366602832783736,3,0.8154166246230043
07337078,0,0.0,0.0,0,5,2300.0,7.741099090035366,2,0.7267231952129961
07337079,0,0.0,0.0,0,5,2300.0,7.741099090035366,2,0.7071463635374393
07337080,0,0.0,0.0,0,6,2300.0,7.741099090035366,3,0.7450854680956848
07337081,0,0.0,0.0,0,5,2300.0,7.741099090035366,2,0.7374128559493864
07337082,0,0.0,0.0,0,7,4300.0,8.366602832783736,3,0.7962672539956248
07337083,0,0.0,0.0,0,5,2300.0,7.741099090035366,2,0.7273881222581354
07337084,0,0.0,0.0,0,7,4300.0,8.366602832783736,3,0.779634445186798
07337501,0,0.0,0.0,0,6,2300.0,7.741099090035366,3,0.739597005769107
07338001,3,3100.0,8.03947991910045,1,8,5050.0,8.527341522468053,3,1.0720612274115162
07338002,2,1100.0,7.00397413672268,1,5,4450.0,8.400884069015854,1,0.8192523857135361
07338003,2,1100.0,7.00397413672268,1,5,4050.0,8.30671904320269,1,0.827068860626238
07338004,2,1100.0,7.00397413672268,1,5,4450.0,8.400884069015854,1,0.8247700428638749
07338005,3,3100.0,8.03947991910045,1,7,4300.0,8.366602832783736,3,0.9150186188091651
07338006,3,3100.0,8.03947991910045,1,7,4300.0,8.366602832783736,3,0.8879011809617152
07338007,3,3100.0,8.03947991910045,1,7,4300.0,8.366602832783736,3,1.0186323101581074
07338008,2,1100.0,7.00397413672268,1,4,3300.0,8.101980731853192,1,0.8496919673233936
07338009,0,0.0,0.0,0,5,4450.0,8.400884069015854,1,0.8137441981833691
07338010,3,3100.0,8.03947991910045,1,7,4300.0,8.366602832783736,3,0.9448899476857637
07338011,4,3300.0,8.101980731853192,1,7,4300.0,8.366602832783736,3,0.9262899965820904
07338012,2,1100.0,7.00397413672268,1,5,4450.0,8.400884069015854,1,0.8211819556639246
07338013,1,1100.0,7.00397413672268,0,5,4450.0,8.400884069015854,1,0.8113279828246533
07338014,2,1100.0,7.00397413672268,1,7,4300.0,8.366602832783736,3,0.8621128743599737
07338015,0,0.0,0.0,0,5,4450.0,8.400884069015854,1,0.8132611968229231
07338016,2,1100.0,7.00397413672268,1,6,4650.0,8.444837529224097,1,0.8255789230821103
07338017,3,3100.0,8.03947991910045,1,7,4300.0,8.366602832783736,3,0.9733024132723072
07338018,2,1100.0,7.00397413672268,1,5,4050.0,8.30671904320269,1,0.8382345027953899
07338019,3,3100.0,8.03947991910045,1,7,4300.0,8.366602832783736,3,0.9051086053479653
07338020,3,3100.0,8.03947991910045,1,7,4300.0,8.366602832783736,3,1.0113164693996706
07338021,3,3100.0,8.03947991910045,1,7,4300.0,8.366602832783736,3,1.3558569570349883
07338022,2,1100.0,7.00397413672268,1,7,4300.0,8.366602832783736,3,0.8447840134507039
07338023,4,3300.0,8.101980731853192,1,7,4300.0,8.366602832783736,3,0.9345334062072252
07338025,3,3100.0,8.03947991910045,1,7,4300.0,8.366602832783736,3,1.0364689144451829
07338026,3,3100.0,8.03947991910045,1,7,4300.0,8.366602832783736,3,1.1339979985214952
07339001,0,0.0,0.0,0,2,1350.0,7.208600337960199,0,0.7639642958511592
07339002,0,0.0,0.0,0,2,1350.0,7.208600337960199,0,0.7589564305035166
07339003,0,0.0,0.0,0,1,450.0,6.111467339502679,0,0.7569585761880723
07339004,0,0.0,0.0,0,2,1350.0,7.208600337960199,0,0.7561810899352248
07339005,0,0.0,0.0,0,1,450.0,6.111467339502679,0,0.755911136574309
07339006,2,1350.0,7.208600337960199,0,2,1350.0,7.208600337960199,0,0.8084058194532313
07339007,0,0.0,0.0,0,1,450.0,6.111467339502679,0,0.7567889356469801
07339008,0,0.0,0.0,0,2,1350.0,7.208600337960199,0,0.7685732079402748
07339009,0,0.0,0.0,0,2,1350.0,7.208600337960199,0,0.7800877381698295
07339010,2,1350.0,7.208600337960199,0,2,1350.0,7.208600337960199,0,0.8058951771006311
07339011,2,1350.0,7.208600337960199,0,2,1350.0,7.208600337960199,0,0.8133063667200808
07339012,2,1350.0,7.208600337960199,0,2,1350.0,7.208600337960199,0,0.8247788183991656
07339013,0,0.0,0.0,0,4,2450.0,7.804251383528112,1,0.7946235607368439
07339015,0,0.0,0.0,0,4,2450.0,7.804251383528112,1,0.8025932985955002
07339016,0,0.0,0.0,0,2,1350.0,7.208600337960199,0,0.7665444984140435
07339017,0,0.0,0.0,0,2,1350.0,7.208600337960199,0,0.7782395619639856
07339018,0,0.0,0.0,0,2,1350.0,7.208600337960199,0,0.7966814292489262
07339019,0,0.0,0.0,0,2,1350.0,7.208600337960199,0,0.763072720098825
07339020,0,0.0,0.0,0,2,1350.0,7.208600337960199,0,0.8002772414361348
07339021,0,0.0,0.0,0,2,1050.0,6.957497370876951,0,0.7549880564148009
07339022,0,0.0,0.0,0,1,450.0,6.111467339502679,0,0.7547803463098448
07339024,2,1350.0,7.208600337960199,0,4,2450.0,7.804251383528112,1,0.8189281764308041
07339025,0,0.0,0.0,0,2,1350.0,7.208600337960199,0,0.7927237995362718
07339026,0,0.0,0.0,0,2,1350.0,7.208600337960199,0,0.7986059310730544
07339028,0,0.0,0.0,0,4,2450.0,7.804251383528112,1,0.7939888611671322
07339029,0,0.0,0.0,0,2,1350.0,7.208600337960199,0,0.7574868873025198
07339030,0,0.0,0.0,0,2,1350.0,7.208600337960199,0,0.7670796357042617
07339031,0,0.0,0.0,0,2,1350.0,7.208600337960199,0,0.7685411703347108
07339032,0,0.0,0.0,0,2,1350.0,7.208600337960199,0,0.7868791261421905
07339033,0,0.0,0.0,0,2,1350.0,7.208600337960199,0,0.7943298766829261
07339034,2,1350.0,7.208600337960199,0,2,1350.0,7.208600337960199,0,0.8065425742687028
07339035,2,1350.0,7.208600337960199,0,3,1350.0,7.208600337960199,1,0.8201922426785774
07339036,0,0.0,0.0,0,1,450.0,6.111467339502679,0,0.7555156773677971
07339037,0,0.0,0.0,0,2,1350.0,7.208600337960199,0,0.7992727401081572
07339038,0,0.0,0.0,0,1,450.0,6.111467339502679,0,0.7550529304356784
07339039,2,1350.0,7.208600337960199,0,2,1350.0,7.208600337960199,0,0.8203006422113102
07339040,0,0.0,0.0,0,1,450.0,6.111467339502679,0,0.7561129391313223
07339041,0,0.0,0.0,0,2,1350.0,7.208600337960199,0,0.7644047177996592
07339042,0,0.0,0.0,0,2,1350.0,7.208600337960199,0,0.7858424791552889
07339043,2,1350.0,7.208600337960199,0,2,1350.0,7.208600337960199,0,0.8211012867628367
07339044,0,0.0,0.0,0,1,450.0,6.111467339502679,0,0.7557154665668
07339045,0,0.0,0.0,0,1,450.0,6.111467339502679,0,0.7553039581029339
07339046,0,0.0,0.0,0,2,1350.0,7.208600337960199,0,0.7628709352740914
07339047,0,0.0,0.0,0,2,1350.0,7.208600337960199,0,0.7839073203920347
07339048,0,0.0,0.0,0,2,1350.0,7.208600337960199,0,0.7594204398066601
07339049,2,1350.0,7.208600337960199,0,2,1350.0,7.208600337960199,0,0.8278420326501266
07339050,0,0.0,0.0,0,2,1350.0,7.208600337960199,0,0.7608513958219447
07339051,0,0.0,0.0,0,2,1350.0,7.208600337960199,0,0.7705537184225775
07339053,0,0.0,0.0,0,2,1350.0,7.208600337960199,0,0.7963724582685814
07339054,0,0.0,0.0,0,2,1350.0,7.208600337960199,0,0.7854795021290941
07339056,0,0.0,0.0,0,2,1350.0,7.208600337960199,0,0.7580793924734854
07339057,0,0.0,0.0,0,2,1350.0,7.208600337960199,0,0.7757451545418284
07339058,0,0.0,0.0,0,1,450.0,6.111467339502679,0,0.7560352123045293
07339059,2,1350.0,7.208600337960199,0,3,1350.0,7.208600337960199,1,0.8032593455632671
07339060,0,0.0,0.0,0,2,1350.0,7.208600337960199,0,0.7882728587019359
07339062,0,0.0,0.0,0,1,450.0,6.111467339502679,0,0.7531790768087459
07339063,0,0.0,0.0,0,1,450.0,6.111467339502679,0,0.7543726244105439
07339064,0,0.0,0.0,0,2,1350.0,7.208600337960199,0,0.799474481360595
07339065,0,0.0,0.0,0,2,1350.0,7.208600337960199,0,0.7567877535604646
07339066,0,0.0,0.0,0,4,2450.0,7.804251383528112,1,0.7996771435529331
07339067,0,0.0,0.0,0,2,1350.0,7.208600337960199,0,0.7899164812890007
07339068,0,0.0,0.0,0,2,1350.0,7.208600337960199,0,0.7570551657646282
07339201,0,0.0,0.0,0,4,2450.0,7.804251383528112,1,0.7962735344664464
07339202,0,0.0,0.0,0,2,1350.0,7.208600337960199,0,0.7633662140803319
07340001,0,0.0,0.0,0,4,1200.0,7.0909098220799835,2,0.6915924859557843
07340002,0,0.0,0.0,0,4,1200.0,7.0909098220799835,2,0.6951305473161095
07340003,0,0.0,0.0,0,1,700.0,6.55250788703459,0,0.6879995744436733
07340004,0,0.0,0.0,0,3,200.0,5.303304908059076,2,0.6868516112336382
07340005,0,0.0,0.0,0,5,2300.0,7.741099090035366,2,0.7120907436328019
07340006,0,0.0,0.0,0,5,2300.0,7.741099090035366,2,0.7168567862510138
07340007,0,0.0,0.0,0,1,700.0,6.55250788703459,0,0.6848914054599367
07340008,0,0.0,0.0,0,1,700.0,6.55250788703459,0,0.645003063773709
07340009,0,0.0,0.0,0,4,1200.0,7.0909098220799835,2,0.6945007603707654
07340010,0,0.0,0.0,0,5,2300.0,7.741099090035366,2,0.7002400480828532
07340011,0,0.0,0.0,0,2,0.0,0.0,2,0.6633312345256972
07340012,0,0.0,0.0,0,1,700.0,6.55250788703459,0,0.7023830196414742
07340014,0,0.0,0.0,0,5,2300.0,7.741099090035366,2,0.7084437895779216
07340015,0,0.0,0.0,0,1,700.0,6.55250788703459,0,0.7016370970419674
07340016,0,0.0,0.0,0,1,700.0,6.55250788703459,0,0.6957222901628254
07340017,0,0.0,0.0,0,2,700.0,6.55250788703459,1,0.6854849051697463
07340018,0,0.0,0.0,0,2,700.0,6.55250788703459,1,0.6943962118200137
07340019,0,0.0,0.0,0,1,700.0,6.55250788703459,0,0.6429030391964285
07340020,0,0.0,0.0,0,4,900.0,6.803505257608338,2,0.6892825579650029
07340021,0,0.0,0.0,0,4,1200.0,7.0909098220799835,2,0.6652696579356077
07340022,0,0.0,0.0,0,1,700.0,6.55250788703459,0,0.686626854131007
07340023,0,0.0,0.0,0,1,700.0,6.55250788703459,0,0.6678420303018386
07340024,0,0.0,0.0,0,1,700.0,6.55250788703459,0,0.6722313501492467
07340025,0,0.0,0.0,0,1,700.0,6.55250788703459,0,0.6994739239627465
07340026,0,0.0,0.0,0,1,700.0,6.55250788703459,0,0.6483427964912601
07340027,0,0.0,0.0,0,2,1800.0,7.496097345175956,0,0.7028480785820304
07340028,0,0.0,0.0,0,1,700.0,6.55250788703459,0,0.6690771352431375
07340029,0,0.0,0.0,0,0,0.0,0.0,0,0.6526050593701527
07340030,0,0.0,0.0,0,5,2300.0,7.741099090035366,2,0.7183032420099525
07340031,0,0.0,0.0,0,1,700.0,6.55250788703459,0,0.6929302941950843
07340032,0,0.0,0.0,0,1,700.0,6.55250788703459,0,0.6842665032254835
07340033,0,0.0,0.0,0,4,1200.0,7.0909098220799835,2,0.6921585513076592
07340034,0,0.0,0.0,0,4,1200.0,7.0909098220799835,2,0.6780973312644436
07340035,0,0.0,0.0,0,2,700.0,6.55250788703459,1,0.6613039068382306
07340036,0,0.0,0.0,0,1,700.0,6.55250788703459,0,0.6580105109188962
07340037,0,0.0,0.0,0,1,700.0,6.55250788703459,0,0.6711086538772404
07340038,0,0.0,0.0,0,1,700.0,6.55250788703459,0,0.679334475055736
07340039,0,0.0,0.0,0,4,1200.0,7.0909098220799835,2,0.6801420135608574
07340040,0,0.0,0.0,0,1,700.0,6.55250788703459,0,0.6785765017215979
07340041,0,0.0,0.0,0,2,700.0,6.55250788703459,1,0.6904526008442936
07340042,0,0.0,0.0,0,2,700.0,6.55250788703459,1,0.689585973949183
07340043,0,0.0,0.0,0,4,1200.0,7.0909098220799835,2,0.6946017700725908
07340044,0,0.0,0.0,0,1,700.0,6.55250788703459,0,0.70706361249404
07340045,0,0.0,0.0,0,3,200.0,5.303304908059076,2,0.6654565637604106
07340047,0,0.0,0.0,0,5,2300.0,7.741099090035366,2,0.7126426516359881
07340048,0,0.0,0.0,0,1,700.0,6.55250788703459,0,0.6412419395314951
07340049,0,0.0,0.0,0,5,2300.0,7.741099090035366,2,0.7165271087663649
07340050,0,0.0,0.0,0,1,700.0,6.55250788703459,0,0.6960802849029246
07340051,0,0.0,0.0,0,1,700.0,6.55250788703459,0,0.677763831809922
07340052,0,0.0,0.0,0,1,700.0,6.55250788703459,0,0.6477163540365799
07340053,0,0.0,0.0,0,1,700.0,6.55250788703459,0,0.6520109977905779
07340054,0,0.0,0.0,0,1,700.0,6.55250788703459,0,0.6896524212747961
07340055,0,0.0,0.0,0,1,700.0,6.55250788703459,0,0.6971661620566771
07340057,0,0.0,0.0,0,5,2300.0,7.741099090035366,2,0.7164633231073905
07340201,0,0.0,0.0,0,2,700.0,6.55250788703459,1,0.6448070893098801
07340202,0,0.0,0.0,0,2,700.0,6.55250788703459,1,0.6716296871722703
07340203,1,700.0,6.55250788703459,0,3,1700.0,7.438971592395862,1,0.6928051260672218
07340204,0,0.0,0.0,0,2,700.0,6.55250788703459,1,0.6860707299177462
07340205,0,0.0,0.0,0,2,700.0,6.55250788703459,1,0.6511442913612067
07340206,0,0.0,0.0,0,2,700.0,6.55250788703459,1,0.6610274765529376
07340207,0,0.0,0.0,0,2,700.0,6.55250788703459,1,0.6624201002400312
07340208,0,0.0,0.0,0,2,700.0,6.55250788703459,1,0.6448760448330089
07340209,0,0.0,0.0,0,2,700.0,6.55250788703459,1,0.6777192919992916
07340210,0,0.0,0.0,0,2,700.0,6.55250788703459,1,0.649147566487235
07340211,0,0.0,0.0,0,2,700.0,6.55250788703459,1,0.6399488186716578
07340212,1,700.0,6.55250788703459,0,2,700.0,6.55250788703459,1,0.6845410785905308
07340213,0,0.0,0.0,0,2,700.0,6.55250788703459,1,0.6799961976391873
07340214,0,0.0,0.0,0,2,700.0,6.55250788703459,1,0.6526088330139621
07340215,1,700.0,6.55250788703459,0,2,700.0,6.55250788703459,1,0.6912279826433864
07340216,1,700.0,6.55250788703459,0,2,700.0,6.55250788703459,1,0.6878502450270743
07340217,0,0.0,0.0,0,2,700.0,6.55250788703459,1,0.6750995734471505
07340218,0,0.0,0.0,0,2,700.0,6.55250788703459,1,0.6419424180611122
07340219,1,700.0,6.55250788703459,0,2,700.0,6.55250788703459,1,0.6999790055784071
07340220,0,0.0,0.0,0,2,700.0,6.55250788703459,1,0.6764540701901204
07340221,0,0.0,0.0,0,2,700.0,6.55250788703459,1,0.645017007940103
07340222,0,0.0,0.0,0,2,700.0,6.55250788703459,1,0.6670992899811443
07340223,1,700.0,6.55250788703459,0,2,700.0,6.55250788703459,1,0.6919293243688822
07340224,0,0.0,0.0,0,2,700.0,6.55250788703459,1,0.6834699784887263
07340225,0,0.0,0.0,0,2,700.0,6.55250788703459,1,0.6868965663589968
07340226,0,0.0,0.0,0,2,700.0,6.55250788703459,1,0.6555809356916529
07340227,1,700.0,6.55250788703459,0,2,700.0,6.55250788703459,1,0.6886323332632287
07340228,0,0.0,0.0,0,2,700.0,6.55250788703459,1,0.6799438247887672
07340501,0,0.0,0.0,0,4,1200.0,7.0909098220799835,2,0.6864766183849784
07340502,0,0.0,0.0,0,4,1200.0,7.0909098220799835,2,0.6846273743712161
08111000,1,220.0,5.3981627015177525,0,2,220.0,5.3981627015177525,1,0.7802364800841409
08115001,1,0.0,0.0,1,3,1220.0,7.107425474110705,1,0.7169126722848147
08115002,1,0.0,0.0,1,2,220.0,5.3981627015177525,1,0.7371007510516061
08115003,2,220.0,5.3981627015177525,1,2,220.0,5.3981627015177525,1,0.732228354829627
08115004,1,0.0,0.0,1,2,220.0,5.3981627015177525,1,0.6850802610923384
08115010,1,0.0,0.0,1,3,1220.0,7.107425474110705,1,0.7024378730101682
08115013,1,0.0,0.0,1,2,220.0,5.3981627015177525,1,0.7225980696911141
08115015,1,0.0,0.0,1,2,220.0,5.3981627015177525,1,0.7152367239277518
08115016,1,0.0,0.0,1,2,220.0,5.3981627015177525,1,0.6894146168912585
08115021,1,0.0,0.0,1,2,220.0,5.3981627015177525,1,0.7054107340974134
08115022,1,0.0,0.0,1,2,220.0,5.3981627015177525,1,0.7320755122828566
08115024,1,0.0,0.0,1,2,220.0,5.3981627015177525,1,0.7380915173125008
08115028,1,220.0,5.3981627015177525,0,3,1220.0,7.107425474110705,1,0.7611933414587645
08115029,1,220.0,5.3981627015177525,0,3,1220.0,7.107425474110705,1,0.7348674770873954
08115034,1,0.0,0.0,1,2,220.0,5.3981627015177525,1,0.6714826478250222
08115037,1,0.0,0.0,1,2,220.0,5.3981627015177525,1,0.711861598698112
08115041,1,220.0,5.3981627015177525,0,5,1220.0,7.107425474110705,3,0.7370094082078014
08115042,1,220.0,5.3981627015177525,0,5,1220.0,7.107425474110705,3,0.7495390819079357
08115044,1,0.0,0.0,1,2,220.0,5.3981627015177525,1,0.7383513353062816
08115045,2,220.0,5.3981627015177525,1,2,220.0,5.3981627015177525,1,0.7336052122288884
08115046,2,220.0,5.3981627015177525,1,2,220.0,5.3981627015177525,1,0.7382607131688672
08115048,1,0.0,0.0,1,2,220.0,5.3981627015177525,1,0.7407381061005573
08115050,0,0.0,0.0,0,5,1220.0,7.107425474110705,3,0.7274059027457441
08115051,1,0.0,0.0,1,2,220.0,5.3981627015177525,1,0.7500970996130261
08115052,1,220.0,5.3981627015177525,0,6,1420.0,7.259116128097101,3,0.7560571851456667
08115053,1,0.0,0.0,1,2,220.0,5.3981627015177525,1,0.6807166089189027
08115054,1,0.0,0.0,1,3,1220.0,7.107425474110705,1,0.7235267632252534
08116004,1,220.0,5.3981627015177525,0,2,220.0,5.3981627015177525,1,0.7292648233076042
08116005,1,0.0,0.0,1,2,220.0,5.3981627015177525,1,0.7202876220893667
08116006,1,0.0,0.0,1,2,220.0,5.3981627015177525,1,0.730415540032247
08116007,1,220.0,5.3981627015177525,0,2,220.0,5.3981627015177525,1,0.7272391710529548
08116008,1,0.0,0.0,1,2,220.0,5.3981627015177525,1,0.7200470585324905
08116011,0,0.0,0.0,0,3,470.0,6.154858094016418,1,0.7047362461156906
08116012,0,0.0,0.0,0,3,470.0,6.154858094016418,1,0.7075019568444221
08116014,1,220.0,5.3981627015177525,0,2,220.0,5.3981627015177525,1,0.726637890037156
08116015,1,220.0,5.3981627015177525,0,2,220.0,5.3981627015177525,1,0.7284947963206181
08116016,0,0.0,0.0,0,3,470.0,6.154858094016418,1,0.7097014099078234
08116018,0,0.0,0.0,0,3,470.0,6.154858094016418,1,0.7021365441386749
08116019,1,220.0,5.3981627015177525,0,2,220.0,5.3981627015177525,1,0.7420271211659254
08116020,1,0.0,0.0,1,2,220.0,5.3981627015177525,1,0.7101793234474469
08116022,1,0.0,0.0,1,2,220.0,5.3981627015177525,1,0.7146582895693063
08116027,0,0.0,0.0,0,2,220.0,5.3981627015177525,1,0.7194045486009777
08116029,0,0.0,0.0,0,3,470.0,6.154858094016418,1,0.7119358150466699
08116033,0,0.0,0.0,0,2,220.0,5.3981627015177525,1,0.7133443192575846
08116035,1,220.0,5.3981627015177525,0,2,220.0,5.3981627015177525,1,0.7230657250427662
08116036,1,0.0,0.0,1,2,220.0,5.3981627015177525,1,0.7081358964619657
08116037,0,0.0,0.0,0,2,220.0,5.3981627015177525,1,0.7265661938750618
08116041,1,0.0,0.0,1,2,220.0,5.3981627015177525,1,0.7226423504843488
08116042,1,0.0,0.0,1,2,220.0,5.3981627015177525,1,0.7275001271798608
08116043,0,0.0,0.0,0,4,600.0,6.398594934535208,1,0.7077004764194632
08116046,1,0.0,0.0,1,2,220.0,5.3981627015177525,1,0.7041252164463611
08116047,2,220.0,5.3981627015177525,1,2,220.0,5.3981627015177525,1,0.7298329016978902
08116048,0,0.0,0.0,0,2,220.0,5.3981627015177525,1,0.7164784319396564
08116049,1,0.0,0.0,1,2,220.0,5.3981627015177525,1,0.7155112788564845
08116050,0,0.0,0.0,0,2,220.0,5.3981627015177525,1,0.7169644687912985
08116053,0,0.0,0.0,0,3,470.0,6.154858094016418,1,0.7133686734204288
08116054,0,0.0,0.0,0,3,470.0,6.154858094016418,1,0.7057506905892061
08116056,1,220.0,5.3981627015177525,0,2,220.0,5.3981627015177525,1,0.7245334408062153
08116058,0,0.0,0.0,0,2,220.0,5.3981627015177525,1,0.7218117109279716
08116063,1,0.0,0.0,1,2,220.0,5.3981627015177525,1,0.7296459088746878
08116068,0,0.0,0.0,0,2,220.0,5.3981627015177525,1,0.7191775321823459
08116070,0,0.0,0.0,0,3,470.0,6.154858094016418,1,0.7104244678649799
08116071,0,0.0,0.0,0,2,220.0,5.3981627015177525,1,0.7199901238500377
08116072,0,0.0,0.0,0,2,220.0,5.3981627015177525,1,0.7204296281170566
08116073,1,0.0,0.0,1,2,220.0,5.3981627015177525,1,0.7238447539783908
08116076,1,220.0,5.3981627015177525,0,2,220.0,5.3981627015177525,1,0.7371442253005808
08116077,2,220.0,5.3981627015177525,1,2,220.0,5.3981627015177525,1,0.7335401555323293
08116078,2,220.0,5.3981627015177525,1,2,220.0,5.3981627015177525,1,0.7396614212100192
08116079,0,0.0,0.0,0,3,470.0,6.154858094016418,1,0.7011030322112668
08116080,1,220.0,5.3981627015177525,0,2,220.0,5.3981627015177525,1,0.7342739797584266
08116081,1,0.0,0.0,1,2,220.0,5.3981627015177525,1,0.7270706422051381
08117001,0,0.0,0.0,0,4,1050.0,6.957497370876951,1,0.7260084595392517
08117002,0,0.0,0.0,0,4,600.0,6.398594934535208,1,0.7139810978765739
08117003,0,0.0,0.0,0,3,470.0,6.154858094016418,1,0.719050821235439
08117006,0,0.0,0.0,0,5,800.0,6.68586094706836,1,0.7223088702603503
08117007,0,0.0,0.0,0,4,1280.0,7.155396301896734,0,0.7386247564216584
08117009,0,0.0,0.0,0,4,1300.0,7.170888478512505,0,0.7273760952514803
08117010,1,130.0,4.875197323201151,0,4,1280.0,7.155396301896734,0,0.7652677796919483
08117011,0,0.0,0.0,0,5,1300.0,7.170888478512505,1,0.7264851895162572
08117012,0,0.0,0.0,0,4,600.0,6.398594934535208,1,0.7168621620297954
08117014,0,0.0,0.0,0,5,1280.0,7.155396301896734,1,0.725376905124884
08117015,0,0.0,0.0,0,4,1280.0,7.155396301896734,0,0.7414036242219908
08117016,0,0.0,0.0,0,4,580.0,6.364750756851911,1,0.7168470077363299
08117017,0,0.0,0.0,0,5,1300.0,7.170888478512505,1,0.7189674699033557
08117018,0,0.0,0.0,0,2,220.0,5.3981627015177525,1,0.7209899364440087
08117019,0,0.0,0.0,0,5,1500.0,7.313886831633462,0,0.7286196631111588
08117020,0,0.0,0.0,0,6,1500.0,7.313886831633462,1,0.7227360179187702
08117023,0,0.0,0.0,0,5,1300.0,7.170888478512505,1,0.7196308223485356
08117024,0,0.0,0.0,0,4,1280.0,7.155396301896734,0,0.7459041593076008
08117025,0,0.0,0.0,0,5,1500.0,7.313886831633462,0,0.7359826756142015
08117026,0,0.0,0.0,0,5,1300.0,7.170888478512505,1,0.7242689948961762
08117028,0,0.0,0.0,0,5,800.0,6.68586094706836,1,0.7153221349308039
08117029,0,0.0,0.0,0,4,600.0,6.398594934535208,1,0.7170112825741968
08117030,0,0.0,0.0,0,5,1300.0,7.170888478512505,1,0.7211316010309832
08117031,0,0.0,0.0,0,4,580.0,6.364750756851911,1,0.7137617238620573
08117033,0,0.0,0.0,0,4,1280.0,7.155396301896734,0,0.7390357930614059
08117035,0,0.0,0.0,0,5,800.0,6.68586094706836,1,0.7152504546752618
08117037,0,0.0,0.0,0,5,1500.0,7.313886831633462,0,0.7343157923305703
08117038,0,0.0,0.0,0,5,1300.0,7.170888478512505,1,0.7254047491764466
08117042,0,0.0,0.0,0,5,1500.0,7.313886831633462,0,0.731368071056715
08117043,0,0.0,0.0,0,5,1500.0,7.313886831633462,0,0.726211725889572
08117044,0,0.0,0.0,0,3,470.0,6.154858094016418,1,0.7164355997607057
08117049,0,0.0,0.0,0,5,1500.0,7.313886831633462,0,0.733434601508335
08117051,0,0.0,0.0,0,5,1300.0,7.170888478512505,1,0.7210529139110122
08117053,0,0.0,0.0,0,4,1300.0,7.170888478512505,0,0.7299261979144149
08117055,0,0.0,0.0,0,5,1300.0,7.170888478512505,1,0.7234354978994084
08117058,0,0.0,0.0,0,5,800.0,6.68586094706836,1,0.7108120411559383
08117060,0,0.0,0.0,0,4,600.0,6.398594934535208,1,0.7155315058106184
08117061,0,0.0,0.0,0,4,1280.0,7.155396301896734,0,0.7501020594965034
08118001,1,220.0,5.3981627015177525,0,2,220.0,5.3981627015177525,1,0.77799938167292
08118003,1,220.0,5.3981627015177525,0,2,220.0,5.3981627015177525,1,0.896135840557273
08118006,1,220.0,5.3981627015177525,0,2,220.0,5.3981627015177525,1,0.8017318989394098
08118007,1,220.0,5.3981627015177525,0,1,220.0,5.3981627015177525,0,0.7756690981842695
08118010,1,220.0,5.3981627015177525,0,3,3220.0,8.0774471493312,0,0.7660624493739736
08118011,1,220.0,5.3981627015177525,0,2,220.0,5.3981627015177525,1,0.7964946350339459
08118012,1,220.0,5.3981627015177525,0,6,1420.0,7.259116128097101,3,0.7683858244184374
08118014,1,220.0,5.3981627015177525,0,2,220.0,5.3981627015177525,1,0.7824105490717146
08118015,1,220.0,5.3981627015177525,0,2,1220.0,7.107425474110705,0,0.7697091670738593
08118016,1,220.0,5.3981627015177525,0,3,1420.0,7.259116128097101,0,0.7717765530667142
08118018,1,220.0,5.3981627015177525,0,1,220.0,5.3981627015177525,0,0.7664274285358972
08118019,1,220.0,5.3981627015177525,0,2,220.0,5.3981627015177525,1,0.7752132135263613
08118021,1,220.0,5.3981627015177525,0,1,220.0,5.3981627015177525,0,0.7606257782224706
08118027,1,220.0,5.3981627015177525,0,3,1220.0,7.107425474110705,1,0.7898044775866935
08118028,1,220.0,5.3981627015177525,0,1,220.0,5.3981627015177525,0,0.7778951257213551
08118040,1,220.0,5.3981627015177525,0,1,220.0,5.3981627015177525,0,0.7631731217898186
08118047,1,220.0,5.3981627015177525,0,2,1220.0,7.107425474110705,0,0.7746124817516098
08118048,1,220.0,5.3981627015177525,0,2,220.0,5.3981627015177525,1,1.0555892844197297
08118049,1,220.0,5.3981627015177525,0,2,220.0,5.3981627015177525,1,0.8013722862658418
08118050,1,220.0,5.3981627015177525,0,3,1220.0,7.107425474110705,1,0.8216859591267553
08118051,1,220.0,5.3981627015177525,0,2,220.0,5.3981627015177525,1,0.9238221183521922
08118053,1,220.0,5.3981627015177525,0,1,220.0,5.3981627015177525,0,0.7721224767323756
08118054,1,220.0,5.3981627015177525,0,1,220.0,5.3981627015177525,0,0.7837613961631928
08118059,1,220.0,5.3981627015177525,0,6,1420.0,7.259116128097101,3,0.7856198994482662
08118060,1,220.0,5.3981627015177525,0,1,220.0,5.3981627015177525,0,0.7509821618998103
08118063,1,220.0,5.3981627015177525,0,2,220.0,5.3981627015177525,1,0.8008948971919954
08118067,1,220.0,5.3981627015177525,0,3,1220.0,7.107425474110705,1,0.8229659100371141
08118068,1,220.0,5.3981627015177525,0,6,1420.0,7.259116128097101,3,0.7765885794443088
08118070,1,220.0,5.3981627015177525,0,1,220.0,5.3981627015177525,0,0.7766739714054258
08118071,1,220.0,5.3981627015177525,0,2,220.0,5.3981627015177525,1,0.8398297191824414
08118073,1,220.0,5.3981627015177525,0,6,1420.0,7.259116128097101,3,0.7719145649005912
08118074,1,220.0,5.3981627015177525,0,1,220.0,5.3981627015177525,0,0.7705093375556711
08118076,1,220.0,5.3981627015177525,0,3,1220.0,7.107425474110705,1,0.7851371129328761
08118077,1,220.0,5.3981627015177525,0,2,220.0,5.3981627015177525,1,0.801121039861864
08118078,1,220.0,5.3981627015177525,0,2,220.0,5.3981627015177525,1,0.841020544468853
08118079,1,220.0,5.3981627015177525,0,2,220.0,5.3981627015177525,1,0.8103843411559318
08118080,1,220.0,5.3981627015177525,0,2,220.0,5.3981627015177525,1,0.841074771463938
08118081,1,220.0,5.3981627015177525,0,2,220.0,5.3981627015177525,1,0.8301952260597926
08119001,0,0.0,0.0,0,3,1050.0,6.957497370876951,0,0.7359031184624635
08119003,1,220.0,5.3981627015177525,0,2,920.0,6.825460036255307,0,0.741151249427781
08119004,0,0.0,0.0,0,2,920.0,6.825460036255307,0,0.7335717208242887
08119006,1,220.0,5.3981627015177525,0,2,920.0,6.825460036255307,0,0.7376063878861551
08119008,1,220.0,5.3981627015177525,0,1,220.0,5.3981627015177525,0,0.7461245321041954
08119018,1,220.0,5.3981627015177525,0,1,220.0,5.3981627015177525,0,0.7589532593064802
08119020,1,220.0,5.3981627015177525,0,2,220.0,5.3981627015177525,1,0.7854092817072711
08119024,0,0.0,0.0,0,2,920.0,6.825460036255307,0,0.7330821841525754
08119037,0,0.0,0.0,0,2,920.0,6.825460036255307,0,0.7337095921071383
08119038,1,220.0,5.3981627015177525,0,1,220.0,5.3981627015177525,0,0.7657012648170556
08119041,1,220.0,5.3981627015177525,0,2,220.0,5.3981627015177525,1,0.7623466691409602
08119042,1,220.0,5.3981627015177525,0,2,220.0,5.3981627015177525,1,0.7558789204066096
08119044,0,0.0,0.0,0,2,920.0,6.825460036255307,0,0.73333636908839
08119053,1,220.0,5.3981627015177525,0,2,920.0,6.825460036255307,0,0.7395847400805469
08119055,0,0.0,0.0,0,2,920.0,6.825460036255307,0,0.7283606716612017
08119061,0,0.0,0.0,0,2,920.0,6.825460036255307,0,0.7348270726675611
08119067,0,0.0,0.0,0,3,920.0,6.825460036255307,1,0.7301403170313253
08119068,1,220.0,5.3981627015177525,0,2,220.0,5.3981627015177525,1,0.7720084016772
08119069,0,0.0,0.0,0,1,220.0,5.3981627015177525,0,0.737353003642502
08119075,0,0.0,0.0,0,2,920.0,6.825460036255307,0,0.7356320067643314
08119076,0,0.0,0.0,0,3,920.0,6.825460036255307,1,0.7293045045173778
08119079,1,220.0,5.3981627015177525,0,2,220.0,5.3981627015177525,1,0.7804756094031158
08119083,1,220.0,5.3981627015177525,0,2,920.0,6.825460036255307,0,0.7397410529135491
08119084,0,0.0,0.0,0,2,920.0,6.825460036255307,0,0.7326637161566628
08119085,1,220.0,5.3981627015177525,0,2,220.0,5.3981627015177525,1,0.7546249910273595
08119086,1,220.0,5.3981627015177525,0,2,220.0,5.3981627015177525,1,0.7326921666836772
08119087,1,220.0,5.3981627015177525,0,1,220.0,5.3981627015177525,0,0.7487625946096986
08119089,1,220.0,5.3981627015177525,0,3,920.0,6.825460036255307,1,0.7394489174786305
08119090,1,220.0,5.3981627015177525,0,2,220.0,5.3981627015177525,1,0.7380088429953893
08119091,1,220.0,5.3981627015177525,0,2,220.0,5.3981627015177525,1,0.7467132693486761
08119093,1,220.0,5.3981627015177525,0,2,220.0,5.3981627015177525,1,0.7685104366876412
08121000,0,0.0,0.0,0,2,2220.0,7.7057128238944275,0,0.748350340885416
08125001,1,220.0,5.3981627015177525,0,1,220.0,5.3981627015177525,0,0.7477133266818918
08125005,0,0.0,0.0,0,2,2220.0,7.7057128238944275,0,0.7476990153835101
08125006,0,0.0,0.0,0,3,2220.0,7.7057128238944275,1,0.7613562019622897
08125007,0,0.0,0.0,0,3,2220.0,7.7057128238944275,1,0.7533083175024284
08125008,1,220.0,5.3981627015177525,0,1,220.0,5.3981627015177525,0,0.7491932572311073
08125013,1,220.0,5.3981627015177525,0,4,3420.0,8.137688184977605,0,0.7645177678492125
08125017,1,220.0,5.3981627015177525,0,6,3420.0,8.137688184977605,2,0.7683280079804649
08125021,0,0.0,0.0,0,1,220.0,5.3981627015177525,0,0.7392206824164635
08125024,0,0.0,0.0,0,1,220.0,5.3981627015177525,0,0.7400348371441963
08125026,0,0.0,0.0,0,8,4520.0,8.416488487294606,3,0.7874899416979022
08125027,0,0.0,0.0,0,1,220.0,5.3981627015177525,0,0.7433022042734136
08125030,0,0.0,0.0,0,1,220.0,5.3981627015177525,0,0.7508863401118425
08125034,0,0.0,0.0,0,8,4520.0,8.416488487294606,3,0.7758353394834988
08125038,0,0.0,0.0,0,7,3420.0,8.137688184977605,3,0.7704763274349964
08125039,0,0.0,0.0,0,3,2220.0,7.7057128238944275,1,0.7549002801904737
08125046,1,220.0,5.3981627015177525,0,1,220.0,5.3981627015177525,0,0.7537226908806756
08125047,0,0.0,0.0,0,8,4520.0,8.416488487294606,3,0.7880514557226647
08125048,0,0.0,0.0,0,0,0.0,0.0,0,0.7304816379954224
08125049,0,0.0,0.0,0,6,4520.0,8.416488487294606,1,0.7779241509153674
08125056,1,220.0,5.3981627015177525,0,1,220.0,5.3981627015177525,0,0.7582507689680729
08125057,0,0.0,0.0,0,1,220.0,5.3981627015177525,0,0.7403217147698494
08125058,0,0.0,0.0,0,2,2220.0,7.7057128238944275,0,0.7567240494170302
08125059,0,0.0,0.0,0,1,220.0,5.3981627015177525,0,0.7384146054535365
08125061,0,0.0,0.0,0,6,4520.0,8.416488487294606,1,0.7669905465011495
08125063,0,0.0,0.0,0,0,0.0,0.0,0,0.7366302571029629
08125065,0,0.0,0.0,0,2,2220.0,7.7057128238944275,0,0.7468519128996977
08125066,1,220.0,5.3981627015177525,0,1,220.0,5.3981627015177525,0,0.759483942809355
08125068,0,0.0,0.0,0,2,2220.0,7.7057128238944275,0,0.7432552222287593
08125069,0,0.0,0.0,0,1,220.0,5.3981627015177525,0,0.7380662262214828
08125074,0,0.0,0.0,0,2,2220.0,7.7057128238944275,0,0.7578076822478281
08125078,0,0.0,0.0,0,2,2220.0,7.7057128238944275,0,0.743873964912384
08125079,0,0.0,0.0,0,3,2220.0,7.7057128238944275,1,0.7536234748672732
08125081,0,0.0,0.0,0,7,3420.0,8.137688184977605,3,0.772720647181524
08125084,0,0.0,0.0,0,0,0.0,0.0,0,0.7385527348072813
08125086,0,0.0,0.0,0,5,3420.0,8.137688184977605,1,0.7646375563389918
08125087,0,0.0,0.0,0,4,3320.0,8.108021221376747,1,0.7645659559788343
08125094,1,220.0,5.3981627015177525,0,1,220.0,5.3981627015177525,0,0.7541651536689535
08125096,0,0.0,0.0,0,2,2220.0,7.7057128238944275,0,0.7489422582406893
08125098,0,0.0,0.0,0,1,220.0,5.3981627015177525,0,0.7466078416324133
08125102,0,0.0,0.0,0,1,220.0,5.3981627015177525,0,0.7425165628111976
08125103,0,0.0,0.0,0,0,0.0,0.0,0,0.7328501367008915
08125107,0,0.0,0.0,0,1,220.0,5.3981627015177525,0,0.7344436266429628
08125108,0,0.0,0.0,0,8,4520.0,8.416488487294606,3,0.7777204018590698
08125110,0,0.0,0.0,0,1,220.0,5.3981627015177525,0,0.7363982014232205
08125111,0,0.0,0.0,0,1,220.0,5.3981627015177525,0,0.7336266561317935
08125113,0,0.0,0.0,0,1,220.0,5.3981627015177525,0,0.7348923546171213
08126011,0,0.0,0.0,0,1,220.0,5.3981627015177525,0,0.7324382283513144
08126020,0,0.0,0.0,0,0,0.0,0.0,0,0.7251462763092028
08126028,0,0.0,0.0,0,0,0.0,0.0,0,0.7274025521074777
08126039,0,0.0,0.0,0,0,0.0,0.0,0,0.7258737989505224
08126045,0,0.0,0.0,0,0,0.0,0.0,0,0.7260156086612901
08126046,0,0.0,0.0,0,1,700.0,6.55250788703459,0,0.7259811386224237
08126047,0,0.0,0.0,0,1,700.0,6.55250788703459,0,0.7270039823029262
08126056,0,0.0,0.0,0,1,700.0,6.55250788703459,0,0.7255456945906151
08126058,0,0.0,0.0,0,2,920.0,6.825460036255307,0,0.7278607188806365
08126060,0,0.0,0.0,0,0,0.0,0.0,0,0.7263260069913184
08126066,0,0.0,0.0,0,1,220.0,5.3981627015177525,0,0.7297755345872854
08126069,0,0.0,0.0,0,1,220.0,5.3981627015177525,0,0.7300568788649167
08126072,0,0.0,0.0,0,0,0.0,0.0,0,0.7284997002867382
08126085,0,0.0,0.0,0,2,920.0,6.825460036255307,0,0.7278539448108995
08126086,0,0.0,0.0,0,0,0.0,0.0,0,0.726646104615832
08126094,0,0.0,0.0,0,1,220.0,5.3981627015177525,0,0.7287339059926603
08127008,0,0.0,0.0,0,1,700.0,6.55250788703459,0,0.730563597111691
08127009,0,0.0,0.0,0,1,700.0,6.55250788703459,0,0.7298637856255386
08127012,1,700.0,6.55250788703459,0,1,700.0,6.55250788703459,0,0.7566330942965325
08127013,1,700.0,6.55250788703459,0,2,830.0,6.7226297948554485,0,0.7659818571122727
08127014,1,700.0,6.55250788703459,0,1,700.0,6.55250788703459,0,0.7545910686956554
08127023,0,0.0,0.0,0,2,920.0,6.825460036255307,0,0.7363845616785814
08127025,0,0.0,0.0,0,2,920.0,6.825460036255307,0,0.7404864763589833
08127032,0,0.0,0.0,0,1,700.0,6.55250788703459,0,0.7312853831273693
08127043,0,0.0,0.0,0,1,700.0,6.55250788703459,0,0.7380799625347559
08127046,0,0.0,0.0,0,1,700.0,6.55250788703459,0,0.7378756219243323
08127047,0,0.0,0.0,0,1,700.0,6.55250788703459,0,0.7288982108434936
08127052,0,0.0,0.0,0,2,920.0,6.825460036255307,0,0.7313246618935648
08127056,0,0.0,0.0,0,2,920.0,6.825460036255307,0,0.7361468168349148
08127059,0,0.0,0.0,0,2,920.0,6.825460036255307,0,0.7311778835926979
08127062,0,0.0,0.0,0,2,920.0,6.825460036255307,0,0.7334542356109153
08127063,1,700.0,6.55250788703459,0,1,700.0,6.55250788703459,0,0.752228348156488
08127071,0,0.0,0.0,0,1,700.0,6.55250788703459,0,0.7355055402605531
08127073,1,700.0,6.55250788703459,0,1,700.0,6.55250788703459,0,0.7478063488587626
08127075,0,0.0,0.0,0,1,700.0,6.55250788703459,0,0.7289770152559101
08127076,0,0.0,0.0,0,2,920.0,6.825460036255307,0,0.7323243124705233
08127079,1,700.0,6.55250788703459,0,3,1050.0,6.957497370876951,0,0.7525599630702358
08127086,0,0.0,0.0,0,1,700.0,6.55250788703459,0,0.7303314432387633
08127089,1,700.0,6.55250788703459,0,1,700.0,6.55250788703459,0,0.7452935020450049
08127091,0,0.0,0.0,0,1,700.0,6.55250788703459,0,0.7407985126891559
08127099,0,0.0,0.0,0,1,700.0,6.55250788703459,0,0.7340440230586883
08127100,0,0.0,0.0,0,2,920.0,6.825460036255307,0,0.7341809572292497
08127101,1,700.0,6.55250788703459,0,1,700.0,6.55250788703459,0,0.7606915374078287
08127102,1,700.0,6.55250788703459,0,2,830.0,6.7226297948554485,0,0.782818141453399
08127103,1,700.0,6.55250788703459,0,1,700.0,6.55250788703459,0,0.7598231887982185
08127104,1,700.0,6.55250788703459,0,1,700.0,6.55250788703459,0,0.7874155378994165
08128006,0,0.0,0.0,0,0,0.0,0.0,0,0.7255620719450229
08128007,0,0.0,0.0,0,0,0.0,0.0,0,0.7257069807736007
08128014,0,0.0,0.0,0,0,0.0,0.0,0,0.7270536168806275
08128020,0,0.0,0.0,0,0,0.0,0.0,0,0.7289314430585685
08128039,0,0.0,0.0,0,0,0.0,0.0,0,0.7515166536039924
08128045,0,0.0,0.0,0,0,0.0,0.0,0,0.7312951431726369
08128047,0,0.0,0.0,0,0,0.0,0.0,0,0.7288669729957435
08128058,0,0.0,0.0,0,0,0.0,0.0,0,0.7257763917371818
08128061,0,0.0,0.0,0,0,0.0,0.0,0,0.7321120564798096
08128064,0,0.0,0.0,0,0,0.0,0.0,0,0.7368924152532774
08128082,0,0.0,0.0,0,0,0.0,0.0,0,0.7264416062576451
08128115,0,0.0,0.0,0,0,0.0,0.0,0,0.7305536634581017
08128126,0,0.0,0.0,0,0,0.0,0.0,0,0.7262633940901153
08128128,0,0.0,0.0,0,0,0.0,0.0,0,0.7330670907480834
08128131,0,0.0,0.0,0,0,0.0,0.0,0,0.7412759662645098
08128137,0,0.0,0.0,0,0,0.0,0.0,0,0.7287613034705238
08128138,0,0.0,0.0,0,0,0.0,0.0,0,0.730342171392848
08128139,0,0.0,0.0,0,0,0.0,0.0,0,0.7281521489294481
08135010,1,130.0,4.875197323201151,0,5,1391.0,7.238496840894365,0,0.839108730414314
08135015,1,130.0,4.875197323201151,0,4,1280.0,7.155396301896734,0,0.799564044192007
08135019,2,330.0,5.802118375377063,0,4,1280.0,7.155396301896734,0,0.8623737617845576
08135020,2,330.0,5.802118375377063,0,4,1280.0,7.155396301896734,0,0.9761207573959984
08135021,2,330.0,5.802118375377063,0,5,1391.0,7.238496840894365,0,1.0809586368882793
08135025,2,830.0,6.7226297948554485,0,4,1280.0,7.155396301896734,0,0.805083084172936
08135026,1,130.0,4.875197323201151,0,4,1280.0,7.155396301896734,0,0.868862639903286
08135027,3,580.0,6.364750756851911,0,5,1391.0,7.238496840894365,0,0.9415211422059242
08135031,2,330.0,5.802118375377063,0,5,1391.0,7.238496840894365,0,0.9426386145792873
08135032,1,130.0,4.875197323201151,0,4,1280.0,7.155396301896734,0,0.8042249910114487
08136002,1,700.0,6.55250788703459,0,2,830.0,6.7226297948554485,0,0.8044098832782118
08136003,1,700.0,6.55250788703459,0,2,830.0,6.7226297948554485,0,0.8192156907767854
08136007,2,830.0,6.7226297948554485,0,4,1280.0,7.155396301896734,0,0.774767517197243
08136009,1,700.0,6.55250788703459,0,4,1280.0,7.155396301896734,0,0.7637210072638893
08136010,1,700.0,6.55250788703459,0,3,1030.0,6.93828448401696,0,0.7938552392171001
08136015,0,0.0,0.0,0,3,1050.0,6.957497370876951,0,0.743854191175672
08136018,1,700.0,6.55250788703459,0,2,830.0,6.7226297948554485,0,0.8224681535729793
08136020,1,700.0,6.55250788703459,0,2,830.0,6.7226297948554485,0,0.7576051389328861
08136021,1,700.0,6.55250788703459,0,4,1280.0,7.155396301896734,0,0.7858331015178157
08136024,1,700.0,6.55250788703459,0,2,830.0,6.7226297948554485,0,0.7599861865763461
08136027,0,0.0,0.0,0,2,920.0,6.825460036255307,0,0.7394979535092809
08136028,1,700.0,6.55250788703459,0,4,1280.0,7.155396301896734,0,0.7644808598925755
08136029,1,700.0,6.55250788703459,0,3,1030.0,6.93828448401696,0,0.7722198235573177
08136033,1,700.0,6.55250788703459,0,3,1030.0,6.93828448401696,0,0.8680969811176515
08136034,1,700.0,6.55250788703459,0,4,1280.0,7.155396301896734,0,0.7562985566002874
08136035,1,700.0,6.55250788703459,0,2,830.0,6.7226297948554485,0,0.8189331422513024
08136037,1,700.0,6.55250788703459,0,3,1030.0,6.93828448401696,0,0.786701312448441
08136038,1,700.0,6.55250788703459,0,3,1030.0,6.93828448401696,0,0.8161675625419047
08136040,1,700.0,6.55250788703459,0,2,830.0,6.7226297948554485,0,0.7570887226453741
08136042,0,0.0,0.0,0,3,1050.0,6.957497370876951,0,0.731941574222148
08136043,1,700.0,6.55250788703459,0,4,1280.0,7.155396301896734,0,0.7730863423228094
08136044,0,0.0,0.0,0,3,1050.0,6.957497370876951,0,0.7433539070136894
08136045,1,130.0,4.875197323201151,0,4,1280.0,7.155396301896734,0,0.8146571146401639
08136046,1,700.0,6.55250788703459,0,2,830.0,6.7226297948554485,0,0.9156075199418143
08136049,1,700.0,6.55250788703459,0,2,830.0,6.7226297948554485,0,0.7677157108867863
08136050,2,830.0,6.7226297948554485,0,4,1280.0,7.155396301896734,0,0.7985713315490508
08136060,1,700.0,6.55250788703459,0,2,830.0,6.7226297948554485,0,0.804166051191373
08136061,1,700.0,6.55250788703459,0,3,1050.0,6.957497370876951,0,0.7476114067542281
08136062,1,700.0,6.55250788703459,0,2,830.0,6.7226297948554485,0,0.7680083599403503
08136065,0,0.0,0.0,0,4,1300.0,7.170888478512505,0,0.7423988167164246
08136066,0,0.0,0.0,0,3,1050.0,6.957497370876951,0,0.7408832762525077
08136068,1,700.0,6.55250788703459,0,2,830.0,6.7226297948554485,0,0.7947824618587069
08136070,1,700.0,6.55250788703459,0,3,1050.0,6.957497370876951,0,0.7499190665656739
08136071,1,700.0,6.55250788703459,0,2,830.0,6.7226297948554485,0,0.7852946467521343
08136075,1,700.0,6.55250788703459,0,2,830.0,6.7226297948554485,0,0.7877440833845406
08136079,0,0.0,0.0,0,5,1500.0,7.313886831633462,0,0.744271179177927
08136082,1,700.0,6.55250788703459,0,3,1030.0,6.93828448401696,0,0.8458892484433512
08136084,1,700.0,6.55250788703459,0,2,830.0,6.7226297948554485,0,0.7911337624141326
08136087,1,700.0,6.55250788703459,0,3,1030.0,6.93828448401696,0,0.786062912754464
08136088,1,700.0,6.55250788703459,0,4,1280.0,7.155396301896734,0,0.8064445647727763
08136089,1,700.0,6.55250788703459,0,2,830.0,6.7226297948554485,0,1.1049274422648347
08211000,0,0.0,0.0,0,4,1200.0,7.0909098220799835,2,0.6958015623834848
08215007,2,1200.0,7.0909098220799835,0,8,4520.0,8.416488487294606,3,0.8326884385517146
08215009,4,1200.0,7.0909098220799835,2,7,4300.0,8.366602832783736,3,0.9009626472603737
08215017,4,1200.0,7.0909098220799835,2,5,2300.0,7.741099090035366,2,1.0686316969154193
08215021,4,1200.0,7.0909098220799835,2,7,4300.0,8.366602832783736,3,0.9013778244912076
08215025,4,1200.0,7.0909098220799835,2,8,4520.0,8.416488487294606,3,0.8643063177228016
08215029,7,4300.0,8.366602832783736,3,7,4300.0,8.366602832783736,3,0.9144352001849534
08215039,4,3300.0,8.101980731853192,1,7,4300.0,8.366602832783736,3,0.8895804101754311
08215040,0,0.0,0.0,0,8,4520.0,8.416488487294606,3,0.7943810609199099
08215046,4,1200.0,7.0909098220799835,2,4,1200.0,7.0909098220799835,2,0.8408876707682567
08215047,3,1000.0,6.90875477931522,2,4,1200.0,7.0909098220799835,2,0.8227723793780004
08215059,0,0.0,0.0,0,8,4520.0,8.416488487294606,3,0.8029607782544962
08215064,2,2000.0,7.601402334583733,1,7,4300.0,8.366602832783736,3,0.8609856556403336
08215066,4,3300.0,8.101980731853192,1,7,4300.0,8.366602832783736,3,0.9302112945430381
08215082,0,0.0,0.0,0,8,4520.0,8.416488487294606,3,0.7947680299353037
08215084,3,3200.0,8.071218539969863,0,7,4300.0,8.366602832783736,3,0.8791568989420165
08215089,4,1200.0,7.0909098220799835,2,8,4520.0,8.416488487294606,3,0.8932956469369024
08215090,4,1200.0,7.0909098220799835,2,7,4300.0,8.366602832783736,3,1.0169449338474656
08215094,0,0.0,0.0,0,8,4520.0,8.416488487294606,3,0.8057053107083303
08215096,4,1200.0,7.0909098220799835,2,6,2520.0,7.83241092718792,2,0.8968250220420768
08215097,2,1200.0,7.0909098220799835,0,8,4520.0,8.416488487294606,3,0.8404604739285704
08215099,6,4300.0,8.366602832783736,2,7,4300.0,8.366602832783736,3,0.9389229675747075
08215100,4,3300.0,8.101980731853192,1,7,4300.0,8.366602832783736,3,0.8831746030009076
08215101,4,1200.0,7.0909098220799835,2,8,4520.0,8.416488487294606,3,0.9800959502330129
08215103,4,1200.0,7.0909098220799835,2,7,4300.0,8.366602832783736,3,0.934573734349013
08215105,4,1200.0,7.0909098220799835,2,7,4300.0,8.366602832783736,3,1.1225905784874313
08215106,4,3300.0,8.101980731853192,1,7,4300.0,8.366602832783736,3,0.9361936135836348
08215107,4,3300.0,8.101980731853192,1,7,4300.0,8.366602832783736,3,0.9458193225742507
08215108,4,1200.0,7.0909098220799835,2,5,2300.0,7.741099090035366,2,1.0242926898950702
08215109,4,1200.0,7.0909098220799835,2,7,4300.0,8.366602832783736,3,1.1668318600610648
08215110,4,1200.0,7.0909098220799835,2,5,2300.0,7.741099090035366,2,0.9758342193242143
08215111,5,2300.0,7.741099090035366,2,7,4300.0,8.366602832783736,3,0.9799879370353408
08216002,4,1200.0,7.0909098220799835,2,5,2300.0,7.741099090035366,2,0.8957278523639471
08216005,4,1200.0,7.0909098220799835,2,4,1200.0,7.0909098220799835,2,0.8455979967150946
08216006,3,1000.0,6.90875477931522,2,4,1200.0,7.0909098220799835,2,0.7663500794366085
08216007,0,0.0,0.0,0,4,1200.0,7.0909098220799835,2,0.6468507816087807
08216008,0,0.0,0.0,0,4,1200.0,7.0909098220799835,2,0.6500868167389527
08216009,4,1200.0,7.0909098220799835,2,5,2300.0,7.741099090035366,2,0.9013127509051948
08216012,4,1200.0,7.0909098220799835,2,5,2300.0,7.741099090035366,2,0.8373666104237936
08216013,0,0.0,0.0,0,4,1200.0,7.0909098220799835,2,0.6702642758683417
08216015,3,1000.0,6.90875477931522,2,4,1200.0,7.0909098220799835,2,0.7441991628675597
08216017,0,0.0,0.0,0,4,1200.0,7.0909098220799835,2,0.713461595582821
08216022,0,0.0,0.0,0,4,1200.0,7.0909098220799835,2,0.6857133524562575
08216023,0,0.0,0.0,0,4,1200.0,7.0909098220799835,2,0.7073537442546927
08216024,3,1000.0,6.90875477931522,2,4,1200.0,7.0909098220799835,2,0.7467701200794077
08216028,0,0.0,0.0,0,4,1200.0,7.0909098220799835,2,0.6355606404712002
08216029,0,0.0,0.0,0,4,1200.0,7.0909098220799835,2,0.7265088592240428
08216033,3,1000.0,6.90875477931522,2,4,1200.0,7.0909098220799835,2,0.8006668140538965
08216039,4,1200.0,7.0909098220799835,2,4,1200.0,7.0909098220799835,2,0.8062687008454186
08216041,0,0.0,0.0,0,3,1000.0,6.90875477931522,2,0.6335676323079125
08216043,3,1000.0,6.90875477931522,2,4,1200.0,7.0909098220799835,2,0.7544705072253931
08216049,0,0.0,0.0,0,4,1200.0,7.0909098220799835,2,0.6794047387432178
08216052,3,1000.0,6.90875477931522,2,4,1200.0,7.0909098220799835,2,0.7929145283084067
08216059,0,0.0,0.0,0,4,1200.0,7.0909098220799835,2,0.694003213882185
08216063,0,0.0,0.0,0,4,1200.0,7.0909098220799835,2,0.6496613887260634
08222000,3,3100.0,8.03947991910045,1,6,4650.0,8.444837529224097,1,0.9182149064369522
08225001,0,0.0,0.0,0,0,0.0,0.0,0,0.7356642035267349
08225002,0,0.0,0.0,0,3,3100.0,8.03947991910045,1,0.7891370145849057
08225009,0,0.0,0.0,0,1,2000.0,7.601402334583733,0,0.7456669596542074
08225010,0,0.0,0.0,0,3,3100.0,8.03947991910045,1,0.7735320186836383
08225014,0,0.0,0.0,0,0,0.0,0.0,0,0.7431066921883414
08225024,0,0.0,0.0,0,2,2000.0,7.601402334583733,1,0.7596261941177007
08225032,0,0.0,0.0,0,0,0.0,0.0,0,0.7363207842536514
08225033,0,0.0,0.0,0,3,2220.0,7.7057128238944275,1,0.7573002610685324
08225039,0,0.0,0.0,0,0,0.0,0.0,0,0.7384689242509779
08225042,0,0.0,0.0,0,4,3320.0,8.108021221376747,1,0.7665419366770307
08225052,0,0.0,0.0,0,2,2000.0,7.601402334583733,1,0.7523405596138388
08225058,0,0.0,0.0,0,2,2000.0,7.601402334583733,1,0.7586006701449906
08225060,0,0.0,0.0,0,2,2000.0,7.601402334583733,1,0.7543100463268174
08225064,0,0.0,0.0,0,3,3100.0,8.03947991910045,1,0.7720403783153172
08225067,0,0.0,0.0,0,3,2220.0,7.7057128238944275,1,0.7596303061036148
08225068,0,0.0,0.0,0,3,3100.0,8.03947991910045,1,0.7849785743180806
08225074,0,0.0,0.0,0,3,3100.0,8.03947991910045,1,0.767552749448565
08225075,0,0.0,0.0,0,0,0.0,0.0,0,0.7340646761680119
08225082,0,0.0,0.0,0,0,0.0,0.0,0,0.7320869661784539
08225091,0,0.0,0.0,0,0,0.0,0.0,0,0.7403183040900543
08225109,0,0.0,0.0,0,0,0.0,0.0,0,0.7415530578089005
08225113,0,0.0,0.0,0,3,3100.0,8.03947991910045,1,0.7766368292514375
08225114,0,0.0,0.0,0,0,0.0,0.0,0,0.7297371041124197
08225115,0,0.0,0.0,0,1,2000.0,7.601402334583733,0,0.7443064889062303
08225116,1,2000.0,7.601402334583733,0,3,3100.0,8.03947991910045,1,0.7914006565438163
08225117,0,0.0,0.0,0,2,2000.0,7.601402334583733,1,0.7533516572838141
08225118,0,0.0,0.0,0,3,3100.0,8.03947991910045,1,0.7712609607301033
08226003,3,3100.0,8.03947991910045,1,7,4300.0,8.366602832783736,3,1.0042095104744175
08226006,2,2000.0,7.601402334583733,1,7,4300.0,8.366602832783736,3,0.8990660872092057
08226009,3,3100.0,8.03947991910045,1,7,4300.0,8.366602832783736,3,1.3821804755058569
08226010,3,3100.0,8.03947991910045,1,7,4300.0,8.366602832783736,3,0.8869858219305353
08226012,3,3100.0,8.03947991910045,1,6,4650.0,8.444837529224097,1,0.9693068893835852
08226013,0,0.0,0.0,0,3,3100.0,8.03947991910045,1,0.7888491042004044
08226017,1,2000.0,7.601402334583733,0,4,3300.0,8.101980731853192,1,0.8130313561387383
08226018,3,3100.0,8.03947991910045,1,7,4300.0,8.366602832783736,3,1.3359781622658533
08226020,2,2000.0,7.601402334583733,1,5,4300.0,8.366602832783736,1,0.8281995428529956
08226022,3,3100.0,8.03947991910045,1,7,4300.0,8.366602832783736,3,0.9381753371875183
08226027,2,2000.0,7.601402334583733,1,5,4450.0,8.400884069015854,1,0.8384199795898515
08226028,3,3100.0,8.03947991910045,1,6,4650.0,8.444837529224097,1,0.9144406758609325
08226029,2,2000.0,7.601402334583733,1,5,4450.0,8.400884069015854,1,0.8495747149112092
08226031,2,2000.0,7.601402334583733,1,5,4450.0,8.400884069015854,1,0.8430011633019905
08226032,3,3100.0,8.03947991910045,1,7,4300.0,8.366602832783736,3,1.0338133936058662
08226036,3,3100.0,8.03947991910045,1,6,4650.0,8.444837529224097,1,0.9878712267296816
08226037,3,3100.0,8.03947991910045,1,7,4300.0,8.366602832783736,3,1.173099127784661
08226038,3,3100.0,8.03947991910045,1,6,4650.0,8.444837529224097,1,0.9770582915980566
08226040,1,0.0,0.0,1,5,4450.0,8.400884069015854,1,0.8393278064737837
08226041,3,3100.0,8.03947991910045,1,7,4300.0,8.366602832783736,3,1.0582548021664224
08226046,3,3100.0,8.03947991910045,1,7,4300.0,8.366602832783736,3,0.8852095930435717
08226048,2,2000.0,7.601402334583733,1,7,4300.0,8.366602832783736,3,0.8732290959231452
08226049,2,2000.0,7.601402334583733,1,7,4300.0,8.366602832783736,3,0.8552480937759509
08226054,3,3100.0,8.03947991910045,1,7,4300.0,8.366602832783736,3,0.8686991311848158
08226055,0,0.0,0.0,0,5,3520.0,8.166500319155052,1,0.7926641052642648
08226056,2,2000.0,7.601402334583733,1,4,3300.0,8.101980731853192,1,0.8822568205189825
08226058,1,2000.0,7.601402334583733,0,5,4300.0,8.366602832783736,1,0.819531482749928
08226059,4,3300.0,8.101980731853192,1,7,4300.0,8.366602832783736,3,0.9857679249777049
08226060,3,3100.0,8.03947991910045,1,7,4300.0,8.366602832783736,3,0.9714255441339434
08226062,3,3100.0,8.03947991910045,1,7,4300.0,8.366602832783736,3,1.2739004143569832
08226063,3,3100.0,8.03947991910045,1,7,4300.0,8.366602832783736,3,1.4310791538867909
08226065,3,3100.0,8.03947991910045,1,7,4300.0,8.366602832783736,3,0.8908235392697064
08226066,1,2000.0,7.601402334583733,0,4,3300.0,8.101980731853192,1,0.8020299117561989
08226068,3,3100.0,8.03947991910045,1,7,4300.0,8.366602832783736,3,0.9780284633069991
08226076,3,3100.0,8.03947991910045,1,7,4300.0,8.366602832783736,3,1.1143731794918565
08226080,2,2000.0,7.601402334583733,1,5,4050.0,8.30671904320269,1,0.8624901495106858
08226081,1,2000.0,7.601402334583733,0,3,3100.0,8.03947991910045,1,0.8081016531590028
08226082,3,3100.0,8.03947991910045,1,6,4650.0,8.444837529224097,1,0.9354723137785437
08226085,1,2000.0,7.601402334583733,0,8,4520.0,8.416488487294606,3,0.811190054042398
08226086,2,2000.0,7.601402334583733,1,4,3300.0,8.101980731853192,1,0.8245612172295786
08226091,1,2000.0,7.601402334583733,0,5,4300.0,8.366602832783736,1,0.8052289061053113
08226095,3,3100.0,8.03947991910045,1,7,4300.0,8.366602832783736,3,0.9760245239842396
08226096,2,2000.0,7.601402334583733,1,5,4450.0,8.400884069015854,1,0.8580503926802063
08226097,2,2000.0,7.601402334583733,1,5,4300.0,8.366602832783736,1,0.8761510137010655
08226098,3,3100.0,8.03947991910045,1,7,4300.0,8.366602832783736,3,0.919621945664894
08226099,2,2000.0,7.601402334583733,1,6,4650.0,8.444837529224097,1,0.8811884180501616
08226101,2,2000.0,7.601402334583733,1,7,4300.0,8.366602832783736,3,0.8431828827660737
08226102,2,2000.0,7.601402334583733,1,7,4300.0,8.366602832783736,3,0.8434639541820328
08226103,4,3300.0,8.101980731853192,1,7,4300.0,8.366602832783736,3,0.9350247178347684
08226104,2,2000.0,7.601402334583733,1,4,3300.0,8.101980731853192,1,0.8245390653992815
08226105,3,3100.0,8.03947991910045,1,6,4650.0,8.444837529224097,1,1.0554571957102565
08226106,0,0.0,0.0,0,4,3300.0,8.101980731853192,1,0.7914313523763328
08226107,3,3100.0,8.03947991910045,1,6,4650.0,8.444837529224097,1,0.9067500382406211
08231000,1,1000.0,6.90875477931522,0,6,1420.0,7.259116128097101,3,0.780954579253319
08235006,0,0.0,0.0,0,2,1000.0,6.90875477931522,1,0.6584074192556952
08235007,0,0.0,0.0,0,6,1420.0,7.259116128097101,3,0.7149114983643283
08235008,0,0.0,0.0,0,6,1420.0,7.259116128097101,3,0.7269842193776057
08235018,1,1000.0,6.90875477931522,0,4,1200.0,7.0909098220799835,2,0.7484494112598328
08235020,0,0.0,0.0,0,3,1220.0,7.107425474110705,1,0.6672549006483465
08235022,0,0.0,0.0,0,1,0.0,0.0,1,0.6547922885467644
08235025,0,0.0,0.0,0,5,1200.0,7.0909098220799835,3,0.67554590029817
08235029,0,0.0,0.0,0,5,1220.0,7.107425474110705,3,0.7112831759232463
08235032,0,0.0,0.0,0,1,0.0,0.0,1,0.6481012907352401
08235033,3,1000.0,6.90875477931522,2,4,1200.0,7.0909098220799835,2,0.7487478392200653
08235035,1,1000.0,6.90875477931522,0,6,1420.0,7.259116128097101,3,0.7474453012231512
08235046,1,0.0,0.0,1,2,220.0,5.3981627015177525,1,0.6656219757641266
08235047,0,0.0,0.0,0,5,1220.0,7.107425474110705,3,0.6896237139516428
08235050,0,0.0,0.0,0,6,1420.0,7.259116128097101,3,0.6807376422160887
08235055,0,0.0,0.0,0,6,1420.0,7.259116128097101,3,0.7122485256445662
08235057,0,0.0,0.0,0,5,1220.0,7.107425474110705,3,0.7202571597561975
08235060,0,0.0,0.0,0,2,220.0,5.3981627015177525,1,0.6657642722829692
08235065,0,0.0,0.0,0,6,1420.0,7.259116128097101,3,0.7352537107943287
08235066,0,0.0,0.0,0,4,1000.0,6.90875477931522,3,0.6617456087875195
08235067,0,0.0,0.0,0,6,1420.0,7.259116128097101,3,0.7235695154406253
08235073,0,0.0,0.0,0,6,1420.0,7.259116128097101,3,0.7492513868481208
08235079,0,0.0,0.0,0,6,1420.0,7.259116128097101,3,0.718997462026241
08235080,0,0.0,0.0,0,3,1220.0,7.107425474110705,1,0.68633058497455
08235084,0,0.0,0.0,0,6,1420.0,7.259116128097101,3,0.6975859991350263
08235085,0,0.0,0.0,0,6,1420.0,7.259116128097101,3,0.7085128205466965
08236004,1,1000.0,6.90875477931522,0,6,1420.0,7.259116128097101,3,0.7838412770105199
08236011,4,1200.0,7.0909098220799835,2,7,4520.0,8.416488487294606,2,0.8204214936308574
08236013,1,1000.0,6.90875477931522,0,6,1420.0,7.259116128097101,3,0.7589166536172618
08236019,0,0.0,0.0,0,6,1420.0,7.259116128097101,3,0.7476454791747252
08236025,1,220.0,5.3981627015177525,0,6,1420.0,7.259116128097101,3,0.7403387361204404
08236028,1,220.0,5.3981627015177525,0,6,1420.0,7.259116128097101,3,0.7714794455727221
08236030,3,1000.0,6.90875477931522,2,5,1420.0,7.259116128097101,2,0.8043547106511529
08236031,1,1000.0,6.90875477931522,0,6,3420.0,8.137688184977605,2,0.7863387580453995
08236033,1,1000.0,6.90875477931522,0,8,4520.0,8.416488487294606,3,0.8097913272649604
08236038,0,0.0,0.0,0,8,4520.0,8.416488487294606,3,0.7897023409928492
08236039,1,220.0,5.3981627015177525,0,6,1420.0,7.259116128097101,3,0.7554621422754504
08236040,0,0.0,0.0,0,6,1420.0,7.259116128097101,3,0.7746017481458009
08236043,3,1000.0,6.90875477931522,2,6,1420.0,7.259116128097101,3,0.7785175226293883
08236044,0,0.0,0.0,0,6,1420.0,7.259116128097101,3,0.7344269266002587
08236046,0,0.0,0.0,0,6,1420.0,7.259116128097101,3,0.7704052502578227
08236050,0,0.0,0.0,0,6,3420.0,8.137688184977605,2,0.7832758098975975
08236061,0,0.0,0.0,0,8,4520.0,8.416488487294606,3,0.7900099106744691
08236062,0,0.0,0.0,0,6,1420.0,7.259116128097101,3,0.7442698355422673
08236065,1,220.0,5.3981627015177525,0,6,1420.0,7.259116128097101,3,0.7619380515989732
08236067,0,0.0,0.0,0,6,1420.0,7.259116128097101,3,0.7522225503200357
08236068,0,0.0,0.0,0,6,1420.0,7.259116128097101,3,0.7577838144817041
08236070,4,1200.0,7.0909098220799835,2,5,1420.0,7.259116128097101,2,0.8305151797695016
08236071,4,1200.0,7.0909098220799835,2,7,4520.0,8.416488487294606,2,0.8827946877997319
08236072,3,1000.0,6.90875477931522,2,5,1420.0,7.259116128097101,2,0.7964609621512706
08236073,1,1000.0,6.90875477931522,0,8,4520.0,8.416488487294606,3,0.8059079448408473
08236074,4,1200.0,7.0909098220799835,2,7,4520.0,8.416488487294606,2,0.8288297490595424
08236075,1,1000.0,6.90875477931522,0,6,3420.0,8.137688184977605,2,0.7929881356581161
08236076,4,1200.0,7.0909098220799835,2,8,4520.0,8.416488487294606,3,0.8689137987426817
08237002,0,0.0,0.0,0,0,0.0,0.0,0,0.5804637681402254
08237004,0,0.0,0.0,0,0,0.0,0.0,0,0.613667202937789
08237019,0,0.0,0.0,0,1,0.0,0.0,1,0.6171720673200963
08237024,0,0.0,0.0,0,1,0.0,0.0,1,0.6231229821217315
08237027,1,0.0,0.0,1,1,0.0,0.0,1,0.6518322556253845
08237028,0,0.0,0.0,0,1,0.0,0.0,1,0.6070413618702155
08237030,0,0.0,0.0,0,1,0.0,0.0,1,0.6121739502646784
08237032,0,0.0,0.0,0,2,1000.0,6.90875477931522,1,0.6486627935485493
08237040,0,0.0,0.0,0,1,0.0,0.0,1,0.6340949621006073
08237045,0,0.0,0.0,0,1,0.0,0.0,1,0.5988761160941763
08237054,0,0.0,0.0,0,1,0.0,0.0,1,0.6391570783680287
08237061,0,0.0,0.0,0,1,0.0,0.0,1,0.6194090177510624
08237072,0,0.0,0.0,0,1,0.0,0.0,1,0.6480944710845213
08237073,0,0.0,0.0,0,4,1000.0,6.90875477931522,3,0.6440861773495248
08237074,0,0.0,0.0,0,1,0.0,0.0,1,0.6268361316257767
08237075,0,0.0,0.0,0,0,0.0,0.0,0,0.5779905842405688
08315003,1,800.0,6.68586094706836,0,1,800.0,6.68586094706836,0,0.7738737457971926
08315004,0,0.0,0.0,0,1,800.0,6.68586094706836,0,0.45614344629856574
08315006,1,800.0,6.68586094706836,0,1,800.0,6.68586094706836,0,0.5250702675156769
08315007,1,800.0,6.68586094706836,0,1,800.0,6.68586094706836,0,0.468621736447126
08315008,1,800.0,6.68586094706836,0,1,800.0,6.68586094706836,0,0.4914446551592331
08315013,1,800.0,6.68586094706836,0,1,800.0,6.68586094706836,0,0.5434786668370384
08315014,1,800.0,6.68586094706836,0,1,800.0,6.68586094706836,0,0.5743711866543655
08315015,1,800.0,6.68586094706836,0,1,800.0,6.68586094706836,0,0.5021518763173121
08315016,1,800.0,6.68586094706836,0,1,800.0,6.68586094706836,0,0.5177238632764458
08315020,1,800.0,6.68586094706836,0,1,800.0,6.68586094706836,0,0.5358843585748786
08315022,1,800.0,6.68586094706836,0,1,800.0,6.68586094706836,0,0.4776606333783643
08315028,1,800.0,6.68586094706836,0,1,800.0,6.68586094706836,0,0.6776056775709616
08315030,1,800.0,6.68586094706836,0,1,800.0,6.68586094706836,0,0.540303432917677
08315031,0,0.0,0.0,0,1,800.0,6.68586094706836,0,0.5119164523336495
08315033,1,800.0,6.68586094706836,0,1,800.0,6.68586094706836,0,0.4960851900394272
08315037,0,0.0,0.0,0,1,800.0,6.68586094706836,0,0.4951894256466186
08315039,0,0.0,0.0,0,1,800.0,6.68586094706836,0,0.5041484225494053
08315041,1,800.0,6.68586094706836,0,1,800.0,6.68586094706836,0,0.5626704821754669
08315043,1,800.0,6.68586094706836,0,1,800.0,6.68586094706836,0,0.557339395863363
08315047,1,800.0,6.68586094706836,0,1,800.0,6.68586094706836,0,0.6042581498459396
08315048,1,800.0,6.68586094706836,0,1,800.0,6.68586094706836,0,0.5025827921609693
08315050,1,800.0,6.68586094706836,0,1,800.0,6.68586094706836,0,0.4916794722422194
08315051,1,800.0,6.68586094706836,0,1,800.0,6.68586094706836,0,0.5747734253379688
08315052,1,800.0,6.68586094706836,0,1,800.0,6.68586094706836,0,0.5064382087477914
08315056,1,800.0,6.68586094706836,0,1,800.0,6.68586094706836,0,0.62048314988928
08315059,1,800.0,6.68586094706836,0,1,800.0,6.68586094706836,0,0.5212274631227897
08315064,1,800.0,6.68586094706836,0,1,800.0,6.68586094706836,0,0.5621194323357976
08315068,0,0.0,0.0,0,1,800.0,6.68586094706836,0,0.4957548867293145
08315070,0,0.0,0.0,0,1,800.0,6.68586094706836,0,0.49941978643333396
08315072,1,800.0,6.68586094706836,0,1,800.0,6.68586094706836,0,0.54474789056507
08315073,1,800.0,6.68586094706836,0,1,800.0,6.68586094706836,0,0.9774683585166353
08315074,1,800.0,6.68586094706836,0,1,800.0,6.68586094706836,0,0.4653183743321877
08315076,0,0.0,0.0,0,1,800.0,6.68586094706836,0,0.45780613768734224
08315084,1,800.0,6.68586094706836,0,1,800.0,6.68586094706836,0,0.5505058363297405
08315089,1,800.0,6.68586094706836,0,1,800.0,6.68586094706836,0,0.5861686481805974
08315094,1,800.0,6.68586094706836,0,1,800.0,6.68586094706836,0,0.5265353137596769
08315095,1,800.0,6.68586094706836,0,1,800.0,6.68586094706836,0,0.5367524501569927
08315098,1,800.0,6.68586094706836,0,1,800.0,6.68586094706836,0,0.6305523177233364
08315102,0,0.0,0.0,0,1,800.0,6.68586094706836,0,0.4859325609919245
08315107,1,800.0,6.68586094706836,0,1,800.0,6.68586094706836,0,0.6215470795541522
08315108,1,800.0,6.68586094706836,0,1,800.0,6.68586094706836,0,0.5125072865749173
08315109,1,800.0,6.68586094706836,0,1,800.0,6.68586094706836,0,0.5610936701725177
08315111,1,800.0,6.68586094706836,0,1,800.0,6.68586094706836,0,0.4871956782598907
08315113,0,0.0,0.0,0,1,800.0,6.68586094706836,0,0.5045909679418596
08315115,1,800.0,6.68586094706836,0,1,800.0,6.68586094706836,0,0.5997835571556188
08315125,1,800.0,6.68586094706836,0,1,800.0,6.68586094706836,0,0.691632089580326
08315130,1,800.0,6.68586094706836,0,1,800.0,6.68586094706836,0,0.5059433808126866
08315131,1,800.0,6.68586094706836,0,1,800.0,6.68586094706836,0,0.5512912811061199
08315132,1,800.0,6.68586094706836,0,1,800.0,6.68586094706836,0,0.5824555356499629
08315133,1,800.0,6.68586094706836,0,1,800.0,6.68586094706836,0,0.5128257979334503
08316002,1,800.0,6.68586094706836,0,1,800.0,6.68586094706836,0,0.5304415443564923
08316003,0,0.0,0.0,0,1,800.0,6.68586094706836,0,0.5381510010777184
08316009,1,800.0,6.68586094706836,0,1,800.0,6.68586094706836,0,0.5691630024425305
08316010,0,0.0,0.0,0,1,800.0,6.68586094706836,0,0.5375495399903104
08316011,1,800.0,6.68586094706836,0,1,800.0,6.68586094706836,0,0.5422594845104592
08316012,1,800.0,6.68586094706836,0,1,800.0,6.68586094706836,0,0.5213499287910803
08316013,1,800.0,6.68586094706836,0,1,800.0,6.68586094706836,0,0.5198685307191239
08316014,1,800.0,6.68586094706836,0,1,800.0,6.68586094706836,0,0.5388120178751313
08316017,0,0.0,0.0,0,1,800.0,6.68586094706836,0,0.5256276764662402
08316020,1,800.0,6.68586094706836,0,1,800.0,6.68586094706836,0,0.5255133566993464
08316024,1,800.0,6.68586094706836,0,1,800.0,6.68586094706836,0,0.5302111893058568
08316036,1,800.0,6.68586094706836,0,1,800.0,6.68586094706836,0,0.561004358966414
08316037,1,800.0,6.68586094706836,0,1,800.0,6.68586094706836,0,0.5266970847375176
08316038,1,800.0,6.68586094706836,0,1,800.0,6.68586094706836,0,0.5081223849411912
08316039,1,800.0,6.68586094706836,0,1,800.0,6.68586094706836,0,0.5471384778144638
08316042,1,800.0,6.68586094706836,0,1,800.0,6.68586094706836,0,0.5351085269440989
08316043,1,800.0,6.68586094706836,0,1,800.0,6.68586094706836,0,0.5385547191808935
08316045,1,800.0,6.68586094706836,0,1,800.0,6.68586094706836,0,0.5772964185223503
08316049,0,0.0,0.0,0,1,800.0,6.68586094706836,0,0.5157069157904413
08316051,1,800.0,6.68586094706836,0,1,800.0,6.68586094706836,0,0.512421396907355
08316053,0,0.0,0.0,0,1,800.0,6.68586094706836,0,0.5193994131522257
08316054,1,800.0,6.68586094706836,0,1,800.0,6.68586094706836,0,0.534354081717559
08316055,1,800.0,6.68586094706836,0,1,800.0,6.68586094706836,0,0.5364647440675616
08316056,1,800.0,6.68586094706836,0,1,800.0,6.68586094706836,0,0.54385088756816
08317001,0,0.0,0.0,0,3,1000.0,6.90875477931522,2,0.6157723947995766
08317005,0,0.0,0.0,0,0,0.0,0.0,0,0.5818713168148288
08317008,0,0.0,0.0,0,0,0.0,0.0,0,0.5809962665235338
08317009,0,0.0,0.0,0,1,800.0,6.68586094706836,0,0.558711530013192
08317011,0,0.0,0.0,0,1,800.0,6.68586094706836,0,0.551838353936515
08317021,0,0.0,0.0,0,0,0.0,0.0,0,0.5769022026538487
08317026,0,0.0,0.0,0,1,800.0,6.68586094706836,0,0.5292116136030018
08317029,0,0.0,0.0,0,1,800.0,6.68586094706836,0,0.550401960542962
08317031,0,0.0,0.0,0,1,800.0,6.68586094706836,0,0.5451434251072323
08317034,0,0.0,0.0,0,1,800.0,6.68586094706836,0,0.5606230474884755
08317039,0,0.0,0.0,0,1,800.0,6.68586094706836,0,0.5510689965848579
08317040,0,0.0,0.0,0,1,800.0,6.68586094706836,0,0.5477287462798076
08317041,0,0.0,0.0,0,1,800.0,6.68586094706836,0,0.553537573295308
08317046,0,0.0,0.0,0,1,800.0,6.68586094706836,0,0.5445472557427552
08317047,0,0.0,0.0,0,1,800.0,6.68586094706836,0,0.5545171795209176
08317051,0,0.0,0.0,0,1,800.0,6.68586094706836,0,0.5465716942500899
08317056,0,0.0,0.0,0,2,0.0,0.0,2,0.6105714516647286
08317057,0,0.0,0.0,0,0,0.0,0.0,0,0.5709658058801907
08317059,0,0.0,0.0,0,1,800.0,6.68586094706836,0,0.5324762301934038
08317065,0,0.0,0.0,0,1,800.0,6.68586094706836,0,0.5404926235310007
08317067,0,0.0,0.0,0,0,0.0,0.0,0,0.5927105765227006
08317068,0,0.0,0.0,0,3,1000.0,6.90875477931522,2,0.6296057603660928
08317073,0,0.0,0.0,0,1,800.0,6.68586094706836,0,0.5308623168582883
08317075,0,0.0,0.0,0,1,800.0,6.68586094706836,0,0.5405721698028738
08317078,0,0.0,0.0,0,1,800.0,6.68586094706836,0,0.5463068348671922
08317085,0,0.0,0.0,0,1,800.0,6.68586094706836,0,0.5645964101672631
08317088,0,0.0,0.0,0,1,800.0,6.68586094706836,0,0.5642764238210695
08317089,0,0.0,0.0,0,0,0.0,0.0,0,0.5911089166661125
08317093,0,0.0,0.0,0,1,800.0,6.68586094706836,0,0.5614903020033206
08317096,0,0.0,0.0,0,0,0.0,0.0,0,0.5653274119735973
08317097,0,0.0,0.0,0,0,0.0,0.0,0,0.5632031089753701
08317098,0,0.0,0.0,0,0,0.0,0.0,0,0.5869656570056984
08317100,0,0.0,0.0,0,0,0.0,0.0,0,0.5646439061696049
08317102,0,0.0,0.0,0,0,0.0,0.0,0,0.6081782719048894
08317110,0,0.0,0.0,0,0,0.0,0.0,0,0.59736345840707
08317113,0,0.0,0.0,0,1,800.0,6.68586094706836,0,0.5261702871108637
08317114,0,0.0,0.0,0,1,800.0,6.68586094706836,0,0.5225985907081652
08317116,0,0.0,0.0,0,3,1000.0,6.90875477931522,2,0.6209883052614603
08317118,0,0.0,0.0,0,3,1000.0,6.90875477931522,2,0.6193327723055501
08317121,0,0.0,0.0,0,1,800.0,6.68586094706836,0,0.5396304850105892
08317122,0,0.0,0.0,0,0,0.0,0.0,0,0.5573446992916254
08317126,0,0.0,0.0,0,1,0.0,0.0,1,0.6121287794775453
08317127,0,0.0,0.0,0,1,800.0,6.68586094706836,0,0.5423530715473968
08317129,0,0.0,0.0,0,1,800.0,6.68586094706836,0,0.5491573769196753
08317141,0,0.0,0.0,0,0,0.0,0.0,0,0.5736996220170485
08317145,0,0.0,0.0,0,1,800.0,6.68586094706836,0,0.5588707156247492
08317146,0,0.0,0.0,0,1,800.0,6.68586094706836,0,0.5553113307198084
08317150,0,0.0,0.0,0,1,800.0,6.68586094706836,0,0.5361503792347805
08317151,0,0.0,0.0,0,0,0.0,0.0,0,0.5519733580338422
08317152,0,0.0,0.0,0,1,800.0,6.68586094706836,0,0.5255903944868303
08317153,0,0.0,0.0,0,2,0.0,0.0,2,0.6071199910730095
08325001,0,0.0,0.0,0,0,0.0,0.0,0,0.5658167811647432
08325009,0,0.0,0.0,0,1,0.0,0.0,1,0.5726889061626453
08325011,0,0.0,0.0,0,2,875.0,6.775366090936392,1,0.5746508789439175
08325012,0,0.0,0.0,0,1,0.0,0.0,1,0.5910503238655913
08325014,0,0.0,0.0,0,0,0.0,0.0,0,0.5632807937749493
08325015,0,0.0,0.0,0,1,0.0,0.0,1,0.577897034084956
08325024,0,0.0,0.0,0,1,800.0,6.68586094706836,0,0.5517508783061068
08325036,0,0.0,0.0,0,1,800.0,6.68586094706836,0,0.5552411784296498
08325045,0,0.0,0.0,0,1,0.0,0.0,1,0.5838600961674838
08325049,0,0.0,0.0,0,1,875.0,6.775366090936392,0,0.564819636291027
08325050,0,0.0,0.0,0,0,0.0,0.0,0,0.5713966367470646
08325051,0,0.0,0.0,0,0,0.0,0.0,0,0.5655203563472186
08325053,0,0.0,0.0,0,1,800.0,6.68586094706836,0,0.5572214503879778
08325057,0,0.0,0.0,0,1,0.0,0.0,1,0.6070661680234006
08325060,0,0.0,0.0,0,2,875.0,6.775366090936392,1,0.5682280348921729
08325061,0,0.0,0.0,0,1,0.0,0.0,1,0.6034947366209413
08325064,0,0.0,0.0,0,2,875.0,6.775366090936392,1,0.5680289664993499
08325069,0,0.0,0.0,0,1,875.0,6.775366090936392,0,0.5616117904802357
08325070,0,0.0,0.0,0,1,0.0,0.0,1,0.5761144330005331
08325071,0,0.0,0.0,0,0,0.0,0.0,0,0.5549363521529758
08325072,0,0.0,0.0,0,1,875.0,6.775366090936392,0,0.55282240712156
08326003,0,0.0,0.0,0,0,0.0,0.0,0,0.5307453365095809
08326005,0,0.0,0.0,0,0,0.0,0.0,0,0.4985118048607823
08326006,0,0.0,0.0,0,1,800.0,6.68586094706836,0,0.5106750472466935
08326010,0,0.0,0.0,0,0,0.0,0.0,0,0.5444403583260338
08326012,0,0.0,0.0,0,0,0.0,0.0,0,0.5165168001379936
08326017,0,0.0,0.0,0,1,800.0,6.68586094706836,0,0.525674535442837
08326020,1,800.0,6.68586094706836,0,1,800.0,6.68586094706836,0,0.5268530636624948
08326027,0,0.0,0.0,0,1,800.0,6.68586094706836,0,0.5115560307177571
08326031,0,0.0,0.0,0,1,800.0,6.68586094706836,0,0.5446693110716619
08326037,0,0.0,0.0,0,1,800.0,6.68586094706836,0,0.5387869537917594
08326041,0,0.0,0.0,0,0,0.0,0.0,0,0.5503741946502556
08326052,0,0.0,0.0,0,1,800.0,6.68586094706836,0,0.5383738091034107
08326054,0,0.0,0.0,0,1,800.0,6.68586094706836,0,0.5318390554087475
08326055,0,0.0,0.0,0,1,800.0,6.68586094706836,0,0.5367290388346238
08326060,0,0.0,0.0,0,1,800.0,6.68586094706836,0,0.5356083001038147
08326061,0,0.0,0.0,0,1,875.0,6.775366090936392,0,0.5361391578902351
08326065,0,0.0,0.0,0,1,800.0,6.68586094706836,0,0.5322817187769577
08326068,0,0.0,0.0,0,1,800.0,6.68586094706836,0,0.5253451846643395
08326074,0,0.0,0.0,0,1,800.0,6.68586094706836,0,0.5331353279772535
08326075,0,0.0,0.0,0,1,800.0,6.68586094706836,0,0.5264187131727429
08327002,0,0.0,0.0,0,1,875.0,6.775366090936392,0,0.5575024454709223
08327004,1,875.0,6.775366090936392,0,1,875.0,6.775366090936392,0,0.5823315457015926
08327005,0,0.0,0.0,0,1,875.0,6.775366090936392,0,0.5581029361450255
08327006,0,0.0,0.0,0,1,875.0,6.775366090936392,0,0.5700435155385328
08327007,0,0.0,0.0,0,2,875.0,6.775366090936392,1,0.5771523785710778
08327008,1,875.0,6.775366090936392,0,1,875.0,6.775366090936392,0,0.5777725335403386
08327009,0,0.0,0.0,0,2,875.0,6.775366090936392,1,0.582780435397077
08327010,0,0.0,0.0,0,1,875.0,6.775366090936392,0,0.5641775846981593
08327011,0,0.0,0.0,0,1,875.0,6.775366090936392,0,0.5593773255234237
08327012,0,0.0,0.0,0,1,875.0,6.775366090936392,0,0.5443100805666048
08327013,0,0.0,0.0,0,2,875.0,6.775366090936392,1,0.5800007598828201
08327016,1,875.0,6.775366090936392,0,1,875.0,6.775366090936392,0,0.5708858209499169
08327017,0,0.0,0.0,0,1,875.0,6.775366090936392,0,0.5643990897122209
08327018,0,0.0,0.0,0,1,875.0,6.775366090936392,0,0.5200291538848612
08327019,0,0.0,0.0,0,2,875.0,6.775366090936392,1,0.5708660634672711
08327020,0,0.0,0.0,0,1,875.0,6.775366090936392,0,0.5472627964875612
08327023,0,0.0,0.0,0,1,875.0,6.775366090936392,0,0.5512451689887388
08327025,0,0.0,0.0,0,1,875.0,6.775366090936392,0,0.5293282454868811
08327027,1,875.0,6.775366090936392,0,1,875.0,6.775366090936392,0,0.5901278481583001
08327029,0,0.0,0.0,0,2,875.0,6.775366090936392,1,0.5775693938229219
08327030,0,0.0,0.0,0,1,875.0,6.775366090936392,0,0.5716082358575564
08327033,0,0.0,0.0,0,1,875.0,6.775366090936392,0,0.5686564486813028
08327036,0,0.0,0.0,0,1,875.0,6.775366090936392,0,0.5642869181933676
08327038,0,0.0,0.0,0,1,875.0,6.775366090936392,0,0.5572136613956449
08327040,0,0.0,0.0,0,2,875.0,6.775366090936392,1,0.5813359601972313
08327041,0,0.0,0.0,0,1,875.0,6.775366090936392,0,0.5789249687754515
08327046,0,0.0,0.0,0,1,875.0,6.775366090936392,0,0.5569071114700054
08327048,0,0.0,0.0,0,1,875.0,6.775366090936392,0,0.5376716032687187
08327049,0,0.0,0.0,0,1,875.0,6.775366090936392,0,0.547472408023194
08327050,0,0.0,0.0,0,1,875.0,6.775366090936392,0,0.5465988820528436
08327051,0,0.0,0.0,0,2,875.0,6.775366090936392,1,0.5772810111766368
08327054,0,0.0,0.0,0,1,875.0,6.775366090936392,0,0.5470935510901838
08327055,0,0.0,0.0,0,1,875.0,6.775366090936392,0,0.545587344746536
08327056,0,0.0,0.0,0,1,875.0,6.775366090936392,0,0.5542196359212462
08327057,0,0.0,0.0,0,1,875.0,6.775366090936392,0,0.5386790178107383
08335001,0,0.0,0.0,0,1,875.0,6.775366090936392,0,0.5184401343276729
08335002,0,0.0,0.0,0,1,875.0,6.775366090936392,0,0.5050966814758049
08335015,0,0.0,0.0,0,0,0.0,0.0,0,0.4809147543756499
08335021,0,0.0,0.0,0,1,875.0,6.775366090936392,0,0.5257866152608666
08335022,0,0.0,0.0,0,1,875.0,6.775366090936392,0,0.5150224416639511
08335025,0,0.0,0.0,0,1,875.0,6.775366090936392,0,0.49326857059685436
08335026,0,0.0,0.0,0,0,0.0,0.0,0,0.4840715908252098
08335028,0,0.0,0.0,0,0,0.0,0.0,0,0.4922131172181329
08335035,0,0.0,0.0,0,0,0.0,0.0,0,0.49801155585226714
08335043,0,0.0,0.0,0,1,875.0,6.775366090936392,0,0.49943955564043324
08335055,0,0.0,0.0,0,1,875.0,6.775366090936392,0,0.4993867781839435
08335057,0,0.0,0.0,0,1,875.0,6.775366090936392,0,0.5517961787009508
08335061,0,0.0,0.0,0,0,0.0,0.0,0,0.48431370988157607
08335063,0,0.0,0.0,0,1,875.0,6.775366090936392,0,0.504143417743734
08335066,0,0.0,0.0,0,1,875.0,6.775366090936392,0,0.5007826350964508
08335075,0,0.0,0.0,0,1,875.0,6.775366090936392,0,0.5002509487676146
08335077,0,0.0,0.0,0,1,875.0,6.775366090936392,0,0.5139444777389641
08335079,0,0.0,0.0,0,1,875.0,6.775366090936392,0,0.5327371361252042
08335080,0,0.0,0.0,0,0,0.0,0.0,0,0.5017259244856398
08335081,0,0.0,0.0,0,1,875.0,6.775366090936392,0,0.5152666557343285
08335096,0,0.0,0.0,0,1,875.0,6.775366090936392,0,0.5529026821741032
08335097,0,0.0,0.0,0,1,875.0,6.775366090936392,0,0.5087237092583505
08335098,0,0.0,0.0,0,1,875.0,6.775366090936392,0,0.5294817682440971
08335099,0,0.0,0.0,0,1,875.0,6.775366090936392,0,0.5270314175226458
08335100,0,0.0,0.0,0,0,0.0,0.0,0,0.4947790766985469
08336004,1,800.0,6.68586094706836,0,1,800.0,6.68586094706836,0,0.48535948625221115
08336006,0,0.0,0.0,0,1,800.0,6.68586094706836,0,0.4408956806280004
08336008,0,0.0,0.0,0,1,800.0,6.68586094706836,0,0.42816500648987
08336010,1,800.0,6.68586094706836,0,1,800.0,6.68586094706836,0,0.4833945489300258
08336014,0,0.0,0.0,0,1,800.0,6.68586094706836,0,0.427288772091994
08336019,0,0.0,0.0,0,1,800.0,6.68586094706836,0,0.4261127267604803
08336024,0,0.0,0.0,0,1,800.0,6.68586094706836,0,0.42950109378133683
08336025,0,0.0,0.0,0,1,800.0,6.68586094706836,0,0.4701838307782523
08336034,0,0.0,0.0,0,1,800.0,6.68586094706836,0,0.4461146939659228
08336036,0,0.0,0.0,0,1,800.0,6.68586094706836,0,0.44935377447786995
08336043,0,0.0,0.0,0,1,800.0,6.68586094706836,0,0.42450212158136036
08336045,0,0.0,0.0,0,1,800.0,6.68586094706836,0,0.44599904967078474
08336050,0,0.0,0.0,0,1,800.0,6.68586094706836,0,0.42675639833525825
08336057,0,0.0,0.0,0,1,800.0,6.68586094706836,0,0.4381517516637321
08336069,0,0.0,0.0,0,1,800.0,6.68586094706836,0,0.42473931464784853
08336073,0,0.0,0.0,0,1,800.0,6.68586094706836,0,0.43072032527413123
08336075,0,0.0,0.0,0,1,800.0,6.68586094706836,0,0.4320488781572908
08336078,0,0.0,0.0,0,1,800.0,6.68586094706836,0,0.447251987911327
08336079,1,800.0,6.68586094706836,0,1,800.0,6.68586094706836,0,0.47919319051478987
08336080,1,800.0,6.68586094706836,0,1,800.0,6.68586094706836,0,0.4815620707765484
08336081,0,0.0,0.0,0,1,800.0,6.68586094706836,0,0.4421011687292504
08336082,0,0.0,0.0,0,1,800.0,6.68586094706836,0,0.434377765021679
08336084,0,0.0,0.0,0,1,800.0,6.68586094706836,0,0.4366831782003248
08336087,1,800.0,6.68586094706836,0,1,800.0,6.68586094706836,0,0.4946665785470232
08336089,1,800.0,6.68586094706836,0,1,800.0,6.68586094706836,0,0.47962292232297754
08336090,1,800.0,6.68586094706836,0,1,800.0,6.68586094706836,0,0.4848671202250475
08336091,0,0.0,0.0,0,1,800.0,6.68586094706836,0,0.42228856198729514
08336094,1,800.0,6.68586094706836,0,1,800.0,6.68586094706836,0,0.4747704081713598
08336096,1,800.0,6.68586094706836,0,1,800.0,6.68586094706836,0,0.5024578007948828
08336100,0,0.0,0.0,0,1,800.0,6.68586094706836,0,0.433793711846988
08336103,0,0.0,0.0,0,1,800.0,6.68586094706836,0,0.45570453132256705
08336104,0,0.0,0.0,0,1,800.0,6.68586094706836,0,0.4532392857337436
08336105,0,0.0,0.0,0,1,800.0,6.68586094706836,0,0.4175749407913086
08336106,0,0.0,0.0,0,1,800.0,6.68586094706836,0,0.46656218016202017
08336107,0,0.0,0.0,0,1,800.0,6.68586094706836,0,0.4557651410994532
08337002,0,0.0,0.0,0,1,800.0,6.68586094706836,0,0.4427454138489515
08337013,0,0.0,0.0,0,1,800.0,6.68586094706836,0,0.48341001109016396
08337022,0,0.0,0.0,0,1,800.0,6.68586094706836,0,0.48814272981675655
08337027,0,0.0,0.0,0,1,800.0,6.68586094706836,0,0.46712380147903637
08337030,0,0.0,0.0,0,0,0.0,0.0,0,0.4598962017055649
08337032,0,0.0,0.0,0,1,800.0,6.68586094706836,0,0.44699347606504863
08337038,0,0.0,0.0,0,1,800.0,6.68586094706836,0,0.4496530538221681
08337039,0,0.0,0.0,0,1,800.0,6.68586094706836,0,0.4780267098913926
08337045,0,0.0,0.0,0,1,800.0,6.68586094706836,0,0.4729460442036819
08337049,0,0.0,0.0,0,1,800.0,6.68586094706836,0,0.45188581461122485
08337051,0,0.0,0.0,0,1,800.0,6.68586094706836,0,0.46928766023135227
08337053,0,0.0,0.0,0,0,0.0,0.0,0,0.4497843359456821
08337059,0,0.0,0.0,0,1,800.0,6.68586094706836,0,0.4694139994761043
08337060,0,0.0,0.0,0,0,0.0,0.0,0,0.4674567823486372
08337062,0,0.0,0.0,0,0,0.0,0.0,0,0.4632743490815585
08337065,0,0.0,0.0,0,0,0.0,0.0,0,0.45476477096226536
08337066,0,0.0,0.0,0,1,800.0,6.68586094706836,0,0.43628965253318464
08337070,0,0.0,0.0,0,0,0.0,0.0,0,0.46412275390025365
08337076,0,0.0,0.0,0,1,800.0,6.68586094706836,0,0.43317416193212793
08337090,0,0.0,0.0,0,1,800.0,6.68586094706836,0,0.442675047841571
08337096,0,0.0,0.0,0,1,800.0,6.68586094706836,0,0.43018928013426055
08337097,0,0.0,0.0,0,1,800.0,6.68586094706836,0,0.473967339682895
08337106,0,0.0,0.0,0,0,0.0,0.0,0,0.4785974981856461
08337108,0,0.0,0.0,0,1,800.0,6.68586094706836,0,0.4676650859654825
08337116,0,0.0,0.0,0,1,800.0,6.68586094706836,0,0.44168452491536403
08337118,0,0.0,0.0,0,1,800.0,6.68586094706836,0,0.4572964062547202
08337123,0,0.0,0.0,0,0,0.0,0.0,0,0.461558147879236
08337124,0,0.0,0.0,0,0,0.0,0.0,0,0.4690225101498704
08337125,0,0.0,0.0,0,0,0.0,0.0,0,0.4482929356239104
08337126,0,0.0,0.0,0,0,0.0,0.0,0,0.45395998156358097
08337127,0,0.0,0.0,0,1,800.0,6.68586094706836,0,0.49439490869172786
08337128,0,0.0,0.0,0,1,800.0,6.68586094706836,0,0.46984760029816297
08415014,1,0.0,0.0,1,3,1095.0,6.999422467507961,1,0.7024274766689251
08415019,1,0.0,0.0,1,3,1095.0,6.999422467507961,1,0.7076311931263811
08415027,0,0.0,0.0,0,3,1125.0,7.026426808699636,1,0.6769784043414128
08415028,0,0.0,0.0,0,3,470.0,6.154858094016418,1,0.6972313607171227
08415029,1,0.0,0.0,1,2,220.0,5.3981627015177525,1,0.7124712876815655
08415034,0,0.0,0.0,0,3,1125.0,7.026426808699636,1,0.659806901748772
08415039,0,0.0,0.0,0,4,1345.0,7.204892510204673,1,0.6972477215941362
08415048,0,0.0,0.0,0,3,1125.0,7.026426808699636,1,0.6805938778741183
08415050,1,0.0,0.0,1,3,1095.0,6.999422467507961,1,0.7124229050037973
08415053,0,0.0,0.0,0,3,1125.0,7.026426808699636,1,0.6811538339482985
08415058,1,875.0,6.775366090936392,0,2,875.0,6.775366090936392,1,0.6596858299510355
08415059,1,0.0,0.0,1,3,1095.0,6.999422467507961,1,0.7092039630800797
08415060,1,0.0,0.0,1,2,220.0,5.3981627015177525,1,0.7382537143568965
08415061,1,0.0,0.0,1,3,1095.0,6.999422467507961,1,0.7247905933165721
08415062,1,0.0,0.0,1,2,220.0,5.3981627015177525,1,0.7184024602947217
08415073,1,875.0,6.775366090936392,0,2,875.0,6.775366090936392,1,0.6608866345428512
08415078,0,0.0,0.0,0,4,1345.0,7.204892510204673,1,0.6931986174845175
08415080,1,0.0,0.0,1,3,1095.0,6.999422467507961,1,0.7859774271638182
08415085,1,875.0,6.775366090936392,0,3,1125.0,7.026426808699636,1,0.6553967451251005
08415087,1,0.0,0.0,1,2,220.0,5.3981627015177525,1,0.7429043468609666
08415088,0,0.0,0.0,0,4,1345.0,7.204892510204673,1,0.6949041265512534
08415089,1,0.0,0.0,1,2,875.0,6.775366090936392,1,0.6760647605808423
08415090,0,0.0,0.0,0,3,1125.0,7.026426808699636,1,0.6678704428759272
08415091,1,0.0,0.0,1,2,875.0,6.775366090936392,1,0.6819082703647759
08415092,1,0.0,0.0,1,3,1095.0,6.999422467507961,1,0.6905945389069861
08415093,1,0.0,0.0,1,3,1095.0,6.999422467507961,1,0.6884689773902049
08416006,1,0.0,0.0,1,2,875.0,6.775366090936392,1,0.6718905801022815
08416009,1,0.0,0.0,1,2,220.0,5.3981627015177525,1,0.7583367185534042
08416011,1,0.0,0.0,1,3,1095.0,6.999422467507961,1,0.7531430397519129
08416015,1,0.0,0.0,1,3,1095.0,6.999422467507961,1,0.7479966094817486
08416018,1,0.0,0.0,1,2,875.0,6.775366090936392,1,0.6621099438615695
08416022,1,0.0,0.0,1,3,1095.0,6.999422467507961,1,0.7895738297624789
08416023,1,0.0,0.0,1,3,1095.0,6.999422467507961,1,0.8567651147247609
08416025,1,0.0,0.0,1,2,875.0,6.775366090936392,1,0.6939899918482979
08416026,1,0.0,0.0,1,3,1095.0,6.999422467507961,1,0.7200901786295794
08416031,1,0.0,0.0,1,2,875.0,6.775366090936392,1,0.7044300599320672
08416036,1,0.0,0.0,1,3,1095.0,6.999422467507961,1,0.7197099928483259
08416048,1,0.0,0.0,1,2,220.0,5.3981627015177525,1,0.7686118958394957
08416049,1,0.0,0.0,1,2,220.0,5.3981627015177525,1,0.6908303547202159
08416050,1,0.0,0.0,1,2,875.0,6.775366090936392,1,0.6518183130847217
08417002,0,0.0,0.0,0,2,875.0,6.775366090936392,1,0.6123058830804861
08417008,0,0.0,0.0,0,2,875.0,6.775366090936392,1,0.630627610585853
08417010,1,875.0,6.775366090936392,0,2,875.0,6.775366090936392,1,0.6417304424130574
08417013,1,875.0,6.775366090936392,0,2,875.0,6.775366090936392,1,0.6499912959222612
08417014,0,0.0,0.0,0,2,875.0,6.775366090936392,1,0.5915411311689223
08417015,0,0.0,0.0,0,2,875.0,6.775366090936392,1,0.5940703839193504
08417016,0,0.0,0.0,0,2,875.0,6.775366090936392,1,0.5945225875367551
08417022,0,0.0,0.0,0,2,875.0,6.775366090936392,1,0.6103547667515017
08417023,1,0.0,0.0,1,2,875.0,6.775366090936392,1,0.6327567741929572
08417025,0,0.0,0.0,0,2,875.0,6.775366090936392,1,0.6301668240068343
08417029,0,0.0,0.0,0,2,875.0,6.775366090936392,1,0.5938109659412604
08417031,1,0.0,0.0,1,2,875.0,6.775366090936392,1,0.6508916579609156
08417036,1,0.0,0.0,1,2,875.0,6.775366090936392,1,0.6523192007329025
08417044,1,875.0,6.775366090936392,0,2,875.0,6.775366090936392,1,0.6103190157768125
08417045,0,0.0,0.0,0,2,875.0,6.775366090936392,1,0.5884092749752774
08417047,0,0.0,0.0,0,2,875.0,6.775366090936392,1,0.5900364020772351
08417051,1,0.0,0.0,1,2,875.0,6.775366090936392,1,0.6494507617604747
08417052,0,0.0,0.0,0,2,875.0,6.775366090936392,1,0.5874861382621028
08417054,0,0.0,0.0,0,2,875.0,6.775366090936392,1,0.599114307762576
08417057,0,0.0,0.0,0,2,875.0,6.775366090936392,1,0.5869807993091307
08417063,1,875.0,6.775366090936392,0,2,875.0,6.775366090936392,1,0.6424850424621097
08417071,0,0.0,0.0,0,2,875.0,6.775366090936392,1,0.583172545013617
08417075,1,875.0,6.775366090936392,0,2,875.0,6.775366090936392,1,0.6508298927932756
08417078,0,0.0,0.0,0,2,875.0,6.775366090936392,1,0.5843459998430949
08417079,1,875.0,6.775366090936392,0,2,875.0,6.775366090936392,1,0.6272029278936457
08421000,2,450.0,6.111467339502679,0,3,580.0,6.364750756851911,0,1.151234570466869
08425002,1,250.0,5.5254529391317835,0,4,1455.0,7.283448228756631,0,0.6941409161179326
08425004,1,250.0,5.5254529391317835,0,4,1455.0,7.283448228756631,0,0.7040057390573491
08425005,3,580.0,6.364750756851911,0,4,1280.0,7.155396301896734,0,0.8080760495716838
08425008,1,250.0,5.5254529391317835,0,4,1280.0,7.155396301896734,0,0.7571476803392225
08425011,3,580.0,6.364750756851911,0,4,1280.0,7.155396301896734,0,0.9138873908521233
08425013,3,580.0,6.364750756851911,0,4,1280.0,7.155396301896734,0,0.8374835755241063
08425014,3,580.0,6.364750756851911,0,3,580.0,6.364750756851911,0,0.8277810768143063
08425017,1,250.0,5.5254529391317835,0,3,580.0,6.364750756851911,0,0.726558582647657
08425019,3,580.0,6.364750756851911,0,3,580.0,6.364750756851911,0,0.8307952902016189
08425020,1,250.0,5.5254529391317835,0,3,580.0,6.364750756851911,0,0.7283095244096656
08425022,3,580.0,6.364750756851911,0,4,1280.0,7.155396301896734,0,0.8326419525293037
08425024,3,580.0,6.364750756851911,0,4,1280.0,7.155396301896734,0,0.8089641719539071
08425028,1,250.0,5.5254529391317835,0,3,580.0,6.364750756851911,0,0.7110400573505731
08425031,2,450.0,6.111467339502679,0,3,580.0,6.364750756851911,0,0.8136000504515519
08425033,0,0.0,0.0,0,3,1325.0,7.189922170745808,0,0.6820409604696818
08425035,0,0.0,0.0,0,3,1125.0,7.026426808699636,1,0.6550281355672362
08425036,0,0.0,0.0,0,2,1125.0,7.026426808699636,0,0.6569846185623592
08425039,1,250.0,5.5254529391317835,0,3,580.0,6.364750756851911,0,0.7489316794485009
08425050,1,250.0,5.5254529391317835,0,3,1325.0,7.189922170745808,0,0.6874358013900986
08425052,0,0.0,0.0,0,2,1125.0,7.026426808699636,0,0.6491112912322287
08425055,0,0.0,0.0,0,2,1125.0,7.026426808699636,0,0.6542768580853184
08425062,3,580.0,6.364750756851911,0,4,1280.0,7.155396301896734,0,0.8051820689935119
08425064,1,250.0,5.5254529391317835,0,3,580.0,6.364750756851911,0,0.7338350723519951
08425066,1,250.0,5.5254529391317835,0,3,580.0,6.364750756851911,0,0.7485875854742443
08425071,0,0.0,0.0,0,4,580.0,6.364750756851911,1,0.7121864454635749
08425072,3,580.0,6.364750756851911,0,3,580.0,6.364750756851911,0,0.869412772159079
08425073,0,0.0,0.0,0,3,1125.0,7.026426808699636,1,0.6605329398676734
08425075,1,250.0,5.5254529391317835,0,4,1280.0,7.155396301896734,0,0.773583204059268
08425079,1,250.0,5.5254529391317835,0,3,580.0,6.364750756851911,0,0.7276384299085354
08425081,0,0.0,0.0,0,2,1125.0,7.026426808699636,0,0.6612914726244196
08425083,3,580.0,6.364750756851911,0,4,1280.0,7.155396301896734,0,0.8126731306610813
08425084,1,250.0,5.5254529391317835,0,3,580.0,6.364750756851911,0,0.7367278680102953
08425085,3,580.0,6.364750756851911,0,4,1280.0,7.155396301896734,0,0.852391657049763
08425088,1,250.0,5.5254529391317835,0,4,1455.0,7.283448228756631,0,0.711585177134156
08425090,0,0.0,0.0,0,3,1125.0,7.026426808699636,1,0.6559744694200307
08425091,0,0.0,0.0,0,2,1125.0,7.026426808699636,0,0.6530066484873989
08425092,3,580.0,6.364750756851911,0,4,1280.0,7.155396301896734,0,0.8816522786243275
08425093,1,250.0,5.5254529391317835,0,4,1455.0,7.283448228756631,0,0.6981034106350837
08425097,3,580.0,6.364750756851911,0,4,1280.0,7.155396301896734,0,0.89904419946093
08425098,0,0.0,0.0,0,3,1125.0,7.026426808699636,1,0.6566105561441016
08425104,0,0.0,0.0,0,2,1125.0,7.026426808699636,0,0.6645886762210633
08425108,1,250.0,5.5254529391317835,0,4,1455.0,7.283448228756631,0,0.7062364209656073
08425110,1,250.0,5.5254529391317835,0,3,580.0,6.364750756851911,0,0.7408351547598541
08425112,3,580.0,6.364750756851911,0,4,1280.0,7.155396301896734,0,0.8674700795639121
08425123,0,0.0,0.0,0,2,1125.0,7.026426808699636,0,0.6596406004689204
08425124,0,0.0,0.0,0,2,1125.0,7.026426808699636,0,0.6572812487624053
08425125,0,0.0,0.0,0,2,1125.0,7.026426808699636,0,0.6536890672981971
08425130,3,580.0,6.364750756851911,0,4,1280.0,7.155396301896734,0,0.8012135521044534
08425134,0,0.0,0.0,0,4,580.0,6.364750756851911,1,0.7060449872889211
08425135,3,580.0,6.364750756851911,0,4,1280.0,7.155396301896734,0,0.7908113951575464
08425137,1,250.0,5.5254529391317835,0,3,580.0,6.364750756851911,0,0.8376980943766233
08425138,1,250.0,5.5254529391317835,0,3,580.0,6.364750756851911,0,0.7658352216839837
08425139,0,0.0,0.0,0,4,580.0,6.364750756851911,1,0.7044935177770326
08425140,1,250.0,5.5254529391317835,0,2,450.0,6.111467339502679,0,0.6965149529984309
08425141,1,250.0,5.5254529391317835,0,3,580.0,6.364750756851911,0,0.8252936820792243
08426001,1,250.0,5.5254529391317835,0,3,580.0,6.364750756851911,0,0.7088247791225677
08426005,0,0.0,0.0,0,2,1125.0,7.026426808699636,0,0.6301672873357851
08426006,0,0.0,0.0,0,1,875.0,6.775366090936392,0,0.611747342349449
08426008,1,875.0,6.775366090936392,0,1,875.0,6.775366090936392,0,0.6500196855836526
08426011,0,0.0,0.0,0,2,1125.0,7.026426808699636,0,0.6409957420169043
08426013,0,0.0,0.0,0,2,1125.0,7.026426808699636,0,0.620761586234775
08426014,0,0.0,0.0,0,1,875.0,6.775366090936392,0,0.6063857125479553
08426019,0,0.0,0.0,0,3,600.0,6.398594934535208,0,0.6497780693617634
08426020,1,875.0,6.775366090936392,0,2,1125.0,7.026426808699636,0,0.6339059322486786
08426021,0,0.0,0.0,0,2,1125.0,7.026426808699636,0,0.6370770095921309
08426028,1,250.0,5.5254529391317835,0,3,580.0,6.364750756851911,0,0.7053776160258052
08426031,0,0.0,0.0,0,3,600.0,6.398594934535208,0,0.6717839581333576
08426035,1,875.0,6.775366090936392,0,2,1125.0,7.026426808699636,0,0.6347779642180164
08426036,1,875.0,6.775366090936392,0,1,875.0,6.775366090936392,0,0.6210702475175855
08426038,0,0.0,0.0,0,3,1275.0,7.151485463904735,0,0.6144425566025609
08426043,0,0.0,0.0,0,2,400.0,5.993961427306569,0,0.6441594225191458
08426044,0,0.0,0.0,0,3,600.0,6.398594934535208,0,0.6627160547077795
08426045,1,875.0,6.775366090936392,0,1,875.0,6.775366090936392,0,0.6404163967821178
08426058,0,0.0,0.0,0,2,1125.0,7.026426808699636,0,0.6177447703036782
08426062,0,0.0,0.0,0,2,1125.0,7.026426808699636,0,0.6150283968759185
08426064,1,875.0,6.775366090936392,0,2,1125.0,7.026426808699636,0,0.6249850642489796
08426065,0,0.0,0.0,0,3,600.0,6.398594934535208,0,0.6775994913212674
08426066,0,0.0,0.0,0,3,600.0,6.398594934535208,0,0.6640846730341021
08426067,1,875.0,6.775366090936392,0,2,875.0,6.775366090936392,1,0.6693198121261688
08426070,1,250.0,5.5254529391317835,0,3,1325.0,7.189922170745808,0,0.6919356112675514
08426071,0,0.0,0.0,0,3,1325.0,7.189922170745808,0,0.6564727502433909
08426073,0,0.0,0.0,0,3,1325.0,7.189922170745808,0,0.6749619186628769
08426074,0,0.0,0.0,0,2,1125.0,7.026426808699636,0,0.6312332181113298
08426078,0,0.0,0.0,0,2,1125.0,7.026426808699636,0,0.626869674473025
08426087,0,0.0,0.0,0,2,400.0,5.993961427306569,0,0.6436411307450756
08426090,0,0.0,0.0,0,2,1125.0,7.026426808699636,0,0.6228446204519235
08426097,1,875.0,6.775366090936392,0,2,1125.0,7.026426808699636,0,0.6473158051954593
08426100,0,0.0,0.0,0,2,400.0,5.993961427306569,0,0.6361201528173239
08426108,1,250.0,5.5254529391317835,0,2,450.0,6.111467339502679,0,0.6821393633675702
08426109,0,0.0,0.0,0,2,1125.0,7.026426808699636,0,0.6313146521266862
08426113,0,0.0,0.0,0,2,400.0,5.993961427306569,0,0.6315497300827992
08426117,0,0.0,0.0,0,2,400.0,5.993961427306569,0,0.6388400541929988
08426118,0,0.0,0.0,0,2,1125.0,7.026426808699636,0,0.6274025619388537
08426120,0,0.0,0.0,0,2,1125.0,7.026426808699636,0,0.63060925039043
08426121,1,875.0,6.775366090936392,0,2,1125.0,7.026426808699636,0,0.6450912131439405
08426124,0,0.0,0.0,0,2,1125.0,7.026426808699636,0,0.6404757025183037
08426125,1,250.0,5.5254529391317835,0,2,450.0,6.111467339502679,0,0.6938670124609778
08426128,0,0.0,0.0,0,2,1125.0,7.026426808699636,0,0.6462837520229853
08426134,0,0.0,0.0,0,3,1325.0,7.189922170745808,0,0.6593103501760191
08426135,0,0.0,0.0,0,3,600.0,6.398594934535208,0,0.6618675940975595
08435005,0,0.0,0.0,0,1,875.0,6.775366090936392,0,0.5233925678705084
08435010,0,0.0,0.0,0,1,875.0,6.775366090936392,0,0.5147458619714436
08435013,0,0.0,0.0,0,0,0.0,0.0,0,0.510112025451377
08435015,0,0.0,0.0,0,1,875.0,6.775366090936392,0,0.5417830830938167
08435016,0,0.0,0.0,0,0,0.0,0.0,0,0.5121702162662328
08435018,0,0.0,0.0,0,1,875.0,6.775366090936392,0,0.5094905609259663
08435020,0,0.0,0.0,0,1,875.0,6.775366090936392,0,0.5455200904195256
08435024,0,0.0,0.0,0,1,875.0,6.775366090936392,0,0.5099084298448465
08435029,0,0.0,0.0,0,0,0.0,0.0,0,0.5068448458156393
08435030,0,0.0,0.0,0,0,0.0,0.0,0,0.5037212855604748
08435034,0,0.0,0.0,0,1,875.0,6.775366090936392,0,0.5228397381845522
08435035,0,0.0,0.0,0,1,875.0,6.775366090936392,0,0.527121434804478
08435036,0,0.0,0.0,0,1,875.0,6.775366090936392,0,0.5113516093852208
08435042,0,0.0,0.0,0,1,150.0,5.017279836814924,0,0.5260795040032356
08435045,0,0.0,0.0,0,1,875.0,6.775366090936392,0,0.5280630083904466
08435047,0,0.0,0.0,0,1,875.0,6.775366090936392,0,0.5348923551899243
08435052,0,0.0,0.0,0,1,875.0,6.775366090936392,0,0.5285956260926059
08435053,0,0.0,0.0,0,1,875.0,6.775366090936392,0,0.5258606425017727
08435054,0,0.0,0.0,0,1,875.0,6.775366090936392,0,0.5121698053497911
08435057,0,0.0,0.0,0,0,0.0,0.0,0,0.5221939261433087
08435059,0,0.0,0.0,0,1,875.0,6.775366090936392,0,0.5226266613134259
08435066,0,0.0,0.0,0,1,875.0,6.775366090936392,0,0.5193322352199656
08435067,0,0.0,0.0,0,1,875.0,6.775366090936392,0,0.5379672137836549
08436001,0,0.0,0.0,0,1,150.0,5.017279836814924,0,0.5176624217264219
08436003,0,0.0,0.0,0,1,150.0,5.017279836814924,0,0.6179465360605496
08436004,0,0.0,0.0,0,1,150.0,5.017279836814924,0,0.6270095904193624
08436005,0,0.0,0.0,0,1,875.0,6.775366090936392,0,0.5855815558084881
08436006,0,0.0,0.0,0,1,150.0,5.017279836814924,0,0.5401759900020371
08436008,0,0.0,0.0,0,1,875.0,6.775366090936392,0,0.592027869864669
08436009,0,0.0,0.0,0,2,1025.0,6.933423025730715,0,0.5902941920224497
08436010,0,0.0,0.0,0,1,150.0,5.017279836814924,0,0.5986180216623027
08436011,0,0.0,0.0,0,1,875.0,6.775366090936392,0,0.5614527826214741
08436012,0,0.0,0.0,0,1,875.0,6.775366090936392,0,0.5655746188615725
08436013,0,0.0,0.0,0,1,875.0,6.775366090936392,0,0.5559111076184323
08436014,0,0.0,0.0,0,2,1025.0,6.933423025730715,0,0.5728508349612357
08436018,0,0.0,0.0,0,1,150.0,5.017279836814924,0,0.5368801248704494
08436019,1,875.0,6.775366090936392,0,1,875.0,6.775366090936392,0,0.5965383700393544
08436024,0,0.0,0.0,0,1,875.0,6.775366090936392,0,0.5753939382160952
08436027,0,0.0,0.0,0,1,875.0,6.775366090936392,0,0.586875135077995
08436032,0,0.0,0.0,0,1,875.0,6.775366090936392,0,0.5683467041555346
08436039,0,0.0,0.0,0,1,875.0,6.775366090936392,0,0.5419224253445063
08436040,0,0.0,0.0,0,1,875.0,6.775366090936392,0,0.5724368118720501
08436047,1,875.0,6.775366090936392,0,1,875.0,6.775366090936392,0,0.5882763344172228
08436049,1,150.0,5.017279836814924,0,1,150.0,5.017279836814924,0,0.5716466340223828
08436052,0,0.0,0.0,0,1,150.0,5.017279836814924,0,0.570676648973474
08436053,1,875.0,6.775366090936392,0,1,875.0,6.775366090936392,0,0.5847850688781909
08436055,1,150.0,5.017279836814924,0,1,150.0,5.017279836814924,0,0.5977928013921514
08436064,0,0.0,0.0,0,1,875.0,6.775366090936392,0,0.5491093359881581
08436067,1,875.0,6.775366090936392,0,1,875.0,6.775366090936392,0,0.5772707740839842
08436069,0,0.0,0.0,0,2,1025.0,6.933423025730715,0,0.5495995070057006
08436077,0,0.0,0.0,0,1,875.0,6.775366090936392,0,0.5752513309557649
08436078,0,0.0,0.0,0,1,150.0,5.017279836814924,0,0.5572125755883692
08436079,0,0.0,0.0,0,1,150.0,5.017279836814924,0,0.5491445214435013
08436081,0,0.0,0.0,0,1,150.0,5.017279836814924,0,0.5426010005036985
08436082,0,0.0,0.0,0,1,875.0,6.775366090936392,0,0.5561669577708638
08436083,0,0.0,0.0,0,1,875.0,6.775366090936392,0,0.5636442079068833
08436085,0,0.0,0.0,0,1,150.0,5.017279836814924,0,0.5695611481986409
08436087,0,0.0,0.0,0,1,875.0,6.775366090936392,0,0.5766425631565648
08436093,0,0.0,0.0,0,1,875.0,6.775366090936392,0,0.59210116758894
08436094,0,0.0,0.0,0,1,150.0,5.017279836814924,0,0.5573670246904155
08436095,0,0.0,0.0,0,1,875.0,6.775366090936392,0,0.549043718037006
08436096,0,0.0,0.0,0,1,875.0,6.775366090936392,0,0.5674489742472398
08437005,1,875.0,6.775366090936392,0,1,875.0,6.775366090936392,0,0.5857466166502283
08437008,1,875.0,6.775366090936392,0,2,875.0,6.775366090936392,1,0.9142763111609127
08437031,1,875.0,6.775366090936392,0,2,875.0,6.775366090936392,1,0.6571575497697355
08437044,1,875.0,6.775366090936392,0,1,875.0,6.775366090936392,0,0.6358018022301356
08437047,1,875.0,6.775366090936392,0,2,875.0,6.775366090936392,1,0.6641527325007236
08437053,1,875.0,6.775366090936392,0,1,875.0,6.775366090936392,0,0.6389408326576183
08437056,0,0.0,0.0,0,1,875.0,6.775366090936392,0,0.5605632473507063
08437059,1,875.0,6.775366090936392,0,1,875.0,6.775366090936392,0,0.7410987800783848
08437065,1,875.0,6.775366090936392,0,1,875.0,6.775366090936392,0,0.6665065086660631
08437072,1,875.0,6.775366090936392,0,1,875.0,6.775366090936392,0,0.594878552110616
08437076,1,875.0,6.775366090936392,0,1,875.0,6.775366090936392,0,0.6812902302840471
08437078,1,875.0,6.775366090936392,0,1,875.0,6.775366090936392,0,0.6007163915325926
08437082,1,875.0,6.775366090936392,0,2,875.0,6.775366090936392,1,0.6546546155744315
08437086,1,875.0,6.775366090936392,0,1,875.0,6.775366090936392,0,0.5960904342044823
08437088,1,875.0,6.775366090936392,0,1,875.0,6.775366090936392,0,0.5814337817978806
08437100,1,875.0,6.775366090936392,0,1,875.0,6.775366090936392,0,0.6111428332454615
08437101,1,875.0,6.775366090936392,0,1,875.0,6.775366090936392,0,0.7840495491612376
08437102,1,875.0,6.775366090936392,0,2,875.0,6.775366090936392,1,0.6054951743752353
08437105,1,875.0,6.775366090936392,0,1,875.0,6.775366090936392,0,0.8709640188830257
08437107,1,875.0,6.775366090936392,0,2,875.0,6.775366090936392,1,0.638220226385694
08437114,1,875.0,6.775366090936392,0,2,875.0,6.775366090936392,1,0.6845624987834115
08437118,1,875.0,6.775366090936392,0,1,875.0,6.775366090936392,0,0.5816837946029528
08437123,1,875.0,6.775366090936392,0,1,875.0,6.775366090936392,0,0.5746202446603486
08437124,0,0.0,0.0,0,1,875.0,6.775366090936392,0,0.5503479573613796
09163000,0,0.0,0.0,0,2,800.0,6.68586094706836,0,0.5619497437595004
09171111,1,450.0,6.111467339502679,0,1,450.0,6.111467339502679,0,0.5852449495342111
09171112,0,0.0,0.0,0,1,450.0,6.111467339502679,0,0.5426711275425484
09171113,0,0.0,0.0,0,1,450.0,6.111467339502679,0,0.5609883392419479
09171114,0,0.0,0.0,0,1,450.0,6.111467339502679,0,0.560476819888317
09171115,0,0.0,0.0,0,2,450.0,6.111467339502679,1,0.576593956154559
09171116,1,450.0,6.111467339502679,0,1,450.0,6.111467339502679,0,0.5711194022694738
09171117,1,450.0,6.111467339502679,0,1,450.0,6.111467339502679,0,0.5954414351478474
09171118,0,0.0,0.0,0,1,450.0,6.111467339502679,0,0.5423594382158721
09171119,1,450.0,6.111467339502679,0,1,450.0,6.111467339502679,0,0.5642698193054884
09171121,1,450.0,6.111467339502679,0,1,450.0,6.111467339502679,0,0.5747627616813148
09171122,1,450.0,6.111467339502679,0,1,450.0,6.111467339502679,0,0.5608982486730071
09171123,0,0.0,0.0,0,1,450.0,6.111467339502679,0,0.5570533480974234
09171124,0,0.0,0.0,0,1,450.0,6.111467339502679,0,0.5530268025370508
09171125,1,450.0,6.111467339502679,0,1,450.0,6.111467339502679,0,0.5841445640510432
09171126,0,0.0,0.0,0,1,450.0,6.111467339502679,0,0.5722549168523352
09171127,1,450.0,6.111467339502679,0,1,450.0,6.111467339502679,0,0.6148734794679023
09171129,0,0.0,0.0,0,1,450.0,6.111467339502679,0,0.5843851001420443
09171130,0,0.0,0.0,0,1,450.0,6.111467339502679,0,0.5501161295395453
09171131,1,450.0,6.111467339502679,0,1,450.0,6.111467339502679,0,0.6068149658891353
09171132,1,450.0,6.111467339502679,0,1,450.0,6.111467339502679,0,0.6175719070005765
09171133,1,450.0,6.111467339502679,0,1,450.0,6.111467339502679,0,0.6082487859620481
09171134,0,0.0,0.0,0,1,450.0,6.111467339502679,0,0.5485161233093763
09171135,1,450.0,6.111467339502679,0,1,450.0,6.111467339502679,0,0.5916082359731634
09171137,1,450.0,6.111467339502679,0,1,450.0,6.111467339502679,0,0.597654291012239
09172111,0,0.0,0.0,0,0,0.0,0.0,0,0.4638649808891266
09172112,0,0.0,0.0,0,0,0.0,0.0,0,0.46935813380474467
09172114,0,0.0,0.0,0,0,0.0,0.0,0,0.4554411446151885
09172115,0,0.0,0.0,0,0,0.0,0.0,0,0.45334306189290086
09172116,0,0.0,0.0,0,0,0.0,0.0,0,0.43213164246746855
09172117,0,0.0,0.0,0,0,0.0,0.0,0,0.4364953499622685
09172118,0,0.0,0.0,0,0,0.0,0.0,0,0.46468367942349853
09172122,0,0.0,0.0,0,1,450.0,6.111467339502679,0,0.4849264888228705
09172124,0,0.0,0.0,0,0,0.0,0.0,0,0.4376466500018512
09172128,0,0.0,0.0,0,0,0.0,0.0,0,0.45925923026244553
09172129,0,0.0,0.0,0,0,0.0,0.0,0,0.43620066593853335
09172130,0,0.0,0.0,0,0,0.0,0.0,0,0.4739405783995057
09172131,0,0.0,0.0,0,0,0.0,0.0,0,0.45598054849582964
09172132,0,0.0,0.0,0,0,0.0,0.0,0,0.42931253995692176
09172134,0,0.0,0.0,0,0,0.0,0.0,0,0.4814231362060256
09173111,0,0.0,0.0,0,3,954.0,6.86171134048073,0,0.5965274126249656
09173112,0,0.0,0.0,0,4,954.0,6.86171134048073,1,0.5934886205486694
09173113,0,0.0,0.0,0,1,304.0,5.720311776607412,0,0.5875887877984068
09173115,0,0.0,0.0,0,2,654.0,6.484635235635252,0,0.5915750430249131
09173118,0,0.0,0.0,0,4,1650.0,7.409136443920128,1,0.6347548725337958
09173120,0,0.0,0.0,0,4,1650.0,7.409136443920128,1,0.6821172782322186
09173123,0,0.0,0.0,0,5,1954.0,7.578145472419466,1,0.6467685061102999
09173124,0,0.0,0.0,0,4,954.0,6.86171134048073,1,0.587683489090514
09173126,0,0.0,0.0,0,4,1650.0,7.409136443920128,1,0.6430490819559247
09173127,0,0.0,0.0,0,3,650.0,6.478509642208569,1,0.5910902611815223
09173130,0,0.0,0.0,0,5,1826.0,7.510430556378006,1,0.7077591512933606
09173131,0,0.0,0.0,0,1,304.0,5.720311776607412,0,0.557160418002719
09173133,0,0.0,0.0,0,1,304.0,5.720311776607412,0,0.5774434017696197
09173134,0,0.0,0.0,0,5,1954.0,7.578145472419466,1,0.6237061680467841
09173135,0,0.0,0.0,0,1,304.0,5.720311776607412,0,0.5657408108281223
09173137,0,0.0,0.0,0,6,2116.0,7.6577552711348655,1,0.6729407262485745
09173140,0,0.0,0.0,0,3,650.0,6.478509642208569,1,0.5904535964357236
09173141,0,0.0,0.0,0,3,650.0,6.478509642208569,1,0.6061562951359727
09173142,0,0.0,0.0,0,1,304.0,5.720311776607412,0,0.5825205592490774
09173145,0,0.0,0.0,0,3,954.0,6.86171134048073,0,0.586490130230547
09173147,0,0.0,0.0,0,4,1650.0,7.409136443920128,1,0.6777889455851562
09174111,4,1366.0,7.220373836723949,0,12,3417.0,8.136810863675537,3,0.8814357763470896
09174113,3,1300.0,7.170888478512505,1,10,3417.0,8.136810863675537,1,0.916734055167115
09174115,4,1650.0,7.409136443920128,1,10,3417.0,8.136810863675537,1,0.8949020831363137
09174118,2,1176.0,7.0707241072602764,0,11,3417.0,8.136810863675537,2,0.8842489411600762
09174121,4,1650.0,7.409136443920128,1,8,3016.0,8.012018239159062,1,0.8552332431767687
09174122,4,1650.0,7.409136443920128,1,10,3417.0,8.136810863675537,1,0.8758629747349111
09174126,4,1650.0,7.409136443920128,1,9,2417.0,7.790696031174738,1,0.9310593678394743
09174131,1,1000.0,6.90875477931522,0,12,3417.0,8.136810863675537,3,0.8560646045191034
09174135,4,1366.0,7.220373836723949,0,10,3417.0,8.136810863675537,1,0.9285022083748886
09174136,0,0.0,0.0,0,11,3127.0,8.048149101665201,3,0.8260137320166008
09174137,4,1366.0,7.220373836723949,0,9,2417.0,7.790696031174738,1,0.9488302276119953
09174141,3,1300.0,7.170888478512505,1,11,3417.0,8.136810863675537,2,0.8552754166296979
09174143,2,1000.0,6.90875477931522,1,10,3417.0,8.136810863675537,1,0.8860309256299189
09174146,2,1176.0,7.0707241072602764,0,10,3417.0,8.136810863675537,1,0.9210186067053678
09174147,0,0.0,0.0,0,12,3417.0,8.136810863675537,3,0.8458811927727796
09174150,2,1000.0,6.90875477931522,1,11,3127.0,8.048149101665201,3,0.8391135270747158
09174151,1,1000.0,6.90875477931522,0,12,3417.0,8.136810863675537,3,0.8423373042420779
09175111,3,650.0,6.478509642208569,1,5,2100.0,7.650168700845001,1,0.7761367080271752
09175112,0,0.0,0.0,0,4,1100.0,7.00397413672268,1,0.631510196033579
09175113,0,0.0,0.0,0,4,1100.0,7.00397413672268,1,0.6417709653976145
09175114,1,350.0,5.860786223465865,0,4,1100.0,7.00397413672268,1,0.6734367049013492
09175115,1,350.0,5.860786223465865,0,4,1100.0,7.00397413672268,1,0.6780334942614821
09175116,2,650.0,6.478509642208569,0,5,2100.0,7.650168700845001,1,0.7055484692810541
09175118,3,650.0,6.478509642208569,1,5,2100.0,7.650168700845001,1,0.7340060575792695
09175119,0,0.0,0.0,0,4,1100.0,7.00397413672268,1,0.6401962079004377
09175121,1,350.0,5.860786223465865,0,5,2100.0,7.650168700845001,1,0.6673312969861415
09175122,1,350.0,5.860786223465865,0,4,1100.0,7.00397413672268,1,0.6650638150228252
09175123,1,350.0,5.860786223465865,0,4,1100.0,7.00397413672268,1,0.6923089363545393
09175124,3,650.0,6.478509642208569,1,5,2100.0,7.650168700845001,1,0.7115513595032483
09175127,3,650.0,6.478509642208569,1,5,2100.0,7.650168700845001,1,0.7697709917078118
09175128,2,650.0,6.478509642208569,0,5,2100.0,7.650168700845001,1,0.6931994798373974
09175131,3,650.0,6.478509642208569,1,5,2100.0,7.650168700845001,1,0.7137937862106729
09175132,3,650.0,6.478509642208569,1,5,2100.0,7.650168700845001,1,0.8402148165776402
09175133,3,650.0,6.478509642208569,1,5,2100.0,7.650168700845001,1,0.8401795018555659
09175135,3,650.0,6.478509642208569,1,5,2100.0,7.650168700845001,1,0.8192560892013347
09175136,0,0.0,0.0,0,4,1100.0,7.00397413672268,1,0.6227774829451082
09175137,0,0.0,0.0,0,4,1100.0,7.00397413672268,1,0.6613143657659941
09175139,3,650.0,6.478509642208569,1,5,2100.0,7.650168700845001,1,0.7635265185468697
09176111,3,1000.0,6.90875477931522,2,3,1000.0,6.90875477931522,2,0.8636194088316003
09176112,2,0.0,0.0,2,4,1600.0,7.3783837129967145,2,0.8032516557751991
09176114,0,0.0,0.0,0,6,1600.0,7.3783837129967145,4,0.7805403421211647
09176116,3,1000.0,6.90875477931522,2,3,1000.0,6.90875477931522,2,0.9245625968697568
09176118,3,1000.0,6.90875477931522,2,3,1000.0,6.90875477931522,2,0.9564187323215971
09176120,3,1000.0,6.90875477931522,2,4,1600.0,7.3783837129967145,2,0.8368266041204449
09176121,0,0.0,0.0,0,3,1000.0,6.90875477931522,2,0.8072651581429678
09176122,3,1000.0,6.90875477931522,2,5,1190.0,7.0825485693553,2,0.8978782023687647
09176123,2,0.0,0.0,2,3,1000.0,6.90875477931522,2,0.8248662613059569
09176124,3,1000.0,6.90875477931522,2,3,1000.0,6.90875477931522,2,0.9739887806026055
09176126,3,1000.0,6.90875477931522,2,3,1000.0,6.90875477931522,2,1.1437456083213262
09176129,3,1000.0,6.90875477931522,2,3,1000.0,6.90875477931522,2,1.0798957247900414
09176131,3,1000.0,6.90875477931522,2,3,1000.0,6.90875477931522,2,1.100607657896525
09176132,3,1000.0,6.90875477931522,2,3,1000.0,6.90875477931522,2,0.9223296510271066
09176137,0,0.0,0.0,0,4,1000.0,6.90875477931522,3,0.7977360560571132
09176138,2,0.0,0.0,2,3,1000.0,6.90875477931522,2,0.8226631384410521
09176139,3,1000.0,6.90875477931522,2,4,1600.0,7.3783837129967145,2,1.127402989825757
09176143,3,1000.0,6.90875477931522,2,3,1000.0,6.90875477931522,2,1.2620098222706564
09176147,3,1000.0,6.90875477931522,2,4,1600.0,7.3783837129967145,2,0.8297939357572963
09176148,0,0.0,0.0,0,3,1000.0,6.90875477931522,2,0.7981258538904336
09176149,3,1000.0,6.90875477931522,2,5,1190.0,7.0825485693553,2,0.8891725256784229
09176150,3,1000.0,6.90875477931522,2,4,1600.0,7.3783837129967145,2,0.8854365612881065
09176153,3,1000.0,6.90875477931522,2,4,1600.0,7.3783837129967145,2,0.8168530488142711
09176155,1,0.0,0.0,1,3,1000.0,6.90875477931522,2,0.8086469846622455
09176160,0,0.0,0.0,0,3,1000.0,6.90875477931522,2,0.8057805043087973
09176161,3,1000.0,6.90875477931522,2,3,1000.0,6.90875477931522,2,0.9462654756898661
09176164,0,0.0,0.0,0,6,1300.0,7.170888478512505,4,0.7971531525811788
09176165,2,0.0,0.0,2,3,1000.0,6.90875477931522,2,0.8409948584325994
09176166,1,0.0,0.0,1,5,1190.0,7.0825485693553,2,0.8202872907785443
09176167,3,1000.0,6.90875477931522,2,3,1000.0,6.90875477931522,2,1.0786710509180617
09177112,0,0.0,0.0,0,4,1100.0,7.00397413672268,1,0.7169916504970659
09177113,0,0.0,0.0,0,4,1100.0,7.00397413672268,1,0.7054922359051797
09177114,0,0.0,0.0,0,4,1100.0,7.00397413672268,1,0.7018876139937535
09177115,1,450.0,6.111467339502679,0,4,1100.0,7.00397413672268,1,0.6757201423092816
09177116,0,0.0,0.0,0,5,2100.0,7.650168700845001,1,0.7300804399461314
09177117,1,300.0,5.707110264748875,0,5,2100.0,7.650168700845001,1,0.7313368822081501
09177118,3,650.0,6.478509642208569,1,5,2100.0,7.650168700845001,1,0.8026843281513578
09177119,2,650.0,6.478509642208569,0,4,1100.0,7.00397413672268,1,0.7043280352472394
09177120,0,0.0,0.0,0,4,1100.0,7.00397413672268,1,0.7024583722341189
09177121,0,0.0,0.0,0,4,1100.0,7.00397413672268,1,0.6772716277340602
09177122,0,0.0,0.0,0,4,1100.0,7.00397413672268,1,0.6855563465986187
09177123,1,450.0,6.111467339502679,0,4,1100.0,7.00397413672268,1,0.6842602547806491
09177124,0,0.0,0.0,0,4,1100.0,7.00397413672268,1,0.6907654320794806
09177126,0,0.0,0.0,0,5,2100.0,7.650168700845001,1,0.7057985278394467
09177127,0,0.0,0.0,0,4,1100.0,7.00397413672268,1,0.6890326783800018
09177130,3,650.0,6.478509642208569,1,5,2100.0,7.650168700845001,1,0.7656961150204696
09177131,3,650.0,6.478509642208569,1,5,2100.0,7.650168700845001,1,0.7702380911214737
09177133,2,300.0,5.707110264748875,1,5,2100.0,7.650168700845001,1,0.7520770684680224
09177134,3,650.0,6.478509642208569,1,5,2100.0,7.650168700845001,1,0.7571282243530628
09177135,2,650.0,6.478509642208569,0,5,2100.0,7.650168700845001,1,0.7201504860158494
09177137,1,450.0,6.111467339502679,0,4,1100.0,7.00397413672268,1,0.6737803715731219
09177138,0,0.0,0.0,0,4,1100.0,7.00397413672268,1,0.685287068472411
09177139,0,0.0,0.0,0,4,1100.0,7.00397413672268,1,0.6773959487080012
09177142,0,0.0,0.0,0,4,1100.0,7.00397413672268,1,0.7087114575794182
09177143,0,0.0,0.0,0,4,1100.0,7.00397413672268,1,0.7027243607482387
09177144,3,650.0,6.478509642208569,1,5,2100.0,7.650168700845001,1,0.7414889848939487
09178113,0,0.0,0.0,0,10,3016.0,8.012018239159062,3,0.7969472373002693
09178115,0,0.0,0.0,0,7,2650.0,7.8826922062890254,3,0.755267554133275
09178116,0,0.0,0.0,0,6,1650.0,7.409136443920128,3,0.7638483313854361
09178120,3,650.0,6.478509642208569,1,6,2826.0,7.946971357693591,1,0.8667063131208572
09178122,0,0.0,0.0,0,5,1300.0,7.170888478512505,3,0.7608449154037673
09178123,2,300.0,5.707110264748875,1,10,3016.0,8.012018239159062,3,0.8289582811112313
09178124,0,0.0,0.0,0,7,2650.0,7.8826922062890254,3,0.7644576652964215
09178125,0,0.0,0.0,0,5,1300.0,7.170888478512505,3,0.7135910011100767
09178129,0,0.0,0.0,0,6,1650.0,7.409136443920128,3,0.7369935203530392
09178130,3,650.0,6.478509642208569,1,6,3100.0,8.03947991910045,1,0.7918651168316402
09178132,0,0.0,0.0,0,6,1650.0,7.409136443920128,3,0.7312192009436814
09178133,0,0.0,0.0,0,10,3016.0,8.012018239159062,3,0.8132512299501398
09178136,0,0.0,0.0,0,7,2650.0,7.8826922062890254,3,0.7819200796663219
09178137,1,0.0,0.0,1,8,2826.0,7.946971357693591,3,0.7974094488806269
09178138,0,0.0,0.0,0,7,3100.0,8.03947991910045,2,0.7328348930463058
09178140,0,0.0,0.0,0,6,2650.0,7.8826922062890254,2,0.7508412707229287
09178142,0,0.0,0.0,0,6,1650.0,7.409136443920128,3,0.722564487078365
09178143,0,0.0,0.0,0,6,2100.0,7.650168700845001,2,0.7134074584078975
09178144,0,0.0,0.0,0,6,1650.0,7.409136443920128,3,0.745140976743652
09178145,3,650.0,6.478509642208569,1,6,2826.0,7.946971357693591,1,0.833314372402115
09178150,0,0.0,0.0,0,10,3016.0,8.012018239159062,3,0.8018399568722165
09178155,0,0.0,0.0,0,6,2100.0,7.650168700845001,2,0.7139099044960753
09178156,0,0.0,0.0,0,7,2650.0,7.8826922062890254,3,0.7673676820765387
09178157,0,0.0,0.0,0,7,2650.0,7.8826922062890254,3,0.752601847131847
09179111,3,1466.0,7.2909747781429814,0,9,2417.0,7.790696031174738,1,0.9105693983159522
09179113,2,1000.0,6.90875477931522,1,9,2417.0,7.790696031174738,1,0.9189601406109165
09179114,6,1767.0,7.477604243197589,0,9,2417.0,7.790696031174738,1,1.000976356287275
09179117,4,1366.0,7.220373836723949,0,9,2417.0,7.790696031174738,1,0.9492962330338259
09179118,3,1300.0,7.170888478512505,1,9,2417.0,7.790696031174738,1,1.0073036358763896
09179119,3,1176.0,7.0707241072602764,1,9,2417.0,7.790696031174738,1,1.244669197848996
09179123,4,1650.0,7.409136443920128,1,9,2417.0,7.790696031174738,1,0.8760887767004737
09179125,2,1176.0,7.0707241072602764,0,9,2417.0,7.790696031174738,1,0.851125180807918
09179126,4,1650.0,7.409136443920128,1,9,2417.0,7.790696031174738,1,0.9460886916245452
09179128,5,1656.0,7.4127640174265625,0,9,2417.0,7.790696031174738,1,0.9482722248229588
09179130,3,1466.0,7.2909747781429814,0,9,2417.0,7.790696031174738,1,0.8942297308494997
09179131,3,1466.0,7.2909747781429814,0,9,2417.0,7.790696031174738,1,0.8416058452224141
09179132,3,1466.0,7.2909747781429814,0,9,2417.0,7.790696031174738,1,0.9022470379380856
09179134,2,1176.0,7.0707241072602764,0,9,2417.0,7.790696031174738,1,1.2307237415995358
09179136,3,1466.0,7.2909747781429814,0,9,2417.0,7.790696031174738,1,0.9430722418222148
09179137,6,1767.0,7.477604243197589,0,9,2417.0,7.790696031174738,1,0.9940428577837371
09179138,3,1466.0,7.2909747781429814,0,9,2417.0,7.790696031174738,1,0.8801456144539149
09179140,4,1366.0,7.220373836723949,0,9,2417.0,7.790696031174738,1,0.95208798664639
09179142,3,1300.0,7.170888478512505,1,9,2417.0,7.790696031174738,1,1.0476545495625742
09179145,4,1650.0,7.409136443920128,1,9,2417.0,7.790696031174738,1,0.9116999569288322
09179147,2,1176.0,7.0707241072602764,0,9,2417.0,7.790696031174738,1,0.8880139283999655
09179149,3,1466.0,7.2909747781429814,0,9,2417.0,7.790696031174738,1,0.8297577717367438
09180112,1,304.0,5.720311776607412,0,1,304.0,5.720311776607412,0,0.6040228330088044
09180113,1,304.0,5.720311776607412,0,1,304.0,5.720311776607412,0,0.6066467107453406
09180114,1,304.0,5.720311776607412,0,1,304.0,5.720311776607412,0,0.5936805991392725
09180115,1,304.0,5.720311776607412,0,1,304.0,5.720311776607412,0,0.6261888109883524
09180116,1,304.0,5.720311776607412,0,1,304.0,5.720311776607412,0,0.6690737857462237
09180118,1,304.0,5.720311776607412,0,1,304.0,5.720311776607412,0,0.828896047819356
09180119,0,0.0,0.0,0,1,304.0,5.720311776607412,0,0.5877425122279093
09180122,1,304.0,5.720311776607412,0,1,304.0,5.720311776607412,0,0.5625486062301981
09180123,1,304.0,5.720311776607412,0,1,304.0,5.720311776607412,0,0.5494049686307185
09180124,1,304.0,5.720311776607412,0,1,304.0,5.720311776607412,0,0.5974414583617405
09180125,1,304.0,5.720311776607412,0,1,304.0,5.720311776607412,0,0.6118178008601582
09180126,1,304.0,5.720311776607412,0,1,304.0,5.720311776607412,0,0.6163810005733703
09180127,1,304.0,5.720311776607412,0,1,304.0,5.720311776607412,0,0.5880390410237682
09180128,0,0.0,0.0,0,1,304.0,5.720311776607412,0,0.5989510879430259
09180129,1,304.0,5.720311776607412,0,1,304.0,5.720311776607412,0,0.6041937663783805
09180131,1,304.0,5.720311776607412,0,1,304.0,5.720311776607412,0,0.6007567021120178
09180132,1,304.0,5.720311776607412,0,1,304.0,5.720311776607412,0,0.6005029669504123
09180133,0,0.0,0.0,0,1,304.0,5.720311776607412,0,0.606828805901099
09180134,0,0.0,0.0,0,1,304.0,5.720311776607412,0,0.6072718268994448
09180135,1,304.0,5.720311776607412,0,1,304.0,5.720311776607412,0,0.6058887779322563
09180136,1,304.0,5.720311776607412,0,1,304.0,5.720311776607412,0,0.5646277018122486
09181111,0,0.0,0.0,0,5,1920.0,7.560601162768557,0,0.672188097957736
09181113,0,0.0,0.0,0,4,1616.0,7.388327859577107,0,0.679095529303465
09181114,0,0.0,0.0,0,6,2116.0,7.6577552711348655,1,0.7021111838106068
09181115,3,1466.0,7.2909747781429814,0,9,2417.0,7.790696031174738,1,0.8016824508166418
09181116,6,1767.0,7.477604243197589,0,8,2067.0,7.63433723562832,1,0.9560303047237031
09181118,3,1466.0,7.2909747781429814,0,9,2417.0,7.790696031174738,1,0.8101318947057308
09181120,1,290.0,5.673323267171493,0,9,2417.0,7.790696031174738,1,0.7516797297354456
09181121,0,0.0,0.0,0,4,1616.0,7.388327859577107,0,0.6887314012277506
09181122,3,1466.0,7.2909747781429814,0,9,2417.0,7.790696031174738,1,0.8487341791939169
09181123,3,1466.0,7.2909747781429814,0,9,2417.0,7.790696031174738,1,0.792588432051385
09181124,1,290.0,5.673323267171493,0,6,1767.0,7.477604243197589,0,0.7426149552011407
09181126,2,466.0,6.1463292576688975,0,6,1767.0,7.477604243197589,0,0.9138073652670764
09181127,1,290.0,5.673323267171493,0,6,1767.0,7.477604243197589,0,0.8051617692243935
09181128,2,466.0,6.1463292576688975,0,6,1767.0,7.477604243197589,0,0.8477200697383113
09181129,0,0.0,0.0,0,5,1920.0,7.560601162768557,0,0.663561151182657
09181130,1,290.0,5.673323267171493,0,6,1767.0,7.477604243197589,0,0.7812964215973984
09181131,2,466.0,6.1463292576688975,0,6,1767.0,7.477604243197589,0,1.0702601614027687
09181132,2,466.0,6.1463292576688975,0,6,1767.0,7.477604243197589,0,0.8101670041609859
09181133,0,0.0,0.0,0,6,1767.0,7.477604243197589,0,0.7020445341272556
09181134,5,767.0,6.643789733147672,0,7,1767.0,7.477604243197589,1,1.0072681879309462
09181135,0,0.0,0.0,0,4,1616.0,7.388327859577107,0,0.6868497594763597
09181137,0,0.0,0.0,0,4,1770.0,7.479299637782834,0,0.678014578940249
09181138,3,577.0,6.359573868672378,0,6,1767.0,7.477604243197589,0,1.0244613009002277
09181139,2,1290.0,7.1631723908466425,0,9,2417.0,7.790696031174738,1,0.7766137201480671
09181140,1,290.0,5.673323267171493,0,6,1767.0,7.477604243197589,0,0.7783786290487985
09181141,1,290.0,5.673323267171493,0,6,1767.0,7.477604243197589,0,0.7588987291017075
09181142,1,290.0,5.673323267171493,0,6,1767.0,7.477604243197589,0,0.7163352759886481
09181143,1,290.0,5.673323267171493,0,7,1917.0,7.559038255443384,0,0.7165276401592038
09181144,2,1290.0,7.1631723908466425,0,9,2417.0,7.790696031174738,1,0.7546488148458906
09181145,2,466.0,6.1463292576688975,0,6,1767.0,7.477604243197589,0,0.878132171223297
09181146,3,1466.0,7.2909747781429814,0,9,2417.0,7.790696031174738,1,0.7912011573131292
09182111,0,0.0,0.0,0,1,350.0,5.860786223465865,0,0.5620599940217899
09182112,0,0.0,0.0,0,0,0.0,0.0,0,0.5226869830497854
09182114,0,0.0,0.0,0,0,0.0,0.0,0,0.5415227469067632
09182116,0,0.0,0.0,0,3,650.0,6.478509642208569,1,0.5740605640020531
09182119,0,0.0,0.0,0,2,650.0,6.478509642208569,0,0.5640608778853913
09182120,0,0.0,0.0,0,4,1650.0,7.409136443920128,1,0.6377854967247873
09182123,0,0.0,0.0,0,3,650.0,6.478509642208569,1,0.5834289025486299
09182124,0,0.0,0.0,0,0,0.0,0.0,0,0.5386014758984384
09182125,0,0.0,0.0,0,3,650.0,6.478509642208569,1,0.577413677329498
09182127,1,350.0,5.860786223465865,0,4,1650.0,7.409136443920128,1,0.6578433964985405
09182129,0,0.0,0.0,0,1,350.0,5.860786223465865,0,0.5506773274287258
09182131,0,0.0,0.0,0,1,350.0,5.860786223465865,0,0.5566399076795654
09182132,0,0.0,0.0,0,1,350.0,5.860786223465865,0,0.5577556741334952
09182133,0,0.0,0.0,0,3,650.0,6.478509642208569,1,0.631447765397783
09182134,0,0.0,0.0,0,3,650.0,6.478509642208569,1,0.5879740721494972
09182136,0,0.0,0.0,0,3,650.0,6.478509642208569,1,0.6091215071915774
09182137,0,0.0,0.0,0,3,650.0,6.478509642208569,1,0.6103828615503395
09183112,1,450.0,6.111467339502679,0,1,450.0,6.111467339502679,0,0.7287132418424649
09183113,1,450.0,6.111467339502679,0,1,450.0,6.111467339502679,0,0.8767934705761192
09183114,1,450.0,6.111467339502679,0,3,1100.0,7.00397413672268,0,0.6714637639953771
09183115,1,450.0,6.111467339502679,0,1,450.0,6.111467339502679,0,0.6403915221985366
09183116,1,450.0,6.111467339502679,0,1,450.0,6.111467339502679,0,0.6215084676556586
09183118,1,450.0,6.111467339502679,0,3,1100.0,7.00397413672268,0,0.6795786793967977
09183119,1,450.0,6.111467339502679,0,4,1100.0,7.00397413672268,1,0.6624354482729611
09183120,1,450.0,6.111467339502679,0,1,450.0,6.111467339502679,0,0.772339327881567
09183122,1,450.0,6.111467339502679,0,1,450.0,6.111467339502679,0,0.8586707712156229
09183123,1,450.0,6.111467339502679,0,4,1100.0,7.00397413672268,1,0.6672755768487053
09183124,1,450.0,6.111467339502679,0,1,450.0,6.111467339502679,0,0.8831277875994671
09183125,1,450.0,6.111467339502679,0,1,450.0,6.111467339502679,0,0.6575469111541326
09183126,1,450.0,6.111467339502679,0,4,1100.0,7.00397413672268,1,0.665980868673619
09183127,1,450.0,6.111467339502679,0,1,450.0,6.111467339502679,0,0.679340039613129
09183128,1,450.0,6.111467339502679,0,1,450.0,6.111467339502679,0,0.650348218592015
09183129,1,450.0,6.111467339502679,0,1,450.0,6.111467339502679,0,0.6328935935033237
09183130,1,450.0,6.111467339502679,0,1,450.0,6.111467339502679,0,0.6396742141151333
09183131,1,450.0,6.111467339502679,0,1,450.0,6.111467339502679,0,0.626455328411603
09183132,1,450.0,6.111467339502679,0,1,450.0,6.111467339502679,0,0.6720542894095983
09183134,1,450.0,6.111467339502679,0,1,450.0,6.111467339502679,0,0.6480706343098985
09183135,1,450.0,6.111467339502679,0,3,1100.0,7.00397413672268,0,0.6887277037848889
09183136,1,450.0,6.111467339502679,0,1,450.0,6.111467339502679,0,0.6296921565513729
09183138,1,450.0,6.111467339502679,0,2,800.0,6.68586094706836,0,0.7203929641571075
09183139,1,450.0,6.111467339502679,0,4,1100.0,7.00397413672268,1,0.6511066733372722
09183140,1,450.0,6.111467339502679,0,3,1100.0,7.00397413672268,0,0.7119876169395023
09183143,1,450.0,6.111467339502679,0,1,450.0,6.111467339502679,0,0.6481680718260951
09183144,1,450.0,6.111467339502679,0,4,1100.0,7.00397413672268,1,0.6801162527787541
09183145,1,450.0,6.111467339502679,0,1,450.0,6.111467339502679,0,0.687330512021231
09183147,1,450.0,6.111467339502679,0,2,800.0,6.68586094706836,0,0.6639329920882128
09183151,1,450.0,6.111467339502679,0,1,450.0,6.111467339502679,0,0.6920394023417431
09184112,3,650.0,6.478509642208569,1,4,1650.0,7.409136443920128,1,1.087698017044853
09184113,3,650.0,6.478509642208569,1,5,1826.0,7.510430556378006,1,0.7673485731462284
09184114,3,650.0,6.478509642208569,1,4,1650.0,7.409136443920128,1,0.7492356887453299
09184118,3,650.0,6.478509642208569,1,5,2100.0,7.650168700845001,1,1.0399967450992949
09184119,3,650.0,6.478509642208569,1,5,1826.0,7.510430556378006,1,0.9617356423900281
09184120,4,1650.0,7.409136443920128,1,8,2306.0,7.7437032581737535,1,0.8658525808166521
09184121,3,650.0,6.478509642208569,1,4,1650.0,7.409136443920128,1,0.8471606209580274
09184122,3,650.0,6.478509642208569,1,5,1826.0,7.510430556378006,1,0.798931056278158
09184123,3,650.0,6.478509642208569,1,4,1650.0,7.409136443920128,1,0.9655914941923669
09184127,3,650.0,6.478509642208569,1,4,1650.0,7.409136443920128,1,0.7583437449614712
09184129,3,650.0,6.478509642208569,1,4,1650.0,7.409136443920128,1,0.8148765101948251
09184130,3,650.0,6.478509642208569,1,4,1650.0,7.409136443920128,1,1.036186840247987
09184131,3,650.0,6.478509642208569,1,5,2100.0,7.650168700845001,1,0.9359241894343456
09184132,4,1650.0,7.409136443920128,1,6,2116.0,7.6577552711348655,1,0.8513527954923736
09184134,3,650.0,6.478509642208569,1,4,1650.0,7.409136443920128,1,0.7907286289031974
09184135,4,1650.0,7.409136443920128,1,7,2016.0,7.6093665379542115,1,0.952094442161194
09184136,3,650.0,6.478509642208569,1,4,1650.0,7.409136443920128,1,0.8845101173950176
09184137,2,650.0,6.478509642208569,0,4,1650.0,7.409136443920128,1,0.6835861936933135
09184138,4,1650.0,7.409136443920128,1,8,2306.0,7.7437032581737535,1,0.8507811511421761
09184139,4,1650.0,7.409136443920128,1,5,1826.0,7.510430556378006,1,0.8252030753509746
09184140,3,650.0,6.478509642208569,1,4,1650.0,7.409136443920128,1,0.874193935860918
09184141,3,650.0,6.478509642208569,1,4,1650.0,7.409136443920128,1,0.7133384193215813
09184142,3,650.0,6.478509642208569,1,5,1826.0,7.510430556378006,1,0.7354423636560214
09184144,3,650.0,6.478509642208569,1,5,1826.0,7.510430556378006,1,0.7541408417072161
09184145,3,650.0,6.478509642208569,1,4,1650.0,7.409136443920128,1,0.8228408328684704
09184146,3,650.0,6.478509642208569,1,4,1650.0,7.409136443920128,1,0.9134117854045942
09184147,3,650.0,6.478509642208569,1,5,1826.0,7.510430556378006,1,1.5005851808656852
09184148,3,650.0,6.478509642208569,1,4,1650.0,7.409136443920128,1,0.8858609740940251
09184149,4,1650.0,7.409136443920128,1,8,3016.0,8.012018239159062,1,0.9044548461893434
09185113,1,1000.0,6.90875477931522,0,10,2777.0,7.9294865233142895,3,0.8566243336870468
09185116,3,1000.0,6.90875477931522,2,8,2477.0,7.815207062189088,2,0.8805744286170438
09185118,3,1000.0,6.90875477931522,2,5,1190.0,7.0825485693553,2,0.9304629829629341
09185123,3,1000.0,6.90875477931522,2,8,2477.0,7.815207062189088,2,0.898639077453095
09185125,0,0.0,0.0,0,7,1477.0,7.298445101508147,2,0.8293290203400328
09185127,0,0.0,0.0,0,7,1477.0,7.298445101508147,2,0.8533439148053364
09185131,0,0.0,0.0,0,11,3067.0,8.028781162487148,3,0.8657888378272088
09185139,3,1000.0,6.90875477931522,2,6,1301.0,7.171656822768514,2,0.9300907508456356
09185140,3,1000.0,6.90875477931522,2,5,1190.0,7.0825485693553,2,1.1319679612007585
09185143,2,1000.0,6.90875477931522,1,8,2477.0,7.815207062189088,2,0.8668592295117877
09185149,3,1000.0,6.90875477931522,2,6,1301.0,7.171656822768514,2,0.8682988210499245
09185150,2,1000.0,6.90875477931522,1,6,1301.0,7.171656822768514,2,0.8439095709625011
09185153,0,0.0,0.0,0,6,1301.0,7.171656822768514,2,0.8235624507960807
09185157,2,1000.0,6.90875477931522,1,7,1477.0,7.298445101508147,2,0.8597329861600879
09185158,1,1000.0,6.90875477931522,0,9,2477.0,7.815207062189088,3,0.8630997207588762
09185163,3,1000.0,6.90875477931522,2,7,1477.0,7.298445101508147,2,0.8724784288496825
09185166,3,1000.0,6.90875477931522,2,9,2477.0,7.815207062189088,3,0.8698837111273027
09185168,3,1000.0,6.90875477931522,2,5,1190.0,7.0825485693553,2,1.0091348000060671
09186113,3,1000.0,6.90875477931522,2,3,1000.0,6.90875477931522,2,1.09717833750175
09186116,3,1000.0,6.90875477931522,2,4,1600.0,7.3783837129967145,2,0.9450355308570366
09186122,3,1000.0,6.90875477931522,2,3,1000.0,6.90875477931522,2,0.8688697666964155
09186125,1,1000.0,6.90875477931522,0,11,3127.0,8.048149101665201,3,0.8437199307571174
09186126,1,1000.0,6.90875477931522,0,10,3016.0,8.012018239159062,3,0.818121877527189
09186128,3,1000.0,6.90875477931522,2,9,2477.0,7.815207062189088,3,0.8816195327469375
09186130,1,1000.0,6.90875477931522,0,11,3127.0,8.048149101665201,3,0.8167627672656319
09186132,0,0.0,0.0,0,11,3127.0,8.048149101665201,3,0.8321180020114114
09186139,3,1000.0,6.90875477931522,2,4,1600.0,7.3783837129967145,2,0.8220320853563092
09186143,1,1000.0,6.90875477931522,0,10,3016.0,8.012018239159062,3,0.8254328802739965
09186144,3,1000.0,6.90875477931522,2,7,2190.0,7.692113339595466,3,0.903353503717969
09186146,0,0.0,0.0,0,11,3127.0,8.048149101665201,3,0.8141121427307842
09186147,3,1000.0,6.90875477931522,2,5,1190.0,7.0825485693553,2,1.0078603387930842
09186149,3,1000.0,6.90875477931522,2,5,1300.0,7.170888478512505,3,0.8525208913722159
09186151,1,1000.0,6.90875477931522,0,11,3127.0,8.048149101665201,3,0.828287769716606
09186152,0,0.0,0.0,0,7,2650.0,7.8826922062890254,3,0.7947773999568487
09186158,3,1000.0,6.90875477931522,2,4,1600.0,7.3783837129967145,2,0.887020865535492
09186162,2,1000.0,6.90875477931522,1,5,1300.0,7.170888478512505,3,0.8153443020652804
09187113,1,450.0,6.111467339502679,0,1,450.0,6.111467339502679,0,0.5836003807772889
09187114,0,0.0,0.0,0,1,450.0,6.111467339502679,0,0.5177404802138115
09187116,1,450.0,6.111467339502679,0,3,1100.0,7.00397413672268,0,0.6308003666061954
09187117,0,0.0,0.0,0,4,1100.0,7.00397413672268,1,0.5808155441692249
09187118,0,0.0,0.0,0,1,450.0,6.111467339502679,0,0.5208562041335927
09187120,0,0.0,0.0,0,0,0.0,0.0,0,0.5317317156769072
09187121,0,0.0,0.0,0,1,450.0,6.111467339502679,0,0.5385486044858254
09187122,0,0.0,0.0,0,3,650.0,6.478509642208569,1,0.603521417761208
09187123,0,0.0,0.0,0,1,450.0,6.111467339502679,0,0.5310479841522784
09187124,1,450.0,6.111467339502679,0,4,1100.0,7.00397413672268,1,0.6256461176042603
09187125,0,0.0,0.0,0,1,450.0,6.111467339502679,0,0.5517877540525153
09187126,1,450.0,6.111467339502679,0,3,1100.0,7.00397413672268,0,0.6115953086455754
09187128,0,0.0,0.0,0,1,450.0,6.111467339502679,0,0.5565590892489725
09187129,0,0.0,0.0,0,1,350.0,5.860786223465865,0,0.5513641269500483
09187130,0,0.0,0.0,0,3,650.0,6.478509642208569,1,0.6286916546998845
09187131,0,0.0,0.0,0,0,0.0,0.0,0,0.5245438694215567
09187132,0,0.0,0.0,0,1,450.0,6.111467339502679,0,0.5281057726398943
09187134,0,0.0,0.0,0,4,1100.0,7.00397413672268,1,0.6009823354807354
09187137,0,0.0,0.0,0,4,1100.0,7.00397413672268,1,0.5798245819649401
09187138,0,0.0,0.0,0,1,450.0,6.111467339502679,0,0.5348394736760447
09187139,0,0.0,0.0,0,2,800.0,6.68586094706836,0,0.5732758456575344
09187142,0,0.0,0.0,0,4,1100.0,7.00397413672268,1,0.5864467625294192
09187145,0,0.0,0.0,0,1,450.0,6.111467339502679,0,0.567507529190223
09187148,0,0.0,0.0,0,0,0.0,0.0,0,0.4930125553720194
09187150,0,0.0,0.0,0,3,1100.0,7.00397413672268,0,0.5693831398602995
09187154,0,0.0,0.0,0,0,0.0,0.0,0,0.5365315668594837
09187156,0,0.0,0.0,0,0,0.0,0.0,0,0.5263869525787779
09187157,0,0.0,0.0,0,0,0.0,0.0,0,0.50204313429668
09187159,0,0.0,0.0,0,4,1100.0,7.00397413672268,1,0.6335646342508023
09187162,0,0.0,0.0,0,1,450.0,6.111467339502679,0,0.5354681323824988
09187163,0,0.0,0.0,0,2,800.0,6.68586094706836,0,0.563732473650485
09187164,0,0.0,0.0,0,4,1100.0,7.00397413672268,1,0.6145435625673048
09187165,0,0.0,0.0,0,0,0.0,0.0,0,0.5442767365751253
09187167,0,0.0,0.0,0,1,450.0,6.111467339502679,0,0.5467982041901601
09187168,0,0.0,0.0,0,1,450.0,6.111467339502679,0,0.5433657336012905
09187169,0,0.0,0.0,0,1,450.0,6.111467339502679,0,0.5395361008994671
09187170,0,0.0,0.0,0,4,1100.0,7.00397413672268,1,0.604629423670531
09187172,0,0.0,0.0,0,1,450.0,6.111467339502679,0,0.5306216320736388
09187173,0,0.0,0.0,0,3,1100.0,7.00397413672268,0,0.588740677631531
09187174,0,0.0,0.0,0,2,800.0,6.68586094706836,0,0.5724825162621651
09187176,1,450.0,6.111467339502679,0,4,1100.0,7.00397413672268,1,0.6435740332755385
09187177,0,0.0,0.0,0,2,800.0,6.68586094706836,0,0.5540100106758363
09187179,0,0.0,0.0,0,4,1100.0,7.00397413672268,1,0.606662586574633
09187181,0,0.0,0.0,0,3,1100.0,7.00397413672268,0,0.5840706214112126
09187182,1,450.0,6.111467339502679,0,4,1100.0,7.00397413672268,1,0.6211286885091735
09187186,1,450.0,6.111467339502679,0,4,1100.0,7.00397413672268,1,0.6520119682701065
09188113,0,0.0,0.0,0,6,2116.0,7.6577552711348655,1,0.7138198065961567
09188117,0,0.0,0.0,0,6,2116.0,7.6577552711348655,1,0.7130442557695167
09188118,0,0.0,0.0,0,6,2116.0,7.6577552711348655,1,0.7026178654957724
09188120,4,1650.0,7.409136443920128,1,8,2306.0,7.7437032581737535,1,0.8035607442670298
09188121,2,1000.0,6.90875477931522,1,9,2417.0,7.790696031174738,1,0.8430968095129308
09188124,1,1000.0,6.90875477931522,0,9,2417.0,7.790696031174738,1,0.7346783560196595
09188126,1,1000.0,6.90875477931522,0,9,2417.0,7.790696031174738,1,0.7987563975455717
09188127,4,1650.0,7.409136443920128,1,8,2306.0,7.7437032581737535,1,0.8378842446893305
09188132,1,1000.0,6.90875477931522,0,9,2417.0,7.790696031174738,1,0.7609074892141043
09188137,0,0.0,0.0,0,6,2116.0,7.6577552711348655,1,0.7128356617517848
09188139,1,1000.0,6.90875477931522,0,6,2116.0,7.6577552711348655,1,0.7357116901814086
09188141,0,0.0,0.0,0,6,2116.0,7.6577552711348655,1,0.6793635462075932
09188144,1,1000.0,6.90875477931522,0,9,2417.0,7.790696031174738,1,0.8030104406681229
09188145,1,1000.0,6.90875477931522,0,9,2417.0,7.790696031174738,1,0.8052574213700139
09189111,1,450.0,6.111467339502679,0,1,450.0,6.111467339502679,0,0.5547399340484728
09189113,0,0.0,0.0,0,1,450.0,6.111467339502679,0,0.4969000547155128
09189114,0,0.0,0.0,0,1,450.0,6.111467339502679,0,0.5229656819503028
09189115,1,450.0,6.111467339502679,0,1,450.0,6.111467339502679,0,0.6024339434549706
09189118,0,0.0,0.0,0,1,450.0,6.111467339502679,0,0.5089369255283965
09189119,0,0.0,0.0,0,1,450.0,6.111467339502679,0,0.5099943331120398
09189120,0,0.0,0.0,0,1,450.0,6.111467339502679,0,0.5051346210445564
09189124,0,0.0,0.0,0,0,0.0,0.0,0,0.4727850356648819
09189126,1,450.0,6.111467339502679,0,1,450.0,6.111467339502679,0,0.5819923313085171
09189127,0,0.0,0.0,0,1,450.0,6.111467339502679,0,0.4987065420492341
09189129,0,0.0,0.0,0,1,450.0,6.111467339502679,0,0.49908646646911503
09189130,0,0.0,0.0,0,1,450.0,6.111467339502679,0,0.5185202494227562
09189133,1,450.0,6.111467339502679,0,1,450.0,6.111467339502679,0,0.5748846516911085
09189134,0,0.0,0.0,0,1,450.0,6.111467339502679,0,0.537112490074537
09189135,0,0.0,0.0,0,1,450.0,6.111467339502679,0,0.4934131127308419
09189137,1,450.0,6.111467339502679,0,1,450.0,6.111467339502679,0,0.5675204411600068
09189139,0,0.0,0.0,0,0,0.0,0.0,0,0.4819386345072335
09189140,0,0.0,0.0,0,0,0.0,0.0,0,0.48270595033191044
09189141,0,0.0,0.0,0,0,0.0,0.0,0,0.49741144430989437
09189142,1,450.0,6.111467339502679,0,1,450.0,6.111467339502679,0,0.6174080550790861
09189143,0,0.0,0.0,0,1,450.0,6.111467339502679,0,0.542433125432715
09189145,0,0.0,0.0,0,1,450.0,6.111467339502679,0,0.49444036204372177
09189146,0,0.0,0.0,0,1,450.0,6.111467339502679,0,0.5022644698704368
09189148,0,0.0,0.0,0,1,450.0,6.111467339502679,0,0.49592915945678295
09189149,1,450.0,6.111467339502679,0,1,450.0,6.111467339502679,0,0.57659887276305
09189150,0,0.0,0.0,0,1,450.0,6.111467339502679,0,0.5148113791559294
09189152,0,0.0,0.0,0,1,450.0,6.111467339502679,0,0.5304730441321164
09189154,0,0.0,0.0,0,1,450.0,6.111467339502679,0,0.533429457579725
09189155,0,0.0,0.0,0,1,450.0,6.111467339502679,0,0.5039160579529298
09189157,1,450.0,6.111467339502679,0,1,450.0,6.111467339502679,0,0.5599183984648423
09189159,0,0.0,0.0,0,1,450.0,6.111467339502679,0,0.5112999711351714
09189160,0,0.0,0.0,0,0,0.0,0.0,0,0.4953515600750603
09189161,0,0.0,0.0,0,1,450.0,6.111467339502679,0,0.5025379563452063
09189162,0,0.0,0.0,0,1,450.0,6.111467339502679,0,0.5074921763810226
09189165,0,0.0,0.0,0,1,450.0,6.111467339502679,0,0.5053672335456179
09190111,0,0.0,0.0,0,3,744.0,6.61338421837956,0,0.6411544986253302
09190113,0,0.0,0.0,0,1,304.0,5.720311776607412,0,0.6081540633492026
09190114,0,0.0,0.0,0,3,744.0,6.61338421837956,0,0.6135652129807481
09190115,0,0.0,0.0,0,6,2244.0,7.716460800176355,1,0.6561813340614703
09190117,0,0.0,0.0,0,3,744.0,6.61338421837956,0,0.6203139845403299
09190118,0,0.0,0.0,0,3,744.0,6.61338421837956,0,0.6255191640918201
09190120,0,0.0,0.0,0,3,1594.0,7.374629015218945,0,0.6292180455811641
09190121,0,0.0,0.0,0,1,304.0,5.720311776607412,0,0.6107876138260999
09190126,0,0.0,0.0,0,1,304.0,5.720311776607412,0,0.6036497775140018
09190129,0,0.0,0.0,0,5,1920.0,7.560601162768557,0,0.6513241070671464
09190130,0,0.0,0.0,0,3,1594.0,7.374629015218945,0,0.6320781893726953
09190131,0,0.0,0.0,0,2,1304.0,7.173958319756794,0,0.6216353197115212
09190132,0,0.0,0.0,0,3,1654.0,7.411556287811163,0,0.6148564077247656
09190133,0,0.0,0.0,0,3,744.0,6.61338421837956,0,0.6368509123471711
09190135,0,0.0,0.0,0,3,1594.0,7.374629015218945,0,0.6252330364723616
09190136,0,0.0,0.0,0,1,304.0,5.720311776607412,0,0.6090643989858444
09190138,0,0.0,0.0,0,7,2420.0,7.791935956938058,1,0.6771314951685596
09190139,0,0.0,0.0,0,3,1594.0,7.374629015218945,0,0.6351377450776674
09190140,0,0.0,0.0,0,3,744.0,6.61338421837956,0,0.6316351693284485
09190141,0,0.0,0.0,0,2,654.0,6.484635235635252,0,0.6046384235839452
09190142,0,0.0,0.0,0,3,1594.0,7.374629015218945,0,0.6364904192872407
09190143,0,0.0,0.0,0,2,454.0,6.12029741895095,0,0.5987191685001569
09190144,0,0.0,0.0,0,7,2420.0,7.791935956938058,1,0.6815885557415593
09190145,0,0.0,0.0,0,3,744.0,6.61338421837956,0,0.6145004351657363
09190148,0,0.0,0.0,0,3,744.0,6.61338421837956,0,0.6378387310028004
09190149,0,0.0,0.0,0,3,744.0,6.61338421837956,0,0.6417699122721461
09190151,0,0.0,0.0,0,3,744.0,6.61338421837956,0,0.6446907779037254
09190152,0,0.0,0.0,0,5,1954.0,7.578145472419466,1,0.6367176102750709
09190153,0,0.0,0.0,0,1,304.0,5.720311776607412,0,0.5986977207328941
09190154,0,0.0,0.0,0,2,454.0,6.12029741895095,0,0.6053343047367443
09190157,0,0.0,0.0,0,4,1770.0,7.479299637782834,0,0.6473759675743197
09190158,0,0.0,0.0,0,4,1770.0,7.479299637782834,0,0.6630549626718454
09190159,0,0.0,0.0,0,7,2420.0,7.791935956938058,1,0.6623581467285611
09190160,0,0.0,0.0,0,2,454.0,6.12029741895095,0,0.6074649612254999
09261000,0,0.0,0.0,0,1,450.0,6.111467339502679,0,0.6788762650880837
09262000,0,0.0,0.0,0,3,900.0,6.803505257608338,2,0.5340020476277023
09263000,1,0.0,0.0,1,5,1500.0,7.313886831633462,3,0.7036283680035986
09271111,4,900.0,6.803505257608338,3,4,900.0,6.803505257608338,3,0.8674892733729305
09271113,4,900.0,6.803505257608338,3,4,900.0,6.803505257608338,3,0.9338997833687818
09271114,3,900.0,6.803505257608338,2,4,900.0,6.803505257608338,3,0.6999843177487937
09271116,3,900.0,6.803505257608338,2,4,900.0,6.803505257608338,3,0.7869320455769376
09271118,4,900.0,6.803505257608338,3,4,900.0,6.803505257608338,3,0.8400559103272854
09271122,4,900.0,6.803505257608338,3,4,900.0,6.803505257608338,3,0.8485546785480097
09271123,3,900.0,6.803505257608338,2,4,900.0,6.803505257608338,3,0.7807818649163363
09271126,3,900.0,6.803505257608338,2,4,900.0,6.803505257608338,3,0.7157665537508843
09271127,3,900.0,6.803505257608338,2,4,900.0,6.803505257608338,3,0.7938710005629184
09271128,3,900.0,6.803505257608338,2,4,900.0,6.803505257608338,3,0.8328382833350026
09271130,4,900.0,6.803505257608338,3,4,900.0,6.803505257608338,3,0.7561869685021663
09271132,4,900.0,6.803505257608338,3,4,900.0,6.803505257608338,3,1.0682610838525215
09271135,4,900.0,6.803505257608338,3,4,900.0,6.803505257608338,3,0.945636904102537
09271138,4,900.0,6.803505257608338,3,4,900.0,6.803505257608338,3,1.1710480410960367
09271139,4,900.0,6.803505257608338,3,4,900.0,6.803505257608338,3,0.7696856776504913
09271140,4,900.0,6.803505257608338,3,4,900.0,6.803505257608338,3,0.9183231798840905
09271143,4,900.0,6.803505257608338,3,4,900.0,6.803505257608338,3,0.8633322674645708
09271146,4,900.0,6.803505257608338,3,4,900.0,6.803505257608338,3,0.9157383745883168
09271148,4,900.0,6.803505257608338,3,4,900.0,6.803505257608338,3,0.865607774481018
09271149,3,900.0,6.803505257608338,2,4,900.0,6.803505257608338,3,0.7434903819882006
09271152,4,900.0,6.803505257608338,3,4,900.0,6.803505257608338,3,0.7788984354284049
09271153,4,900.0,6.803505257608338,3,4,900.0,6.803505257608338,3,0.9518730781397005
09272116,1,0.0,0.0,1,4,900.0,6.803505257608338,3,0.6175343523256843
09272118,0,0.0,0.0,0,3,900.0,6.803505257608338,2,0.5396190724714657
09272119,0,0.0,0.0,0,4,900.0,6.803505257608338,3,0.5566247710718614
09272120,0,0.0,0.0,0,4,900.0,6.803505257608338,3,0.583115580708667
09272121,0,0.0,0.0,0,2,0.0,0.0,2,0.5161138976238564
09272122,0,0.0,0.0,0,0,0.0,0.0,0,0.4969108989324967
09272126,0,0.0,0.0,0,3,900.0,6.803505257608338,2,0.5280103538346337
09272127,0,0.0,0.0,0,3,900.0,6.803505257608338,2,0.555106391553597
09272128,2,900.0,6.803505257608338,1,4,900.0,6.803505257608338,3,0.6383891169239437
09272129,0,0.0,0.0,0,2,0.0,0.0,2,0.5054484462186573
09272134,0,0.0,0.0,0,3,900.0,6.803505257608338,2,0.5329070872180042
09272136,0,0.0,0.0,0,0,0.0,0.0,0,0.4968297173823165
09272138,0,0.0,0.0,0,4,900.0,6.803505257608338,3,0.5684284130016317
09272139,0,0.0,0.0,0,1,0.0,0.0,1,0.5146405659072508
09272140,0,0.0,0.0,0,4,900.0,6.803505257608338,3,0.560034549214413
09272141,0,0.0,0.0,0,3,900.0,6.803505257608338,2,0.5418093714050276
09272142,1,0.0,0.0,1,4,900.0,6.803505257608338,3,0.6013993042630451
09272143,0,0.0,0.0,0,4,900.0,6.803505257608338,3,0.5710989619059138
09272145,3,900.0,6.803505257608338,2,4,900.0,6.803505257608338,3,0.6727874156965199
09272146,0,0.0,0.0,0,4,900.0,6.803505257608338,3,0.5576946748399423
09272147,1,0.0,0.0,1,4,900.0,6.803505257608338,3,0.6083837402336052
09272149,0,0.0,0.0,0,4,900.0,6.803505257608338,3,0.5914212798555678
09272150,2,0.0,0.0,2,4,900.0,6.803505257608338,3,0.6211062807142521
09272151,0,0.0,0.0,0,3,900.0,6.803505257608338,2,0.5230078961525613
09272152,3,900.0,6.803505257608338,2,4,900.0,6.803505257608338,3,0.6591118135842103
09273111,0,0.0,0.0,0,4,1600.0,7.3783837129967145,2,0.7549695904676454
09273113,3,1000.0,6.90875477931522,2,4,1600.0,7.3783837129967145,2,0.8039748900212729
09273115,0,0.0,0.0,0,4,1600.0,7.3783837129967145,2,0.7449308597863997
09273116,1,600.0,6.398594934535208,0,2,600.0,6.398594934535208,1,0.7831827637067625
09273119,0,0.0,0.0,0,4,1600.0,7.3783837129967145,2,0.7534722427381464
09273121,0,0.0,0.0,0,4,1600.0,7.3783837129967145,2,0.7589050266567632
09273125,1,600.0,6.398594934535208,0,4,1600.0,7.3783837129967145,2,0.7381374079990254
09273127,1,600.0,6.398594934535208,0,4,1600.0,7.3783837129967145,2,0.7172345207988342
09273133,1,600.0,6.398594934535208,0,4,1600.0,7.3783837129967145,2,0.7523881059032076
09273137,1,600.0,6.398594934535208,0,4,1600.0,7.3783837129967145,2,0.75232037098634
09273139,0,0.0,0.0,0,4,1600.0,7.3783837129967145,2,0.7403928150956208
09273141,1,600.0,6.398594934535208,0,4,1600.0,7.3783837129967145,2,0.7258334460622471
09273147,0,0.0,0.0,0,4,1600.0,7.3783837129967145,2,0.7642928098907285
09273152,1,0.0,0.0,1,4,1600.0,7.3783837129967145,2,0.7808712982391395
09273159,1,600.0,6.398594934535208,0,4,1600.0,7.3783837129967145,2,0.7492367855670863
09273163,0,0.0,0.0,0,4,1600.0,7.3783837129967145,2,0.7623963713514281
09273164,0,0.0,0.0,0,4,1600.0,7.3783837129967145,2,0.7714222052036455
09273165,0,0.0,0.0,0,4,1600.0,7.3783837129967145,2,0.7273870749817858
09273166,1,600.0,6.398594934535208,0,4,1600.0,7.3783837129967145,2,0.7492822688497001
09273172,0,0.0,0.0,0,4,1600.0,7.3783837129967145,2,0.7530352389845059
09273175,1,600.0,6.398594934535208,0,4,1600.0,7.3783837129967145,2,0.7497389831059218
09273177,0,0.0,0.0,0,4,1600.0,7.3783837129967145,2,0.7571173547318215
09273178,0,0.0,0.0,0,4,1600.0,7.3783837129967145,2,0.733367272278789
09273181,0,0.0,0.0,0,4,1600.0,7.3783837129967145,2,0.7373563259566485
09274111,0,0.0,0.0,0,2,450.0,6.111467339502679,1,0.6663775234238087
09274112,0,0.0,0.0,0,4,1350.0,7.208600337960199,2,0.6480107788407685
09274113,0,0.0,0.0,0,2,1050.0,6.957497370876951,0,0.6861257177907534
09274114,0,0.0,0.0,0,2,750.0,6.621405651764134,0,0.6722781190800569
09274118,0,0.0,0.0,0,2,750.0,6.621405651764134,0,0.6673399540440328
09274119,0,0.0,0.0,0,2,600.0,6.398594934535208,1,0.6805749428479514
09274120,1,450.0,6.111467339502679,0,1,450.0,6.111467339502679,0,0.6493782630252078
09274121,0,0.0,0.0,0,4,1100.0,7.00397413672268,1,0.6936718912762583
09274124,0,0.0,0.0,0,3,750.0,6.621405651764134,1,0.6911094066479466
09274126,0,0.0,0.0,0,2,1050.0,6.957497370876951,0,0.6791684997010514
09274127,0,0.0,0.0,0,2,600.0,6.398594934535208,1,0.6867457557451594
09274128,0,0.0,0.0,0,3,1050.0,6.957497370876951,1,0.6769237049073573
09274132,0,0.0,0.0,0,3,1600.0,7.3783837129967145,1,0.7020845470228626
09274134,0,0.0,0.0,0,1,450.0,6.111467339502679,0,0.6626597601156186
09274135,0,0.0,0.0,0,3,450.0,6.111467339502679,2,0.6481272516237422
09274141,0,0.0,0.0,0,3,1600.0,7.3783837129967145,1,0.6968650339143708
09274145,0,0.0,0.0,0,2,450.0,6.111467339502679,1,0.6579787207896745
09274146,0,0.0,0.0,0,1,450.0,6.111467339502679,0,0.6761054506287876
09274153,0,0.0,0.0,0,2,600.0,6.398594934535208,1,0.6938266162301873
09274154,0,0.0,0.0,0,3,1100.0,7.00397413672268,0,0.6668491150626337
09274156,0,0.0,0.0,0,3,1050.0,6.957497370876951,1,0.6670119859303849
09274165,0,0.0,0.0,0,4,1600.0,7.3783837129967145,2,0.7183616915629323
09274172,0,0.0,0.0,0,4,1600.0,7.3783837129967145,2,0.7189022516977783
09274174,0,0.0,0.0,0,2,600.0,6.398594934535208,1,0.671748552846327
09274176,0,0.0,0.0,0,4,1600.0,7.3783837129967145,2,0.7110405696405568
09274179,0,0.0,0.0,0,2,450.0,6.111467339502679,1,0.6473811484686628
09274182,0,0.0,0.0,0,2,750.0,6.621405651764134,0,0.6842916234489738
09274183,1,450.0,6.111467339502679,0,1,450.0,6.111467339502679,0,0.663807334265196
09274184,0,0.0,0.0,0,1,450.0,6.111467339502679,0,0.6510781517352868
09274185,0,0.0,0.0,0,4,1100.0,7.00397413672268,1,0.6817297256846331
09274187,0,0.0,0.0,0,3,1600.0,7.3783837129967145,1,0.6995875132758347
09274188,0,0.0,0.0,0,4,1500.0,7.313886831633462,2,0.670730724660595
09274191,0,0.0,0.0,0,3,1050.0,6.957497370876951,1,0.6677843460502979
09274193,1,450.0,6.111467339502679,0,1,450.0,6.111467339502679,0,0.6610476618898675
09274194,0,0.0,0.0,0,6,2100.0,7.650168700845001,2,0.7035208670101962
09275111,2,0.0,0.0,2,4,900.0,6.803505257608338,3,0.6158462734171198
09275112,2,0.0,0.0,2,4,900.0,6.803505257608338,3,0.6415205541375272
09275114,2,0.0,0.0,2,4,900.0,6.803505257608338,3,0.664016605789528
09275116,0,0.0,0.0,0,1,0.0,0.0,1,0.5135715446106662
09275117,1,0.0,0.0,1,4,900.0,6.803505257608338,3,0.6225810588291893
09275118,0,0.0,0.0,0,0,0.0,0.0,0,0.48633861351532615
09275119,0,0.0,0.0,0,3,900.0,6.803505257608338,2,0.5354494119546971
09275120,2,0.0,0.0,2,4,900.0,6.803505257608338,3,0.63899986837445
09275121,2,0.0,0.0,2,4,900.0,6.803505257608338,3,0.607743878174489
09275122,0,0.0,0.0,0,4,900.0,6.803505257608338,3,0.5551824210428569
09275124,0,0.0,0.0,0,4,900.0,6.803505257608338,3,0.5582740831904873
09275125,1,0.0,0.0,1,4,900.0,6.803505257608338,3,0.586337146635932
09275126,0,0.0,0.0,0,2,0.0,0.0,2,0.5106130571237841
09275127,3,900.0,6.803505257608338,2,4,900.0,6.803505257608338,3,0.775428308866096
09275128,0,0.0,0.0,0,3,900.0,6.803505257608338,2,0.5474199850845943
09275130,0,0.0,0.0,0,1,0.0,0.0,1,0.5185913390288883
09275131,0,0.0,0.0,0,2,0.0,0.0,2,0.5457401166112492
09275132,0,0.0,0.0,0,1,0.0,0.0,1,0.5223281766345221
09275133,0,0.0,0.0,0,2,0.0,0.0,2,0.5251350187169345
09275134,0,0.0,0.0,0,2,0.0,0.0,2,0.5190022635548848
09275135,0,0.0,0.0,0,4,900.0,6.803505257608338,3,0.5789331985120392
09275137,0,0.0,0.0,0,2,0.0,0.0,2,0.4966225627950315
09275138,1,0.0,0.0,1,4,900.0,6.803505257608338,3,0.5860191310571657
09275141,0,0.0,0.0,0,2,0.0,0.0,2,0.524199093294182
09275143,0,0.0,0.0,0,2,0.0,0.0,2,0.5309392420126551
09275144,0,0.0,0.0,0,4,900.0,6.803505257608338,3,0.5634511739624427
09275145,0,0.0,0.0,0,2,0.0,0.0,2,0.528969451641319
09275146,0,0.0,0.0,0,3,900.0,6.803505257608338,2,0.5361262404542328
09275148,0,0.0,0.0,0,0,0.0,0.0,0,0.4960199824518416
09275149,0,0.0,0.0,0,2,0.0,0.0,2,0.5413052616141413
09275150,0,0.0,0.0,0,3,900.0,6.803505257608338,2,0.5235212101946318
09275151,0,0.0,0.0,0,4,900.0,6.803505257608338,3,0.5603822418506208
09275152,1,0.0,0.0,1,4,900.0,6.803505257608338,3,0.5864880371081853
09275153,0,0.0,0.0,0,1,0.0,0.0,1,0.49381553137631595
09275154,2,0.0,0.0,2,4,900.0,6.803505257608338,3,0.6570968068746157
09275156,0,0.0,0.0,0,0,0.0,0.0,0,0.47865372157080754
09275159,2,0.0,0.0,2,4,900.0,6.803505257608338,3,0.6310839610972573
09275160,0,0.0,0.0,0,4,900.0,6.803505257608338,3,0.5724043707512699
09276111,3,900.0,6.803505257608338,2,4,900.0,6.803505257608338,3,0.7092110260787194
09276113,0,0.0,0.0,0,4,900.0,6.803505257608338,3,0.6186627401204156
09276115,0,0.0,0.0,0,4,900.0,6.803505257608338,3,0.5897356407020267
09276116,4,900.0,6.803505257608338,3,4,900.0,6.803505257608338,3,0.7212072175899509
09276117,0,0.0,0.0,0,4,900.0,6.803505257608338,3,0.6203416362434045
09276118,1,900.0,6.803505257608338,0,4,900.0,6.803505257608338,3,0.6368494191376497
09276120,0,0.0,0.0,0,4,900.0,6.803505257608338,3,0.6227772576100038
09276121,0,0.0,0.0,0,4,900.0,6.803505257608338,3,0.5949428937246002
09276122,1,900.0,6.803505257608338,0,4,900.0,6.803505257608338,3,0.6497115439127735
09276123,3,900.0,6.803505257608338,2,4,900.0,6.803505257608338,3,0.7140561240183364
09276126,2,900.0,6.803505257608338,1,4,900.0,6.803505257608338,3,0.6734277206992304
09276127,2,900.0,6.803505257608338,1,4,900.0,6.803505257608338,3,0.6268470263562372
09276128,1,900.0,6.803505257608338,0,4,900.0,6.803505257608338,3,0.6612961378246026
09276129,1,900.0,6.803505257608338,0,4,900.0,6.803505257608338,3,0.6300123539524358
09276130,0,0.0,0.0,0,4,900.0,6.803505257608338,3,0.5966576032316234
09276134,1,900.0,6.803505257608338,0,4,900.0,6.803505257608338,3,0.6663196793429785
09276135,0,0.0,0.0,0,4,900.0,6.803505257608338,3,0.64562097953179
09276138,2,900.0,6.803505257608338,1,4,900.0,6.803505257608338,3,0.6576324849905333
09276139,2,900.0,6.803505257608338,1,4,900.0,6.803505257608338,3,0.6405082467100744
09276142,3,900.0,6.803505257608338,2,4,900.0,6.803505257608338,3,0.6895176809657049
09276143,1,900.0,6.803505257608338,0,4,900.0,6.803505257608338,3,0.6512187184205687
09276144,0,0.0,0.0,0,4,900.0,6.803505257608338,3,0.6456027068469137
09276146,3,900.0,6.803505257608338,2,4,900.0,6.803505257608338,3,0.7011666621706425
09276148,0,0.0,0.0,0,4,900.0,6.803505257608338,3,0.6070041549815125
09277111,1,0.0,0.0,1,4,900.0,6.803505257608338,3,0.6539496885333567
09277112,0,0.0,0.0,0,3,900.0,6.803505257608338,2,0.5532525850322986
09277113,0,0.0,0.0,0,4,900.0,6.803505257608338,3,0.5730040550975627
09277114,1,0.0,0.0,1,4,900.0,6.803505257608338,3,0.6157773859643241
09277116,0,0.0,0.0,0,4,450.0,6.111467339502679,3,0.5998655973224164
09277117,1,0.0,0.0,1,4,900.0,6.803505257608338,3,0.620319495497411
09277118,0,0.0,0.0,0,1,0.0,0.0,1,0.5250442918879077
09277119,0,0.0,0.0,0,5,1350.0,7.208600337960199,3,0.6178041362438356
09277121,0,0.0,0.0,0,3,450.0,6.111467339502679,2,0.6282139588695965
09277122,0,0.0,0.0,0,2,450.0,6.111467339502679,1,0.6025550133507149
09277124,0,0.0,0.0,0,5,1350.0,7.208600337960199,3,0.5943046633451158
09277126,1,0.0,0.0,1,4,900.0,6.803505257608338,3,0.6370908404268519
09277127,0,0.0,0.0,0,2,450.0,6.111467339502679,1,0.5404007317202226
09277128,0,0.0,0.0,0,1,450.0,6.111467339502679,0,0.5350756596614362
09277131,0,0.0,0.0,0,5,1350.0,7.208600337960199,3,0.6397358093972582
09277133,0,0.0,0.0,0,3,450.0,6.111467339502679,2,0.618115742407972
09277134,0,0.0,0.0,0,2,450.0,6.111467339502679,1,0.5927440756562933
09277138,0,0.0,0.0,0,5,1350.0,7.208600337960199,3,0.5890201126970379
09277139,0,0.0,0.0,0,5,1350.0,7.208600337960199,3,0.5885731596002726
09277140,0,0.0,0.0,0,2,450.0,6.111467339502679,1,0.5548297578049685
09277141,0,0.0,0.0,0,5,1350.0,7.208600337960199,3,0.6235560733988365
09277142,2,0.0,0.0,2,4,900.0,6.803505257608338,3,0.6944234619355176
09277144,0,0.0,0.0,0,5,1350.0,7.208600337960199,3,0.6171925229377624
09277145,0,0.0,0.0,0,2,450.0,6.111467339502679,1,0.5344970142552395
09277147,0,0.0,0.0,0,1,0.0,0.0,1,0.5367549180652081
09277148,0,0.0,0.0,0,2,450.0,6.111467339502679,1,0.5623972266563337
09277149,0,0.0,0.0,0,4,900.0,6.803505257608338,3,0.5684394168688106
09277151,0,0.0,0.0,0,3,450.0,6.111467339502679,2,0.6098277534560735
09277152,0,0.0,0.0,0,2,450.0,6.111467339502679,1,0.5531587641129485
09277153,0,0.0,0.0,0,2,450.0,6.111467339502679,1,0.5856931840236441
09277154,0,0.0,0.0,0,2,450.0,6.111467339502679,1,0.5663106593899758
09278112,0,0.0,0.0,0,5,1500.0,7.313886831633462,3,0.6902031766726529
09278113,2,900.0,6.803505257608338,1,5,1500.0,7.313886831633462,3,0.7255557507701278
09278116,1,0.0,0.0,1,5,1500.0,7.313886831633462,3,0.6813969822029791
09278117,1,0.0,0.0,1,5,1500.0,7.313886831633462,3,0.6932245927699865
09278118,2,900.0,6.803505257608338,1,5,1500.0,7.313886831633462,3,0.7299106159936772
09278120,0,0.0,0.0,0,5,1500.0,7.313886831633462,3,0.6783652377599646
09278121,1,0.0,0.0,1,5,1500.0,7.313886831633462,3,0.6992591686212867
09278123,0,0.0,0.0,0,5,1500.0,7.313886831633462,3,0.6910226829629231
09278129,1,0.0,0.0,1,5,1500.0,7.313886831633462,3,0.6746727278188991
09278134,1,0.0,0.0,1,5,1500.0,7.313886831633462,3,0.6818484557615805
09278139,2,900.0,6.803505257608338,1,5,1500.0,7.313886831633462,3,0.7178461123883859
09278140,3,900.0,6.803505257608338,2,5,1500.0,7.313886831633462,3,0.9025281994793846
09278141,1,0.0,0.0,1,5,1500.0,7.313886831633462,3,0.6883939019368414
09278143,0,0.0,0.0,0,5,1500.0,7.313886831633462,3,0.6582694170279315
09278144,0,0.0,0.0,0,3,1500.0,7.313886831633462,1,0.6912007684376253
09278146,1,0.0,0.0,1,5,1500.0,7.313886831633462,3,0.6922003708424671
09278147,0,0.0,0.0,0,4,1500.0,7.313886831633462,2,0.6571742246336106
09278148,0,0.0,0.0,0,2,600.0,6.398594934535208,1,0.6950203463871405
09278149,4,900.0,6.803505257608338,3,4,900.0,6.803505257608338,3,1.5652917600404934
09278151,2,900.0,6.803505257608338,1,5,1500.0,7.313886831633462,3,0.6922930430197852
09278154,2,900.0,6.803505257608338,1,5,1500.0,7.313886831633462,3,0.7007336629635701
09278159,3,900.0,6.803505257608338,2,4,900.0,6.803505257608338,3,0.818714678677058
09278167,2,900.0,6.803505257608338,1,5,1500.0,7.313886831633462,3,0.7384156758459971
09278170,1,0.0,0.0,1,5,1500.0,7.313886831633462,3,0.7013442669278908
09278171,2,900.0,6.803505257608338,1,5,1500.0,7.313886831633462,3,0.7270233388785876
09278172,0,0.0,0.0,0,5,1500.0,7.313886831633462,3,0.6924421089449634
09278177,0,0.0,0.0,0,5,1500.0,7.313886831633462,3,0.6925102385468486
09278178,0,0.0,0.0,0,5,1500.0,7.313886831633462,3,0.6525375353059404
09278179,0,0.0,0.0,0,5,1500.0,7.313886831633462,3,0.6732837043160467
09278182,1,0.0,0.0,1,5,1500.0,7.313886831633462,3,0.7079149573154109
09278184,2,900.0,6.803505257608338,1,4,900.0,6.803505257608338,3,0.6869889910426632
09278187,3,900.0,6.803505257608338,2,4,900.0,6.803505257608338,3,0.7727402949332884
09278189,0,0.0,0.0,0,5,1500.0,7.313886831633462,3,0.6659645866243643
09278190,1,0.0,0.0,1,5,1500.0,7.313886831633462,3,0.6924167975741772
09278192,3,900.0,6.803505257608338,2,5,1500.0,7.313886831633462,3,0.8406792057027789
09278197,0,0.0,0.0,0,4,1500.0,7.313886831633462,2,0.6723829916657977
09278198,2,900.0,6.803505257608338,1,5,1500.0,7.313886831633462,3,0.7233739238634954
09279112,0,0.0,0.0,0,6,1950.0,7.576097340623111,3,0.6639263046803421
09279113,4,900.0,6.803505257608338,3,4,900.0,6.803505257608338,3,0.7126537393370307
09279115,0,0.0,0.0,0,5,1350.0,7.208600337960199,3,0.6477084024710115
09279116,0,0.0,0.0,0,4,900.0,6.803505257608338,3,0.6673672195984794
09279122,2,0.0,0.0,2,4,900.0,6.803505257608338,3,0.6960905142570695
09279124,0,0.0,0.0,0,6,1950.0,7.576097340623111,3,0.6630160315293185
09279125,1,0.0,0.0,1,4,900.0,6.803505257608338,3,0.6758237849790552
09279126,0,0.0,0.0,0,5,1350.0,7.208600337960199,3,0.6482645298515595
09279127,0,0.0,0.0,0,5,1500.0,7.313886831633462,3,0.6789809029740436
09279128,0,0.0,0.0,0,5,1500.0,7.313886831633462,3,0.673731306998962
09279130,0,0.0,0.0,0,5,1950.0,7.576097340623111,2,0.6641147523393762
09279132,1,0.0,0.0,1,4,900.0,6.803505257608338,3,0.7031385106079298
09279134,0,0.0,0.0,0,5,1350.0,7.208600337960199,3,0.6518326776199159
09279135,0,0.0,0.0,0,5,1350.0,7.208600337960199,3,0.6537431967314014
09279137,4,900.0,6.803505257608338,3,4,900.0,6.803505257608338,3,0.7768623604452689
09361000,0,0.0,0.0,0,0,0.0,0.0,0,0.6938511878981454
09363000,0,0.0,0.0,0,0,0.0,0.0,0,0.6546195120384022
09371111,0,0.0,0.0,0,2,0.0,0.0,2,0.7081155630869553
09371113,0,0.0,0.0,0,2,0.0,0.0,2,0.7103501594046655
09371116,0,0.0,0.0,0,4,300.0,5.707110264748875,3,0.7352230559257404
09371118,0,0.0,0.0,0,1,600.0,6.398594934535208,0,0.6868215874448501
09371119,0,0.0,0.0,0,2,0.0,0.0,2,0.7094450931682692
09371120,0,0.0,0.0,0,1,600.0,6.398594934535208,0,0.6913640699870516
09371121,0,0.0,0.0,0,0,0.0,0.0,0,0.6791070710576266
09371122,0,0.0,0.0,0,0,0.0,0.0,0,0.6767691241073799
09371123,0,0.0,0.0,0,0,0.0,0.0,0,0.6864279369906651
09371126,0,0.0,0.0,0,1,0.0,0.0,1,0.696212462374272
09371127,0,0.0,0.0,0,0,0.0,0.0,0,0.6782941357771076
09371128,0,0.0,0.0,0,4,300.0,5.707110264748875,3,0.7422334582188164
09371129,0,0.0,0.0,0,1,600.0,6.398594934535208,0,0.7115941056148511
09371131,0,0.0,0.0,0,3,300.0,5.707110264748875,2,0.7204071404005359
09371132,0,0.0,0.0,0,3,300.0,5.707110264748875,2,0.7257475605179518
09371135,0,0.0,0.0,0,3,300.0,5.707110264748875,2,0.7171359535641556
09371136,0,0.0,0.0,0,0,0.0,0.0,0,0.692600130555806
09371140,0,0.0,0.0,0,4,300.0,5.707110264748875,3,0.7346315596433919
09371141,0,0.0,0.0,0,3,300.0,5.707110264748875,2,0.7252144070868916
09371144,0,0.0,0.0,0,2,0.0,0.0,2,0.6996578719612578
09371146,0,0.0,0.0,0,1,600.0,6.398594934535208,0,0.6922268884377949
09371148,0,0.0,0.0,0,1,600.0,6.398594934535208,0,0.7004853818647069
09371150,0,0.0,0.0,0,0,0.0,0.0,0,0.671526485560792
09371151,0,0.0,0.0,0,2,0.0,0.0,2,0.7052679308233201
09371154,0,0.0,0.0,0,2,0.0,0.0,2,0.7107747216714093
09371156,0,0.0,0.0,0,0,0.0,0.0,0,0.6918206199440038
09371157,0,0.0,0.0,0,4,300.0,5.707110264748875,3,0.7413072925505328
09372112,0,0.0,0.0,0,1,900.0,6.803505257608338,0,0.6127737334582513
09372113,0,0.0,0.0,0,3,900.0,6.803505257608338,2,0.6048064857738391
09372115,0,0.0,0.0,0,3,900.0,6.803505257608338,2,0.6289781337809404
09372116,0,0.0,0.0,0,3,1500.0,7.313886831633462,1,0.6324589807786002
09372117,0,0.0,0.0,0,2,900.0,6.803505257608338,1,0.6291050902034735
09372124,0,0.0,0.0,0,0,0.0,0.0,0,0.6008197474065893
09372125,0,0.0,0.0,0,3,1500.0,7.313886831633462,1,0.6673960820926843
09372126,0,0.0,0.0,0,0,0.0,0.0,0,0.6069208529099168
09372128,0,0.0,0.0,0,0,0.0,0.0,0,0.6154376305044159
09372130,0,0.0,0.0,0,3,900.0,6.803505257608338,2,0.6162699390722765
09372135,0,0.0,0.0,0,3,900.0,6.803505257608338,2,0.6104964031494804
09372137,0,0.0,0.0,0,3,900.0,6.803505257608338,2,0.6234552971317939
09372138,0,0.0,0.0,0,3,900.0,6.803505257608338,2,0.5985472185928502
09372142,0,0.0,0.0,0,3,1500.0,7.313886831633462,1,0.656671111681334
09372143,0,0.0,0.0,0,3,900.0,6.803505257608338,2,0.6339423055034765
09372144,0,0.0,0.0,0,1,900.0,6.803505257608338,0,0.5993607933114254
09372146,0,0.0,0.0,0,1,600.0,6.398594934535208,0,0.6317947463110006
09372147,0,0.0,0.0,0,2,600.0,6.398594934535208,1,0.6415857233101937
09372149,0,0.0,0.0,0,1,600.0,6.398594934535208,0,0.6703302081790936
09372150,0,0.0,0.0,0,3,1500.0,7.313886831633462,1,0.675522506043644
09372151,0,0.0,0.0,0,2,900.0,6.803505257608338,1,0.6121803215395798
09372153,0,0.0,0.0,0,2,600.0,6.398594934535208,1,0.649294006859388
09372154,0,0.0,0.0,0,1,600.0,6.398594934535208,0,0.6322474631883009
09372155,0,0.0,0.0,0,2,900.0,6.803505257608338,1,0.6248221687283946
09372157,0,0.0,0.0,0,0,0.0,0.0,0,0.6245101742655017
09372158,0,0.0,0.0,0,3,1500.0,7.313886831633462,1,0.6474945155325365
09372161,0,0.0,0.0,0,1,600.0,6.398594934535208,0,0.6390218438385379
09372163,0,0.0,0.0,0,0,0.0,0.0,0,0.6222275056867876
09372164,0,0.0,0.0,0,3,1500.0,7.313886831633462,1,0.6443787268458739
09372165,0,0.0,0.0,0,0,0.0,0.0,0,0.6200703569563248
09372167,0,0.0,0.0,0,2,600.0,6.398594934535208,1,0.6688286011300641
09372168,0,0.0,0.0,0,1,600.0,6.398594934535208,0,0.6275325829560556
09372169,1,600.0,6.398594934535208,0,2,600.0,6.398594934535208,1,0.6764299153270836
09372170,0,0.0,0.0,0,1,600.0,6.398594934535208,0,0.6658242259273865
09372171,0,0.0,0.0,0,0,0.0,0.0,0,0.6144804651090879
09372174,0,0.0,0.0,0,2,900.0,6.803505257608338,1,0.6187336842540678
09372175,0,0.0,0.0,0,3,1500.0,7.313886831633462,1,0.628857569843795
09372177,0,0.0,0.0,0,4,1500.0,7.313886831633462,2,0.6376383256126381
09372178,0,0.0,0.0,0,3,900.0,6.803505257608338,2,0.594999668552328
09373112,0,0.0,0.0,0,6,1300.0,7.170888478512505,4,0.7722698753000105
09373113,2,0.0,0.0,2,4,300.0,5.707110264748875,3,0.7892550169295108
09373114,0,0.0,0.0,0,4,300.0,5.707110264748875,3,0.7899778330819311
09373115,0,0.0,0.0,0,4,1600.0,7.3783837129967145,2,0.7534249420764334
09373119,0,0.0,0.0,0,6,900.0,6.803505257608338,4,0.7553312011516743
09373121,0,0.0,0.0,0,4,1600.0,7.3783837129967145,2,0.767007191737249
09373126,0,0.0,0.0,0,6,300.0,5.707110264748875,5,0.7948099336608239
09373134,0,0.0,0.0,0,1,600.0,6.398594934535208,0,0.715568744136011
09373140,0,0.0,0.0,0,4,300.0,5.707110264748875,3,0.7408388791413787
09373143,0,0.0,0.0,0,2,600.0,6.398594934535208,1,0.730116895737013
09373146,0,0.0,0.0,0,6,300.0,5.707110264748875,5,0.7704582179498934
09373147,0,0.0,0.0,0,4,300.0,5.707110264748875,3,0.7764967218130614
09373151,0,0.0,0.0,0,3,600.0,6.398594934535208,2,0.7337226922446813
09373153,0,0.0,0.0,0,4,300.0,5.707110264748875,3,0.7671539102046276
09373155,2,0.0,0.0,2,4,300.0,5.707110264748875,3,0.8178647970882418
09373156,3,300.0,5.707110264748875,2,4,300.0,5.707110264748875,3,0.8507164246627639
09373159,0,0.0,0.0,0,5,300.0,5.707110264748875,4,0.7702141409064158
09373160,0,0.0,0.0,0,6,900.0,6.803505257608338,4,0.7441730163141429
09373167,0,0.0,0.0,0,4,900.0,6.803505257608338,2,0.7336050979082311
09374111,0,0.0,0.0,0,0,0.0,0.0,0,0.6549957228413941
09374117,0,0.0,0.0,0,0,0.0,0.0,0,0.6835010509245698
09374118,0,0.0,0.0,0,0,0.0,0.0,0,0.6248957927108235
09374119,0,0.0,0.0,0,0,0.0,0.0,0,0.6604633939504487
09374121,0,0.0,0.0,0,0,0.0,0.0,0,0.6459509613151321
09374122,0,0.0,0.0,0,0,0.0,0.0,0,0.6407638175483842
09374123,0,0.0,0.0,0,0,0.0,0.0,0,0.6344603185460491
09374124,0,0.0,0.0,0,0,0.0,0.0,0,0.6771112151378725
09374127,0,0.0,0.0,0,0,0.0,0.0,0,0.6492399351456783
09374128,0,0.0,0.0,0,0,0.0,0.0,0,0.6611345197457341
09374129,0,0.0,0.0,0,0,0.0,0.0,0,0.6950664169254896
09374131,0,0.0,0.0,0,0,0.0,0.0,0,0.668549594876839
09374132,0,0.0,0.0,0,0,0.0,0.0,0,0.6466483530021714
09374133,0,0.0,0.0,0,0,0.0,0.0,0,0.6579765058690421
09374134,0,0.0,0.0,0,0,0.0,0.0,0,0.6651809703935091
09374137,0,0.0,0.0,0,0,0.0,0.0,0,0.6339655680581319
09374139,0,0.0,0.0,0,0,0.0,0.0,0,0.653868868541833
09374140,0,0.0,0.0,0,0,0.0,0.0,0,0.6825412436650823
09374144,0,0.0,0.0,0,0,0.0,0.0,0,0.6624634510449068
09374146,0,0.0,0.0,0,0,0.0,0.0,0,0.6544200042320618
09374147,0,0.0,0.0,0,0,0.0,0.0,0,0.634166392216464
09374148,0,0.0,0.0,0,0,0.0,0.0,0,0.6773049489950285
09374149,0,0.0,0.0,0,0,0.0,0.0,0,0.6739997704372709
09374150,0,0.0,0.0,0,0,0.0,0.0,0,0.64979194267449
09374154,0,0.0,0.0,0,0,0.0,0.0,0,0.6538397204456528
09374155,0,0.0,0.0,0,0,0.0,0.0,0,0.6920489546066414
09374156,0,0.0,0.0,0,0,0.0,0.0,0,0.6689314109110907
09374157,0,0.0,0.0,0,0,0.0,0.0,0,0.6840678578315993
09374158,0,0.0,0.0,0,0,0.0,0.0,0,0.6514541866209316
09374159,0,0.0,0.0,0,0,0.0,0.0,0,0.6417599162891057
09374160,0,0.0,0.0,0,0,0.0,0.0,0,0.6492633653839137
09374162,0,0.0,0.0,0,0,0.0,0.0,0,0.639477652850234
09374163,0,0.0,0.0,0,0,0.0,0.0,0,0.690885516009036
09374164,0,0.0,0.0,0,0,0.0,0.0,0,0.6275011057968315
09374165,0,0.0,0.0,0,0,0.0,0.0,0,0.640726081935477
09374166,0,0.0,0.0,0,0,0.0,0.0,0,0.6638554188641046
09374168,0,0.0,0.0,0,0,0.0,0.0,0,0.6570197620958431
09374170,0,0.0,0.0,0,0,0.0,0.0,0,0.6502610469722426
09375113,1,600.0,6.398594934535208,0,2,600.0,6.398594934535208,1,0.7507006830262538
09375114,1,600.0,6.398594934535208,0,2,600.0,6.398594934535208,1,0.6997795965725757
09375115,1,600.0,6.398594934535208,0,3,1500.0,7.313886831633462,1,0.7088412814220753
09375116,1,600.0,6.398594934535208,0,2,600.0,6.398594934535208,1,0.7191956479267441
09375117,1,600.0,6.398594934535208,0,2,600.0,6.398594934535208,1,0.8316242808658811
09375118,0,0.0,0.0,0,3,600.0,6.398594934535208,2,0.7344720091630514
09375119,1,600.0,6.398594934535208,0,1,600.0,6.398594934535208,0,0.716857648677744
09375120,1,600.0,6.398594934535208,0,3,1500.0,7.313886831633462,1,0.6842955239420956
09375122,1,600.0,6.398594934535208,0,2,600.0,6.398594934535208,1,0.7327329726807283
09375127,1,600.0,6.398594934535208,0,3,600.0,6.398594934535208,2,0.7468556517011358
09375130,1,600.0,6.398594934535208,0,2,600.0,6.398594934535208,1,0.7898155203194449
09375131,1,600.0,6.398594934535208,0,2,600.0,6.398594934535208,1,0.7302504201138249
09375143,1,600.0,6.398594934535208,0,2,600.0,6.398594934535208,1,0.7309849546859553
09375148,0,0.0,0.0,0,4,1600.0,7.3783837129967145,2,0.7426347691109835
09375153,1,600.0,6.398594934535208,0,1,600.0,6.398594934535208,0,0.7181324189292086
09375156,1,600.0,6.398594934535208,0,1,600.0,6.398594934535208,0,0.7161076896810536
09375161,1,600.0,6.398594934535208,0,2,600.0,6.398594934535208,1,0.7724108208669445
09375162,1,600.0,6.398594934535208,0,3,600.0,6.398594934535208,2,0.7389779101468668
09375165,1,600.0,6.398594934535208,0,1,600.0,6.398594934535208,0,0.820550425895607
09375170,1,600.0,6.398594934535208,0,2,600.0,6.398594934535208,1,0.7536145581899388
09375171,1,600.0,6.398594934535208,0,3,1500.0,7.313886831633462,1,0.6979457452848252
09375174,1,600.0,6.398594934535208,0,2,600.0,6.398594934535208,1,0.8232367590582186
09375175,1,600.0,6.398594934535208,0,2,600.0,6.398594934535208,1,0.7609660502758155
09375179,1,600.0,6.398594934535208,0,2,600.0,6.398594934535208,1,0.8642164748265557
09375180,1,600.0,6.398594934535208,0,2,600.0,6.398594934535208,1,0.8685439451686543
09375181,1,600.0,6.398594934535208,0,2,600.0,6.398594934535208,1,0.7620428715003091
09375182,1,600.0,6.398594934535208,0,2,600.0,6.398594934535208,1,0.7142137471937118
09375183,1,600.0,6.398594934535208,0,3,1500.0,7.313886831633462,1,0.6984318470302202
09375184,1,600.0,6.398594934535208,0,2,600.0,6.398594934535208,1,0.7437147815232727
09375190,1,600.0,6.398594934535208,0,1,600.0,6.398594934535208,0,0.7251576672270652
09375191,1,600.0,6.398594934535208,0,3,1500.0,7.313886831633462,1,0.7033623845325251
09375196,1,600.0,6.398594934535208,0,3,600.0,6.398594934535208,2,0.7194001364206547
09375199,1,600.0,6.398594934535208,0,2,600.0,6.398594934535208,1,0.8281977424084728
09375201,1,600.0,6.398594934535208,0,3,1500.0,7.313886831633462,1,0.699083907268283
09375204,1,600.0,6.398594934535208,0,1,600.0,6.398594934535208,0,0.8643363528599456
09375205,1,600.0,6.398594934535208,0,2,600.0,6.398594934535208,1,0.7617738000652564
09375208,1,600.0,6.398594934535208,0,1,600.0,6.398594934535208,0,0.7448017896446422
09375209,1,600.0,6.398594934535208,0,3,1500.0,7.313886831633462,1,0.696963669813273
09375210,1,600.0,6.398594934535208,0,3,1500.0,7.313886831633462,1,0.6920997420486037
09375211,1,600.0,6.398594934535208,0,1,600.0,6.398594934535208,0,0.7325553327110754
09375213,1,600.0,6.398594934535208,0,1,600.0,6.398594934535208,0,0.7718062865575881
09376112,0,0.0,0.0,0,1,600.0,6.398594934535208,0,0.6511725229517622
09376116,0,0.0,0.0,0,1,600.0,6.398594934535208,0,0.6615953324715773
09376117,0,0.0,0.0,0,1,600.0,6.398594934535208,0,0.6638982504967554
09376119,1,600.0,6.398594934535208,0,1,600.0,6.398594934535208,0,0.7002354901552263
09376122,0,0.0,0.0,0,0,0.0,0.0,0,0.6382748854828904
09376125,0,0.0,0.0,0,1,600.0,6.398594934535208,0,0.6743210562313248
09376131,0,0.0,0.0,0,0,0.0,0.0,0,0.6436572049333168
09376133,0,0.0,0.0,0,0,0.0,0.0,0,0.6493945801957379
09376141,1,600.0,6.398594934535208,0,1,600.0,6.398594934535208,0,0.6968038123253257
09376144,0,0.0,0.0,0,0,0.0,0.0,0,0.65799043951736
09376146,0,0.0,0.0,0,1,600.0,6.398594934535208,0,0.6457608934920399
09376147,0,0.0,0.0,0,1,600.0,6.398594934535208,0,0.6456108652649505
09376148,0,0.0,0.0,0,0,0.0,0.0,0,0.6398761035411964
09376149,1,600.0,6.398594934535208,0,1,600.0,6.398594934535208,0,0.6780502630033867
09376150,0,0.0,0.0,0,0,0.0,0.0,0,0.6562342961437881
09376151,0,0.0,0.0,0,0,0.0,0.0,0,0.6356831134371717
09376153,0,0.0,0.0,0,0,0.0,0.0,0,0.6558492558579798
09376159,0,0.0,0.0,0,1,600.0,6.398594934535208,0,0.6685038993297927
09376160,0,0.0,0.0,0,0,0.0,0.0,0,0.6232600352784603
09376161,0,0.0,0.0,0,1,600.0,6.398594934535208,0,0.6745046931603866
09376162,0,0.0,0.0,0,1,600.0,6.398594934535208,0,0.6557969020910003
09376163,0,0.0,0.0,0,1,600.0,6.398594934535208,0,0.665906460207176
09376164,0,0.0,0.0,0,1,600.0,6.398594934535208,0,0.6469467113700976
09376167,0,0.0,0.0,0,0,0.0,0.0,0,0.617859863750136
09376168,0,0.0,0.0,0,1,600.0,6.398594934535208,0,0.6735781500233304
09376169,0,0.0,0.0,0,1,600.0,6.398594934535208,0,0.6638122863228382
09376170,1,600.0,6.398594934535208,0,1,600.0,6.398594934535208,0,0.6931817213990911
09376171,0,0.0,0.0,0,0,0.0,0.0,0,0.6380003623446857
09376172,0,0.0,0.0,0,1,600.0,6.398594934535208,0,0.635473504207309
09376173,0,0.0,0.0,0,0,0.0,0.0,0,0.6472891083732442
09376175,0,0.0,0.0,0,1,600.0,6.398594934535208,0,0.6692872713763973
09376176,0,0.0,0.0,0,0,0.0,0.0,0,0.6218672990287477
09376178,0,0.0,0.0,0,0,0.0,0.0,0,0.6315852698048816
09377112,0,0.0,0.0,0,0,0.0,0.0,0,0.638142060287552
09377113,0,0.0,0.0,0,0,0.0,0.0,0,0.6790643103683611
09377115,0,0.0,0.0,0,0,0.0,0.0,0,0.6767414437767187
09377116,0,0.0,0.0,0,0,0.0,0.0,0,0.6658137261432402
09377117,0,0.0,0.0,0,0,0.0,0.0,0,0.65445697224299
09377118,0,0.0,0.0,0,0,0.0,0.0,0,0.663623417416517
09377119,0,0.0,0.0,0,0,0.0,0.0,0,0.6628373901629239
09377127,0,0.0,0.0,0,0,0.0,0.0,0,0.6802844209074623
09377128,0,0.0,0.0,0,0,0.0,0.0,0,0.6773172412798922
09377129,0,0.0,0.0,0,0,0.0,0.0,0,0.6784178386965374
09377131,0,0.0,0.0,0,0,0.0,0.0,0,0.6652688129742775
09377132,0,0.0,0.0,0,0,0.0,0.0,0,0.6619442917627649
09377133,0,0.0,0.0,0,0,0.0,0.0,0,0.6778584328080512
09377137,0,0.0,0.0,0,0,0.0,0.0,0,0.656556139680117
09377139,0,0.0,0.0,0,0,0.0,0.0,0,0.6389846660840471
09377141,0,0.0,0.0,0,0,0.0,0.0,0,0.6593330599468188
09377142,0,0.0,0.0,0,0,0.0,0.0,0,0.6509097597712783
09377143,0,0.0,0.0,0,0,0.0,0.0,0,0.6744383276089525
09377145,0,0.0,0.0,0,0,0.0,0.0,0,0.6646595643981956
09377146,0,0.0,0.0,0,0,0.0,0.0,0,0.6453047733165422
09377148,0,0.0,0.0,0,0,0.0,0.0,0,0.6723863037627704
09377149,0,0.0,0.0,0,0,0.0,0.0,0,0.6608144630588633
09377154,0,0.0,0.0,0,0,0.0,0.0,0,0.6484638937587281
09377157,0,0.0,0.0,0,0,0.0,0.0,0,0.6709437063319449
09377158,0,0.0,0.0,0,0,0.0,0.0,0,0.6606770259931849
09377159,0,0.0,0.0,0,0,0.0,0.0,0,0.660190897130082
09462000,0,0.0,0.0,0,1,1562.0,7.354362330421477,0,0.7033809576971763
09463000,0,0.0,0.0,0,2,2062.0,7.631916513071252,0,0.7352759555398201
09464000,0,0.0,0.0,0,0,0.0,0.0,0,0.7078946393724825
09471111,1,1562.0,7.354362330421477,0,5,1862.0,7.529943370601589,3,0.8040184377896618
09471115,1,1562.0,7.354362330421477,0,1,1562.0,7.354362330421477,0,0.8022386344974904
09471117,1,1562.0,7.354362330421477,0,1,1562.0,7.354362330421477,0,0.8562358458622503
09471119,1,1562.0,7.354362330421477,0,1,1562.0,7.354362330421477,0,0.8333091134505946
09471120,1,1562.0,7.354362330421477,0,3,3062.0,8.027150106832774,1,0.7863380669274338
09471122,0,0.0,0.0,0,2,3062.0,8.027150106832774,0,0.7643735763473684
09471123,1,1562.0,7.354362330421477,0,5,1862.0,7.529943370601589,3,0.8009466688273661
09471128,0,0.0,0.0,0,2,3062.0,8.027150106832774,0,0.7579326674734546
09471131,1,1562.0,7.354362330421477,0,5,1862.0,7.529943370601589,3,0.8193179819282459
09471133,1,1562.0,7.354362330421477,0,2,3062.0,8.027150106832774,0,0.7713384726131234
09471137,1,1562.0,7.354362330421477,0,1,1562.0,7.354362330421477,0,0.9781923826646467
09471140,1,1562.0,7.354362330421477,0,1,1562.0,7.354362330421477,0,0.9201936534399335
09471142,1,1562.0,7.354362330421477,0,2,1562.0,7.354362330421477,1,0.7667841059539071
09471145,1,1562.0,7.354362330421477,0,5,1862.0,7.529943370601589,3,0.8197051575653811
09471150,1,1562.0,7.354362330421477,0,1,1562.0,7.354362330421477,0,0.8591686649931036
09471151,1,1562.0,7.354362330421477,0,1,1562.0,7.354362330421477,0,0.7606753800731614
09471152,1,1562.0,7.354362330421477,0,2,3062.0,8.027150106832774,0,0.7920574385462731
09471154,1,1562.0,7.354362330421477,0,2,3062.0,8.027150106832774,0,0.7880201089893643
09471155,1,1562.0,7.354362330421477,0,1,1562.0,7.354362330421477,0,0.8862107860112336
09471159,1,1562.0,7.354362330421477,0,1,1562.0,7.354362330421477,0,0.9861654266146975
09471165,1,1562.0,7.354362330421477,0,2,3062.0,8.027150106832774,0,0.8283660996778075
09471169,1,1562.0,7.354362330421477,0,5,1862.0,7.529943370601589,3,0.8481461648228117
09471172,1,1562.0,7.354362330421477,0,5,1862.0,7.529943370601589,3,0.7922500154425951
09471173,1,1562.0,7.354362330421477,0,2,3062.0,8.027150106832774,0,0.7832872260983372
09471174,1,1562.0,7.354362330421477,0,1,1562.0,7.354362330421477,0,0.7873296404122936
09471175,1,1562.0,7.354362330421477,0,2,3062.0,8.027150106832774,0,0.778702782533849
09471185,1,1562.0,7.354362330421477,0,1,1562.0,7.354362330421477,0,0.7991394301165657
09471186,1,1562.0,7.354362330421477,0,2,3062.0,8.027150106832774,0,0.7778414695909301
09471189,1,1562.0,7.354362330421477,0,1,1562.0,7.354362330421477,0,0.743498748602969
09471191,1,1562.0,7.354362330421477,0,2,1562.0,7.354362330421477,1,0.8492906068047743
09471195,1,1562.0,7.354362330421477,0,5,1862.0,7.529943370601589,3,0.8622906509300792
09471207,1,1562.0,7.354362330421477,0,2,3062.0,8.027150106832774,0,0.80593714723596
09471208,1,1562.0,7.354362330421477,0,2,3062.0,8.027150106832774,0,0.8080892327259814
09471209,1,1562.0,7.354362330421477,0,1,1562.0,7.354362330421477,0,0.7501304498107138
09471214,1,1562.0,7.354362330421477,0,1,1562.0,7.354362330421477,0,0.7866106718971255
09471220,0,0.0,0.0,0,4,3362.0,8.12058871174027,1,0.7661815232421587
09472111,0,0.0,0.0,0,2,1562.0,7.354362330421477,1,0.728380085655556
09472115,1,1562.0,7.354362330421477,0,1,1562.0,7.354362330421477,0,0.7517146602788087
09472116,0,0.0,0.0,0,0,0.0,0.0,0,0.6962152365987262
09472118,0,0.0,0.0,0,5,1862.0,7.529943370601589,3,0.7455495942589845
09472119,0,0.0,0.0,0,1,1562.0,7.354362330421477,0,0.6998073311895618
09472121,0,0.0,0.0,0,0,0.0,0.0,0,0.6888762395268846
09472127,0,0.0,0.0,0,0,0.0,0.0,0,0.70177892617719
09472131,0,0.0,0.0,0,1,1562.0,7.354362330421477,0,0.7108442210228771
09472133,0,0.0,0.0,0,0,0.0,0.0,0,0.6982601850891101
09472138,0,0.0,0.0,0,0,0.0,0.0,0,0.6839691759698695
09472139,0,0.0,0.0,0,0,0.0,0.0,0,0.6937399109899218
09472140,0,0.0,0.0,0,1,1562.0,7.354362330421477,0,0.7083399960857764
09472141,0,0.0,0.0,0,1,1562.0,7.354362330421477,0,0.7183346808762479
09472143,0,0.0,0.0,0,0,0.0,0.0,0,0.6944728409547124
09472146,0,0.0,0.0,0,1,1562.0,7.354362330421477,0,0.7071622375576325
09472150,0,0.0,0.0,0,1,1562.0,7.354362330421477,0,0.7066005030745147
09472154,0,0.0,0.0,0,1,1562.0,7.354362330421477,0,0.7357822764061885
09472155,0,0.0,0.0,0,1,1562.0,7.354362330421477,0,0.7118868259184381
09472156,0,0.0,0.0,0,0,0.0,0.0,0,0.6865550508819436
09472164,0,0.0,0.0,0,0,0.0,0.0,0,0.6829511890911204
09472166,0,0.0,0.0,0,1,1562.0,7.354362330421477,0,0.7095733414516687
09472167,0,0.0,0.0,0,1,1562.0,7.354362330421477,0,0.7152524253310659
09472175,0,0.0,0.0,0,3,1562.0,7.354362330421477,2,0.7164753950635356
09472176,0,0.0,0.0,0,1,1562.0,7.354362330421477,0,0.7333799809420609
09472177,0,0.0,0.0,0,5,1862.0,7.529943370601589,3,0.7415646587853406
09472179,0,0.0,0.0,0,5,1862.0,7.529943370601589,3,0.733837319264383
09472180,0,0.0,0.0,0,0,0.0,0.0,0,0.6961337939479586
09472184,0,0.0,0.0,0,1,1562.0,7.354362330421477,0,0.7077136108067296
09472188,0,0.0,0.0,0,0,0.0,0.0,0,0.6930646654511247
09472190,0,0.0,0.0,0,0,0.0,0.0,0,0.6865857529299896
09472197,0,0.0,0.0,0,2,1562.0,7.354362330421477,1,0.7352852852158664
09472198,0,0.0,0.0,0,0,0.0,0.0,0,0.6882256854319544
09472199,0,0.0,0.0,0,0,0.0,0.0,0,0.691417245404968
09473112,0,0.0,0.0,0,2,2062.0,7.631916513071252,0,0.7362471749421494
09473120,0,0.0,0.0,0,2,2062.0,7.631916513071252,0,0.7336839486534332
09473121,0,0.0,0.0,0,2,2062.0,7.631916513071252,0,0.7307188813045363
09473132,0,0.0,0.0,0,2,2062.0,7.631916513071252,0,0.739838439887573
09473134,0,0.0,0.0,0,2,2062.0,7.631916513071252,0,0.7331381727764084
09473138,1,1562.0,7.354362330421477,0,1,1562.0,7.354362330421477,0,0.7490384306603204
09473141,0,0.0,0.0,0,2,2062.0,7.631916513071252,0,0.7348602213175004
09473144,0,0.0,0.0,0,2,2062.0,7.631916513071252,0,0.7391022202237791
09473151,0,0.0,0.0,0,2,2062.0,7.631916513071252,0,0.7280071462174265
09473153,0,0.0,0.0,0,2,2062.0,7.631916513071252,0,0.7351638120887277
09473158,0,0.0,0.0,0,2,2062.0,7.631916513071252,0,0.7466826964836598
09473159,0,0.0,0.0,0,2,2062.0,7.631916513071252,0,0.7319312282719113
09473165,0,0.0,0.0,0,2,2062.0,7.631916513071252,0,0.7428425645846058
09473166,0,0.0,0.0,0,1,1562.0,7.354362330421477,0,0.7273053842935017
09473170,0,0.0,0.0,0,2,2062.0,7.631916513071252,0,0.7373573660572353
09473174,0,0.0,0.0,0,1,1562.0,7.354362330421477,0,0.7277289374517966
09473175,0,0.0,0.0,0,2,2062.0,7.631916513071252,0,0.7390050062027693
09474119,4,300.0,5.707110264748875,3,5,1862.0,7.529943370601589,3,0.8474181836087883
09474121,1,1562.0,7.354362330421477,0,5,1862.0,7.529943370601589,3,0.7681955189510044
09474122,0,0.0,0.0,0,5,1862.0,7.529943370601589,3,0.8085217731538925
09474123,1,1562.0,7.354362330421477,0,5,1862.0,7.529943370601589,3,0.7905979332777122
09474124,0,0.0,0.0,0,5,1862.0,7.529943370601589,3,0.7701672153596566
09474126,1,1562.0,7.354362330421477,0,5,1862.0,7.529943370601589,3,0.7928858167553458
09474129,0,0.0,0.0,0,5,1862.0,7.529943370601589,3,0.7445952178613231
09474132,0,0.0,0.0,0,5,1862.0,7.529943370601589,3,0.7900219445411605
09474133,1,1562.0,7.354362330421477,0,5,1862.0,7.529943370601589,3,0.7983509342206323
09474134,1,1562.0,7.354362330421477,0,5,1862.0,7.529943370601589,3,0.8008830997044397
09474135,1,1562.0,7.354362330421477,0,5,1862.0,7.529943370601589,3,0.8016436940658571
09474137,1,0.0,0.0,1,5,1862.0,7.529943370601589,3,0.8173846177373219
09474138,0,0.0,0.0,0,5,1862.0,7.529943370601589,3,0.7697250588503259
09474140,2,0.0,0.0,2,5,1862.0,7.529943370601589,3,0.8051828521775561
09474143,1,1562.0,7.354362330421477,0,5,1862.0,7.529943370601589,3,0.7804278959203308
09474144,4,300.0,5.707110264748875,3,5,1862.0,7.529943370601589,3,0.8429983400309354
09474145,0,0.0,0.0,0,5,1862.0,7.529943370601589,3,0.7937638427993264
09474146,2,0.0,0.0,2,5,1862.0,7.529943370601589,3,0.819299086726183
09474147,0,0.0,0.0,0,5,1862.0,7.529943370601589,3,0.7816531859210287
09474154,4,300.0,5.707110264748875,3,5,1862.0,7.529943370601589,3,0.8320925393992842
09474156,0,0.0,0.0,0,5,1862.0,7.529943370601589,3,0.7555377085814176
09474158,0,0.0,0.0,0,5,1862.0,7.529943370601589,3,0.7959737961911619
09474160,0,0.0,0.0,0,5,1862.0,7.529943370601589,3,0.8076195341859863
09474161,1,1562.0,7.354362330421477,0,5,1862.0,7.529943370601589,3,0.7726485701703997
09474168,1,1562.0,7.354362330421477,0,5,1862.0,7.529943370601589,3,0.7638806559026632
09474171,1,1562.0,7.354362330421477,0,5,1862.0,7.529943370601589,3,0.7803396211636369
09474173,1,0.0,0.0,1,5,1862.0,7.529943370601589,3,0.7961750532922813
09474175,0,0.0,0.0,0,5,1862.0,7.529943370601589,3,0.7862206328499451
09474176,0,0.0,0.0,0,5,1862.0,7.529943370601589,3,0.7522597753070839
09475112,0,0.0,0.0,0,0,0.0,0.0,0,0.7137860236984164
09475113,0,0.0,0.0,0,0,0.0,0.0,0,0.714456637728929
09475120,0,0.0,0.0,0,0,0.0,0.0,0,0.7032647559153417
09475123,0,0.0,0.0,0,0,0.0,0.0,0,0.7143178843394015
09475127,0,0.0,0.0,0,0,0.0,0.0,0,0.7090190422704061
09475128,0,0.0,0.0,0,0,0.0,0.0,0,0.7121478227539835
09475136,0,0.0,0.0,0,0,0.0,0.0,0,0.7024526956258496
09475137,0,0.0,0.0,0,0,0.0,0.0,0,0.7145321632147765
09475141,0,0.0,0.0,0,0,0.0,0.0,0,0.7097041179951089
09475142,0,0.0,0.0,0,0,0.0,0.0,0,0.7027425266617002
09475145,0,0.0,0.0,0,0,0.0,0.0,0,0.7053813597464451
09475146,0,0.0,0.0,0,0,0.0,0.0,0,0.7152069750203501
09475154,0,0.0,0.0,0,0,0.0,0.0,0,0.6971872687496985
09475156,0,0.0,0.0,0,0,0.0,0.0,0,0.7101340761146873
09475158,0,0.0,0.0,0,0,0.0,0.0,0,0.7013108035641877
09475161,0,0.0,0.0,0,0,0.0,0.0,0,0.7066241571204487
09475162,0,0.0,0.0,0,0,0.0,0.0,0,0.6985458670416629
09475165,0,0.0,0.0,0,0,0.0,0.0,0,0.7050795535227754
09475168,0,0.0,0.0,0,0,0.0,0.0,0,0.6963744728374726
09475169,0,0.0,0.0,0,0,0.0,0.0,0,0.7079548538469562
09475171,0,0.0,0.0,0,0,0.0,0.0,0,0.7083280128926
09475174,0,0.0,0.0,0,0,0.0,0.0,0,0.6933079919282974
09475175,0,0.0,0.0,0,0,0.0,0.0,0,0.6979612891585852
09475181,0,0.0,0.0,0,0,0.0,0.0,0,0.7172644933622603
09475182,0,0.0,0.0,0,0,0.0,0.0,0,0.7150059993681919
09475184,0,0.0,0.0,0,0,0.0,0.0,0,0.6950161487393196
09475189,0,0.0,0.0,0,0,0.0,0.0,0,0.6921108045948395
09476145,0,0.0,0.0,0,1,1562.0,7.354362330421477,0,0.7171201718763487
09476146,0,0.0,0.0,0,1,1562.0,7.354362330421477,0,0.7199752208546907
09476152,0,0.0,0.0,0,1,500.0,6.2166061010848646,0,0.7257019384978267
09476154,0,0.0,0.0,0,1,1562.0,7.354362330421477,0,0.7229285692285674
09476159,0,0.0,0.0,0,0,0.0,0.0,0,0.7160856798282451
09476164,0,0.0,0.0,0,0,0.0,0.0,0,0.7202202304350902
09476166,0,0.0,0.0,0,0,0.0,0.0,0,0.7212264055789418
09476171,0,0.0,0.0,0,1,1562.0,7.354362330421477,0,0.724399012788283
09476175,0,0.0,0.0,0,1,500.0,6.2166061010848646,0,0.7228897960861067
09476177,0,0.0,0.0,0,0,0.0,0.0,0,0.7129499464768394
09476178,0,0.0,0.0,0,0,0.0,0.0,0,0.7200004469184551
09476179,0,0.0,0.0,0,1,500.0,6.2166061010848646,0,0.728084593043905
09476180,0,0.0,0.0,0,0,0.0,0.0,0,0.7204114584560104
09476182,0,0.0,0.0,0,0,0.0,0.0,0,0.7187330355619157
09476183,0,0.0,0.0,0,0,0.0,0.0,0,0.7145062228405392
09476184,0,0.0,0.0,0,0,0.0,0.0,0,0.7116054810315942
09476185,0,0.0,0.0,0,1,1562.0,7.354362330421477,0,0.7159851671140399
09476189,0,0.0,0.0,0,0,0.0,0.0,0,0.7166568423319364
09477117,0,0.0,0.0,0,0,0.0,0.0,0,0.7045665782348853
09477118,0,0.0,0.0,0,0,0.0,0.0,0,0.7042052256101561
09477119,0,0.0,0.0,0,1,1562.0,7.354362330421477,0,0.7027943714438096
09477121,0,0.0,0.0,0,0,0.0,0.0,0,0.7009470471587318
09477124,0,0.0,0.0,0,1,1562.0,7.354362330421477,0,0.7208600775512406
09477127,0,0.0,0.0,0,1,1562.0,7.354362330421477,0,0.7053520235967975
09477128,0,0.0,0.0,0,1,1562.0,7.354362330421477,0,0.710036588414235
09477129,0,0.0,0.0,0,0,0.0,0.0,0,0.7032153079482666
09477135,0,0.0,0.0,0,0,0.0,0.0,0,0.7038272926791546
09477136,0,0.0,0.0,0,1,1562.0,7.354362330421477,0,0.7158966740184864
09477138,0,0.0,0.0,0,0,0.0,0.0,0,0.701629832852267
09477139,0,0.0,0.0,0,0,0.0,0.0,0,0.6979958392441707
09477142,0,0.0,0.0,0,1,1562.0,7.354362330421477,0,0.7079809674847369
09477143,0,0.0,0.0,0,0,0.0,0.0,0,0.7022106441483956
09477148,0,0.0,0.0,0,0,0.0,0.0,0,0.7069966570851791
09477151,0,0.0,0.0,0,0,0.0,0.0,0,0.7101204612439938
09477156,0,0.0,0.0,0,0,0.0,0.0,0,0.7074000426347149
09477157,0,0.0,0.0,0,1,1562.0,7.354362330421477,0,0.7172737264159283
09477158,0,0.0,0.0,0,1,1562.0,7.354362330421477,0,0.7038517939662252
09477159,0,0.0,0.0,0,1,1562.0,7.354362330421477,0,0.7056565063908485
09477163,0,0.0,0.0,0,0,0.0,0.0,0,0.700947974180394
09477164,0,0.0,0.0,0,1,1562.0,7.354362330421477,0,0.7311706402628892
09478111,0,0.0,0.0,0,1,1562.0,7.354362330421477,0,0.7245329246752874
09478116,0,0.0,0.0,0,1,1562.0,7.354362330421477,0,0.7235680158275082
09478120,1,1562.0,7.354362330421477,0,1,1562.0,7.354362330421477,0,0.7603445922482299
09478127,0,0.0,0.0,0,1,1562.0,7.354362330421477,0,0.7287974852353221
09478139,0,0.0,0.0,0,1,1562.0,7.354362330421477,0,0.7367651510286302
09478143,0,0.0,0.0,0,1,1562.0,7.354362330421477,0,0.7252695869574567
09478144,0,0.0,0.0,0,1,1562.0,7.354362330421477,0,0.7278810657454475
09478145,0,0.0,0.0,0,1,1562.0,7.354362330421477,0,0.7320093260969855
09478155,0,0.0,0.0,0,1,1562.0,7.354362330421477,0,0.7253787563947338
09478165,1,1562.0,7.354362330421477,0,1,1562.0,7.354362330421477,0,0.7482209920238417
09478176,0,0.0,0.0,0,1,1562.0,7.354362330421477,0,0.728362057520785
09479111,0,0.0,0.0,0,0,0.0,0.0,0,0.6758496896200399
09479112,0,0.0,0.0,0,0,0.0,0.0,0,0.6716189256880396
09479126,0,0.0,0.0,0,0,0.0,0.0,0,0.6799850283107443
09479127,0,0.0,0.0,0,0,0.0,0.0,0,0.6746431543390257
09479129,0,0.0,0.0,0,0,0.0,0.0,0,0.6891655029458368
09479135,0,0.0,0.0,0,0,0.0,0.0,0,0.685618808920199
09479136,0,0.0,0.0,0,0,0.0,0.0,0,0.6713649973602807
09479138,0,0.0,0.0,0,0,0.0,0.0,0,0.6790928213802958
09479145,0,0.0,0.0,0,0,0.0,0.0,0,0.6826373336681104
09479147,0,0.0,0.0,0,0,0.0,0.0,0,0.6725988308939559
09479150,0,0.0,0.0,0,0,0.0,0.0,0,0.6912301615846281
09479152,0,0.0,0.0,0,0,0.0,0.0,0,0.6865694384607618
09479158,0,0.0,0.0,0,0,0.0,0.0,0,0.6757871327657066
09479159,0,0.0,0.0,0,0,0.0,0.0,0,0.6797961609301859
09479161,0,0.0,0.0,0,0,0.0,0.0,0,0.6790732695879101
09479166,0,0.0,0.0,0,0,0.0,0.0,0,0.6874986821295366
09479169,0,0.0,0.0,0,0,0.0,0.0,0,0.6779209079477171
09561000,0,0.0,0.0,0,4,300.0,5.707110264748875,3,0.7755788331592315
09562000,4,300.0,5.707110264748875,3,5,1862.0,7.529943370601589,3,0.8537126996788376
09563000,4,300.0,5.707110264748875,3,5,1862.0,7.529943370601589,3,1.1055328866886438
09565000,4,300.0,5.707110264748875,3,4,300.0,5.707110264748875,3,1.0111846313753388
09571111,0,0.0,0.0,0,0,0.0,0.0,0,0.7346710380877278
09571113,0,0.0,0.0,0,5,1000.0,6.90875477931522,3,0.7694774872308178
09571114,0,0.0,0.0,0,3,1000.0,6.90875477931522,1,0.754955635435276
09571115,0,0.0,0.0,0,4,1000.0,6.90875477931522,2,0.7653416911582752
09571122,1,0.0,0.0,1,4,300.0,5.707110264748875,3,0.8134006904916702
09571125,0,0.0,0.0,0,2,700.0,6.55250788703459,1,0.7469230467106346
09571127,0,0.0,0.0,0,5,1000.0,6.90875477931522,3,0.7728917564976413
09571128,0,0.0,0.0,0,2,700.0,6.55250788703459,1,0.7619053856810281
09571130,0,0.0,0.0,0,3,1000.0,6.90875477931522,1,0.7535048300975373
09571132,0,0.0,0.0,0,2,700.0,6.55250788703459,1,0.7594886450351795
09571134,0,0.0,0.0,0,1,700.0,6.55250788703459,0,0.7386454125850976
09571135,1,0.0,0.0,1,4,300.0,5.707110264748875,3,0.815366967657703
09571136,1,700.0,6.55250788703459,0,2,830.0,6.7226297948554485,0,0.772179294966176
09571137,0,0.0,0.0,0,1,700.0,6.55250788703459,0,0.7465024725095795
09571139,0,0.0,0.0,0,1,700.0,6.55250788703459,0,0.7625923773457306
09571141,0,0.0,0.0,0,2,700.0,6.55250788703459,1,0.7649424617791312
09571145,0,0.0,0.0,0,1,700.0,6.55250788703459,0,0.7556240581519289
09571146,0,0.0,0.0,0,4,300.0,5.707110264748875,3,0.7676510004371441
09571152,0,0.0,0.0,0,1,700.0,6.55250788703459,0,0.7378095462128986
09571154,0,0.0,0.0,0,1,700.0,6.55250788703459,0,0.7659184633305637
09571155,0,0.0,0.0,0,2,700.0,6.55250788703459,1,0.7444034756423298
09571165,2,300.0,5.707110264748875,1,4,300.0,5.707110264748875,3,0.8495968735418766
09571166,0,0.0,0.0,0,4,1000.0,6.90875477931522,2,0.761874290813155
09571169,0,0.0,0.0,0,1,700.0,6.55250788703459,0,0.7378108766095038
09571170,0,0.0,0.0,0,1,700.0,6.55250788703459,0,0.763241825231848
09571171,0,0.0,0.0,0,4,300.0,5.707110264748875,3,0.7662201226514458
09571174,0,0.0,0.0,0,3,1000.0,6.90875477931522,1,0.7540197885300481
09571175,0,0.0,0.0,0,4,300.0,5.707110264748875,3,0.794346391859288
09571177,0,0.0,0.0,0,4,300.0,5.707110264748875,3,0.7843898884113836
09571178,0,0.0,0.0,0,4,300.0,5.707110264748875,3,0.8023517535126845
09571179,1,700.0,6.55250788703459,0,2,830.0,6.7226297948554485,0,0.7777494076409983
09571180,2,300.0,5.707110264748875,1,4,300.0,5.707110264748875,3,0.8259633328737636
09571181,0,0.0,0.0,0,1,700.0,6.55250788703459,0,0.7384224296471559
09571183,0,0.0,0.0,0,2,300.0,5.707110264748875,1,0.7547020880709068
09571188,0,0.0,0.0,0,0,0.0,0.0,0,0.7363440894789595
09571189,0,0.0,0.0,0,5,1000.0,6.90875477931522,3,0.7753140198141966
09571190,2,300.0,5.707110264748875,1,4,300.0,5.707110264748875,3,0.8199295560413857
09571192,0,0.0,0.0,0,1,700.0,6.55250788703459,0,0.7661071656619718
09571193,0,0.0,0.0,0,1,700.0,6.55250788703459,0,0.7358981274012888
09571194,0,0.0,0.0,0,4,300.0,5.707110264748875,3,0.7822029880284884
09571196,0,0.0,0.0,0,4,300.0,5.707110264748875,3,0.7908808790300246
09571198,0,0.0,0.0,0,1,700.0,6.55250788703459,0,0.7435526914511974
09571199,0,0.0,0.0,0,1,700.0,6.55250788703459,0,0.7474572121528352
09571200,1,700.0,6.55250788703459,0,1,700.0,6.55250788703459,0,0.7619558543727146
09571205,0,0.0,0.0,0,0,0.0,0.0,0,0.736891097915094
09571208,0,0.0,0.0,0,3,1000.0,6.90875477931522,1,0.7676283958451293
09571214,0,0.0,0.0,0,1,700.0,6.55250788703459,0,0.7671613550446039
09571216,0,0.0,0.0,0,5,1000.0,6.90875477931522,3,0.7761045082631572
09571217,0,0.0,0.0,0,4,300.0,5.707110264748875,3,0.7905845416988483
09571218,0,0.0,0.0,0,2,830.0,6.7226297948554485,0,0.7680706926851487
09571222,0,0.0,0.0,0,1,700.0,6.55250788703459,0,0.740314775960063
09571223,0,0.0,0.0,0,3,1000.0,6.90875477931522,1,0.7611644460105609
09571224,1,700.0,6.55250788703459,0,2,830.0,6.7226297948554485,0,0.7733731507836605
09571225,0,0.0,0.0,0,1,0.0,0.0,1,0.7430365919614093
09571226,2,300.0,5.707110264748875,1,4,300.0,5.707110264748875,3,0.8231361762739153
09571227,0,0.0,0.0,0,1,700.0,6.55250788703459,0,0.7657059783344857
09571228,0,0.0,0.0,0,1,700.0,6.55250788703459,0,0.7445486571359969
09571229,0,0.0,0.0,0,4,300.0,5.707110264748875,3,0.7920535234455925
09572111,1,1562.0,7.354362330421477,0,5,1862.0,7.529943370601589,3,0.7963035747562668
09572114,2,300.0,5.707110264748875,1,5,1862.0,7.529943370601589,3,0.8292999262629355
09572115,0,0.0,0.0,0,5,1862.0,7.529943370601589,3,0.8139024533577162
09572119,3,300.0,5.707110264748875,2,5,1862.0,7.529943370601589,3,0.8289297579738998
09572120,4,300.0,5.707110264748875,3,5,1862.0,7.529943370601589,3,0.856392792592193
09572121,4,300.0,5.707110264748875,3,5,1862.0,7.529943370601589,3,0.8478847952484303
09572126,1,1562.0,7.354362330421477,0,5,1862.0,7.529943370601589,3,0.7931280113455228
09572127,1,0.0,0.0,1,5,1862.0,7.529943370601589,3,0.8143605637687518
09572130,1,1562.0,7.354362330421477,0,5,1862.0,7.529943370601589,3,0.8033253427876131
09572131,4,300.0,5.707110264748875,3,5,1862.0,7.529943370601589,3,0.9153360624449001
09572132,4,300.0,5.707110264748875,3,5,1862.0,7.529943370601589,3,0.8532187563895015
09572133,1,0.0,0.0,1,5,1862.0,7.529943370601589,3,0.8213401668532427
09572135,1,1562.0,7.354362330421477,0,5,1862.0,7.529943370601589,3,0.7894860766219476
09572137,4,300.0,5.707110264748875,3,5,1862.0,7.529943370601589,3,0.8911179395240811
09572139,0,0.0,0.0,0,5,1862.0,7.529943370601589,3,0.7850934270169566
09572141,4,300.0,5.707110264748875,3,5,1862.0,7.529943370601589,3,0.8352682593353837
09572142,1,0.0,0.0,1,5,1862.0,7.529943370601589,3,0.8221275799386706
09572143,1,1562.0,7.354362330421477,0,5,1862.0,7.529943370601589,3,0.7852213052774919
09572147,1,0.0,0.0,1,5,1862.0,7.529943370601589,3,0.8085359089244724
09572149,0,0.0,0.0,0,5,1862.0,7.529943370601589,3,0.8058843730043214
09572154,4,300.0,5.707110264748875,3,5,1862.0,7.529943370601589,3,0.8425315098362869
09572158,4,300.0,5.707110264748875,3,5,1862.0,7.529943370601589,3,0.8520827646427687
09572159,0,0.0,0.0,0,5,1862.0,7.529943370601589,3,0.7718052446680548
09572160,1,1562.0,7.354362330421477,0,5,1862.0,7.529943370601589,3,0.7771806472641285
09572164,1,0.0,0.0,1,5,1862.0,7.529943370601589,3,0.8095432280174335
09573111,4,300.0,5.707110264748875,3,4,300.0,5.707110264748875,3,0.964765240944842
09573114,4,300.0,5.707110264748875,3,5,1862.0,7.529943370601589,3,0.9516207435068647
09573115,4,300.0,5.707110264748875,3,4,300.0,5.707110264748875,3,0.876307281176477
09573120,2,300.0,5.707110264748875,1,5,1862.0,7.529943370601589,3,0.8623374913510806
09573122,4,300.0,5.707110264748875,3,4,300.0,5.707110264748875,3,1.752018665346842
09573123,4,300.0,5.707110264748875,3,5,1862.0,7.529943370601589,3,0.9051124658840333
09573124,4,300.0,5.707110264748875,3,5,1862.0,7.529943370601589,3,0.8671799993783931
09573125,4,300.0,5.707110264748875,3,4,300.0,5.707110264748875,3,1.0179848065023387
09573126,4,300.0,5.707110264748875,3,5,1862.0,7.529943370601589,3,0.9437377207082607
09573127,4,300.0,5.707110264748875,3,4,300.0,5.707110264748875,3,1.501666129526155
09573129,4,300.0,5.707110264748875,3,5,1862.0,7.529943370601589,3,0.8765834148548499
09573130,4,300.0,5.707110264748875,3,5,1862.0,7.529943370601589,3,0.9155926278673693
09573133,1,0.0,0.0,1,5,1862.0,7.529943370601589,3,0.8224403207375045
09574111,0,0.0,0.0,0,4,300.0,5.707110264748875,3,0.7545113200019506
09574112,3,300.0,5.707110264748875,2,4,300.0,5.707110264748875,3,0.8436952230798552
09574117,3,300.0,5.707110264748875,2,4,300.0,5.707110264748875,3,0.8645638155782657
09574120,2,0.0,0.0,2,4,300.0,5.707110264748875,3,0.8076406477713584
09574123,4,300.0,5.707110264748875,3,4,300.0,5.707110264748875,3,1.0369295093610176
09574128,0,0.0,0.0,0,4,300.0,5.707110264748875,3,0.7714443625201162
09574129,0,0.0,0.0,0,4,300.0,5.707110264748875,3,0.7394247606251286
09574131,2,0.0,0.0,2,4,300.0,5.707110264748875,3,0.8046448949831758
09574132,2,0.0,0.0,2,4,300.0,5.707110264748875,3,0.7842542552066509
09574135,0,0.0,0.0,0,4,300.0,5.707110264748875,3,0.7744652340195004
09574138,3,300.0,5.707110264748875,2,4,300.0,5.707110264748875,3,0.8675363286964017
09574139,3,300.0,5.707110264748875,2,4,300.0,5.707110264748875,3,0.8830741050639146
09574140,0,0.0,0.0,0,4,300.0,5.707110264748875,3,0.7296744015130447
09574141,3,300.0,5.707110264748875,2,4,300.0,5.707110264748875,3,0.830324241585197
09574145,2,0.0,0.0,2,4,300.0,5.707110264748875,3,0.8042912374426703
09574146,3,300.0,5.707110264748875,2,4,300.0,5.707110264748875,3,0.8262679379414818
09574147,0,0.0,0.0,0,4,300.0,5.707110264748875,3,0.7564214356971859
09574150,2,0.0,0.0,2,4,300.0,5.707110264748875,3,0.8085018357887027
09574152,4,300.0,5.707110264748875,3,4,300.0,5.707110264748875,3,0.9424158233827349
09574154,4,300.0,5.707110264748875,3,4,300.0,5.707110264748875,3,0.9201571591251066
09574155,2,0.0,0.0,2,5,1862.0,7.529943370601589,3,0.8025949411204221
09574156,4,300.0,5.707110264748875,3,4,300.0,5.707110264748875,3,1.0317556298492154
09574157,4,300.0,5.707110264748875,3,4,300.0,5.707110264748875,3,0.9500086198069908
09574158,1,0.0,0.0,1,5,1862.0,7.529943370601589,3,0.7872233992478375
09574160,0,0.0,0.0,0,4,300.0,5.707110264748875,3,0.7393606151499541
09574161,0,0.0,0.0,0,4,300.0,5.707110264748875,3,0.7529335176006803
09574164,3,300.0,5.707110264748875,2,4,300.0,5.707110264748875,3,0.8935373822826085
09575112,0,0.0,0.0,0,2,300.0,5.707110264748875,1,0.7528160698967385
09575113,0,0.0,0.0,0,5,1862.0,7.529943370601589,3,0.7621998407252261
09575115,0,0.0,0.0,0,1,0.0,0.0,1,0.7443497218651021
09575116,0,0.0,0.0,0,4,3362.0,8.12058871174027,1,0.7644743210900349
09575117,0,0.0,0.0,0,5,1862.0,7.529943370601589,3,0.7845400962054637
09575118,0,0.0,0.0,0,5,1862.0,7.529943370601589,3,0.777403324043976
09575119,0,0.0,0.0,0,5,1862.0,7.529943370601589,3,0.766636870563072
09575121,1,0.0,0.0,1,5,1862.0,7.529943370601589,3,0.8054507251087639
09575122,0,0.0,0.0,0,1,0.0,0.0,1,0.7440125175318106
09575124,0,0.0,0.0,0,1,0.0,0.0,1,0.7407960088171315
09575125,0,0.0,0.0,0,5,1862.0,7.529943370601589,3,0.7834748111844031
09575127,0,0.0,0.0,0,0,0.0,0.0,0,0.7357631866942307
09575128,0,0.0,0.0,0,5,1862.0,7.529943370601589,3,0.7756024925160327
09575129,2,300.0,5.707110264748875,1,5,1862.0,7.529943370601589,3,0.8302288709631485
09575130,0,0.0,0.0,0,0,0.0,0.0,0,0.7317788819903057
09575133,0,0.0,0.0,0,2,300.0,5.707110264748875,1,0.7489905085108364
09575134,0,0.0,0.0,0,0,0.0,0.0,0,0.7377167250287597
09575135,0,0.0,0.0,0,4,300.0,5.707110264748875,3,0.7600267405245624
09575138,0,0.0,0.0,0,5,1862.0,7.529943370601589,3,0.76006177006263
09575143,0,0.0,0.0,0,2,300.0,5.707110264748875,1,0.7478862169427293
09575144,0,0.0,0.0,0,2,1562.0,7.354362330421477,1,0.7508398705751166
09575145,1,0.0,0.0,1,5,1862.0,7.529943370601589,3,0.7966268505481033
09575146,0,0.0,0.0,0,1,0.0,0.0,1,0.7456320988611456
09575147,0,0.0,0.0,0,4,3362.0,8.12058871174027,1,0.7608905788435265
09575150,0,0.0,0.0,0,5,1862.0,7.529943370601589,3,0.7685973541982247
09575152,1,0.0,0.0,1,4,300.0,5.707110264748875,3,0.7972796576691835
09575153,0,0.0,0.0,0,5,1862.0,7.529943370601589,3,0.7766959999282786
09575155,0,0.0,0.0,0,0,0.0,0.0,0,0.7339735572888892
09575156,0,0.0,0.0,0,4,300.0,5.707110264748875,3,0.7600551193340666
09575157,0,0.0,0.0,0,3,3062.0,8.027150106832774,1,0.7510672241302865
09575161,0,0.0,0.0,0,3,3062.0,8.027150106832774,1,0.7534703221471977
09575163,0,0.0,0.0,0,0,0.0,0.0,0,0.7324134092703128
09575165,0,0.0,0.0,0,3,1862.0,7.529943370601589,1,0.7522284905543615
09575166,0,0.0,0.0,0,4,300.0,5.707110264748875,3,0.7826786697419899
09575167,0,0.0,0.0,0,5,1862.0,7.529943370601589,3,0.7824528688781285
09575168,0,0.0,0.0,0,0,0.0,0.0,0,0.7376503981962084
09575179,0,0.0,0.0,0,0,0.0,0.0,0,0.7393556087615277
09575181,1,0.0,0.0,1,5,1862.0,7.529943370601589,3,0.8081374845369047
09576111,4,300.0,5.707110264748875,3,4,300.0,5.707110264748875,3,0.850511970289195
09576113,3,300.0,5.707110264748875,2,4,300.0,5.707110264748875,3,0.8397150209150546
09576117,4,300.0,5.707110264748875,3,4,300.0,5.707110264748875,3,0.8894933245143433
09576121,1,300.0,5.707110264748875,0,4,300.0,5.707110264748875,3,0.8212166937503339
09576122,0,0.0,0.0,0,6,1300.0,7.170888478512505,4,0.7875424787114591
09576126,0,0.0,0.0,0,6,300.0,5.707110264748875,5,0.8006592060106761
09576127,1,0.0,0.0,1,6,300.0,5.707110264748875,5,0.8159142576041221
09576128,4,300.0,5.707110264748875,3,4,300.0,5.707110264748875,3,0.9091199216647738
09576132,4,300.0,5.707110264748875,3,4,300.0,5.707110264748875,3,0.9426520268730578
09576137,4,300.0,5.707110264748875,3,4,300.0,5.707110264748875,3,0.9527726377806003
09576141,0,0.0,0.0,0,5,300.0,5.707110264748875,4,0.8065495300972377
09576142,4,300.0,5.707110264748875,3,4,300.0,5.707110264748875,3,0.922478800706034
09576143,4,300.0,5.707110264748875,3,4,300.0,5.707110264748875,3,0.8635696543506772
09576147,0,0.0,0.0,0,4,300.0,5.707110264748875,3,0.8083683093836771
09576148,0,0.0,0.0,0,7,1300.0,7.170888478512505,5,0.7910195596677887
09576151,4,300.0,5.707110264748875,3,4,300.0,5.707110264748875,3,1.1131683281255818
09577111,0,0.0,0.0,0,4,300.0,5.707110264748875,3,0.794410939222151
09577113,0,0.0,0.0,0,5,300.0,5.707110264748875,4,0.7793869339462167
09577114,0,0.0,0.0,0,5,1000.0,6.90875477931522,3,0.7787402227224934
09577115,0,0.0,0.0,0,7,1300.0,7.170888478512505,5,0.7915775504878193
09577120,0,0.0,0.0,0,7,1300.0,7.170888478512505,5,0.7897674312571479
09577122,0,0.0,0.0,0,5,1000.0,6.90875477931522,3,0.77560543614715
09577125,0,0.0,0.0,0,6,300.0,5.707110264748875,5,0.7859400698569693
09577127,0,0.0,0.0,0,6,300.0,5.707110264748875,5,0.7910330881554757
09577133,0,0.0,0.0,0,4,1000.0,6.90875477931522,2,0.7716326900565698
09577136,0,0.0,0.0,0,5,1000.0,6.90875477931522,3,0.7782585747296775
09577138,0,0.0,0.0,0,4,300.0,5.707110264748875,3,0.7894637503199913
09577140,0,0.0,0.0,0,3,1000.0,6.90875477931522,1,0.7721103835546381
09577141,0,0.0,0.0,0,6,300.0,5.707110264748875,5,0.7877804468566229
09577148,0,0.0,0.0,0,3,1000.0,6.90875477931522,2,0.7875305517527718
09577149,0,0.0,0.0,0,4,300.0,5.707110264748875,3,0.7768540228850161
09577150,0,0.0,0.0,0,4,300.0,5.707110264748875,3,0.775737253504143
09577151,0,0.0,0.0,0,7,1300.0,7.170888478512505,5,0.7906958667210378
09577158,0,0.0,0.0,0,3,1000.0,6.90875477931522,2,0.7870762658848314
09577159,0,0.0,0.0,0,4,300.0,5.707110264748875,3,0.7833843054822858
09577161,0,0.0,0.0,0,5,300.0,5.707110264748875,4,0.7928573666615986
09577162,0,0.0,0.0,0,2,830.0,6.7226297948554485,0,0.7740827782301334
09577163,0,0.0,0.0,0,7,1300.0,7.170888478512505,5,0.7914281788785231
09577168,0,0.0,0.0,0,3,1000.0,6.90875477931522,2,0.7929469996732503
09577172,0,0.0,0.0,0,4,300.0,5.707110264748875,3,0.7816842020448092
09577173,0,0.0,0.0,0,3,1000.0,6.90875477931522,2,0.7808872748341829
09577177,0,0.0,0.0,0,7,1300.0,7.170888478512505,5,0.7841943770019564
09577179,0,0.0,0.0,0,1,700.0,6.55250788703459,0,0.7693725495786086
09661000,0,0.0,0.0,0,4,3150.0,8.055475141757274,0,0.7862992590070605
09662000,1,1500.0,7.313886831633462,0,1,1500.0,7.313886831633462,0,0.8864867486428523
09663000,0,0.0,0.0,0,1,1500.0,7.313886831633462,0,0.7406761961917141
09671111,1,800.0,6.68586094706836,0,4,3150.0,8.055475141757274,0,0.8143710780020726
09671112,0,0.0,0.0,0,3,2150.0,7.67368812926773,0,0.7740648337854132
09671113,0,0.0,0.0,0,4,3150.0,8.055475141757274,0,0.7888065530271458
09671114,0,0.0,0.0,0,4,3150.0,8.055475141757274,0,0.8135610364770776
09671119,1,800.0,6.68586094706836,0,3,2400.0,7.783640596221253,0,0.806983529562731
09671120,0,0.0,0.0,0,4,3150.0,8.055475141757274,0,0.790027424458219
09671121,0,0.0,0.0,0,4,3150.0,8.055475141757274,0,0.7849017513896925
09671122,0,0.0,0.0,0,3,2150.0,7.67368812926773,0,0.791530208442329
09671124,0,0.0,0.0,0,3,2150.0,7.67368812926773,0,0.7790077399144444
09671126,0,0.0,0.0,0,1,800.0,6.68586094706836,0,0.7692089590487682
09671127,0,0.0,0.0,0,3,2150.0,7.67368812926773,0,0.763052240853171
09671128,0,0.0,0.0,0,1,800.0,6.68586094706836,0,0.7770541748407116
09671130,0,0.0,0.0,0,4,3150.0,8.055475141757274,0,0.7833991067948207
09671133,0,0.0,0.0,0,4,3150.0,8.055475141757274,0,0.794170459400211
09671134,1,800.0,6.68586094706836,0,4,3150.0,8.055475141757274,0,0.8179152319700189
09671135,1,800.0,6.68586094706836,0,2,1800.0,7.496097345175956,0,0.7909806202672471
09671136,0,0.0,0.0,0,4,3150.0,8.055475141757274,0,0.8001299636559098
09671138,1,800.0,6.68586094706836,0,4,3150.0,8.055475141757274,0,0.7959982386964936
09671139,0,0.0,0.0,0,1,800.0,6.68586094706836,0,0.7747221981330961
09671140,0,0.0,0.0,0,4,3150.0,8.055475141757274,0,0.7948761998380345
09671141,0,0.0,0.0,0,3,2150.0,7.67368812926773,0,0.765862799177362
09671143,0,0.0,0.0,0,4,3150.0,8.055475141757274,0,0.7983015041454082
09671148,0,0.0,0.0,0,1,800.0,6.68586094706836,0,0.7616537646105608
09671150,0,0.0,0.0,0,4,3150.0,8.055475141757274,0,0.7802891763338442
09671152,0,0.0,0.0,0,2,1800.0,7.496097345175956,0,0.7911889065210556
09671153,0,0.0,0.0,0,2,1800.0,7.496097345175956,0,0.7868021697516397
09671155,0,0.0,0.0,0,4,3150.0,8.055475141757274,0,0.7980005151161098
09671156,0,0.0,0.0,0,3,2150.0,7.67368812926773,0,0.770201576001674
09671157,0,0.0,0.0,0,1,800.0,6.68586094706836,0,0.7609494310903816
09671159,1,800.0,6.68586094706836,0,2,1800.0,7.496097345175956,0,0.800626145756496
09671160,0,0.0,0.0,0,0,0.0,0.0,0,0.7578429633971482
09671162,0,0.0,0.0,0,2,1800.0,7.496097345175956,0,0.7801966434587556
09672111,1,1500.0,7.313886831633462,0,1,1500.0,7.313886831633462,0,0.7836909982279954
09672112,1,1500.0,7.313886831633462,0,1,1500.0,7.313886831633462,0,0.7639578882155095
09672113,0,0.0,0.0,0,1,1500.0,7.313886831633462,0,0.759893882807806
09672114,1,1500.0,7.313886831633462,0,1,1500.0,7.313886831633462,0,0.7802354828336668
09672117,0,0.0,0.0,0,1,1500.0,7.313886831633462,0,0.7620088923469329
09672121,1,1500.0,7.313886831633462,0,1,1500.0,7.313886831633462,0,0.780096025988493
09672122,1,1500.0,7.313886831633462,0,1,1500.0,7.313886831633462,0,0.7922674168368451
09672124,1,1500.0,7.313886831633462,0,1,1500.0,7.313886831633462,0,0.7780856239724259
09672126,0,0.0,0.0,0,1,1500.0,7.313886831633462,0,0.7595533692469048
09672127,1,1500.0,7.313886831633462,0,1,1500.0,7.313886831633462,0,0.7707875576437473
09672131,1,1500.0,7.313886831633462,0,1,1500.0,7.313886831633462,0,0.7794535776906237
09672134,0,0.0,0.0,0,1,1500.0,7.313886831633462,0,0.7604848593894926
09672135,1,1500.0,7.313886831633462,0,1,1500.0,7.313886831633462,0,0.766862805925748
09672136,1,1500.0,7.313886831633462,0,1,1500.0,7.313886831633462,0,0.7751601989783292
09672138,0,0.0,0.0,0,1,1500.0,7.313886831633462,0,0.7600271758711501
09672139,1,1500.0,7.313886831633462,0,1,1500.0,7.313886831633462,0,0.7699278679963393
09672140,1,1500.0,7.313886831633462,0,1,1500.0,7.313886831633462,0,0.8284087985525412
09672142,1,1500.0,7.313886831633462,0,1,1500.0,7.313886831633462,0,0.8134116344555641
09672143,1,1500.0,7.313886831633462,0,1,1500.0,7.313886831633462,0,0.7994562110053669
09672145,0,0.0,0.0,0,1,1500.0,7.313886831633462,0,0.7582487958039944
09672149,0,0.0,0.0,0,1,1500.0,7.313886831633462,0,0.7598783725230975
09672155,1,1500.0,7.313886831633462,0,1,1500.0,7.313886831633462,0,0.8046209891288796
09672157,1,1500.0,7.313886831633462,0,1,1500.0,7.313886831633462,0,0.7694129867122039
09672161,0,0.0,0.0,0,1,1500.0,7.313886831633462,0,0.7616460206391618
09672163,0,0.0,0.0,0,1,1500.0,7.313886831633462,0,0.7561767733417881
09672166,0,0.0,0.0,0,2,2300.0,7.741099090035366,0,0.7636589722743655
09673113,0,0.0,0.0,0,2,2000.0,7.601402334583733,0,0.7523100333697527
09673114,0,0.0,0.0,0,2,2000.0,7.601402334583733,0,0.755592357282115
09673116,0,0.0,0.0,0,2,2000.0,7.601402334583733,0,0.7523409083340926
09673117,0,0.0,0.0,0,1,1500.0,7.313886831633462,0,0.7538824029845285
09673123,0,0.0,0.0,0,1,500.0,6.2166061010848646,0,0.7520081351266243
09673126,0,0.0,0.0,0,2,2000.0,7.601402334583733,0,0.7562863674642245
09673127,0,0.0,0.0,0,2,2000.0,7.601402334583733,0,0.7531660639072697
09673129,0,0.0,0.0,0,2,2000.0,7.601402334583733,0,0.7519048163072111
09673130,0,0.0,0.0,0,2,2000.0,7.601402334583733,0,0.7529445642936297
09673131,0,0.0,0.0,0,2,2000.0,7.601402334583733,0,0.7515493445901138
09673133,0,0.0,0.0,0,2,2000.0,7.601402334583733,0,0.7536013930114835
09673134,0,0.0,0.0,0,2,2000.0,7.601402334583733,0,0.7528595501529984
09673135,0,0.0,0.0,0,2,2000.0,7.601402334583733,0,0.7573568416925511
09673136,0,0.0,0.0,0,2,2000.0,7.601402334583733,0,0.753384837118558
09673141,0,0.0,0.0,0,2,2000.0,7.601402334583733,0,0.7517552076529795
09673142,0,0.0,0.0,0,2,2000.0,7.601402334583733,0,0.7528290591697324
09673146,0,0.0,0.0,0,2,2000.0,7.601402334583733,0,0.7592384099315105
09673147,0,0.0,0.0,0,2,2000.0,7.601402334583733,0,0.7517941528036102
09673149,0,0.0,0.0,0,2,2000.0,7.601402334583733,0,0.7520025015251068
09673151,0,0.0,0.0,0,2,2000.0,7.601402334583733,0,0.7524729889813879
09673153,0,0.0,0.0,0,2,2000.0,7.601402334583733,0,0.7520498499624471
09673156,0,0.0,0.0,0,2,2000.0,7.601402334583733,0,0.7552391035838203
09673160,0,0.0,0.0,0,2,2000.0,7.601402334583733,0,0.7538454669615637
09673161,0,0.0,0.0,0,2,2000.0,7.601402334583733,0,0.7573253297100049
09673162,0,0.0,0.0,0,1,1500.0,7.313886831633462,0,0.7557096668181981
09673163,0,0.0,0.0,0,2,2000.0,7.601402334583733,0,0.7535255203313451
09673167,0,0.0,0.0,0,2,2000.0,7.601402334583733,0,0.7517308831026196
09673170,0,0.0,0.0,0,2,2000.0,7.601402334583733,0,0.7526210412826562
09673171,1,1500.0,7.313886831633462,0,2,2000.0,7.601402334583733,0,0.7598725630178067
09673172,0,0.0,0.0,0,3,3562.0,8.178358165605836,0,0.749532780411108
09673173,0,0.0,0.0,0,2,2000.0,7.601402334583733,0,0.7552619715921803
09673174,0,0.0,0.0,0,2,2000.0,7.601402334583733,0,0.7502225351388834
09673175,0,0.0,0.0,0,2,2000.0,7.601402334583733,0,0.7528074110187446
09673182,0,0.0,0.0,0,2,2000.0,7.601402334583733,0,0.7526652269869087
09673183,0,0.0,0.0,0,2,2000.0,7.601402334583733,0,0.7533616278026232
09673184,0,0.0,0.0,0,2,2000.0,7.601402334583733,0,0.7534128248605955
09673186,1,1500.0,7.313886831633462,0,1,1500.0,7.313886831633462,0,0.7619758415144261
09674111,1,1500.0,7.313886831633462,0,2,3062.0,8.027150106832774,0,0.7621534518640403
09674118,1,1562.0,7.354362330421477,0,2,3062.0,8.027150106832774,0,0.7651881371823122
09674120,0,0.0,0.0,0,3,3562.0,8.178358165605836,0,0.7519261155160397
09674121,0,0.0,0.0,0,2,3062.0,8.027150106832774,0,0.7506343076316213
09674129,1,1562.0,7.354362330421477,0,2,3062.0,8.027150106832774,0,0.7677114998407073
09674130,1,1562.0,7.354362330421477,0,2,3062.0,8.027150106832774,0,0.7551553971812276
09674133,1,1562.0,7.354362330421477,0,2,3062.0,8.027150106832774,0,0.7681308476193489
09674139,1,1500.0,7.313886831633462,0,2,3062.0,8.027150106832774,0,0.7863892309715295
09674147,0,0.0,0.0,0,2,3062.0,8.027150106832774,0,0.7615272875580921
09674149,0,0.0,0.0,0,2,3062.0,8.027150106832774,0,0.7560019408324081
09674153,1,1500.0,7.313886831633462,0,2,3062.0,8.027150106832774,0,0.7633814861436208
09674159,1,1562.0,7.354362330421477,0,2,3062.0,8.027150106832774,0,0.7715595371717053
09674160,1,1562.0,7.354362330421477,0,2,3062.0,8.027150106832774,0,0.7618473224779229
09674163,0,0.0,0.0,0,2,3062.0,8.027150106832774,0,0.760983327111455
09674164,0,0.0,0.0,0,2,3062.0,8.027150106832774,0,0.7567487623847817
09674171,0,0.0,0.0,0,3,3562.0,8.178358165605836,0,0.747386783206281
09674180,1,1500.0,7.313886831633462,0,2,3062.0,8.027150106832774,0,0.766262398387523
09674184,0,0.0,0.0,0,3,3562.0,8.178358165605836,0,0.748639315051163
09674187,0,0.0,0.0,0,2,3062.0,8.027150106832774,0,0.7617128910994018
09674190,1,1562.0,7.354362330421477,0,2,3062.0,8.027150106832774,0,0.7613920492189865
09674195,0,0.0,0.0,0,2,3062.0,8.027150106832774,0,0.7617434342538646
09674201,1,1562.0,7.354362330421477,0,2,3062.0,8.027150106832774,0,0.777052013993234
09674210,0,0.0,0.0,0,1,1562.0,7.354362330421477,0,0.7492353406450242
09674219,1,1500.0,7.313886831633462,0,2,3062.0,8.027150106832774,0,0.7642240169287177
09674221,0,0.0,0.0,0,2,3062.0,8.027150106832774,0,0.7607736820600154
09674223,0,0.0,0.0,0,3,3562.0,8.178358165605836,0,0.7480606802330252
09675111,0,0.0,0.0,0,2,3062.0,8.027150106832774,0,0.7497015327333303
09675112,0,0.0,0.0,0,1,1500.0,7.313886831633462,0,0.74368288530375
09675113,0,0.0,0.0,0,1,1500.0,7.313886831633462,0,0.7412300064453948
09675114,0,0.0,0.0,0,1,1500.0,7.313886831633462,0,0.7420421884664085
09675116,0,0.0,0.0,0,2,3062.0,8.027150106832774,0,0.747535141501326
09675117,0,0.0,0.0,0,1,1500.0,7.313886831633462,0,0.7470770828342858
09675127,0,0.0,0.0,0,2,3062.0,8.027150106832774,0,0.7544141631323995
09675131,0,0.0,0.0,0,1,1500.0,7.313886831633462,0,0.744448219942717
09675139,0,0.0,0.0,0,1,1500.0,7.313886831633462,0,0.742181396731993
09675141,0,0.0,0.0,0,1,1500.0,7.313886831633462,0,0.7407840887584131
09675142,0,0.0,0.0,0,2,3062.0,8.027150106832774,0,0.7468606321838688
09675144,0,0.0,0.0,0,1,1500.0,7.313886831633462,0,0.7408724366127363
09675146,0,0.0,0.0,0,1,1500.0,7.313886831633462,0,0.743713775516697
09675147,0,0.0,0.0,0,1,1500.0,7.313886831633462,0,0.7365134383457064
09675148,0,0.0,0.0,0,1,1500.0,7.313886831633462,0,0.7431311637846838
09675149,0,0.0,0.0,0,1,1500.0,7.313886831633462,0,0.7376144721234317
09675150,0,0.0,0.0,0,1,1500.0,7.313886831633462,0,0.7350956519504519
09675155,1,1500.0,7.313886831633462,0,1,1500.0,7.313886831633462,0,0.7564657829574226
09675156,0,0.0,0.0,0,1,1500.0,7.313886831633462,0,0.7368132859082959
09675158,0,0.0,0.0,0,2,3062.0,8.027150106832774,0,0.7520888322261345
09675161,0,0.0,0.0,0,1,1500.0,7.313886831633462,0,0.7428650369293086
09675162,0,0.0,0.0,0,2,3062.0,8.027150106832774,0,0.7483210625495097
09675165,0,0.0,0.0,0,1,1500.0,7.313886831633462,0,0.7482152768966299
09675166,0,0.0,0.0,0,1,1500.0,7.313886831633462,0,0.7366573080253376
09675167,0,0.0,0.0,0,1,1500.0,7.313886831633462,0,0.7383611543217851
09675169,0,0.0,0.0,0,1,1500.0,7.313886831633462,0,0.7515535622164997
09675170,0,0.0,0.0,0,1,1500.0,7.313886831633462,0,0.7381495205069372
09675174,1,1500.0,7.313886831633462,0,1,1500.0,7.313886831633462,0,0.7577649412082303
09675177,0,0.0,0.0,0,2,3062.0,8.027150106832774,0,0.7460376375923348
09675178,0,0.0,0.0,0,2,3062.0,8.027150106832774,0,0.7501754348932833
09675179,0,0.0,0.0,0,1,1500.0,7.313886831633462,0,0.7401259818368582
09676111,0,0.0,0.0,0,0,0.0,0.0,0,0.7511557353723572
09676112,0,0.0,0.0,0,1,750.0,6.621405651764134,0,0.7562820776111048
09676116,0,0.0,0.0,0,2,1350.0,7.208600337960199,0,0.7548819463733584
09676117,0,0.0,0.0,0,0,0.0,0.0,0,0.7520313060555197
09676118,0,0.0,0.0,0,0,0.0,0.0,0,0.7495504881779567
09676119,0,0.0,0.0,0,0,0.0,0.0,0,0.7493908932323639
09676121,0,0.0,0.0,0,3,2150.0,7.67368812926773,0,0.7740467387204542
09676122,0,0.0,0.0,0,2,1350.0,7.208600337960199,0,0.771067690164263
09676123,0,0.0,0.0,0,2,1350.0,7.208600337960199,0,0.7618725957725586
09676124,0,0.0,0.0,0,0,0.0,0.0,0,0.7460965100504076
09676125,0,0.0,0.0,0,2,1350.0,7.208600337960199,0,0.7597424205513181
09676126,0,0.0,0.0,0,3,2150.0,7.67368812926773,0,0.776702041867271
09676128,0,0.0,0.0,0,3,2150.0,7.67368812926773,0,0.7701375389052005
09676131,0,0.0,0.0,0,3,3350.0,8.11701408773731,0,0.7596465326976054
09676132,0,0.0,0.0,0,2,1350.0,7.208600337960199,0,0.7605808321890646
09676133,0,0.0,0.0,0,3,2150.0,7.67368812926773,0,0.7752553540147373
09676134,0,0.0,0.0,0,2,1350.0,7.208600337960199,0,0.7671706707757198
09676135,0,0.0,0.0,0,2,1350.0,7.208600337960199,0,0.7658607845937002
09676136,0,0.0,0.0,0,3,2150.0,7.67368812926773,0,0.7716820688754233
09676139,0,0.0,0.0,0,2,1350.0,7.208600337960199,0,0.7550312230992209
09676140,0,0.0,0.0,0,3,2150.0,7.67368812926773,0,0.7857476840016024
09676141,0,0.0,0.0,0,2,1350.0,7.208600337960199,0,0.7592032152621426
09676143,0,0.0,0.0,0,0,0.0,0.0,0,0.744596378764846
09676144,0,0.0,0.0,0,3,2150.0,7.67368812926773,0,0.7820075237478581
09676145,0,0.0,0.0,0,3,2150.0,7.67368812926773,0,0.7759885339368149
09676151,0,0.0,0.0,0,2,1350.0,7.208600337960199,0,0.7598841080583028
09676153,0,0.0,0.0,0,2,1350.0,7.208600337960199,0,0.7632306208397223
09676156,0,0.0,0.0,0,0,0.0,0.0,0,0.7533032854383582
09676158,0,0.0,0.0,0,0,0.0,0.0,0,0.7480418024834439
09676160,0,0.0,0.0,0,3,2150.0,7.67368812926773,0,0.7799635161492415
09676165,0,0.0,0.0,0,2,1350.0,7.208600337960199,0,0.7575075494236563
09676169,0,0.0,0.0,0,2,1350.0,7.208600337960199,0,0.7712446889622405
09677114,1,1500.0,7.313886831633462,0,1,1500.0,7.313886831633462,0,0.7744524805614355
09677116,0,0.0,0.0,0,2,2300.0,7.741099090035366,0,0.7660480894369328
09677119,0,0.0,0.0,0,1,1500.0,7.313886831633462,0,0.7432219191042848
09677120,0,0.0,0.0,0,0,0.0,0.0,0,0.7489245256295374
09677122,0,0.0,0.0,0,2,2300.0,7.741099090035366,0,0.7614706924199433
09677125,0,0.0,0.0,0,1,1500.0,7.313886831633462,0,0.741406659455744
09677126,0,0.0,0.0,0,0,0.0,0.0,0,0.7463247133152491
09677127,0,0.0,0.0,0,1,1500.0,7.313886831633462,0,0.7566420332504298
09677128,0,0.0,0.0,0,2,2300.0,7.741099090035366,0,0.7640189625060558
09677129,0,0.0,0.0,0,2,2300.0,7.741099090035366,0,0.765019362030918
09677131,0,0.0,0.0,0,1,1500.0,7.313886831633462,0,0.7567602327832121
09677132,0,0.0,0.0,0,1,1500.0,7.313886831633462,0,0.7573470799887074
09677133,0,0.0,0.0,0,1,1500.0,7.313886831633462,0,0.7601354583357558
09677135,0,0.0,0.0,0,1,1500.0,7.313886831633462,0,0.745169105299373
09677137,0,0.0,0.0,0,0,0.0,0.0,0,0.7442523236759102
09677142,0,0.0,0.0,0,1,1500.0,7.313886831633462,0,0.7500736542324902
09677146,0,0.0,0.0,0,1,1500.0,7.313886831633462,0,0.7443970854735475
09677148,0,0.0,0.0,0,1,1500.0,7.313886831633462,0,0.752226564863969
09677149,0,0.0,0.0,0,1,1500.0,7.313886831633462,0,0.7588181011364012
09677151,0,0.0,0.0,0,0,0.0,0.0,0,0.741715651055292
09677154,0,0.0,0.0,0,1,1500.0,7.313886831633462,0,0.7414638709818817
09677155,0,0.0,0.0,0,2,2300.0,7.741099090035366,0,0.7544976362029321
09677157,0,0.0,0.0,0,1,1500.0,7.313886831633462,0,0.7435992116165497
09677159,0,0.0,0.0,0,2,2300.0,7.741099090035366,0,0.7646374867341048
09677164,0,0.0,0.0,0,2,2300.0,7.741099090035366,0,0.7558965043510502
09677165,0,0.0,0.0,0,1,800.0,6.68586094706836,0,0.7632008584805448
09677166,0,0.0,0.0,0,1,1500.0,7.313886831633462,0,0.7502903323576937
09677169,0,0.0,0.0,0,2,2300.0,7.741099090035366,0,0.7652148764311372
09677170,0,0.0,0.0,0,2,2300.0,7.741099090035366,0,0.7603876271942913
09677172,0,0.0,0.0,0,2,2300.0,7.741099090035366,0,0.756472018645166
09677175,0,0.0,0.0,0,1,1500.0,7.313886831633462,0,0.7524459599025095
09677177,0,0.0,0.0,0,2,2300.0,7.741099090035366,0,0.7590700566283568
09677178,0,0.0,0.0,0,1,1500.0,7.313886831633462,0,0.7465211700465528
09677181,0,0.0,0.0,0,1,1500.0,7.313886831633462,0,0.7469686995979934
09677182,0,0.0,0.0,0,0,0.0,0.0,0,0.748122674855094
09677186,0,0.0,0.0,0,1,1500.0,7.313886831633462,0,0.7501272736418869
09677189,0,0.0,0.0,0,1,1500.0,7.313886831633462,0,0.7548641792009572
09677193,0,0.0,0.0,0,1,1500.0,7.313886831633462,0,0.7464696988577033
09677200,0,0.0,0.0,0,1,800.0,6.68586094706836,0,0.7649040420878224
09677203,0,0.0,0.0,0,1,1500.0,7.313886831633462,0,0.7481856164053331
09678115,1,1500.0,7.313886831633462,0,1,1500.0,7.313886831633462,0,0.861452796908939
09678122,1,1500.0,7.313886831633462,0,2,3062.0,8.027150106832774,0,0.7608649884758085
09678123,1,1500.0,7.313886831633462,0,1,1500.0,7.313886831633462,0,0.9200138563801248
09678124,1,1500.0,7.313886831633462,0,2,3062.0,8.027150106832774,0,0.7660208610379958
09678128,1,1500.0,7.313886831633462,0,1,1500.0,7.313886831633462,0,1.2618259512204206
09678130,1,1500.0,7.313886831633462,0,2,3062.0,8.027150106832774,0,0.7605092644771052
09678132,1,1500.0,7.313886831633462,0,1,1500.0,7.313886831633462,0,1.1039494301909838
09678134,1,1500.0,7.313886831633462,0,2,3062.0,8.027150106832774,0,0.7613056433893867
09678135,1,1500.0,7.313886831633462,0,2,3062.0,8.027150106832774,0,0.810699830053838
09678136,1,1500.0,7.313886831633462,0,1,1500.0,7.313886831633462,0,0.8455953860991253
09678138,1,1500.0,7.313886831633462,0,2,3062.0,8.027150106832774,0,0.7852794103884227
09678150,1,1500.0,7.313886831633462,0,2,3062.0,8.027150106832774,0,0.7722054013028568
09678153,1,1500.0,7.313886831633462,0,2,3062.0,8.027150106832774,0,0.7573766577341849
09678157,0,0.0,0.0,0,2,3062.0,8.027150106832774,0,0.7598903154848247
09678164,0,0.0,0.0,0,2,3062.0,8.027150106832774,0,0.7563359430995724
09678168,1,1500.0,7.313886831633462,0,1,1500.0,7.313886831633462,0,0.9649639530391352
09678170,1,1500.0,7.313886831633462,0,1,1500.0,7.313886831633462,0,0.8153918413682923
09678174,1,1500.0,7.313886831633462,0,2,3062.0,8.027150106832774,0,0.807670651957249
09678175,1,1500.0,7.313886831633462,0,1,1500.0,7.313886831633462,0,0.7749663944721914
09678176,1,1500.0,7.313886831633462,0,2,3062.0,8.027150106832774,0,0.8076732464534225
09678178,1,1500.0,7.313886831633462,0,1,1500.0,7.313886831633462,0,0.8404440385420587
09678181,1,1500.0,7.313886831633462,0,1,1500.0,7.313886831633462,0,0.7668757591042281
09678183,1,1500.0,7.313886831633462,0,2,3062.0,8.027150106832774,0,0.7703448214134454
09678186,1,1500.0,7.313886831633462,0,1,1500.0,7.313886831633462,0,0.8291525245629331
09678190,1,1500.0,7.313886831633462,0,1,1500.0,7.313886831633462,0,0.7985605284875883
09678192,1,1500.0,7.313886831633462,0,1,1500.0,7.313886831633462,0,0.8204133100855056
09678193,1,1500.0,7.313886831633462,0,1,1500.0,7.313886831633462,0,0.8130406299318182
09678196,1,1500.0,7.313886831633462,0,1,1500.0,7.313886831633462,0,0.7751263743668899
09679114,0,0.0,0.0,0,0,0.0,0.0,0,0.7306196324055809
09679117,1,1500.0,7.313886831633462,0,1,1500.0,7.313886831633462,0,0.7631410424214617
09679118,0,0.0,0.0,0,0,0.0,0.0,0,0.7285726222134101
09679122,0,0.0,0.0,0,0,0.0,0.0,0,0.7284887752829095
09679124,0,0.0,0.0,0,1,1500.0,7.313886831633462,0,0.7361937378653363
09679126,0,0.0,0.0,0,1,1500.0,7.313886831633462,0,0.7363138897991657
09679128,0,0.0,0.0,0,1,1500.0,7.313886831633462,0,0.7449884088131089
09679130,0,0.0,0.0,0,1,1500.0,7.313886831633462,0,0.746748916654082
09679131,0,0.0,0.0,0,1,1500.0,7.313886831633462,0,0.7351377725780814
09679134,0,0.0,0.0,0,1,1500.0,7.313886831633462,0,0.731371141183571
09679135,0,0.0,0.0,0,0,0.0,0.0,0,0.7298986887751071
09679136,0,0.0,0.0,0,1,1500.0,7.313886831633462,0,0.7402268485729746
09679137,0,0.0,0.0,0,1,1500.0,7.313886831633462,0,0.7322441140329112
09679138,0,0.0,0.0,0,1,1500.0,7.313886831633462,0,0.7312868799355785
09679141,0,0.0,0.0,0,1,1500.0,7.313886831633462,0,0.7399367027945318
09679142,0,0.0,0.0,0,1,1500.0,7.313886831633462,0,0.7482868043214237
09679143,1,1500.0,7.313886831633462,0,1,1500.0,7.313886831633462,0,0.7685816333730799
09679144,0,0.0,0.0,0,1,1500.0,7.313886831633462,0,0.7365753566462311
09679146,0,0.0,0.0,0,1,1500.0,7.313886831633462,0,0.739321144586844
09679147,0,0.0,0.0,0,1,1500.0,7.313886831633462,0,0.7387886627939405
09679149,0,0.0,0.0,0,1,1500.0,7.313886831633462,0,0.7381900996181984
09679153,0,0.0,0.0,0,0,0.0,0.0,0,0.7305681861682143
09679154,0,0.0,0.0,0,1,1500.0,7.313886831633462,0,0.7353968193140327
09679155,0,0.0,0.0,0,1,1500.0,7.313886831633462,0,0.7326723573437346
09679156,0,0.0,0.0,0,1,1500.0,7.313886831633462,0,0.7504662663206114
09679161,0,0.0,0.0,0,1,1500.0,7.313886831633462,0,0.7431239390627067
09679164,0,0.0,0.0,0,0,0.0,0.0,0,0.7353594707888611
09679165,0,0.0,0.0,0,1,1500.0,7.313886831633462,0,0.7342420304762652
09679167,1,1500.0,7.313886831633462,0,1,1500.0,7.313886831633462,0,0.7641522832006986
09679169,1,1500.0,7.313886831633462,0,1,1500.0,7.313886831633462,0,0.7583160907251444
09679170,0,0.0,0.0,0,1,1500.0,7.313886831633462,0,0.7340274896100232
09679174,1,1500.0,7.313886831633462,0,1,1500.0,7.313886831633462,0,0.7566485665517872
09679175,0,0.0,0.0,0,1,1500.0,7.313886831633462,0,0.7384660386674657
09679176,0,0.0,0.0,0,1,1500.0,7.313886831633462,0,0.7352686713899139
09679177,0,0.0,0.0,0,1,1500.0,7.313886831633462,0,0.7394575199836779
09679179,0,0.0,0.0,0,0,0.0,0.0,0,0.7285404588712361
09679180,0,0.0,0.0,0,1,1500.0,7.313886831633462,0,0.7486772546883
09679182,0,0.0,0.0,0,0,0.0,0.0,0,0.7276652838970232
09679185,0,0.0,0.0,0,1,1500.0,7.313886831633462,0,0.7424596880542766
09679187,0,0.0,0.0,0,1,1500.0,7.313886831633462,0,0.73544706895381
09679188,0,0.0,0.0,0,0,0.0,0.0,0,0.7300374190701282
09679192,0,0.0,0.0,0,0,0.0,0.0,0,0.7268679765790687
09679193,0,0.0,0.0,0,1,1500.0,7.313886831633462,0,0.7390508191964635
09679194,0,0.0,0.0,0,1,1500.0,7.313886831633462,0,0.746872484783796
09679196,0,0.0,0.0,0,1,1500.0,7.313886831633462,0,0.7386318060793119
09679200,0,0.0,0.0,0,1,1500.0,7.313886831633462,0,0.7445047749475151
09679201,1,1500.0,7.313886831633462,0,1,1500.0,7.313886831633462,0,0.7546838883804359
09679202,0,0.0,0.0,0,1,1500.0,7.313886831633462,0,0.7430589895687424
09679204,0,0.0,0.0,0,1,1500.0,7.313886831633462,0,0.7360889682604783
09679205,0,0.0,0.0,0,1,1500.0,7.313886831633462,0,0.7385046212155975
09679206,0,0.0,0.0,0,1,1500.0,7.313886831633462,0,0.7353502343307208
09679209,0,0.0,0.0,0,1,1500.0,7.313886831633462,0,0.7408783093804103
09762000,0,0.0,0.0,0,2,440.0,6.089044875446846,0,0.6566052395689839
09764000,0,0.0,0.0,0,2,400.0,5.993961427306569,0,0.6469853292733239
09771111,5,1477.0,7.298445101508147,0,11,3417.0,8.136810863675537,2,0.9562886176302848
09771112,4,477.0,6.169610732491456,0,8,2767.0,7.92588031673756,1,1.08425965393215
09771113,4,477.0,6.169610732491456,0,11,3067.0,8.028781162487148,3,0.9200236442524992
09771114,3,301.0,5.71042701737487,0,10,2967.0,7.995643604287271,2,0.9499041910754362
09771122,4,477.0,6.169610732491456,0,9,2767.0,7.92588031673756,2,1.0763412614658432
09771129,5,1477.0,7.298445101508147,0,10,3417.0,8.136810863675537,1,1.0171009785775513
09771130,5,767.0,6.643789733147672,0,7,1767.0,7.477604243197589,1,1.230983213104348
09771140,4,477.0,6.169610732491456,0,9,2767.0,7.92588031673756,2,0.9315664036694795
09771141,3,301.0,5.71042701737487,0,9,2767.0,7.92588031673756,2,0.8962679122571164
09771142,6,1767.0,7.477604243197589,0,7,1767.0,7.477604243197589,1,1.3537930538982872
09771144,2,190.0,5.25227342804663,0,11,3067.0,8.028781162487148,3,0.8815494112261906
09771145,6,1767.0,7.477604243197589,0,8,2067.0,7.63433723562832,1,1.1863580596438204
09771149,4,477.0,6.169610732491456,0,9,2767.0,7.92588031673756,2,1.0165404869535424
09771155,3,301.0,5.71042701737487,0,9,2767.0,7.92588031673756,2,0.9387218320724297
09771156,2,190.0,5.25227342804663,0,9,2767.0,7.92588031673756,2,0.8664677783109085
09771158,4,477.0,6.169610732491456,0,9,2967.0,7.995643604287271,1,1.0155728183971788
09771160,6,1767.0,7.477604243197589,0,9,2417.0,7.790696031174738,1,1.139040271786056
09771162,2,190.0,5.25227342804663,0,12,3417.0,8.136810863675537,3,0.8683713282206652
09771163,6,1767.0,7.477604243197589,0,7,1767.0,7.477604243197589,1,1.0163854914886643
09771165,5,1477.0,7.298445101508147,0,12,3417.0,8.136810863675537,3,0.9225118578492957
09771168,6,1767.0,7.477604243197589,0,9,2417.0,7.790696031174738,1,1.015077276837654
09771169,3,301.0,5.71042701737487,0,10,2967.0,7.995643604287271,2,0.948378109465976
09771176,3,301.0,5.71042701737487,0,9,2767.0,7.92588031673756,2,0.8682214940960956
09772111,3,301.0,5.71042701737487,0,8,2097.0,7.6487397889562425,0,0.9525755228160835
09772114,0,0.0,0.0,0,9,2097.0,7.6487397889562425,1,0.8420051523500558
09772115,2,311.0,5.7430031878094825,0,8,1347.0,7.206377291472252,0,0.8577234816781716
09772117,4,477.0,6.169610732491456,0,8,2097.0,7.6487397889562425,0,1.0897840615284087
09772121,3,301.0,5.71042701737487,0,8,2097.0,7.6487397889562425,0,0.918627853252947
09772125,5,767.0,6.643789733147672,0,7,1967.0,7.584773077612199,0,1.0155810394863931
09772126,3,301.0,5.71042701737487,0,8,2097.0,7.6487397889562425,0,0.9291282627721393
09772130,5,767.0,6.643789733147672,0,8,2097.0,7.6487397889562425,0,1.0690293210602526
09772131,1,111.0,4.718498871295094,0,8,1347.0,7.206377291472252,0,0.8509490569440387
09772134,3,301.0,5.71042701737487,0,9,2097.0,7.6487397889562425,1,0.8495103319550172
09772136,3,301.0,5.71042701737487,0,10,2097.0,7.6487397889562425,2,0.8564196496175376
09772137,3,301.0,5.71042701737487,0,8,1347.0,7.206377291472252,0,0.8792448351160883
09772141,5,767.0,6.643789733147672,0,9,2347.0,7.761319180947987,0,0.8691805435958553
09772145,4,477.0,6.169610732491456,0,8,2097.0,7.6487397889562425,0,1.0553489613359655
09772147,4,477.0,6.169610732491456,0,7,1967.0,7.584773077612199,0,1.3504495012577589
09772148,5,767.0,6.643789733147672,0,8,2097.0,7.6487397889562425,0,0.9618802767527701
09772149,5,767.0,6.643789733147672,0,6,1767.0,7.477604243197589,0,1.2752901511451908
09772151,5,767.0,6.643789733147672,0,7,1967.0,7.584773077612199,0,0.9648497215304014
09772156,3,301.0,5.71042701737487,0,8,2097.0,7.6487397889562425,0,0.9424245826813548
09772157,2,466.0,6.1463292576688975,0,7,1967.0,7.584773077612199,0,0.869374976240876
09772159,3,301.0,5.71042701737487,0,9,2347.0,7.761319180947987,0,0.9218918738004918
09772160,5,767.0,6.643789733147672,0,7,1967.0,7.584773077612199,0,1.0370578989321637
09772162,2,466.0,6.1463292576688975,0,6,1767.0,7.477604243197589,0,1.5412339282578686
09772163,5,767.0,6.643789733147672,0,6,1767.0,7.477604243197589,0,1.0659117708598616
09772166,3,301.0,5.71042701737487,0,9,2097.0,7.6487397889562425,1,0.8738922667226734
09772167,5,767.0,6.643789733147672,0,8,2097.0,7.6487397889562425,0,0.921664713963261
09772168,2,401.0,5.996452088619021,0,8,1347.0,7.206377291472252,0,0.8307195036651209
09772170,2,466.0,6.1463292576688975,0,6,1767.0,7.477604243197589,0,0.9097592229154561
09772171,3,301.0,5.71042701737487,0,10,3097.0,8.038512020976814,1,0.9820142340385491
09772177,3,301.0,5.71042701737487,0,10,3097.0,8.038512020976814,1,0.8974018244746764
09772178,2,401.0,5.996452088619021,0,8,2217.0,7.704361167910313,0,0.8412194202948995
09772179,1,290.0,5.673323267171493,0,7,1217.0,7.1049654482698426,0,0.7889830193471778
09772184,5,767.0,6.643789733147672,0,7,1967.0,7.584773077612199,0,1.7354673394165734
09772185,3,301.0,5.71042701737487,0,9,2097.0,7.6487397889562425,1,0.855038599418476
09772186,5,767.0,6.643789733147672,0,7,1967.0,7.584773077612199,0,1.0212896438000112
09772197,1,290.0,5.673323267171493,0,7,1967.0,7.584773077612199,0,0.8143202553755362
09772200,3,577.0,6.359573868672378,0,7,1967.0,7.584773077612199,0,0.954380773058155
09772202,5,767.0,6.643789733147672,0,7,1967.0,7.584773077612199,0,1.4985389337769564
09772207,3,301.0,5.71042701737487,0,11,3097.0,8.038512020976814,2,0.8846185364749946
09772211,4,591.0,6.3835066348840055,0,9,2347.0,7.761319180947987,0,0.8689594685159174
09772214,1,290.0,5.673323267171493,0,7,1217.0,7.1049654482698426,0,0.8084267729655993
09772215,5,767.0,6.643789733147672,0,7,1967.0,7.584773077612199,0,0.9768133301395421
09772216,3,301.0,5.71042701737487,0,8,1347.0,7.206377291472252,0,0.8855151678933959
09772217,3,301.0,5.71042701737487,0,9,2097.0,7.6487397889562425,1,0.870447911805145
09772223,4,501.0,6.218600119691729,0,8,1347.0,7.206377291472252,0,0.8622915196322798
09773111,2,330.0,5.802118375377063,0,8,1347.0,7.206377291472252,0,0.8590259020813045
09773112,2,330.0,5.802118375377063,0,5,1391.0,7.238496840894365,0,0.9325069909433819
09773113,2,330.0,5.802118375377063,0,7,1581.0,7.366445148327599,0,0.9313821366620748
09773116,1,111.0,4.718498871295094,0,8,1347.0,7.206377291472252,0,0.8431721038442007
09773117,0,0.0,0.0,0,6,1331.0,7.194436851100335,0,0.8005679291326941
09773119,0,0.0,0.0,0,6,807.0,6.694562058521095,0,0.8200553086281195
09773122,0,0.0,0.0,0,7,1097.0,7.001245622069476,0,0.8359123637139338
09773125,2,330.0,5.802118375377063,0,8,1757.0,7.471932078245122,0,0.8393548853863768
09773133,2,330.0,5.802118375377063,0,8,1347.0,7.206377291472252,0,0.8520837574920974
09773136,2,330.0,5.802118375377063,0,7,1581.0,7.366445148327599,0,0.8941330851795044
09773137,2,330.0,5.802118375377063,0,7,1581.0,7.366445148327599,0,0.8792611883468426
09773139,1,130.0,4.875197323201151,0,8,1757.0,7.471932078245122,0,0.8254141241437409
09773140,2,330.0,5.802118375377063,0,8,1347.0,7.206377291472252,0,0.8460351517204521
09773143,3,301.0,5.71042701737487,0,7,1097.0,7.001245622069476,0,0.8663418515598198
09773144,2,330.0,5.802118375377063,0,7,1581.0,7.366445148327599,0,0.8580397526203364
09773146,1,130.0,4.875197323201151,0,7,1581.0,7.366445148327599,0,0.8184348222596325
09773147,2,330.0,5.802118375377063,0,7,1581.0,7.366445148327599,0,0.8394154903870714
09773150,1,130.0,4.875197323201151,0,7,1581.0,7.366445148327599,0,0.8210236843633946
09773153,2,330.0,5.802118375377063,0,7,1581.0,7.366445148327599,0,0.9251954610096704
09773164,0,0.0,0.0,0,6,807.0,6.694562058521095,0,0.8145705874025287
09773170,2,330.0,5.802118375377063,0,4,1280.0,7.155396301896734,0,0.9284831803045573
09773179,1,111.0,4.718498871295094,0,8,1347.0,7.206377291472252,0,0.8540024210234609
09773182,1,111.0,4.718498871295094,0,7,1097.0,7.001245622069476,0,0.8481855441176843
09773183,2,330.0,5.802118375377063,0,7,1581.0,7.366445148327599,0,0.85287488418058
09773186,2,330.0,5.802118375377063,0,7,1581.0,7.366445148327599,0,0.8490953609624674
09773187,2,330.0,5.802118375377063,0,5,1391.0,7.238496840894365,0,0.8786480363479015
09773188,1,111.0,4.718498871295094,0,8,1347.0,7.206377291472252,0,0.8516850060763189
09774111,0,0.0,0.0,0,8,1347.0,7.206377291472252,0,0.7417395391032892
09774115,0,0.0,0.0,0,8,1347.0,7.206377291472252,0,0.780671736812149
09774116,0,0.0,0.0,0,8,1347.0,7.206377291472252,0,0.7789600544433521
09774117,0,0.0,0.0,0,5,981.0,6.889591308354466,0,0.7455692297231065
09774118,3,580.0,6.364750756851911,0,4,691.0,6.539585955617669,0,0.9833820906050498
09774119,3,580.0,6.364750756851911,0,4,691.0,6.539585955617669,0,0.883372295625894
09774121,2,330.0,5.802118375377063,0,8,1347.0,7.206377291472252,0,0.867188040408259
09774122,1,200.0,5.303304908059076,0,8,1347.0,7.206377291472252,0,0.8114874380824475
09774124,1,200.0,5.303304908059076,0,8,1347.0,7.206377291472252,0,0.7576362375468386
09774127,2,330.0,5.802118375377063,0,8,1347.0,7.206377291472252,0,0.8669273442424295
09774129,0,0.0,0.0,0,5,981.0,6.889591308354466,0,0.7326863588038667
09774133,2,450.0,6.111467339502679,0,7,1171.0,7.066466970136958,0,0.8058444863581196
09774136,2,330.0,5.802118375377063,0,7,1171.0,7.066466970136958,0,0.8857540457483296
09774140,1,200.0,5.303304908059076,0,8,1347.0,7.206377291472252,0,0.8531155333036183
09774143,2,450.0,6.111467339502679,0,7,1171.0,7.066466970136958,0,0.8387842429494237
09774144,1,200.0,5.303304908059076,0,8,1347.0,7.206377291472252,0,0.8345715123280382
09774145,1,200.0,5.303304908059076,0,8,1347.0,7.206377291472252,0,0.8321099971480781
09774148,3,580.0,6.364750756851911,0,7,1171.0,7.066466970136958,0,0.8989607560648185
09774150,0,0.0,0.0,0,8,1347.0,7.206377291472252,0,0.7553715124057413
09774151,2,311.0,5.7430031878094825,0,8,1347.0,7.206377291472252,0,0.8468861219871013
09774155,3,580.0,6.364750756851911,0,4,691.0,6.539585955617669,0,0.9759749911371407
09774160,1,200.0,5.303304908059076,0,8,1347.0,7.206377291472252,0,0.7991188501307761
09774162,1,200.0,5.303304908059076,0,8,1347.0,7.206377291472252,0,0.7860505099760872
09774166,1,290.0,5.673323267171493,0,8,1347.0,7.206377291472252,0,0.7885557971330729
09774171,2,330.0,5.802118375377063,0,7,1171.0,7.066466970136958,0,0.9412370122540876
09774174,2,330.0,5.802118375377063,0,7,1171.0,7.066466970136958,0,0.9537526559465518
09774178,1,200.0,5.303304908059076,0,8,1347.0,7.206377291472252,0,0.8495646341004274
09774185,0,0.0,0.0,0,8,1347.0,7.206377291472252,0,0.7912174309663182
09774189,2,450.0,6.111467339502679,0,7,1171.0,7.066466970136958,0,0.7826031929596919
09774191,2,450.0,6.111467339502679,0,7,1171.0,7.066466970136958,0,0.8152802853358299
09774192,0,0.0,0.0,0,8,1347.0,7.206377291472252,0,0.7333915751654975
09774196,1,200.0,5.303304908059076,0,8,1347.0,7.206377291472252,0,0.8507777844636824
09774198,0,0.0,0.0,0,8,1347.0,7.206377291472252,0,0.8117496562782163
09775111,0,0.0,0.0,0,3,600.0,6.398594934535208,0,0.691652683367532
09775115,1,250.0,5.5254529391317835,0,3,580.0,6.364750756851911,0,0.7396945954433566
09775118,1,250.0,5.5254529391317835,0,4,870.0,6.769641976852503,0,0.7270137404964361
09775126,2,450.0,6.111467339502679,0,3,580.0,6.364750756851911,0,0.8837253696434537
09775129,1,250.0,5.5254529391317835,0,3,580.0,6.364750756851911,0,0.7202536469681966
09775132,0,0.0,0.0,0,3,600.0,6.398594934535208,0,0.6797541243614108
09775134,3,580.0,6.364750756851911,0,3,580.0,6.364750756851911,0,0.8870143581229455
09775139,3,580.0,6.364750756851911,0,3,580.0,6.364750756851911,0,0.9344900854286163
09775141,0,0.0,0.0,0,4,890.0,6.792344427470809,0,0.7056484810565824
09775142,0,0.0,0.0,0,4,890.0,6.792344427470809,0,0.6931334685569737
09775143,2,450.0,6.111467339502679,0,3,580.0,6.364750756851911,0,0.8253542145836197
09775149,2,450.0,6.111467339502679,0,5,981.0,6.889591308354466,0,0.762418996905242
09775152,2,450.0,6.111467339502679,0,3,580.0,6.364750756851911,0,0.8136155343817164
09775161,1,250.0,5.5254529391317835,0,4,870.0,6.769641976852503,0,0.7133712380222244
09775162,1,250.0,5.5254529391317835,0,3,580.0,6.364750756851911,0,0.7556092464447881
09775164,2,450.0,6.111467339502679,0,3,580.0,6.364750756851911,0,0.7795841947217599
09776111,0,0.0,0.0,0,0,0.0,0.0,0,0.5052435296645357
09776112,0,0.0,0.0,0,1,150.0,5.017279836814924,0,0.5506493122921381
09776113,0,0.0,0.0,0,1,150.0,5.017279836814924,0,0.5484094141027808
09776114,0,0.0,0.0,0,1,150.0,5.017279836814924,0,0.5364742131745243
09776115,0,0.0,0.0,0,1,150.0,5.017279836814924,0,0.5211505784701539
09776116,0,0.0,0.0,0,0,0.0,0.0,0,0.5013524635876333
09776117,0,0.0,0.0,0,1,150.0,5.017279836814924,0,0.5278992943047311
09776118,1,150.0,5.017279836814924,0,1,150.0,5.017279836814924,0,0.5621276231368435
09776120,0,0.0,0.0,0,0,0.0,0.0,0,0.5031997606386277
09776121,0,0.0,0.0,0,1,150.0,5.017279836814924,0,0.5239892613028789
09776122,0,0.0,0.0,0,1,150.0,5.017279836814924,0,0.5291915782554608
09776124,0,0.0,0.0,0,1,150.0,5.017279836814924,0,0.5422341641607967
09776125,0,0.0,0.0,0,1,150.0,5.017279836814924,0,0.5199766951516793
09776126,0,0.0,0.0,0,1,150.0,5.017279836814924,0,0.5153120887165022
09776127,0,0.0,0.0,0,1,150.0,5.017279836814924,0,0.5375643516314849
09776128,0,0.0,0.0,0,0,0.0,0.0,0,0.503626046844287
09776129,0,0.0,0.0,0,1,150.0,5.017279836814924,0,0.5259287287508211
09776130,0,0.0,0.0,0,1,150.0,5.017279836814924,0,0.51046846703596
09776131,0,0.0,0.0,0,1,150.0,5.017279836814924,0,0.5340529953437497
09777111,1,150.0,5.017279836814924,0,2,440.0,6.089044875446846,0,0.6454556982586775
09777112,0,0.0,0.0,0,2,440.0,6.089044875446846,0,0.6429071920659575
09777114,0,0.0,0.0,0,3,616.0,6.424869023905388,0,0.6725662031790911
09777118,0,0.0,0.0,0,3,744.0,6.61338421837956,0,0.6415395432811524
09777121,1,290.0,5.673323267171493,0,7,1917.0,7.559038255443384,0,0.7437610244929808
09777124,1,150.0,5.017279836814924,0,2,440.0,6.089044875446846,0,0.6633346045358894
09777125,0,0.0,0.0,0,2,454.0,6.12029741895095,0,0.5793411986812482
09777128,1,150.0,5.017279836814924,0,2,440.0,6.089044875446846,0,0.6552777008167876
09777129,0,0.0,0.0,0,2,454.0,6.12029741895095,0,0.5681692895627829
09777130,0,0.0,0.0,0,3,616.0,6.424869023905388,0,0.6731925115811925
09777131,1,150.0,5.017279836814924,0,2,454.0,6.12029741895095,0,0.6273245971723925
09777135,0,0.0,0.0,0,2,454.0,6.12029741895095,0,0.5790494548215752
09777138,1,150.0,5.017279836814924,0,2,440.0,6.089044875446846,0,0.6624420954067076
09777139,0,0.0,0.0,0,2,440.0,6.089044875446846,0,0.6637588679299242
09777140,1,290.0,5.673323267171493,0,7,1917.0,7.559038255443384,0,0.7184043152082109
09777141,0,0.0,0.0,0,3,616.0,6.424869023905388,0,0.672875225319992
09777144,1,150.0,5.017279836814924,0,1,150.0,5.017279836814924,0,0.6576582136759166
09777145,1,290.0,5.673323267171493,0,6,1767.0,7.477604243197589,0,0.8059534646520368
09777147,0,0.0,0.0,0,2,454.0,6.12029741895095,0,0.6040458337669764
09777149,1,150.0,5.017279836814924,0,2,454.0,6.12029741895095,0,0.607765196337702
09777151,1,150.0,5.017279836814924,0,3,744.0,6.61338421837956,0,0.6292934621609454
09777152,0,0.0,0.0,0,3,616.0,6.424869023905388,0,0.6621555189329357
09777153,1,150.0,5.017279836814924,0,2,454.0,6.12029741895095,0,0.5891802463634666
09777154,1,150.0,5.017279836814924,0,2,440.0,6.089044875446846,0,0.6606191135411097
09777155,0,0.0,0.0,0,4,1616.0,7.388327859577107,0,0.6876726105129163
09777157,0,0.0,0.0,0,4,920.0,6.825460036255307,0,0.6592617362006041
09777158,0,0.0,0.0,0,3,616.0,6.424869023905388,0,0.6727967336753597
09777159,1,150.0,5.017279836814924,0,2,454.0,6.12029741895095,0,0.5697641400634149
09777163,0,0.0,0.0,0,2,454.0,6.12029741895095,0,0.5810663066988003
09777164,0,0.0,0.0,0,3,616.0,6.424869023905388,0,0.6848931230912193
09777165,1,150.0,5.017279836814924,0,2,440.0,6.089044875446846,0,0.6582549734991354
09777166,0,0.0,0.0,0,2,454.0,6.12029741895095,0,0.5905599652732364
09777167,1,150.0,5.017279836814924,0,2,440.0,6.089044875446846,0,0.6410486833660325
09777168,1,150.0,5.017279836814924,0,2,454.0,6.12029741895095,0,0.6005773258312848
09777169,0,0.0,0.0,0,2,454.0,6.12029741895095,0,0.5720913701972249
09777170,1,150.0,5.017279836814924,0,2,454.0,6.12029741895095,0,0.5931815425514366
09777171,0,0.0,0.0,0,3,744.0,6.61338421837956,0,0.6141415470303078
09777172,0,0.0,0.0,0,3,616.0,6.424869023905388,0,0.6631596041832537
09777173,1,304.0,5.720311776607412,0,2,454.0,6.12029741895095,0,0.5892031150994275
09777175,1,150.0,5.017279836814924,0,1,150.0,5.017279836814924,0,0.6446365323622917
09777176,1,150.0,5.017279836814924,0,1,150.0,5.017279836814924,0,0.6718629383800392
09777177,1,290.0,5.673323267171493,0,7,1917.0,7.559038255443384,0,0.7227698779223709
09777179,1,150.0,5.017279836814924,0,2,454.0,6.12029741895095,0,0.6210198467347012
09777182,0,0.0,0.0,0,3,616.0,6.424869023905388,0,0.6807219847831418
09777183,0,0.0,0.0,0,3,744.0,6.61338421837956,0,0.6238851303840822
09778111,1,290.0,5.673323267171493,0,7,1917.0,7.559038255443384,0,0.7517929814930631
09778113,0,0.0,0.0,0,4,727.0,6.590301048196686,0,0.6923930740903722
09778115,0,0.0,0.0,0,4,890.0,6.792344427470809,0,0.7007652957035657
09778116,0,0.0,0.0,0,4,727.0,6.590301048196686,0,0.6998713763119242
09778118,0,0.0,0.0,0,2,400.0,5.993961427306569,0,0.6472600253870762
09778119,1,150.0,5.017279836814924,0,1,150.0,5.017279836814924,0,0.6525507712124992
09778120,0,0.0,0.0,0,4,890.0,6.792344427470809,0,0.6711508048592905
09778121,0,0.0,0.0,0,8,1367.0,7.221105098182496,0,0.719350397112661
09778123,0,0.0,0.0,0,2,400.0,5.993961427306569,0,0.6445461317125024
09778127,0,0.0,0.0,0,4,727.0,6.590301048196686,0,0.687778126825521
09778130,0,0.0,0.0,0,4,890.0,6.792344427470809,0,0.6851674607201452
09778134,1,290.0,5.673323267171493,0,7,1217.0,7.1049654482698426,0,0.757552158131487
09778136,0,0.0,0.0,0,4,890.0,6.792344427470809,0,0.6770626968828191
09778137,1,290.0,5.673323267171493,0,8,2117.0,7.658227526161352,0,0.7725723628846828
09778139,0,0.0,0.0,0,3,600.0,6.398594934535208,0,0.6657411661195112
09778144,1,150.0,5.017279836814924,0,1,150.0,5.017279836814924,0,0.6409138832752216
09778149,0,0.0,0.0,0,2,440.0,6.089044875446846,0,0.653830373031948
09778150,0,0.0,0.0,0,3,600.0,6.398594934535208,0,0.6564248427705033
09778151,0,0.0,0.0,0,4,890.0,6.792344427470809,0,0.6649518112607318
09778157,0,0.0,0.0,0,5,1001.0,6.90975328164481,0,0.7103253657505705
09778158,0,0.0,0.0,0,8,1367.0,7.221105098182496,0,0.7478800766960025
09778161,1,150.0,5.017279836814924,0,1,150.0,5.017279836814924,0,0.6311232231125674
09778162,1,150.0,5.017279836814924,0,1,150.0,5.017279836814924,0,0.6470880123131185
09778163,0,0.0,0.0,0,4,890.0,6.792344427470809,0,0.6778218864650751
09778164,1,150.0,5.017279836814924,0,1,150.0,5.017279836814924,0,0.6238881803387407
09778165,1,150.0,5.017279836814924,0,1,150.0,5.017279836814924,0,0.621932215311228
09778168,1,150.0,5.017279836814924,0,2,440.0,6.089044875446846,0,0.6629393812574293
09778169,1,290.0,5.673323267171493,0,7,1117.0,7.0192966537150445,0,0.7636562841355469
09778171,0,0.0,0.0,0,2,400.0,5.993961427306569,0,0.6506742679098454
09778173,0,0.0,0.0,0,5,927.0,6.833031732786201,0,0.7016548517175141
09778177,0,0.0,0.0,0,4,890.0,6.792344427470809,0,0.6655421329821289
09778180,0,0.0,0.0,0,6,1177.0,7.071573364211532,0,0.6902251732409492
09778183,0,0.0,0.0,0,6,1177.0,7.071573364211532,0,0.7054890851594529
09778184,0,0.0,0.0,0,4,890.0,6.792344427470809,0,0.693931027306051
09778186,1,150.0,5.017279836814924,0,2,440.0,6.089044875446846,0,0.6535976644190891
09778187,0,0.0,0.0,0,8,1367.0,7.221105098182496,0,0.7233151542841898
09778188,0,0.0,0.0,0,3,600.0,6.398594934535208,0,0.6719784435186918
09778190,0,0.0,0.0,0,8,1367.0,7.221105098182496,0,0.7314043231502407
09778196,0,0.0,0.0,0,3,690.0,6.53813982376767,0,0.6715528117794047
09778199,0,0.0,0.0,0,3,616.0,6.424869023905388,0,0.686601509408687
09778202,0,0.0,0.0,0,3,690.0,6.53813982376767,0,0.6551311736275685
09778203,1,290.0,5.673323267171493,0,7,1917.0,7.559038255443384,0,0.7389693759067724
09778204,1,290.0,5.673323267171493,0,7,1117.0,7.0192966537150445,0,0.7401013887534394
09778205,0,0.0,0.0,0,3,690.0,6.53813982376767,0,0.6610596755033634
09778207,0,0.0,0.0,0,2,440.0,6.089044875446846,0,0.6719551038615859
09778209,1,290.0,5.673323267171493,0,7,1117.0,7.0192966537150445,0,0.7294514835027555
09778214,0,0.0,0.0,0,3,690.0,6.53813982376767,0,0.6668523122126293
09778216,1,290.0,5.673323267171493,0,7,1917.0,7.559038255443384,0,0.7346612537981437
09778217,0,0.0,0.0,0,4,890.0,6.792344427470809,0,0.6896912392757273
09778218,1,150.0,5.017279836814924,0,1,150.0,5.017279836814924,0,0.6467680528884263
09778219,1,150.0,5.017279836814924,0,1,150.0,5.017279836814924,0,0.6396217794078886
09778221,0,0.0,0.0,0,6,1131.0,7.0317412587631285,0,0.7170639963382098
09779111,0,0.0,0.0,0,3,1030.0,6.93828448401696,0,0.7795524800731299
09779112,1,130.0,4.875197323201151,0,6,1331.0,7.194436851100335,0,0.8048197395178137
09779115,0,0.0,0.0,0,9,1807.0,7.4999765409521215,2,0.8161688865287654
09779117,0,0.0,0.0,0,1,700.0,6.55250788703459,0,0.768392926334972
09779126,0,0.0,0.0,0,7,1431.0,7.266827347520591,2,0.793851819166512
09779129,0,0.0,0.0,0,6,1301.0,7.171656822768514,2,0.7986213293805098
09779130,0,0.0,0.0,0,3,1030.0,6.93828448401696,0,0.7782719728058933
09779131,0,0.0,0.0,0,7,1631.0,7.397561535524052,1,0.8041067703196629
09779136,0,0.0,0.0,0,3,1030.0,6.93828448401696,0,0.7891495497669433
09779138,0,0.0,0.0,0,2,830.0,6.7226297948554485,0,0.7703063445286137
09779146,1,130.0,4.875197323201151,0,3,1030.0,6.93828448401696,0,0.800346978307746
09779147,1,700.0,6.55250788703459,0,2,830.0,6.7226297948554485,0,0.7739651548759778
09779148,0,0.0,0.0,0,4,941.0,6.848005274576363,1,0.7839442356534783
09779149,0,0.0,0.0,0,8,1607.0,7.382746449738912,2,0.8137598571193351
09779154,0,0.0,0.0,0,2,830.0,6.7226297948554485,0,0.7703711625329104
09779155,0,0.0,0.0,0,6,1331.0,7.194436851100335,0,0.788120720859014
09779162,0,0.0,0.0,0,4,1141.0,7.040536390215956,0,0.7898285970787184
09779163,2,190.0,5.25227342804663,0,8,1767.0,7.477604243197589,2,0.8539276034376128
09779167,0,0.0,0.0,0,3,941.0,6.848005274576363,0,0.7832353396313646
09779169,0,0.0,0.0,0,7,1431.0,7.266827347520591,2,0.795118405475641
09779176,0,0.0,0.0,0,2,830.0,6.7226297948554485,0,0.7746469582863356
09779177,1,700.0,6.55250788703459,0,2,830.0,6.7226297948554485,0,0.7768768510545153
09779178,0,0.0,0.0,0,6,1301.0,7.171656822768514,2,0.8121261334939653
09779180,0,0.0,0.0,0,2,830.0,6.7226297948554485,0,0.7717452015607683
09779181,0,0.0,0.0,0,8,1807.0,7.4999765409521215,1,0.8237890461031816
09779184,0,0.0,0.0,0,6,1331.0,7.194436851100335,0,0.7900712372025093
09779185,0,0.0,0.0,0,3,1030.0,6.93828448401696,0,0.7845314425068506
09779186,0,0.0,0.0,0,5,1190.0,7.0825485693553,2,0.7876537391112912
09779187,0,0.0,0.0,0,9,1807.0,7.4999765409521215,2,0.846075902731741
09779188,0,0.0,0.0,0,2,830.0,6.7226297948554485,0,0.7726998114267991
09779192,0,0.0,0.0,0,7,1477.0,7.298445101508147,2,0.8150402848067753
09779194,0,0.0,0.0,0,3,1030.0,6.93828448401696,0,0.7823972745252101
09779196,0,0.0,0.0,0,9,1807.0,7.4999765409521215,2,0.8232973230375915
09779197,0,0.0,0.0,0,2,830.0,6.7226297948554485,0,0.7705225593160917
09779198,0,0.0,0.0,0,3,830.0,6.7226297948554485,1,0.7810450239223573
09779201,0,0.0,0.0,0,7,1477.0,7.298445101508147,2,0.8219289914752019
09779203,0,0.0,0.0,0,3,1030.0,6.93828448401696,0,0.785485187195957
09779206,0,0.0,0.0,0,3,1000.0,6.90875477931522,2,0.7943666727026832
09779217,0,0.0,0.0,0,6,1301.0,7.171656822768514,2,0.8007986539336869
09779218,0,0.0,0.0,0,6,807.0,6.694562058521095,0,0.8114125650301107
09779224,0,0.0,0.0,0,3,1030.0,6.93828448401696,0,0.7797043122276817
09779226,0,0.0,0.0,0,2,830.0,6.7226297948554485,0,0.7749568737323115
09779228,0,0.0,0.0,0,3,830.0,6.7226297948554485,1,0.778241273640512
09779231,0,0.0,0.0,0,2,700.0,6.55250788703459,1,0.7775954762867823
09780112,1,150.0,5.017279836814924,0,1,150.0,5.017279836814924,0,0.652938885903313
09780113,0,0.0,0.0,0,1,150.0,5.017279836814924,0,0.5106248016063031
09780114,1,150.0,5.017279836814924,0,1,150.0,5.017279836814924,0,0.7921170212678729
09780115,1,150.0,5.017279836814924,0,1,150.0,5.017279836814924,0,0.548533747272423
09780116,0,0.0,0.0,0,1,150.0,5.017279836814924,0,0.5174556605377553
09780117,1,150.0,5.017279836814924,0,1,150.0,5.017279836814924,0,0.6662232931584771
09780118,1,150.0,5.017279836814924,0,1,150.0,5.017279836814924,0,0.5489191250334751
09780119,1,150.0,5.017279836814924,0,1,150.0,5.017279836814924,0,0.6868628058096238
09780120,1,150.0,5.017279836814924,0,1,150.0,5.017279836814924,0,0.7627292722436487
09780121,0,0.0,0.0,0,1,150.0,5.017279836814924,0,0.519039062166009
09780122,1,150.0,5.017279836814924,0,1,150.0,5.017279836814924,0,0.7047062361962597
09780123,0,0.0,0.0,0,1,150.0,5.017279836814924,0,0.5400251776858525
09780124,1,150.0,5.017279836814924,0,1,150.0,5.017279836814924,0,0.5527805479883869
09780125,1,150.0,5.017279836814924,0,1,150.0,5.017279836814924,0,0.7496212940684717
09780127,1,150.0,5.017279836814924,0,1,150.0,5.017279836814924,0,0.5560694565881092
09780128,1,150.0,5.017279836814924,0,2,454.0,6.12029741895095,0,0.6093473469638017
09780131,0,0.0,0.0,0,1,150.0,5.017279836814924,0,0.5143096716238049
09780132,0,0.0,0.0,0,1,150.0,5.017279836814924,0,0.5286765856172643
09780133,0,0.0,0.0,0,1,150.0,5.017279836814924,0,0.504326526866927
09780134,0,0.0,0.0,0,1,150.0,5.017279836814924,0,0.529142773119088
09780137,1,150.0,5.017279836814924,0,1,150.0,5.017279836814924,0,0.5671607665734446
09780139,0,0.0,0.0,0,1,150.0,5.017279836814924,0,0.5379430611298917
09780140,1,150.0,5.017279836814924,0,1,150.0,5.017279836814924,0,0.6516440598941295
09780143,1,150.0,5.017279836814924,0,1,150.0,5.017279836814924,0,0.6697766939435702
09780144,1,150.0,5.017279836814924,0,1,150.0,5.017279836814924,0,0.5734139386766591
09780145,1,150.0,5.017279836814924,0,1,150.0,5.017279836814924,0,0.5862400097529101
09780146,1,150.0,5.017279836814924,0,1,150.0,5.017279836814924,0,0.6914918046651405
09780147,1,150.0,5.017279836814924,0,1,150.0,5.017279836814924,0,0.7110731325431947
10041100,1,0.0,0.0,1,3,1700.0,7.438971592395862,1,0.634580806324927
10041511,1,0.0,0.0,1,3,1700.0,7.438971592395862,1,0.6767862105087561
10041512,1,0.0,0.0,1,1,0.0,0.0,1,0.6048467886970685
10041513,1,0.0,0.0,1,3,1700.0,7.438971592395862,1,0.7360387277757356
10041514,0,0.0,0.0,0,1,0.0,0.0,1,0.6062538188113558
10041515,1,0.0,0.0,1,3,1700.0,7.438971592395862,1,0.6611043574044974
10041516,1,0.0,0.0,1,3,1700.0,7.438971592395862,1,0.6836112241457182
10041517,1,0.0,0.0,1,3,1700.0,7.438971592395862,1,0.6824865815538738
10041518,1,0.0,0.0,1,3,1700.0,7.438971592395862,1,0.6676298522677849
10041519,1,0.0,0.0,1,2,1000.0,6.90875477931522,1,0.6284511395757735
10042111,1,0.0,0.0,1,3,2000.0,7.601402334583733,1,0.6547183355112152
10042112,2,1000.0,6.90875477931522,1,4,2700.0,7.901377353792616,1,0.6962787972648858
10042113,1,0.0,0.0,1,3,2000.0,7.601402334583733,1,0.6448497871183914
10042114,1,0.0,0.0,1,3,2000.0,7.601402334583733,1,0.6425540773124219
10042115,0,0.0,0.0,0,3,2000.0,7.601402334583733,1,0.5844140646010947
10042116,2,1000.0,6.90875477931522,1,4,2700.0,7.901377353792616,1,0.7489935912021098
10042117,2,1000.0,6.90875477931522,1,4,2700.0,7.901377353792616,1,0.7367965212992063
10043111,1,0.0,0.0,1,4,2700.0,7.901377353792616,1,0.8281871094688897
10043112,1,0.0,0.0,1,3,1700.0,7.438971592395862,1,0.7162632653721227
10043113,1,0.0,0.0,1,3,1700.0,7.438971592395862,1,0.7033815997115542
10043114,1,0.0,0.0,1,3,1700.0,7.438971592395862,1,0.6821734829001076
10043115,2,700.0,6.55250788703459,1,3,1700.0,7.438971592395862,1,0.7047465276655103
10043116,1,0.0,0.0,1,3,1700.0,7.438971592395862,1,0.695309593791467
10043117,1,0.0,0.0,1,3,1700.0,7.438971592395862,1,0.6707104190947872
10044111,1,0.0,0.0,1,3,2000.0,7.601402334583733,1,0.6523289222788367
10044113,1,0.0,0.0,1,4,2700.0,7.901377353792616,1,0.7136164008621475
10044114,1,0.0,0.0,1,3,2000.0,7.601402334583733,1,0.6414161995121992
10044115,1,0.0,0.0,1,2,1000.0,6.90875477931522,1,0.6425423154456427
10044116,1,0.0,0.0,1,4,2700.0,7.901377353792616,1,0.7062565936851456
10044117,1,0.0,0.0,1,4,2700.0,7.901377353792616,1,0.8181060295020087
10044118,1,0.0,0.0,1,2,1000.0,6.90875477931522,1,0.6586014343873938
10044119,1,0.0,0.0,1,2,1000.0,6.90875477931522,1,0.5948639636830708
10044120,1,0.0,0.0,1,2,1000.0,6.90875477931522,1,0.6262344570248222
10044121,1,0.0,0.0,1,3,2000.0,7.601402334583733,1,0.6369874492888212
10044122,1,0.0,0.0,1,2,1000.0,6.90875477931522,1,0.6345818352943587
10044123,1,0.0,0.0,1,2,1000.0,6.90875477931522,1,0.6461911787292292
10045111,1,700.0,6.55250788703459,0,3,1700.0,7.438971592395862,1,0.6840397896866514
10045112,0,0.0,0.0,0,2,700.0,6.55250788703459,1,0.6456158180964708
10045113,0,0.0,0.0,0,2,700.0,6.55250788703459,1,0.6166523564952283
10045114,0,0.0,0.0,0,3,1700.0,7.438971592395862,1,0.6790304108862547
10045115,0,0.0,0.0,0,3,1700.0,7.438971592395862,1,0.6598747275122394
10045116,0,0.0,0.0,0,2,700.0,6.55250788703459,1,0.6265108458178661
10045117,1,0.0,0.0,1,3,1700.0,7.438971592395862,1,0.6560500859657774
10046111,1,700.0,6.55250788703459,0,5,3150.0,8.055475141757274,1,0.7705922012382995
10046112,1,0.0,0.0,1,4,2700.0,7.901377353792616,1,0.7339766300325246
10046113,3,1700.0,7.438971592395862,1,5,3150.0,8.055475141757274,1,0.7403382903191555
10046114,2,1700.0,7.438971592395862,0,5,3150.0,8.055475141757274,1,0.7546232347820392
10046115,2,1000.0,6.90875477931522,1,5,3150.0,8.055475141757274,1,0.8111704108153871
10046116,3,1700.0,7.438971592395862,1,5,3150.0,8.055475141757274,1,0.7381972176713332
10046117,2,700.0,6.55250788703459,1,4,2700.0,7.901377353792616,1,0.727419731667358
10046118,2,1000.0,6.90875477931522,1,4,2700.0,7.901377353792616,1,0.7400404550058808
12051000,0,0.0,0.0,0,3,598.0,6.395261598115449,0,0.8369694272831176
12052000,0,0.0,0.0,0,1,1085.0,6.990256500493881,0,0.6512039678320021
12054000,4,910.0,6.814542897259958,0,19,5612.0,8.6328406149422,0,1.2186647246492899
12060005,16,4104.0,8.31996102188653,0,19,5612.0,8.6328406149422,0,2.4000359594177776
12060012,0,0.0,0.0,0,4,1172.0,7.067319848653476,0,0.7285714701733018
12060020,12,3089.0,8.035926369891792,0,18,4612.0,8.43663368355782,0,1.3646294704536044
12060024,3,871.0,6.77078942390898,0,18,4612.0,8.43663368355782,0,1.030365507483407
12060034,0,0.0,0.0,0,16,4104.0,8.31996102188653,0,0.8799715834790194
12060036,0,0.0,0.0,0,11,3058.0,8.025843344150903,0,0.7848105835804426
12060045,0,0.0,0.0,0,8,2137.0,7.6676260915849905,0,0.7540516972611486
12060052,0,0.0,0.0,0,13,3401.0,8.132118772955806,0,0.8292836127760442
12060068,0,0.0,0.0,0,1,296.0,5.6937321388027,0,0.703389572150183
12060092,0,0.0,0.0,0,12,3089.0,8.035926369891792,0,0.8042521784134136
12060100,0,0.0,0.0,0,3,871.0,6.77078942390898,0,0.7297290014200685
12060128,0,0.0,0.0,0,8,2137.0,7.6676260915849905,0,0.7504093444833644
12060149,0,0.0,0.0,0,0,0.0,0.0,0,0.6725268452993228
12060154,0,0.0,0.0,0,17,4405.0,8.39072252736229,0,0.9057103307302189
12060161,2,531.0,6.2766434893416445,0,17,4405.0,8.39072252736229,0,0.965666496020103
12060172,0,0.0,0.0,0,11,2827.0,7.947325027016463,0,0.7844943853589329
12060176,0,0.0,0.0,0,3,832.0,6.725033642166843,0,0.721266958724516
12060181,14,3491.0,8.158229916959494,0,19,5612.0,8.6328406149422,0,1.6199695333628412
12060185,0,0.0,0.0,0,0,0.0,0.0,0,0.6794080514158317
12060192,8,2137.0,7.6676260915849905,0,18,4612.0,8.43663368355782,0,1.1492174162284987
12060198,0,0.0,0.0,0,15,3792.0,8.2409125416889,0,0.8669924672001681
12060250,5,1462.0,7.288244401020124,0,18,4612.0,8.43663368355782,0,1.0782356530465746
12060269,5,1390.0,7.237778191923443,0,18,4612.0,8.43663368355782,0,1.1448143522945076
12060280,11,2827.0,7.947325027016463,0,19,5612.0,8.6328406149422,0,1.2372403053313574
12060296,0,0.0,0.0,0,2,531.0,6.2766434893416445,0,0.7104333633347858
12061005,0,0.0,0.0,0,1,1085.0,6.990256500493881,0,0.7291925625108174
12061017,0,0.0,0.0,0,1,1000.0,6.90875477931522,0,0.7931035570303759
12061020,3,1613.0,7.3864708488298945,0,19,5612.0,8.6328406149422,0,1.0925977716152813
12061061,0,0.0,0.0,0,1,1085.0,6.990256500493881,0,0.6952224847462062
12061097,0,0.0,0.0,0,1,1000.0,6.90875477931522,0,0.7980718897395574
12061112,13,4066.0,8.310660905907225,0,19,5612.0,8.6328406149422,0,1.5111083998995878
12061164,0,0.0,0.0,0,3,1613.0,7.3864708488298945,0,0.8190894387529156
12061192,1,1000.0,6.90875477931522,0,16,4675.0,8.450198322591959,0,0.9597269492916329
12061216,1,1000.0,6.90875477931522,0,10,3351.0,8.117312461601975,0,0.8892406172217565
12061217,2,613.0,6.419994928147142,0,19,5612.0,8.6328406149422,0,1.028089390256878
12061219,0,0.0,0.0,0,1,1000.0,6.90875477931522,0,0.7640846662713703
12061224,1,1085.0,6.990256500493881,0,2,1085.0,6.990256500493881,1,0.6954787003492462
12061244,0,0.0,0.0,0,1,1000.0,6.90875477931522,0,0.7884030562709013
12061260,6,2296.0,7.739359202689098,0,19,5612.0,8.6328406149422,0,1.2194660565350095
12061265,0,0.0,0.0,0,3,1613.0,7.3864708488298945,0,0.8056811236129087
12061308,0,0.0,0.0,0,2,1085.0,6.990256500493881,1,0.7011409082738751
12061316,0,0.0,0.0,0,1,1000.0,6.90875477931522,0,0.7570067222804019
12061320,0,0.0,0.0,0,1,1000.0,6.90875477931522,0,0.7597050211217378
12061328,0,0.0,0.0,0,10,3351.0,8.117312461601975,0,0.8706530619200531
12061329,0,0.0,0.0,0,3,2085.0,7.643003635560718,1,0.7602374029850245
12061332,3,1613.0,7.3864708488298945,0,19,5612.0,8.6328406149422,0,1.2285971679344907
12061344,0,0.0,0.0,0,10,3351.0,8.117312461601975,0,0.8695208923238735
12061352,0,0.0,0.0,0,1,1085.0,6.990256500493881,0,0.7191288420209468
12061405,0,0.0,0.0,0,3,1613.0,7.3864708488298945,0,0.8302997486096846
12061428,0,0.0,0.0,0,3,1613.0,7.3864708488298945,0,0.7886974462878598
12061433,17,4971.0,8.511577452630602,0,19,5612.0,8.6328406149422,0,2.1966356875618267
12061435,0,0.0,0.0,0,2,1409.0,7.251344983372214,0,0.7947470998960435
12061444,12,3848.0,8.255568653283746,0,19,5612.0,8.6328406149422,0,1.521321235698501
12061448,1,1000.0,6.90875477931522,0,16,4675.0,8.450198322591959,0,0.9606748137625973
12061450,0,0.0,0.0,0,2,1085.0,6.990256500493881,1,0.7283159952544832
12061470,0,0.0,0.0,0,1,1085.0,6.990256500493881,0,0.7068260007532686
12061471,0,0.0,0.0,0,1,1000.0,6.90875477931522,0,0.8223229559496397
12061476,0,0.0,0.0,0,1,1085.0,6.990256500493881,0,0.7104553985032609
12061492,1,1000.0,6.90875477931522,0,16,4675.0,8.450198322591959,0,0.9525857731642642
12061510,0,0.0,0.0,0,4,2698.0,7.900636613018005,0,0.8236373076697351
12061540,10,3351.0,8.117312461601975,0,19,5612.0,8.6328406149422,0,1.266892603900419
12061572,10,3351.0,8.117312461601975,0,19,5612.0,8.6328406149422,0,1.3983264668277997
12062024,0,0.0,0.0,0,0,0.0,0.0,0,0.7682494518457452
12062088,0,0.0,0.0,0,0,0.0,0.0,0,0.7327099306153431
12062092,0,0.0,0.0,0,0,0.0,0.0,0,0.7478542382057336
12062124,0,0.0,0.0,0,4,820.0,6.710523109452428,2,0.7645828354507722
12062128,0,0.0,0.0,0,0,0.0,0.0,0,0.7776042455127256
12062134,0,0.0,0.0,0,0,0.0,0.0,0,0.7598561987253165
12062140,0,0.0,0.0,0,0,0.0,0.0,0,0.7314207115639337
12062177,0,0.0,0.0,0,0,0.0,0.0,0,0.7444563389262737
12062196,0,0.0,0.0,0,5,820.0,6.710523109452428,3,0.772390084380111
12062208,0,0.0,0.0,0,5,820.0,6.710523109452428,3,0.7711958053176757
12062219,0,0.0,0.0,0,0,0.0,0.0,0,0.7358258567432656
12062224,0,0.0,0.0,0,0,0.0,0.0,0,0.7783347433349839
12062232,0,0.0,0.0,0,5,820.0,6.710523109452428,3,0.7746922884901559
12062237,0,0.0,0.0,0,0,0.0,0.0,0,0.7676717597611773
12062240,0,0.0,0.0,0,4,820.0,6.710523109452428,2,0.7554218067458274
12062282,0,0.0,0.0,0,0,0.0,0.0,0,0.7751339038717673
12062289,0,0.0,0.0,0,1,1000.0,6.90875477931522,0,0.7781339485431487
12062293,0,0.0,0.0,0,0,0.0,0.0,0,0.7247940269336081
12062333,0,0.0,0.0,0,0,0.0,0.0,0,0.7287679654233947
12062336,0,0.0,0.0,0,5,820.0,6.710523109452428,3,0.776281975073013
12062341,0,0.0,0.0,0,0,0.0,0.0,0,0.7929602803707072
12062372,0,0.0,0.0,0,4,820.0,6.710523109452428,2,0.754569235889504
12062410,0,0.0,0.0,0,4,820.0,6.710523109452428,2,0.7727760339259442
12062417,0,0.0,0.0,0,0,0.0,0.0,0,0.7481852003362619
12062425,0,0.0,0.0,0,0,0.0,0.0,0,0.7134252374606302
12062440,0,0.0,0.0,0,0,0.0,0.0,0,0.7640833833199889
12062445,0,0.0,0.0,0,0,0.0,0.0,0,0.7695542669659206
12062453,0,0.0,0.0,0,0,0.0,0.0,0,0.7542197273923427
12062461,0,0.0,0.0,0,1,1000.0,6.90875477931522,0,0.7926491220614842
12062464,0,0.0,0.0,0,5,820.0,6.710523109452428,3,0.7550059125108495
12062469,0,0.0,0.0,0,0,0.0,0.0,0,0.7419626137599757
12062492,0,0.0,0.0,0,0,0.0,0.0,0,0.7605024365724915
12062500,0,0.0,0.0,0,0,0.0,0.0,0,0.7719559574512883
12063036,4,910.0,6.814542897259958,0,19,5612.0,8.6328406149422,0,1.1210653293309711
12063056,7,1730.0,7.456454555176209,0,19,5612.0,8.6328406149422,0,1.3537170971672936
12063080,9,2389.0,7.779048644925556,0,19,5612.0,8.6328406149422,0,1.3623986945393225
12063088,0,0.0,0.0,0,1,301.0,5.71042701737487,0,0.7846686115874764
12063094,0,0.0,0.0,0,1,500.0,6.2166061010848646,0,0.7469907999797879
12063112,0,0.0,0.0,0,1,500.0,6.2166061010848646,0,0.73688290509957
12063134,0,0.0,0.0,0,1,500.0,6.2166061010848646,0,0.7524820922123336
12063142,0,0.0,0.0,0,4,910.0,6.814542897259958,0,0.7994686557168611
12063148,2,508.0,6.2324480165505225,0,19,5612.0,8.6328406149422,0,0.976821011687688
12063161,0,0.0,0.0,0,1,500.0,6.2166061010848646,0,0.7671057543346639
12063165,0,0.0,0.0,0,3,1008.0,6.9167150203536085,0,0.7991495764569108
12063186,0,0.0,0.0,0,5,1410.0,7.252053951852814,0,0.8233007357164183
12063189,0,0.0,0.0,0,1,500.0,6.2166061010848646,0,0.7829889015658587
12063202,0,0.0,0.0,0,4,910.0,6.814542897259958,0,0.8219413877099985
12063208,1,301.0,5.71042701737487,0,17,4203.0,8.343791731996841,0,0.9694620237116585
12063212,0,0.0,0.0,0,3,1008.0,6.9167150203536085,0,0.8028043788456306
12063228,0,0.0,0.0,0,6,1512.0,7.321849713788356,0,0.8448828506951644
12063240,0,0.0,0.0,0,5,1172.0,7.067319848653476,0,0.8401911447956116
12063244,0,0.0,0.0,0,1,500.0,6.2166061010848646,0,0.7848543946795793
12063252,0,0.0,0.0,0,1,500.0,6.2166061010848646,0,0.7736224988688243
12063256,0,0.0,0.0,0,6,1512.0,7.321849713788356,0,0.8530587362738574
12063260,0,0.0,0.0,0,1,500.0,6.2166061010848646,0,0.744363286585384
12063273,11,2716.0,7.907283609426348,0,19,5612.0,8.6328406149422,0,1.361677768338577
12063274,0,0.0,0.0,0,1,500.0,6.2166061010848646,0,0.7629128509964389
12063293,0,0.0,0.0,0,1,500.0,6.2166061010848646,0,0.7881231316175521
12063357,4,910.0,6.814542897259958,0,19,5612.0,8.6328406149422,0,1.0683187621705201
12064009,1,0.0,0.0,1,2,1085.0,6.990256500493881,1,0.6872710886068487
12064029,14,3702.0,8.216898580913613,0,19,5612.0,8.6328406149422,0,1.3775215005042918
12064044,0,0.0,0.0,0,9,2410.0,7.787796878181171,0,0.7714304285958523
12064053,3,832.0,6.725033642166843,0,17,4405.0,8.39072252736229,0,0.9918771618940525
12064057,0,0.0,0.0,0,1,0.0,0.0,1,0.6630827341649119
12064061,0,0.0,0.0,0,7,1579.0,7.365180126021013,1,0.7608703258713654
12064084,0,0.0,0.0,0,15,3702.0,8.216898580913613,1,0.8566253527299232
12064125,0,0.0,0.0,0,11,2827.0,7.947325027016463,0,0.7927531276710911
12064128,1,0.0,0.0,1,2,1085.0,6.990256500493881,1,0.770537343399788
12064130,1,0.0,0.0,1,2,1085.0,6.990256500493881,1,0.7477793575327556
12064136,13,3440.0,8.14351740579748,0,19,5612.0,8.6328406149422,0,1.3244340297152586
12064153,0,0.0,0.0,0,18,5104.0,8.537975730598767,1,0.977562782493808
12064172,0,0.0,0.0,0,2,1085.0,6.990256500493881,1,0.679924039561633
12064190,0,0.0,0.0,0,1,0.0,0.0,1,0.7224539923813871
12064205,0,0.0,0.0,0,17,4405.0,8.39072252736229,0,0.9244838414125098
12064222,0,0.0,0.0,0,17,4405.0,8.39072252736229,0,0.9239419937165845
12064227,15,4014.0,8.297792626380861,0,19,5612.0,8.6328406149422,0,1.8204996043477109
12064266,1,0.0,0.0,1,2,1085.0,6.990256500493881,1,0.6711746029701346
12064268,1,0.0,0.0,1,2,1085.0,6.990256500493881,1,0.7591485921184369
12064274,0,0.0,0.0,0,1,0.0,0.0,1,0.6993459841411053
12064288,1,0.0,0.0,1,2,1085.0,6.990256500493881,1,0.7540720605442044
12064290,1,0.0,0.0,1,2,1085.0,6.990256500493881,1,0.7305620734995515
12064303,0,0.0,0.0,0,14,3440.0,8.14351740579748,1,0.8177908201235937
12064317,0,0.0,0.0,0,13,3100.0,8.03947991910045,1,0.8280346492224053
12064336,14,3702.0,8.216898580913613,0,19,5612.0,8.6328406149422,0,1.5883605981626852
12064340,0,0.0,0.0,0,5,1188.0,7.080867896690782,1,0.7596367554336274
12064349,0,0.0,0.0,0,1,0.0,0.0,1,0.7025907229454297
12064365,0,0.0,0.0,0,5,1122.0,7.023758954738443,1,0.743587848354367
12064370,0,0.0,0.0,0,17,4104.0,8.31996102188653,1,0.9512126487946688
12064371,0,0.0,0.0,0,4,1122.0,7.023758954738443,0,0.7291182481633464
12064380,9,2465.0,7.81035268372429,0,19,5612.0,8.6328406149422,0,1.1717753596351301
12064388,1,0.0,0.0,1,2,1085.0,6.990256500493881,1,0.7134075519899719
12064393,0,0.0,0.0,0,16,4014.0,8.297792626380861,1,0.8913081591513281
12064408,2,591.0,6.3835066348840055,0,19,5405.0,8.595264726836392,1,1.0046461988782314
12064417,0,0.0,0.0,0,14,3440.0,8.14351740579748,1,0.7989104904791494
12064420,1,0.0,0.0,1,2,1085.0,6.990256500493881,1,0.6836493483845569
12064428,10,2586.0,7.8582541821860294,0,19,5612.0,8.6328406149422,0,1.2315348855973212
12064448,1,0.0,0.0,1,2,1085.0,6.990256500493881,1,0.7246252597663649
12064472,3,826.0,6.717804695023691,0,18,5405.0,8.595264726836392,0,1.0374316699103248
12064480,1,0.0,0.0,1,2,1085.0,6.990256500493881,1,0.7738461880652094
12064482,0,0.0,0.0,0,5,1911.0,7.555905093611346,1,0.7645042018695909
12064484,0,0.0,0.0,0,15,3702.0,8.216898580913613,1,0.8658263661809811
12064512,0,0.0,0.0,0,6,1579.0,7.365180126021013,0,0.7606955833472488
12064538,0,0.0,0.0,0,1,0.0,0.0,1,0.6813467125593171
12064539,1,0.0,0.0,1,2,1085.0,6.990256500493881,1,0.7598408051198012
12065036,12,2839.0,7.951559331155252,0,18,4612.0,8.43663368355782,0,1.301390769585077
12065084,0,0.0,0.0,0,0,0.0,0.0,0,0.6507530815581857
12065096,16,3999.0,8.294049640102028,0,19,5612.0,8.6328406149422,0,1.6712485806986628
12065100,0,0.0,0.0,0,2,636.0,6.456769655572163,0,0.7446090799279614
12065117,0,0.0,0.0,0,0,0.0,0.0,0,0.7039494158818297
12065136,13,3046.0,8.021912778985708,0,19,5612.0,8.6328406149422,0,1.3854436563798294
12065144,14,3502.0,8.161375023197486,0,18,4612.0,8.43663368355782,0,1.369177252441397
12065165,0,0.0,0.0,0,16,3999.0,8.294049640102028,0,0.9344229550673038
12065180,7,1819.0,7.506591780070841,0,18,4612.0,8.43663368355782,0,1.1077615526293347
12065193,0,0.0,0.0,0,15,3792.0,8.2409125416889,0,0.8899776118495857
12065198,0,0.0,0.0,0,14,3502.0,8.161375023197486,0,0.8325896130543174
12065225,15,3792.0,8.2409125416889,0,19,5612.0,8.6328406149422,0,1.5705754922555242
12065251,4,1043.0,6.950814768442584,0,18,4612.0,8.43663368355782,0,1.0925066128323553
12065256,4,1249.0,7.1308988302963465,0,18,4612.0,8.43663368355782,0,1.0684936390472834
12065276,0,0.0,0.0,0,1,340.0,5.831882477283517,0,0.7417783667304214
12065301,0,0.0,0.0,0,0,0.0,0.0,0,0.7319733869804678
12065310,0,0.0,0.0,0,0,0.0,0.0,0,0.6855014362123811
12065332,7,1819.0,7.506591780070841,0,18,4612.0,8.43663368355782,0,1.1747541515905806
12065356,0,0.0,0.0,0,6,1702.0,7.440146680662688,0,0.7725794093481042
12066008,0,0.0,0.0,0,0,0.0,0.0,0,0.6874135528331049
12066041,0,0.0,0.0,0,0,0.0,0.0,0,0.7055858474914364
12066052,0,0.0,0.0,0,0,0.0,0.0,0,0.7077518103048456
12066064,0,0.0,0.0,0,5,820.0,6.710523109452428,3,0.7476360000888393
12066104,0,0.0,0.0,0,5,820.0,6.710523109452428,3,0.7663385736792057
12066112,0,0.0,0.0,0,0,0.0,0.0,0,0.6896332576887152
12066116,0,0.0,0.0,0,5,820.0,6.710523109452428,3,0.7102609100972113
12066120,0,0.0,0.0,0,5,820.0,6.710523109452428,3,0.7192057495217382
12066124,0,0.0,0.0,0,5,820.0,6.710523109452428,3,0.7295293931923439
12066132,0,0.0,0.0,0,5,820.0,6.710523109452428,3,0.7018853863728148
12066168,0,0.0,0.0,0,5,820.0,6.710523109452428,3,0.7530372913045538
12066176,0,0.0,0.0,0,4,820.0,6.710523109452428,2,0.7324727634592527
12066188,0,0.0,0.0,0,5,820.0,6.710523109452428,3,0.7595547975307841
12066196,0,0.0,0.0,0,0,0.0,0.0,0,0.7254884058071254
12066202,0,0.0,0.0,0,0,0.0,0.0,0,0.6941197299280688
12066226,0,0.0,0.0,0,0,0.0,0.0,0,0.6738326511350716
12066228,0,0.0,0.0,0,0,0.0,0.0,0,0.6657234576052175
12066240,0,0.0,0.0,0,5,820.0,6.710523109452428,3,0.7628159609897642
12066272,0,0.0,0.0,0,4,820.0,6.710523109452428,2,0.7227650050932739
12066285,0,0.0,0.0,0,1,400.0,5.993961427306569,0,0.709851102161305
12066292,0,0.0,0.0,0,5,820.0,6.710523109452428,3,0.7120972886095152
12066296,0,0.0,0.0,0,4,820.0,6.710523109452428,2,0.7215770224636201
12066304,0,0.0,0.0,0,0,0.0,0.0,0,0.6929930492673119
12066316,0,0.0,0.0,0,5,820.0,6.710523109452428,3,0.7491611923265902
12066320,0,0.0,0.0,0,0,0.0,0.0,0,0.6941617670548835
12067024,0,0.0,0.0,0,13,4671.0,8.449342524508063,1,0.84565177485536
12067036,0,0.0,0.0,0,2,1085.0,6.990256500493881,1,0.758489204425091
12067040,0,0.0,0.0,0,9,2981.0,8.000349495324684,1,0.8229737822020188
12067072,1,0.0,0.0,1,2,1085.0,6.990256500493881,1,0.7847268264944017
12067076,2,1085.0,6.990256500493881,1,2,1085.0,6.990256500493881,1,0.7684376475065695
12067112,0,0.0,0.0,0,9,3746.0,8.228710798793687,1,0.827150397776212
12067124,10,2586.0,7.8582541821860294,0,19,5612.0,8.6328406149422,0,1.2529761078703
12067137,0,0.0,0.0,0,2,1085.0,6.990256500493881,1,0.737541657433028
12067144,0,0.0,0.0,0,15,5185.0,8.55371796609861,1,0.8642175846305948
12067173,10,2586.0,7.8582541821860294,0,19,5612.0,8.6328406149422,0,1.2324513387688678
12067180,2,1085.0,6.990256500493881,1,2,1085.0,6.990256500493881,1,0.7685788498324728
12067201,6,1661.0,7.415776975415394,0,19,5612.0,8.6328406149422,0,1.128623142091038
12067205,2,1085.0,6.990256500493881,1,2,1085.0,6.990256500493881,1,0.7446424730315263
12067237,1,0.0,0.0,1,2,1085.0,6.990256500493881,1,0.78012769478536
12067288,0,0.0,0.0,0,13,4671.0,8.449342524508063,1,0.8365263911864573
12067292,1,1085.0,6.990256500493881,0,2,1085.0,6.990256500493881,1,0.9347398858934957
12067324,2,1085.0,6.990256500493881,1,2,1085.0,6.990256500493881,1,0.7528890256554142
12067336,2,1085.0,6.990256500493881,1,2,1085.0,6.990256500493881,1,0.7647762166251149
12067338,1,1085.0,6.990256500493881,0,2,1085.0,6.990256500493881,1,0.7074735465422481
12067357,1,1085.0,6.990256500493881,0,2,1085.0,6.990256500493881,1,0.8118599477531317
12067397,2,1085.0,6.990256500493881,1,2,1085.0,6.990256500493881,1,0.7568275125648906
12067408,0,0.0,0.0,0,16,5447.0,8.60300384782935,1,0.8770693783616809
12067413,0,0.0,0.0,0,13,4671.0,8.449342524508063,1,0.8652895639048772
12067426,0,0.0,0.0,0,2,1085.0,6.990256500493881,1,0.7760312060254763
12067438,2,1085.0,6.990256500493881,1,2,1085.0,6.990256500493881,1,0.8001762652131741
12067440,14,3702.0,8.216898580913613,0,19,5612.0,8.6328406149422,0,1.5184527742729688
12067458,2,1085.0,6.990256500493881,1,2,1085.0,6.990256500493881,1,0.776439745934042
12067469,2,613.0,6.419994928147142,0,19,5311.0,8.57772369115627,1,0.9952683945284864
12067473,0,0.0,0.0,0,12,3671.0,8.20849175174038,1,0.8200967863837691
12067481,0,0.0,0.0,0,16,5447.0,8.60300384782935,1,0.8956717057823856
12067493,0,0.0,0.0,0,2,1085.0,6.990256500493881,1,0.7697283441104441
12067508,2,1085.0,6.990256500493881,1,2,1085.0,6.990256500493881,1,0.8028255049226627
12067520,0,0.0,0.0,0,12,4436.0,8.39773375137891,1,0.8398049262797773
12067528,2,1085.0,6.990256500493881,1,2,1085.0,6.990256500493881,1,0.763735276384565
12067544,10,2586.0,7.8582541821860294,0,19,5612.0,8.6328406149422,0,1.2843249705169892
12067552,2,1085.0,6.990256500493881,1,2,1085.0,6.990256500493881,1,0.774992413511854
12068052,0,0.0,0.0,0,1,500.0,6.2166061010848646,0,0.7033076289951918
12068072,0,0.0,0.0,0,0,0.0,0.0,0,0.7483576135463541
12068109,0,0.0,0.0,0,1,500.0,6.2166061010848646,0,0.7442797227773025
12068117,0,0.0,0.0,0,4,1043.0,6.950814768442584,0,0.7984362463311272
12068181,0,0.0,0.0,0,0,0.0,0.0,0,0.6475396961138828
12068188,0,0.0,0.0,0,7,1819.0,7.506591780070841,0,0.7926591356522489
12068264,0,0.0,0.0,0,0,0.0,0.0,0,0.6991249329628955
12068280,0,0.0,0.0,0,2,641.0,6.464588303689961,0,0.7518312832069571
12068306,0,0.0,0.0,0,0,0.0,0.0,0,0.7395482687181548
12068320,0,0.0,0.0,0,1,301.0,5.71042701737487,0,0.7517945189630029
12068324,0,0.0,0.0,0,0,0.0,0.0,0,0.7263472817269674
12068353,0,0.0,0.0,0,0,0.0,0.0,0,0.6803767047439857
12068372,0,0.0,0.0,0,7,1819.0,7.506591780070841,0,0.813691372870145
12068409,0,0.0,0.0,0,1,500.0,6.2166061010848646,0,0.7320860007491654
12068413,0,0.0,0.0,0,0,0.0,0.0,0,0.7013720162748602
12068417,0,0.0,0.0,0,1,500.0,6.2166061010848646,0,0.7052370144131237
12068425,0,0.0,0.0,0,0,0.0,0.0,0,0.6965078623898474
12068426,0,0.0,0.0,0,0,0.0,0.0,0,0.7441703307718492
12068437,0,0.0,0.0,0,6,1557.0,7.351158226430694,0,0.7799766845365066
12068452,0,0.0,0.0,0,0,0.0,0.0,0,0.7259057291078819
12068468,0,0.0,0.0,0,0,0.0,0.0,0,0.6452464911533481
12068477,0,0.0,0.0,0,0,0.0,0.0,0,0.7189179935778467
12068501,0,0.0,0.0,0,1,500.0,6.2166061010848646,0,0.7147387184919762
12069017,0,0.0,0.0,0,14,4150.0,8.33110454805304,0,0.9507865745704325
12069018,0,0.0,0.0,0,4,1098.0,7.002155954403621,0,0.8286757269022051
12069019,0,0.0,0.0,0,4,910.0,6.814542897259958,0,0.8559531255757882
12069020,0,0.0,0.0,0,0,0.0,0.0,0,0.8172891534579925
12069028,0,0.0,0.0,0,1,500.0,6.2166061010848646,0,0.7937950421045659
12069052,0,0.0,0.0,0,8,2612.0,7.868254265520613,0,0.8995910014283277
12069056,0,0.0,0.0,0,7,2203.0,7.698029170272805,0,0.9029450709439686
12069076,0,0.0,0.0,0,4,1598.0,7.377133712833954,0,0.8611588911770603
12069089,0,0.0,0.0,0,1,0.0,0.0,1,0.7934219299238771
12069216,0,0.0,0.0,0,2,508.0,6.2324480165505225,0,0.8385561979522766
12069224,0,0.0,0.0,0,1,0.0,0.0,1,0.7961175783566745
12069232,0,0.0,0.0,0,0,0.0,0.0,0,0.8037086785734999
12069249,0,0.0,0.0,0,11,3420.0,8.137688184977605,0,0.9226003277218207
12069270,0,0.0,0.0,0,2,707.0,6.56244409369372,0,0.8071383197440197
12069304,14,4150.0,8.33110454805304,0,19,5612.0,8.6328406149422,0,1.5672286829074318
12069306,0,0.0,0.0,0,6,2172.0,7.6838639802564295,0,0.8891296077765736
12069345,0,0.0,0.0,0,2,1207.0,7.0967213784947605,0,0.8548038519968342
12069397,1,207.0,5.337538079701318,0,19,5612.0,8.6328406149422,0,1.049725865351823
12069402,0,0.0,0.0,0,2,1207.0,7.0967213784947605,0,0.8647915145862473
12069448,0,0.0,0.0,0,0,0.0,0.0,0,0.8216222483170856
12069454,4,910.0,6.814542897259958,0,19,5612.0,8.6328406149422,0,1.19007148916271
12069460,0,0.0,0.0,0,10,2420.0,7.791935956938058,0,0.891485462199992
12069470,0,0.0,0.0,0,2,508.0,6.2324480165505225,0,0.8489428758702179
12069474,0,0.0,0.0,0,1,207.0,5.337538079701318,0,0.8232160650423287
12069485,0,0.0,0.0,0,0,0.0,0.0,0,0.8116683454880731
12069537,0,0.0,0.0,0,2,500.0,6.2166061010848646,1,0.7932889529415232
12069541,0,0.0,0.0,0,9,2147.0,7.672292455628756,0,0.8943453038163028
12069590,1,207.0,5.337538079701318,0,16,4780.0,8.472405008626103,0,0.9802180053928602
12069596,1,207.0,5.337538079701318,0,19,5612.0,8.6328406149422,0,1.0014720018696965
12069604,14,4150.0,8.33110454805304,0,19,5612.0,8.6328406149422,0,1.474761392793479
12069616,15,4440.0,8.398634855292102,0,19,5612.0,8.6328406149422,0,1.5327418827989
12069632,0,0.0,0.0,0,2,1207.0,7.0967213784947605,0,0.8527046583783873
12069648,0,0.0,0.0,0,0,0.0,0.0,0,0.8088855072050213
12069656,1,207.0,5.337538079701318,0,19,5612.0,8.6328406149422,0,1.0280636445528046
12069665,0,0.0,0.0,0,0,0.0,0.0,0,0.8005202490342791
12069680,0,0.0,0.0,0,1,207.0,5.337538079701318,0,0.8118099856305863
12069688,0,0.0,0.0,0,1,500.0,6.2166061010848646,0,0.8005054256994074
12069696,0,0.0,0.0,0,2,500.0,6.2166061010848646,1,0.7907858559231545
12070008,0,0.0,0.0,0,1,500.0,6.2166061010848646,0,0.6804217759597413
12070028,0,0.0,0.0,0,1,770.0,6.647688373563329,0,0.6371175863761347
12070052,0,0.0,0.0,0,1,500.0,6.2166061010848646,0,0.6710038209951938
12070060,0,0.0,0.0,0,0,0.0,0.0,0,0.6676377493667285
12070096,0,0.0,0.0,0,0,0.0,0.0,0,0.6275221575022996
12070125,0,0.0,0.0,0,0,0.0,0.0,0,0.6510783309120933
12070145,0,0.0,0.0,0,0,0.0,0.0,0,0.6392249224025002
12070149,0,0.0,0.0,0,0,0.0,0.0,0,0.6825687909105783
12070153,0,0.0,0.0,0,0,0.0,0.0,0,0.6256365225567112
12070173,0,0.0,0.0,0,1,770.0,6.647688373563329,0,0.6508587813447297
12070222,0,0.0,0.0,0,0,0.0,0.0,0,0.6317550845920032
12070236,0,0.0,0.0,0,0,0.0,0.0,0,0.6635160666076126
12070241,0,0.0,0.0,0,1,500.0,6.2166061010848646,0,0.6942900201191728
12070244,0,0.0,0.0,0,0,0.0,0.0,0,0.6653258576814407
12070246,0,0.0,0.0,0,0,0.0,0.0,0,0.6708838888528488
12070266,0,0.0,0.0,0,0,0.0,0.0,0,0.6163111111382868
12070280,0,0.0,0.0,0,0,0.0,0.0,0,0.6140353658151809
12070296,0,0.0,0.0,0,0,0.0,0.0,0,0.6591858666310375
12070300,0,0.0,0.0,0,1,770.0,6.647688373563329,0,0.638706108841117
12070302,0,0.0,0.0,0,1,500.0,6.2166061010848646,0,0.6812002825513206
12070316,0,0.0,0.0,0,0,0.0,0.0,0,0.6452205844734551
12070325,0,0.0,0.0,0,0,0.0,0.0,0,0.6300784621752705
12070348,0,0.0,0.0,0,1,500.0,6.2166061010848646,0,0.6866695028853498
12070393,0,0.0,0.0,0,0,0.0,0.0,0,0.6348609455719004
12070416,0,0.0,0.0,0,1,500.0,6.2166061010848646,0,0.668006687018491
12070424,0,0.0,0.0,0,1,500.0,6.2166061010848646,0,0.6724358610309521
12071028,0,0.0,0.0,0,1,1085.0,6.990256500493881,0,0.6727477959018577
12071032,0,0.0,0.0,0,1,1085.0,6.990256500493881,0,0.6906812304165564
12071041,0,0.0,0.0,0,1,1085.0,6.990256500493881,0,0.6670344767617529
12071044,0,0.0,0.0,0,0,0.0,0.0,0,0.5974270790001797
12071052,0,0.0,0.0,0,1,1085.0,6.990256500493881,0,0.674501727840037
12071057,0,0.0,0.0,0,0,0.0,0.0,0,0.6598027452069298
12071060,0,0.0,0.0,0,1,1085.0,6.990256500493881,0,0.6645418571320592
12071074,0,0.0,0.0,0,0,0.0,0.0,0,0.6007656715909195
12071076,0,0.0,0.0,0,1,1085.0,6.990256500493881,0,0.6014957876872358
12071153,0,0.0,0.0,0,1,1085.0,6.990256500493881,0,0.5974865751136098
12071160,1,1085.0,6.990256500493881,0,2,1085.0,6.990256500493881,1,0.6308448132499592
12071164,0,0.0,0.0,0,1,1085.0,6.990256500493881,0,0.675695539942978
12071176,0,0.0,0.0,0,1,1085.0,6.990256500493881,0,0.6330171539243244
12071189,0,0.0,0.0,0,0,0.0,0.0,0,0.5847468232381956
12071193,0,0.0,0.0,0,1,1085.0,6.990256500493881,0,0.6425330501492654
12071244,0,0.0,0.0,0,0,0.0,0.0,0,0.6638796001967961
12071294,0,0.0,0.0,0,0,0.0,0.0,0,0.5987657278204546
12071301,0,0.0,0.0,0,0,0.0,0.0,0,0.6309297597089744
12071304,0,0.0,0.0,0,1,1085.0,6.990256500493881,0,0.6550479375313675
12071337,1,1085.0,6.990256500493881,0,2,1085.0,6.990256500493881,1,0.6476976909292904
12071341,0,0.0,0.0,0,1,1085.0,6.990256500493881,0,0.6836707037175409
12071372,0,0.0,0.0,0,0,0.0,0.0,0,0.6298350865200075
12071384,0,0.0,0.0,0,1,1085.0,6.990256500493881,0,0.6566869374515497
12071386,0,0.0,0.0,0,1,1085.0,6.990256500493881,0,0.6500314051699058
12071392,0,0.0,0.0,0,0,0.0,0.0,0,0.592460105720207
12071401,0,0.0,0.0,0,1,1085.0,6.990256500493881,0,0.6613115342282949
12071408,0,0.0,0.0,0,0,0.0,0.0,0,0.6640878635136831
12071412,0,0.0,0.0,0,1,1085.0,6.990256500493881,0,0.6813915144320868
12071414,0,0.0,0.0,0,0,0.0,0.0,0,0.6114294739507815
12072002,1,1000.0,6.90875477931522,0,17,4976.0,8.512582578858554,0,1.0616013728994855
12072014,1,1000.0,6.90875477931522,0,5,1851.0,7.524021415206125,0,0.886722515327873
12072017,13,3921.0,8.274357006756292,0,19,5612.0,8.6328406149422,0,1.4280221142521172
12072053,0,0.0,0.0,0,1,1000.0,6.90875477931522,0,0.7954402047315163
12072055,0,0.0,0.0,0,1,1000.0,6.90875477931522,0,0.8027647039296057
12072120,15,4440.0,8.398634855292102,0,19,5612.0,8.6328406149422,0,1.3911773745078433
12072157,0,0.0,0.0,0,1,1000.0,6.90875477931522,0,0.8001807280269345
12072169,0,0.0,0.0,0,2,1207.0,7.0967213784947605,0,0.8421023186965162
12072232,1,1000.0,6.90875477931522,0,7,2327.0,7.752764808851328,0,0.9065299869777086
12072240,6,1941.0,7.571473648851271,0,19,5612.0,8.6328406149422,0,1.217503650574287
12072297,0,0.0,0.0,0,1,1000.0,6.90875477931522,0,0.8303720681138782
12072298,0,0.0,0.0,0,1,1000.0,6.90875477931522,0,0.8237705998284126
12072312,1,1000.0,6.90875477931522,0,13,3932.0,8.27715777243181,0,0.9365324806542151
12072340,7,2510.0,7.828436359157585,0,19,5612.0,8.6328406149422,0,1.3246545848355462
12072426,2,1207.0,7.0967213784947605,0,19,5612.0,8.6328406149422,0,1.047698310068741
12073008,0,0.0,0.0,0,0,0.0,0.0,0,0.6560415624164933
12073069,0,0.0,0.0,0,0,0.0,0.0,0,0.6011131987658416
12073085,0,0.0,0.0,0,0,0.0,0.0,0,0.5195227311708182
12073093,0,0.0,0.0,0,0,0.0,0.0,0,0.5363821591574975
12073097,0,0.0,0.0,0,0,0.0,0.0,0,0.5570920894252971
12073157,0,0.0,0.0,0,0,0.0,0.0,0,0.6316731127387725
12073189,0,0.0,0.0,0,0,0.0,0.0,0,0.5358339886636552
12073201,0,0.0,0.0,0,0,0.0,0.0,0,0.625488635185043
12073216,0,0.0,0.0,0,0,0.0,0.0,0,0.5350492013927219
12073225,0,0.0,0.0,0,0,0.0,0.0,0,0.5817804741209598
12073261,0,0.0,0.0,0,0,0.0,0.0,0,0.556372956688023
12073309,0,0.0,0.0,0,0,0.0,0.0,0,0.550161785426824
12073384,0,0.0,0.0,0,0,0.0,0.0,0,0.6371520396769081
12073393,0,0.0,0.0,0,0,0.0,0.0,0,0.5226090560658305
12073396,0,0.0,0.0,0,0,0.0,0.0,0,0.6640713651637276
12073404,0,0.0,0.0,0,0,0.0,0.0,0,0.6279237892422784
12073429,0,0.0,0.0,0,0,0.0,0.0,0,0.5716343090294973
12073430,0,0.0,0.0,0,0,0.0,0.0,0,0.5977964912886808
12073440,0,0.0,0.0,0,0,0.0,0.0,0,0.6224683409670461
12073452,0,0.0,0.0,0,0,0.0,0.0,0,0.5640090402691111
12073458,0,0.0,0.0,0,0,0.0,0.0,0,0.5461307787733071
12073490,0,0.0,0.0,0,0,0.0,0.0,0,0.5433289242150234
12073520,0,0.0,0.0,0,0,0.0,0.0,0,0.5276792887920952
12073532,0,0.0,0.0,0,0,0.0,0.0,0,0.5898502275683046
12073565,0,0.0,0.0,0,0,0.0,0.0,0,0.526041362432579
12073569,0,0.0,0.0,0,0,0.0,0.0,0,0.6851572102505011
12073572,0,0.0,0.0,0,0,0.0,0.0,0,0.6713328799875842
12073578,0,0.0,0.0,0,0,0.0,0.0,0,0.5756497476490762
12073579,0,0.0,0.0,0,0,0.0,0.0,0,0.5324498207793424
12073645,0,0.0,0.0,0,0,0.0,0.0,0,0.5843167336749757
13003000,0,0.0,0.0,0,0,0.0,0.0,0,0.4941564593319686
13071001,0,0.0,0.0,0,0,0.0,0.0,0,0.5755281175890764
13071002,0,0.0,0.0,0,0,0.0,0.0,0,0.5025869969091671
13071003,0,0.0,0.0,0,0,0.0,0.0,0,0.6038480673317173
13071004,0,0.0,0.0,0,0,0.0,0.0,0,0.5090255379352544
13071005,0,0.0,0.0,0,0,0.0,0.0,0,0.5627547487374028
13071006,0,0.0,0.0,0,0,0.0,0.0,0,0.483554108656872
13071007,0,0.0,0.0,0,0,0.0,0.0,0,0.5299635921863841
13071008,0,0.0,0.0,0,0,0.0,0.0,0,0.4933305568171466
13071009,0,0.0,0.0,0,0,0.0,0.0,0,0.49835393357949276
13071010,0,0.0,0.0,0,0,0.0,0.0,0,0.5366500300904615
13071011,0,0.0,0.0,0,0,0.0,0.0,0,0.5727806381988525
13071012,0,0.0,0.0,0,0,0.0,0.0,0,0.5754586576440321
13071013,0,0.0,0.0,0,0,0.0,0.0,0,0.5991035456027726
13071014,0,0.0,0.0,0,0,0.0,0.0,0,0.49990415809055955
13071015,0,0.0,0.0,0,0,0.0,0.0,0,0.5379117145085873
13071016,0,0.0,0.0,0,0,0.0,0.0,0,0.5245641531367838
13071018,0,0.0,0.0,0,0,0.0,0.0,0,0.5328835926120403
13071019,0,0.0,0.0,0,0,0.0,0.0,0,0.5081437686450402
13071020,0,0.0,0.0,0,0,0.0,0.0,0,0.6179830628160365
13071021,0,0.0,0.0,0,0,0.0,0.0,0,0.5482344442144299
13071022,0,0.0,0.0,0,0,0.0,0.0,0,0.4938336408118011
13071023,0,0.0,0.0,0,0,0.0,0.0,0,0.6032902029433961
13071025,0,0.0,0.0,0,0,0.0,0.0,0,0.5881589800869946
13071026,0,0.0,0.0,0,0,0.0,0.0,0,0.5370754623495934
13071027,0,0.0,0.0,0,0,0.0,0.0,0,0.4902335972195596
13071028,0,0.0,0.0,0,0,0.0,0.0,0,0.5010707405110348
13071029,0,0.0,0.0,0,0,0.0,0.0,0,0.48183244795824365
13071032,0,0.0,0.0,0,0,0.0,0.0,0,0.5365698542840316
13071033,0,0.0,0.0,0,0,0.0,0.0,0,0.5867307439410524
13071034,0,0.0,0.0,0,0,0.0,0.0,0,0.602658990343085
13071035,0,0.0,0.0,0,0,0.0,0.0,0,0.49980748266696223
13071036,0,0.0,0.0,0,0,0.0,0.0,0,0.5965795800262538
13071037,0,0.0,0.0,0,0,0.0,0.0,0,0.5015722970551622
13071039,0,0.0,0.0,0,0,0.0,0.0,0,0.5274616981243558
13071041,0,0.0,0.0,0,0,0.0,0.0,0,0.49521985308607913
13071042,0,0.0,0.0,0,0,0.0,0.0,0,0.6227805605283897
13071043,0,0.0,0.0,0,0,0.0,0.0,0,0.5761366436218368
13071044,0,0.0,0.0,0,0,0.0,0.0,0,0.4904775022236359
13071045,0,0.0,0.0,0,0,0.0,0.0,0,0.5867332529843979
13071047,0,0.0,0.0,0,0,0.0,0.0,0,0.5560561140972442
13071048,0,0.0,0.0,0,0,0.0,0.0,0,0.5112726381979782
13071049,0,0.0,0.0,0,0,0.0,0.0,0,0.5034704726544239
13071050,0,0.0,0.0,0,0,0.0,0.0,0,0.5044354470818768
13071053,0,0.0,0.0,0,0,0.0,0.0,0,0.5897255348658563
13071054,0,0.0,0.0,0,0,0.0,0.0,0,0.5253431869258912
13071055,0,0.0,0.0,0,0,0.0,0.0,0,0.5569620701798941
13071056,0,0.0,0.0,0,0,0.0,0.0,0,0.5526881095140431
13071057,0,0.0,0.0,0,0,0.0,0.0,0,0.5186273648163889
13071058,0,0.0,0.0,0,0,0.0,0.0,0,0.5894871350548762
13071059,0,0.0,0.0,0,0,0.0,0.0,0,0.5013120205717465
13071060,0,0.0,0.0,0,0,0.0,0.0,0,0.5240119635078248
13071063,0,0.0,0.0,0,0,0.0,0.0,0,0.555170232989303
13071064,0,0.0,0.0,0,0,0.0,0.0,0,0.5011627493306016
13071065,0,0.0,0.0,0,0,0.0,0.0,0,0.48964685953757114
13071066,0,0.0,0.0,0,0,0.0,0.0,0,0.5682578061497505
13071067,0,0.0,0.0,0,0,0.0,0.0,0,0.5570961729404887
13071068,0,0.0,0.0,0,0,0.0,0.0,0,0.5166441725043739
13071069,0,0.0,0.0,0,0,0.0,0.0,0,0.5638426364036653
13071070,0,0.0,0.0,0,0,0.0,0.0,0,0.5280654052309036
13071071,0,0.0,0.0,0,0,0.0,0.0,0,0.561705698362099
13071072,0,0.0,0.0,0,0,0.0,0.0,0,0.5088455884869812
13071073,0,0.0,0.0,0,0,0.0,0.0,0,0.61868167962116
13071074,0,0.0,0.0,0,0,0.0,0.0,0,0.5353004076771233
13071075,0,0.0,0.0,0,0,0.0,0.0,0,0.5680892094040628
13071076,0,0.0,0.0,0,0,0.0,0.0,0,0.47438392046205946
13071077,0,0.0,0.0,0,0,0.0,0.0,0,0.5727343477801544
13071078,0,0.0,0.0,0,0,0.0,0.0,0,0.5458925560020835
13071079,0,0.0,0.0,0,0,0.0,0.0,0,0.5278011709055308
13071080,0,0.0,0.0,0,0,0.0,0.0,0,0.576157214766913
13071081,0,0.0,0.0,0,0,0.0,0.0,0,0.5094639783654906
13071083,0,0.0,0.0,0,0,0.0,0.0,0,0.5257631287250655
13071084,0,0.0,0.0,0,0,0.0,0.0,0,0.511868350045477
13071087,0,0.0,0.0,0,0,0.0,0.0,0,0.6134458353101611
13071088,0,0.0,0.0,0,0,0.0,0.0,0,0.5989423726154516
13071089,0,0.0,0.0,0,0,0.0,0.0,0,0.5053571424450272
13071090,0,0.0,0.0,0,0,0.0,0.0,0,0.5447280095625416
13071092,0,0.0,0.0,0,0,0.0,0.0,0,0.5194984184788506
13071093,0,0.0,0.0,0,0,0.0,0.0,0,0.5794966644393221
13071096,0,0.0,0.0,0,0,0.0,0.0,0,0.5014841853327137
13071097,0,0.0,0.0,0,0,0.0,0.0,0,0.6121634006277457
13071099,0,0.0,0.0,0,0,0.0,0.0,0,0.618869520680632
13071100,0,0.0,0.0,0,0,0.0,0.0,0,0.5745008808293137
13071101,0,0.0,0.0,0,0,0.0,0.0,0,0.5551061388583087
13071102,0,0.0,0.0,0,0,0.0,0.0,0,0.5355630509301746
13071103,0,0.0,0.0,0,0,0.0,0.0,0,0.5456681302031922
13071104,0,0.0,0.0,0,0,0.0,0.0,0,0.515781279384917
13071105,0,0.0,0.0,0,0,0.0,0.0,0,0.5313689959765517
13071107,0,0.0,0.0,0,0,0.0,0.0,0,0.5359798983216655
13071108,0,0.0,0.0,0,0,0.0,0.0,0,0.5227563633703969
13071109,0,0.0,0.0,0,0,0.0,0.0,0,0.50463186835715
13071110,0,0.0,0.0,0,0,0.0,0.0,0,0.5909409660436437
13071111,0,0.0,0.0,0,0,0.0,0.0,0,0.519664998364348
13071112,0,0.0,0.0,0,0,0.0,0.0,0,0.4766553827674649
13071113,0,0.0,0.0,0,0,0.0,0.0,0,0.5685915468403431
13071115,0,0.0,0.0,0,0,0.0,0.0,0,0.5539715033452467
13071117,0,0.0,0.0,0,0,0.0,0.0,0,0.5342826715721793
13071118,0,0.0,0.0,0,0,0.0,0.0,0,0.6112222966339067
13071119,0,0.0,0.0,0,0,0.0,0.0,0,0.6373378026051735
13071120,0,0.0,0.0,0,0,0.0,0.0,0,0.5074115650192488
13071122,0,0.0,0.0,0,0,0.0,0.0,0,0.603798431136092
13071123,0,0.0,0.0,0,0,0.0,0.0,0,0.5260250892690961
13071124,0,0.0,0.0,0,0,0.0,0.0,0,0.5948985100631774
13071125,0,0.0,0.0,0,0,0.0,0.0,0,0.512169902049559
13071127,0,0.0,0.0,0,0,0.0,0.0,0,0.529720589000056
13071128,0,0.0,0.0,0,0,0.0,0.0,0,0.4969929386898927
13071130,0,0.0,0.0,0,0,0.0,0.0,0,0.5170238453326613
13071131,0,0.0,0.0,0,0,0.0,0.0,0,0.493264585537576
13071132,0,0.0,0.0,0,0,0.0,0.0,0,0.5157935756272716
13071133,0,0.0,0.0,0,0,0.0,0.0,0,0.6332036953092834
13071135,0,0.0,0.0,0,0,0.0,0.0,0,0.4962923100175365
13071136,0,0.0,0.0,0,0,0.0,0.0,0,0.47879323109907085
13071137,0,0.0,0.0,0,0,0.0,0.0,0,0.5811151478331749
13071138,0,0.0,0.0,0,0,0.0,0.0,0,0.570813896992672
13071139,0,0.0,0.0,0,0,0.0,0.0,0,0.5053569600654839
13071140,0,0.0,0.0,0,0,0.0,0.0,0,0.5326665958034342
13071141,0,0.0,0.0,0,0,0.0,0.0,0,0.5152363441132857
13071142,0,0.0,0.0,0,0,0.0,0.0,0,0.5214411058899766
13071143,0,0.0,0.0,0,0,0.0,0.0,0,0.5999606592631102
13071144,0,0.0,0.0,0,0,0.0,0.0,0,0.5525256183217158
13071145,0,0.0,0.0,0,0,0.0,0.0,0,0.5243882419985562
13071146,0,0.0,0.0,0,0,0.0,0.0,0,0.5076230989821556
13071147,0,0.0,0.0,0,0,0.0,0.0,0,0.598877127361686
13071148,0,0.0,0.0,0,0,0.0,0.0,0,0.4862920510480685
13071150,0,0.0,0.0,0,0,0.0,0.0,0,0.4955447949709993
13071153,0,0.0,0.0,0,0,0.0,0.0,0,0.5173504561719146
13071154,0,0.0,0.0,0,0,0.0,0.0,0,0.5470439779142788
13071155,0,0.0,0.0,0,0,0.0,0.0,0,0.5880232169341211
13071156,0,0.0,0.0,0,0,0.0,0.0,0,0.5640625030606421
13071157,0,0.0,0.0,0,0,0.0,0.0,0,0.48578019760825986
13071158,0,0.0,0.0,0,0,0.0,0.0,0,0.5002655460025358
13071159,0,0.0,0.0,0,0,0.0,0.0,0,0.6165129619595847
13071160,0,0.0,0.0,0,0,0.0,0.0,0,0.5217579155361377
13071161,0,0.0,0.0,0,0,0.0,0.0,0,0.526372048080019
13071162,0,0.0,0.0,0,0,0.0,0.0,0,0.611902694325182
13071163,0,0.0,0.0,0,0,0.0,0.0,0,0.5184756155088348
13071164,0,0.0,0.0,0,0,0.0,0.0,0,0.544131051818628
13071166,0,0.0,0.0,0,0,0.0,0.0,0,0.5420653773158077
13071167,0,0.0,0.0,0,0,0.0,0.0,0,0.6347069697230179
13071169,0,0.0,0.0,0,0,0.0,0.0,0,0.5330114470083488
13071170,0,0.0,0.0,0,0,0.0,0.0,0,0.5331465949845933
13071171,0,0.0,0.0,0,0,0.0,0.0,0,0.5912303112737903
13071172,0,0.0,0.0,0,0,0.0,0.0,0,0.5479766026898907
13071173,0,0.0,0.0,0,0,0.0,0.0,0,0.5490632040282721
13071174,0,0.0,0.0,0,0,0.0,0.0,0,0.5568805346596328
13071175,0,0.0,0.0,0,0,0.0,0.0,0,0.615181222896972
13071176,0,0.0,0.0,0,0,0.0,0.0,0,0.593411963347642
13072001,0,0.0,0.0,0,0,0.0,0.0,0,0.4987171405662445
13072002,0,0.0,0.0,0,1,770.0,6.647688373563329,0,0.5419355376776867
13072003,0,0.0,0.0,0,0,0.0,0.0,0,0.5135299018595796
13072004,0,0.0,0.0,0,0,0.0,0.0,0,0.49477262231967895
13072005,0,0.0,0.0,0,0,0.0,0.0,0,0.5334335022499996
13072006,0,0.0,0.0,0,0,0.0,0.0,0,0.5042307722821385
13072007,0,0.0,0.0,0,0,0.0,0.0,0,0.504163316243289
13072008,0,0.0,0.0,0,0,0.0,0.0,0,0.5133433436778051
13072009,0,0.0,0.0,0,1,770.0,6.647688373563329,0,0.5562840732481731
13072010,0,0.0,0.0,0,0,0.0,0.0,0,0.4786467587807032
13072011,0,0.0,0.0,0,0,0.0,0.0,0,0.5129453123715673
13072012,0,0.0,0.0,0,0,0.0,0.0,0,0.48710134583042175
13072013,0,0.0,0.0,0,1,770.0,6.647688373563329,0,0.53883976000936
13072014,0,0.0,0.0,0,0,0.0,0.0,0,0.521767618194776
13072015,0,0.0,0.0,0,0,0.0,0.0,0,0.47269932187991914
13072017,0,0.0,0.0,0,0,0.0,0.0,0,0.49700909291514467
13072018,0,0.0,0.0,0,0,0.0,0.0,0,0.5178901174208536
13072019,0,0.0,0.0,0,0,0.0,0.0,0,0.48914743422371465
13072020,0,0.0,0.0,0,1,770.0,6.647688373563329,0,0.5417224961528783
13072021,0,0.0,0.0,0,0,0.0,0.0,0,0.49783849793770263
13072022,0,0.0,0.0,0,0,0.0,0.0,0,0.532060779830517
13072023,0,0.0,0.0,0,0,0.0,0.0,0,0.540165599796993
13072024,0,0.0,0.0,0,0,0.0,0.0,0,0.5181405834216792
13072026,0,0.0,0.0,0,0,0.0,0.0,0,0.5584704723601743
13072027,0,0.0,0.0,0,0,0.0,0.0,0,0.5115394766809105
13072028,0,0.0,0.0,0,1,770.0,6.647688373563329,0,0.553840089586899
13072029,0,0.0,0.0,0,0,0.0,0.0,0,0.5001575034226762
13072030,0,0.0,0.0,0,0,0.0,0.0,0,0.4904900680186373
13072031,0,0.0,0.0,0,0,0.0,0.0,0,0.4869661352276806
13072032,0,0.0,0.0,0,0,0.0,0.0,0,0.4700420998015182
13072033,0,0.0,0.0,0,0,0.0,0.0,0,0.527789616532443
13072034,0,0.0,0.0,0,0,0.0,0.0,0,0.4781329340997692
13072035,0,0.0,0.0,0,0,0.0,0.0,0,0.48544228405886847
13072036,0,0.0,0.0,0,0,0.0,0.0,0,0.4662064471669773
13072037,0,0.0,0.0,0,0,0.0,0.0,0,0.4775038140192776
13072038,0,0.0,0.0,0,0,0.0,0.0,0,0.5237079999783307
13072039,0,0.0,0.0,0,0,0.0,0.0,0,0.5346582746629276
13072040,0,0.0,0.0,0,0,0.0,0.0,0,0.5291183160572412
13072041,0,0.0,0.0,0,0,0.0,0.0,0,0.5065423041277128
13072042,0,0.0,0.0,0,1,770.0,6.647688373563329,0,0.5407566028584204
13072043,0,0.0,0.0,0,0,0.0,0.0,0,0.5380645156943594
13072044,0,0.0,0.0,0,0,0.0,0.0,0,0.546466580449423
13072045,0,0.0,0.0,0,0,0.0,0.0,0,0.5316082210721194
13072046,0,0.0,0.0,0,0,0.0,0.0,0,0.5179400103302354
13072047,0,0.0,0.0,0,0,0.0,0.0,0,0.5082072623793261
13072048,0,0.0,0.0,0,0,0.0,0.0,0,0.5432764790544742
13072049,0,0.0,0.0,0,0,0.0,0.0,0,0.5033009565093253
13072050,0,0.0,0.0,0,0,0.0,0.0,0,0.529526924220339
13072051,0,0.0,0.0,0,0,0.0,0.0,0,0.5306188247990643
13072053,0,0.0,0.0,0,0,0.0,0.0,0,0.5276320755811688
13072055,0,0.0,0.0,0,1,770.0,6.647688373563329,0,0.5588051703624796
13072056,0,0.0,0.0,0,0,0.0,0.0,0,0.5559433529890625
13072057,0,0.0,0.0,0,0,0.0,0.0,0,0.5039607087841318
13072058,0,0.0,0.0,0,0,0.0,0.0,0,0.5162085267025995
13072059,0,0.0,0.0,0,0,0.0,0.0,0,0.546361996020188
13072060,0,0.0,0.0,0,0,0.0,0.0,0,0.5074266456410748
13072061,0,0.0,0.0,0,0,0.0,0.0,0,0.5243822608473433
13072062,0,0.0,0.0,0,0,0.0,0.0,0,0.5078159674944287
13072063,0,0.0,0.0,0,0,0.0,0.0,0,0.5326016853247422
13072064,0,0.0,0.0,0,0,0.0,0.0,0,0.4984362340699601
13072066,0,0.0,0.0,0,0,0.0,0.0,0,0.5038224347253656
13072067,0,0.0,0.0,0,1,770.0,6.647688373563329,0,0.5618519667950089
13072069,0,0.0,0.0,0,0,0.0,0.0,0,0.532812336974865
13072071,0,0.0,0.0,0,0,0.0,0.0,0,0.5256388724392825
13072072,0,0.0,0.0,0,0,0.0,0.0,0,0.4811343404983569
13072073,0,0.0,0.0,0,0,0.0,0.0,0,0.5417071216779141
13072074,0,0.0,0.0,0,0,0.0,0.0,0,0.5310018518618356
13072075,0,0.0,0.0,0,0,0.0,0.0,0,0.49294227664103607
13072076,0,0.0,0.0,0,0,0.0,0.0,0,0.4834001411882779
13072077,0,0.0,0.0,0,0,0.0,0.0,0,0.5023766861868793
13072078,0,0.0,0.0,0,1,770.0,6.647688373563329,0,0.5343133241704784
13072079,0,0.0,0.0,0,0,0.0,0.0,0,0.5209701440456758
13072080,0,0.0,0.0,0,0,0.0,0.0,0,0.5083700525432174
13072081,0,0.0,0.0,0,0,0.0,0.0,0,0.4805891981823591
13072082,0,0.0,0.0,0,0,0.0,0.0,0,0.5038015419954573
13072083,0,0.0,0.0,0,0,0.0,0.0,0,0.5099128733742806
13072084,0,0.0,0.0,0,1,770.0,6.647688373563329,0,0.5581135113433962
13072085,0,0.0,0.0,0,0,0.0,0.0,0,0.5223274490269298
13072086,0,0.0,0.0,0,0,0.0,0.0,0,0.5154001198225304
13072087,0,0.0,0.0,0,0,0.0,0.0,0,0.49312888069050526
13072088,0,0.0,0.0,0,0,0.0,0.0,0,0.4767501628804942
13072089,0,0.0,0.0,0,1,770.0,6.647688373563329,0,0.549847792711147
13072090,0,0.0,0.0,0,0,0.0,0.0,0,0.5223753684747019
13072091,0,0.0,0.0,0,0,0.0,0.0,0,0.48423309445360646
13072092,0,0.0,0.0,0,0,0.0,0.0,0,0.5277627083664292
13072093,0,0.0,0.0,0,0,0.0,0.0,0,0.5236979124927785
13072094,0,0.0,0.0,0,0,0.0,0.0,0,0.5368745630240532
13072095,0,0.0,0.0,0,0,0.0,0.0,0,0.5186296014785167
13072096,0,0.0,0.0,0,0,0.0,0.0,0,0.5001482072223011
13072097,0,0.0,0.0,0,0,0.0,0.0,0,0.4912989329086972
13072098,0,0.0,0.0,0,0,0.0,0.0,0,0.5076886815526527
13072099,0,0.0,0.0,0,0,0.0,0.0,0,0.5090241777657329
13072101,0,0.0,0.0,0,1,770.0,6.647688373563329,0,0.5468352169277425
13072102,0,0.0,0.0,0,0,0.0,0.0,0,0.4763648837371744
13072103,0,0.0,0.0,0,0,0.0,0.0,0,0.5064689525263717
13072104,0,0.0,0.0,0,1,770.0,6.647688373563329,0,0.5512703876931453
13072105,0,0.0,0.0,0,0,0.0,0.0,0,0.4872749148482056
13072106,0,0.0,0.0,0,0,0.0,0.0,0,0.5213574067335659
13072107,0,0.0,0.0,0,0,0.0,0.0,0,0.4815807022940084
13072108,0,0.0,0.0,0,0,0.0,0.0,0,0.48511532369202265
13072109,0,0.0,0.0,0,0,0.0,0.0,0,0.5136604205746698
13072110,0,0.0,0.0,0,0,0.0,0.0,0,0.5259866570284244
13072111,0,0.0,0.0,0,0,0.0,0.0,0,0.49450164870040575
13072112,0,0.0,0.0,0,0,0.0,0.0,0,0.5046367034974303
13072113,0,0.0,0.0,0,0,0.0,0.0,0,0.516100888182575
13072114,0,0.0,0.0,0,1,770.0,6.647688373563329,0,0.5612141925285703
13072116,0,0.0,0.0,0,0,0.0,0.0,0,0.5147547693380539
13072117,0,0.0,0.0,0,0,0.0,0.0,0,0.5079359741158471
13072118,0,0.0,0.0,0,0,0.0,0.0,0,0.48179264309877223
13072119,0,0.0,0.0,0,1,770.0,6.647688373563329,0,0.5531810967731453
13072120,0,0.0,0.0,0,1,770.0,6.647688373563329,0,0.5396825484459372
13072121,0,0.0,0.0,0,0,0.0,0.0,0,0.5140182682526206
13073001,0,0.0,0.0,0,0,0.0,0.0,0,0.45477864060977863
13073002,0,0.0,0.0,0,0,0.0,0.0,0,0.44203016295603403
13073003,0,0.0,0.0,0,0,0.0,0.0,0,0.42240243444373465
13073004,0,0.0,0.0,0,0,0.0,0.0,0,0.38340145725694685
13073005,0,0.0,0.0,0,0,0.0,0.0,0,0.42558185123476344
13073006,0,0.0,0.0,0,0,0.0,0.0,0,0.3993058376361234
13073007,0,0.0,0.0,0,0,0.0,0.0,0,0.4676109633211712
13073009,0,0.0,0.0,0,0,0.0,0.0,0,0.4320061609282275
13073010,0,0.0,0.0,0,0,0.0,0.0,0,0.4024838414484455
13073011,0,0.0,0.0,0,0,0.0,0.0,0,0.3982209728875886
13073012,0,0.0,0.0,0,0,0.0,0.0,0,0.4374879004006146
13073013,0,0.0,0.0,0,0,0.0,0.0,0,0.3845334512125871
13073014,0,0.0,0.0,0,0,0.0,0.0,0,0.39981432159450225
13073015,0,0.0,0.0,0,0,0.0,0.0,0,0.47271040413587273
13073016,0,0.0,0.0,0,0,0.0,0.0,0,0.4701131762554085
13073017,0,0.0,0.0,0,0,0.0,0.0,0,0.4554979124601121
13073018,0,0.0,0.0,0,0,0.0,0.0,0,0.4374603230814693
13073019,0,0.0,0.0,0,0,0.0,0.0,0,0.38727453369882225
13073020,0,0.0,0.0,0,0,0.0,0.0,0,0.45781922472901915
13073021,0,0.0,0.0,0,0,0.0,0.0,0,0.4084967138337233
13073022,0,0.0,0.0,0,0,0.0,0.0,0,0.45815187777283606
13073023,0,0.0,0.0,0,0,0.0,0.0,0,0.4381318941528894
13073024,0,0.0,0.0,0,0,0.0,0.0,0,0.44891623717499607
13073025,0,0.0,0.0,0,0,0.0,0.0,0,0.43762075708687026
13073027,0,0.0,0.0,0,0,0.0,0.0,0,0.4161090724557338
13073028,0,0.0,0.0,0,0,0.0,0.0,0,0.4039694440173871
13073029,0,0.0,0.0,0,0,0.0,0.0,0,0.46928071764078194
13073030,0,0.0,0.0,0,0,0.0,0.0,0,0.38580722463566297
13073031,0,0.0,0.0,0,0,0.0,0.0,0,0.3997784409795082
13073032,0,0.0,0.0,0,0,0.0,0.0,0,0.46938068594290155
13073033,0,0.0,0.0,0,0,0.0,0.0,0,0.4649353024685745
13073034,0,0.0,0.0,0,0,0.0,0.0,0,0.4593375431589258
13073035,0,0.0,0.0,0,0,0.0,0.0,0,0.452261455635945
13073036,0,0.0,0.0,0,0,0.0,0.0,0,0.43237780883189275
13073037,0,0.0,0.0,0,0,0.0,0.0,0,0.42185306887114155
13073038,0,0.0,0.0,0,0,0.0,0.0,0,0.4226766849235891
13073039,0,0.0,0.0,0,0,0.0,0.0,0,0.45810503200915526
13073040,0,0.0,0.0,0,0,0.0,0.0,0,0.39730295428227824
13073041,0,0.0,0.0,0,0,0.0,0.0,0,0.44097517472915804
13073042,0,0.0,0.0,0,0,0.0,0.0,0,0.43726267782064776
13073043,0,0.0,0.0,0,0,0.0,0.0,0,0.4368392237222252
13073044,0,0.0,0.0,0,0,0.0,0.0,0,0.4178044975098443
13073045,0,0.0,0.0,0,0,0.0,0.0,0,0.4009276242579516
13073046,0,0.0,0.0,0,0,0.0,0.0,0,0.42227333856252086
13073048,0,0.0,0.0,0,0,0.0,0.0,0,0.40088160609033935
13073049,0,0.0,0.0,0,0,0.0,0.0,0,0.39307563297085846
13073050,0,0.0,0.0,0,0,0.0,0.0,0,0.47289984151284004
13073051,0,0.0,0.0,0,0,0.0,0.0,0,0.4411820065066409
13073052,0,0.0,0.0,0,0,0.0,0.0,0,0.38025553620552266
13073053,0,0.0,0.0,0,0,0.0,0.0,0,0.44423312849372387
13073054,0,0.0,0.0,0,0,0.0,0.0,0,0.4313822174546967
13073055,0,0.0,0.0,0,0,0.0,0.0,0,0.4651900975424982
13073057,0,0.0,0.0,0,0,0.0,0.0,0,0.4485854137180969
13073059,0,0.0,0.0,0,0,0.0,0.0,0,0.3927520682104516
13073060,0,0.0,0.0,0,0,0.0,0.0,0,0.43154572403439434
13073061,0,0.0,0.0,0,0,0.0,0.0,0,0.4313916311166791
13073062,0,0.0,0.0,0,0,0.0,0.0,0,0.4502437458423596
13073063,0,0.0,0.0,0,0,0.0,0.0,0,0.40126366071604713
13073064,0,0.0,0.0,0,0,0.0,0.0,0,0.3985620751223732
13073065,0,0.0,0.0,0,0,0.0,0.0,0,0.4210263333959425
13073066,0,0.0,0.0,0,0,0.0,0.0,0,0.4249361949430517
13073067,0,0.0,0.0,0,0,0.0,0.0,0,0.428345511834273
13073068,0,0.0,0.0,0,0,0.0,0.0,0,0.42094014665379204
13073069,0,0.0,0.0,0,0,0.0,0.0,0,0.4328368995728121
13073070,0,0.0,0.0,0,0,0.0,0.0,0,0.40764779242628707
13073071,0,0.0,0.0,0,0,0.0,0.0,0,0.37766621173468395
13073072,0,0.0,0.0,0,0,0.0,0.0,0,0.39611227486313216
13073073,0,0.0,0.0,0,0,0.0,0.0,0,0.4168423197516276
13073074,0,0.0,0.0,0,0,0.0,0.0,0,0.39454942143341043
13073075,0,0.0,0.0,0,0,0.0,0.0,0,0.45904542428634115
13073076,0,0.0,0.0,0,0,0.0,0.0,0,0.44673946703383294
13073077,0,0.0,0.0,0,0,0.0,0.0,0,0.4477794318391328
13073078,0,0.0,0.0,0,0,0.0,0.0,0,0.3875379330062102
13073079,0,0.0,0.0,0,0,0.0,0.0,0,0.41379458285679094
13073080,0,0.0,0.0,0,0,0.0,0.0,0,0.3861595271166435
13073081,0,0.0,0.0,0,0,0.0,0.0,0,0.40090922956428465
13073082,0,0.0,0.0,0,0,0.0,0.0,0,0.4517638264614021
13073083,0,0.0,0.0,0,0,0.0,0.0,0,0.40792717303411424
13073084,0,0.0,0.0,0,0,0.0,0.0,0,0.39768434260614316
13073085,0,0.0,0.0,0,0,0.0,0.0,0,0.4581370037690936
13073086,0,0.0,0.0,0,0,0.0,0.0,0,0.45516802419028135
13073087,0,0.0,0.0,0,0,0.0,0.0,0,0.4397541322833689
13073088,0,0.0,0.0,0,0,0.0,0.0,0,0.42562342790091
13073089,0,0.0,0.0,0,0,0.0,0.0,0,0.4570056192944777
13073090,0,0.0,0.0,0,0,0.0,0.0,0,0.4317350321177595
13073092,0,0.0,0.0,0,0,0.0,0.0,0,0.39730217010167246
13073093,0,0.0,0.0,0,0,0.0,0.0,0,0.4657738536742936
13073094,0,0.0,0.0,0,0,0.0,0.0,0,0.4504724336453374
13073095,0,0.0,0.0,0,0,0.0,0.0,0,0.4056555565780249
13073096,0,0.0,0.0,0,0,0.0,0.0,0,0.4405788163454525
13073097,0,0.0,0.0,0,0,0.0,0.0,0,0.4490968824345009
13073098,0,0.0,0.0,0,0,0.0,0.0,0,0.46130359458657
13073099,0,0.0,0.0,0,0,0.0,0.0,0,0.433825852220668
13073100,0,0.0,0.0,0,0,0.0,0.0,0,0.43260672743206263
13073101,0,0.0,0.0,0,0,0.0,0.0,0,0.3863356055216755
13073102,0,0.0,0.0,0,0,0.0,0.0,0,0.44213652294968947
13073103,0,0.0,0.0,0,0,0.0,0.0,0,0.44718015284221185
13073104,0,0.0,0.0,0,0,0.0,0.0,0,0.43451122799294634
13073105,0,0.0,0.0,0,0,0.0,0.0,0,0.425671652745676
13073106,0,0.0,0.0,0,0,0.0,0.0,0,0.4018800654465201
13073107,0,0.0,0.0,0,0,0.0,0.0,0,0.4022570572272242
13074001,1,770.0,6.647688373563329,0,1,770.0,6.647688373563329,0,0.6266856622637328
13074002,1,770.0,6.647688373563329,0,1,770.0,6.647688373563329,0,0.6078285428155202
13074003,0,0.0,0.0,0,1,770.0,6.647688373563329,0,0.5890144593462978
13074004,0,0.0,0.0,0,1,770.0,6.647688373563329,0,0.5609507869942685
13074005,0,0.0,0.0,0,1,770.0,6.647688373563329,0,0.6218445235400281
13074006,0,0.0,0.0,0,1,770.0,6.647688373563329,0,0.5852838928106214
13074007,0,0.0,0.0,0,1,770.0,6.647688373563329,0,0.54809421658004
13074008,0,0.0,0.0,0,1,770.0,6.647688373563329,0,0.606642995018199
13074009,0,0.0,0.0,0,0,0.0,0.0,0,0.5418485944492679
13074010,0,0.0,0.0,0,1,770.0,6.647688373563329,0,0.5786004082178191
13074012,1,770.0,6.647688373563329,0,1,770.0,6.647688373563329,0,0.6551216883423853
13074013,0,0.0,0.0,0,3,1875.0,7.53689712956617,1,0.6589506502430751
13074014,1,770.0,6.647688373563329,0,1,770.0,6.647688373563329,0,0.6467928097974509
13074015,1,770.0,6.647688373563329,0,1,770.0,6.647688373563329,0,0.6365991211284443
13074016,0,0.0,0.0,0,1,770.0,6.647688373563329,0,0.5962588264532378
13074017,0,0.0,0.0,0,2,1875.0,7.53689712956617,0,0.6221233530904444
13074018,0,0.0,0.0,0,4,2475.0,7.814399633804487,1,0.6683400829846373
13074019,0,0.0,0.0,0,1,770.0,6.647688373563329,0,0.5868500750135356
13074020,1,770.0,6.647688373563329,0,1,770.0,6.647688373563329,0,0.6443855024433085
13074021,0,0.0,0.0,0,2,770.0,6.647688373563329,1,0.6507028239825222
13074022,0,0.0,0.0,0,1,770.0,6.647688373563329,0,0.5808644602517126
13074023,0,0.0,0.0,0,1,770.0,6.647688373563329,0,0.5485339685245212
13074024,1,770.0,6.647688373563329,0,2,770.0,6.647688373563329,1,0.6717342663574868
13074025,1,770.0,6.647688373563329,0,1,770.0,6.647688373563329,0,0.6813652656368138
13074026,0,0.0,0.0,0,1,770.0,6.647688373563329,0,0.6067318218076705
13074027,0,0.0,0.0,0,1,770.0,6.647688373563329,0,0.6269642187760922
13074028,0,0.0,0.0,0,4,2475.0,7.814399633804487,1,0.6742783516178226
13074030,0,0.0,0.0,0,1,770.0,6.647688373563329,0,0.5967070952404272
13074031,1,770.0,6.647688373563329,0,1,770.0,6.647688373563329,0,0.5994629825036952
13074032,0,0.0,0.0,0,1,770.0,6.647688373563329,0,0.5838094327450187
13074033,0,0.0,0.0,0,2,770.0,6.647688373563329,1,0.6492345741700538
13074034,0,0.0,0.0,0,1,770.0,6.647688373563329,0,0.5657523611346292
13074035,0,0.0,0.0,0,1,770.0,6.647688373563329,0,0.5552654004279763
13074036,0,0.0,0.0,0,1,770.0,6.647688373563329,0,0.5847538505617343
13074037,0,0.0,0.0,0,0,0.0,0.0,0,0.5999971262445172
13074038,1,770.0,6.647688373563329,0,1,770.0,6.647688373563329,0,0.6395513629221603
13074039,0,0.0,0.0,0,1,770.0,6.647688373563329,0,0.5869730694180675
13074040,0,0.0,0.0,0,2,770.0,6.647688373563329,1,0.6712519037174034
13074042,0,0.0,0.0,0,1,770.0,6.647688373563329,0,0.6442868424751931
13074043,0,0.0,0.0,0,2,770.0,6.647688373563329,1,0.6656181671035886
13074044,0,0.0,0.0,0,1,770.0,6.647688373563329,0,0.5582785858480946
13074046,0,0.0,0.0,0,1,770.0,6.647688373563329,0,0.5597015052117448
13074047,0,0.0,0.0,0,1,770.0,6.647688373563329,0,0.5794792096353021
13074048,1,770.0,6.647688373563329,0,1,770.0,6.647688373563329,0,0.6305087531155582
13074049,0,0.0,0.0,0,2,1705.0,7.441906728051625,0,0.6660578368632801
13074050,1,770.0,6.647688373563329,0,2,770.0,6.647688373563329,1,0.6606390390560293
13074052,0,0.0,0.0,0,2,1875.0,7.53689712956617,0,0.630604478396478
13074053,0,0.0,0.0,0,1,770.0,6.647688373563329,0,0.5871621132577445
13074054,0,0.0,0.0,0,1,770.0,6.647688373563329,0,0.6276778449138471
13074056,0,0.0,0.0,0,1,770.0,6.647688373563329,0,0.5532111009985385
13074057,0,0.0,0.0,0,1,770.0,6.647688373563329,0,0.5622410428616427
13074060,0,0.0,0.0,0,1,770.0,6.647688373563329,0,0.5377689124170555
13074061,1,770.0,6.647688373563329,0,2,770.0,6.647688373563329,1,0.6757741750649202
13074062,1,770.0,6.647688373563329,0,1,770.0,6.647688373563329,0,0.6554429729118715
13074064,1,770.0,6.647688373563329,0,2,770.0,6.647688373563329,1,0.6626977475915674
13074065,0,0.0,0.0,0,1,770.0,6.647688373563329,0,0.6397852370474466
13074066,0,0.0,0.0,0,4,2475.0,7.814399633804487,1,0.667213070848242
13074067,0,0.0,0.0,0,2,1875.0,7.53689712956617,0,0.6391869506375638
13074068,0,0.0,0.0,0,2,770.0,6.647688373563329,1,0.6611595310653167
13074069,0,0.0,0.0,0,1,770.0,6.647688373563329,0,0.6093545159079607
13074070,0,0.0,0.0,0,2,770.0,6.647688373563329,1,0.6755679162905036
13074071,0,0.0,0.0,0,1,770.0,6.647688373563329,0,0.6203045581877855
13074072,1,770.0,6.647688373563329,0,2,770.0,6.647688373563329,1,0.6673577724923061
13074073,0,0.0,0.0,0,4,2475.0,7.814399633804487,1,0.6831590727866843
13074074,0,0.0,0.0,0,2,1875.0,7.53689712956617,0,0.641244612769668
13074075,1,770.0,6.647688373563329,0,1,770.0,6.647688373563329,0,0.6483015742775762
13074076,0,0.0,0.0,0,1,1105.0,7.00850518208228,0,0.6465967632910441
13074077,0,0.0,0.0,0,1,770.0,6.647688373563329,0,0.6210504721883829
13074078,0,0.0,0.0,0,4,2475.0,7.814399633804487,1,0.677052767588698
13074079,0,0.0,0.0,0,1,770.0,6.647688373563329,0,0.6137932766495171
13074080,0,0.0,0.0,0,3,1705.0,7.441906728051625,1,0.6872602320761667
13074081,0,0.0,0.0,0,1,770.0,6.647688373563329,0,0.634910216095443
13074082,0,0.0,0.0,0,1,770.0,6.647688373563329,0,0.5921421323058358
13074084,0,0.0,0.0,0,1,770.0,6.647688373563329,0,0.5749433822455368
13074085,0,0.0,0.0,0,1,770.0,6.647688373563329,0,0.5989958993729697
13074087,0,0.0,0.0,0,1,770.0,6.647688373563329,0,0.5752264809573591
13074088,1,770.0,6.647688373563329,0,1,770.0,6.647688373563329,0,0.6176106567197908
13074089,0,0.0,0.0,0,1,770.0,6.647688373563329,0,0.5756076597277306
13074090,0,0.0,0.0,0,1,770.0,6.647688373563329,0,0.5686644237954288
13074091,0,0.0,0.0,0,1,770.0,6.647688373563329,0,0.5512935005311426
13074092,0,0.0,0.0,0,1,770.0,6.647688373563329,0,0.6380119115919216
13074093,0,0.0,0.0,0,1,770.0,6.647688373563329,0,0.6150661365732871
13074094,0,0.0,0.0,0,2,1875.0,7.53689712956617,0,0.6486370995565119
13075001,0,0.0,0.0,0,0,0.0,0.0,0,0.46499296501066556
13075002,0,0.0,0.0,0,0,0.0,0.0,0,0.48290187015818775
13075003,0,0.0,0.0,0,0,0.0,0.0,0,0.4492636394110011
13075004,0,0.0,0.0,0,0,0.0,0.0,0,0.4794506907113616
13075005,0,0.0,0.0,0,0,0.0,0.0,0,0.4621573327718319
13075006,0,0.0,0.0,0,0,0.0,0.0,0,0.4595333994819594
13075007,0,0.0,0.0,0,0,0.0,0.0,0,0.46265966216206045
13075008,0,0.0,0.0,0,0,0.0,0.0,0,0.45324954510591287
13075009,0,0.0,0.0,0,0,0.0,0.0,0,0.4665303071172731
13075010,0,0.0,0.0,0,0,0.0,0.0,0,0.43262094487423153
13075011,0,0.0,0.0,0,0,0.0,0.0,0,0.5069658887810464
13075012,0,0.0,0.0,0,0,0.0,0.0,0,0.4829254815601707
13075013,0,0.0,0.0,0,0,0.0,0.0,0,0.470131672960225
13075015,0,0.0,0.0,0,0,0.0,0.0,0,0.4879956011873236
13075016,0,0.0,0.0,0,0,0.0,0.0,0,0.49074191838471043
13075017,0,0.0,0.0,0,0,0.0,0.0,0,0.5195194472213319
13075018,0,0.0,0.0,0,0,0.0,0.0,0,0.43335744818602556
13075020,0,0.0,0.0,0,0,0.0,0.0,0,0.4655541045036219
13075021,0,0.0,0.0,0,0,0.0,0.0,0,0.4445855643880563
13075022,0,0.0,0.0,0,0,0.0,0.0,0,0.4673854007746385
13075023,0,0.0,0.0,0,0,0.0,0.0,0,0.48171264197214636
13075025,0,0.0,0.0,0,0,0.0,0.0,0,0.4534917166148289
13075026,0,0.0,0.0,0,0,0.0,0.0,0,0.43992249246146814
13075027,0,0.0,0.0,0,0,0.0,0.0,0,0.45166450044531964
13075029,0,0.0,0.0,0,0,0.0,0.0,0,0.4720571053227718
13075031,0,0.0,0.0,0,0,0.0,0.0,0,0.46953655968068564
13075032,0,0.0,0.0,0,0,0.0,0.0,0,0.5157432724006021
13075033,0,0.0,0.0,0,0,0.0,0.0,0,0.48331370875397717
13075034,0,0.0,0.0,0,0,0.0,0.0,0,0.4353546778264502
13075035,0,0.0,0.0,0,0,0.0,0.0,0,0.5111885539268549
13075036,0,0.0,0.0,0,0,0.0,0.0,0,0.4600469892756608
13075037,0,0.0,0.0,0,0,0.0,0.0,0,0.46119605858259216
13075038,0,0.0,0.0,0,0,0.0,0.0,0,0.49849653609163597
13075039,0,0.0,0.0,0,0,0.0,0.0,0,0.4417113954828652
13075040,0,0.0,0.0,0,0,0.0,0.0,0,0.4574877049988949
13075041,0,0.0,0.0,0,0,0.0,0.0,0,0.448955681460308
13075042,0,0.0,0.0,0,0,0.0,0.0,0,0.5116764053397087
13075043,0,0.0,0.0,0,0,0.0,0.0,0,0.4608420036513707
13075044,0,0.0,0.0,0,0,0.0,0.0,0,0.462201131911339
13075045,0,0.0,0.0,0,0,0.0,0.0,0,0.4897248319813895
13075046,0,0.0,0.0,0,0,0.0,0.0,0,0.4417993048983129
13075048,0,0.0,0.0,0,0,0.0,0.0,0,0.499104838135014
13075049,0,0.0,0.0,0,0,0.0,0.0,0,0.4263296221455623
13075050,0,0.0,0.0,0,0,0.0,0.0,0,0.44767055354737023
13075051,0,0.0,0.0,0,0,0.0,0.0,0,0.4668059534911528
13075053,0,0.0,0.0,0,0,0.0,0.0,0,0.4832641829268347
13075054,0,0.0,0.0,0,0,0.0,0.0,0,0.46700743918111143
13075055,0,0.0,0.0,0,0,0.0,0.0,0,0.4957454523395566
13075056,0,0.0,0.0,0,0,0.0,0.0,0,0.4352893454919772
13075058,0,0.0,0.0,0,0,0.0,0.0,0,0.42161247822688674
13075059,0,0.0,0.0,0,0,0.0,0.0,0,0.4361183202233129
13075060,0,0.0,0.0,0,0,0.0,0.0,0,0.4383104097958373
13075061,0,0.0,0.0,0,0,0.0,0.0,0,0.45370218634112836
13075063,0,0.0,0.0,0,0,0.0,0.0,0,0.4918872442190879
13075065,0,0.0,0.0,0,0,0.0,0.0,0,0.43108426489639534
13075066,0,0.0,0.0,0,0,0.0,0.0,0,0.4223213742000186
13075067,0,0.0,0.0,0,0,0.0,0.0,0,0.5191536507578656
13075068,0,0.0,0.0,0,0,0.0,0.0,0,0.47701155472870543
13075069,0,0.0,0.0,0,0,0.0,0.0,0,0.4243440866763858
13075070,0,0.0,0.0,0,0,0.0,0.0,0,0.4746249582515002
13075071,0,0.0,0.0,0,0,0.0,0.0,0,0.49684751661958365
13075072,0,0.0,0.0,0,0,0.0,0.0,0,0.4290010569820121
13075073,0,0.0,0.0,0,0,0.0,0.0,0,0.4768966840559968
13075074,0,0.0,0.0,0,0,0.0,0.0,0,0.44234646380750836
13075075,0,0.0,0.0,0,0,0.0,0.0,0,0.46470917571589626
13075076,0,0.0,0.0,0,0,0.0,0.0,0,0.44682312920145417
13075078,0,0.0,0.0,0,0,0.0,0.0,0,0.4662022771675278
13075079,0,0.0,0.0,0,0,0.0,0.0,0,0.5011878878644345
13075080,0,0.0,0.0,0,0,0.0,0.0,0,0.42520499620105223
13075081,0,0.0,0.0,0,0,0.0,0.0,0,0.433664942178597
13075082,0,0.0,0.0,0,0,0.0,0.0,0,0.4681457295668237
13075083,0,0.0,0.0,0,0,0.0,0.0,0,0.42795044585188724
13075084,0,0.0,0.0,0,0,0.0,0.0,0,0.47325091594965063
13075085,0,0.0,0.0,0,0,0.0,0.0,0,0.4609181245595494
13075087,0,0.0,0.0,0,0,0.0,0.0,0,0.43210473710925523
13075088,0,0.0,0.0,0,0,0.0,0.0,0,0.47194791378585876
13075089,0,0.0,0.0,0,0,0.0,0.0,0,0.47365784762835816
13075090,0,0.0,0.0,0,0,0.0,0.0,0,0.4376227695823844
13075091,0,0.0,0.0,0,0,0.0,0.0,0,0.4372455358159113
13075092,0,0.0,0.0,0,0,0.0,0.0,0,0.4258367552037517
13075093,0,0.0,0.0,0,0,0.0,0.0,0,0.4624167231596972
13075094,0,0.0,0.0,0,0,0.0,0.0,0,0.45252009365366586
13075095,0,0.0,0.0,0,0,0.0,0.0,0,0.5134268822636117
13075097,0,0.0,0.0,0,0,0.0,0.0,0,0.4365511274472984
13075098,0,0.0,0.0,0,0,0.0,0.0,0,0.46910230574711137
13075101,0,0.0,0.0,0,0,0.0,0.0,0,0.4763994672483747
13075102,0,0.0,0.0,0,0,0.0,0.0,0,0.438956423126407
13075103,0,0.0,0.0,0,0,0.0,0.0,0,0.5266544254207375
13075104,0,0.0,0.0,0,0,0.0,0.0,0,0.512336642171516
13075105,0,0.0,0.0,0,0,0.0,0.0,0,0.507455997882619
13075106,0,0.0,0.0,0,0,0.0,0.0,0,0.4214903871609959
13075107,0,0.0,0.0,0,0,0.0,0.0,0,0.5324555740616495
13075108,0,0.0,0.0,0,0,0.0,0.0,0,0.4947624162089208
13075109,0,0.0,0.0,0,0,0.0,0.0,0,0.5035479689986953
13075110,0,0.0,0.0,0,0,0.0,0.0,0,0.47056043789689594
13075111,0,0.0,0.0,0,0,0.0,0.0,0,0.4292164797516444
13075113,0,0.0,0.0,0,0,0.0,0.0,0,0.5024448202697052
13075114,0,0.0,0.0,0,0,0.0,0.0,0,0.43841014948280016
13075115,0,0.0,0.0,0,0,0.0,0.0,0,0.5152980525529581
13075116,0,0.0,0.0,0,0,0.0,0.0,0,0.47506100024099923
13075117,0,0.0,0.0,0,0,0.0,0.0,0,0.5038603914314429
13075118,0,0.0,0.0,0,0,0.0,0.0,0,0.500179452220842
13075119,0,0.0,0.0,0,0,0.0,0.0,0,0.489985384045055
13075120,0,0.0,0.0,0,0,0.0,0.0,0,0.42873484440283627
13075121,0,0.0,0.0,0,0,0.0,0.0,0,0.4490857978813486
13075122,0,0.0,0.0,0,0,0.0,0.0,0,0.4818595801643071
13075123,0,0.0,0.0,0,0,0.0,0.0,0,0.4588301574519854
13075124,0,0.0,0.0,0,0,0.0,0.0,0,0.4332994536676812
13075125,0,0.0,0.0,0,0,0.0,0.0,0,0.45820346758258
13075126,0,0.0,0.0,0,0,0.0,0.0,0,0.5053869521001427
13075127,0,0.0,0.0,0,0,0.0,0.0,0,0.48213530766017726
13075128,0,0.0,0.0,0,0,0.0,0.0,0,0.4654152697356735
13075129,0,0.0,0.0,0,0,0.0,0.0,0,0.4462880114629607
13075130,0,0.0,0.0,0,0,0.0,0.0,0,0.5233948996166349
13075131,0,0.0,0.0,0,0,0.0,0.0,0,0.48242065560175335
13075133,0,0.0,0.0,0,0,0.0,0.0,0,0.4236010743120504
13075134,0,0.0,0.0,0,0,0.0,0.0,0,0.4717070246246047
13075135,0,0.0,0.0,0,0,0.0,0.0,0,0.42459287845109167
13075136,0,0.0,0.0,0,0,0.0,0.0,0,0.4626036577173107
13075137,0,0.0,0.0,0,0,0.0,0.0,0,0.44873494512718026
13075138,0,0.0,0.0,0,0,0.0,0.0,0,0.4949412722410925
13075139,0,0.0,0.0,0,0,0.0,0.0,0,0.45797986110229316
13075140,0,0.0,0.0,0,0,0.0,0.0,0,0.4740659371606014
13075141,0,0.0,0.0,0,0,0.0,0.0,0,0.4419118114572446
13075142,0,0.0,0.0,0,0,0.0,0.0,0,0.44596240843501656
13075143,0,0.0,0.0,0,0,0.0,0.0,0,0.4891505943456461
13075144,0,0.0,0.0,0,0,0.0,0.0,0,0.431424183276904
13075145,0,0.0,0.0,0,0,0.0,0.0,0,0.4435284986110348
13075146,0,0.0,0.0,0,0,0.0,0.0,0,0.43008360950236335
13075147,0,0.0,0.0,0,0,0.0,0.0,0,0.4418859105184016
13075148,0,0.0,0.0,0,0,0.0,0.0,0,0.4221192123862231
13075149,0,0.0,0.0,0,0,0.0,0.0,0,0.5020646842875524
13075150,0,0.0,0.0,0,0,0.0,0.0,0,0.45822335308458007
13075151,0,0.0,0.0,0,0,0.0,0.0,0,0.4228877982028046
13075152,0,0.0,0.0,0,0,0.0,0.0,0,0.4356300148346919
13075154,0,0.0,0.0,0,0,0.0,0.0,0,0.4503217837841945
13075155,0,0.0,0.0,0,0,0.0,0.0,0,0.4706205609694272
13075156,0,0.0,0.0,0,0,0.0,0.0,0,0.44904855386121756
13076001,0,0.0,0.0,0,2,770.0,6.647688373563329,1,0.6677798231886901
13076002,1,770.0,6.647688373563329,0,2,770.0,6.647688373563329,1,0.7060612841896436
13076003,0,0.0,0.0,0,1,770.0,6.647688373563329,0,0.6421788389244955
13076004,1,770.0,6.647688373563329,0,2,770.0,6.647688373563329,1,0.6933541580046676
13076005,1,770.0,6.647688373563329,0,1,770.0,6.647688373563329,0,0.7484909797419167
13076006,0,0.0,0.0,0,0,0.0,0.0,0,0.5845406470804574
13076007,1,770.0,6.647688373563329,0,1,770.0,6.647688373563329,0,0.6317673626153785
13076008,0,0.0,0.0,0,2,770.0,6.647688373563329,1,0.6755153519306857
13076009,1,0.0,0.0,1,3,1370.0,7.223295679562314,1,0.7406520509286358
13076010,1,0.0,0.0,1,2,770.0,6.647688373563329,1,0.7355371763941558
13076011,0,0.0,0.0,0,1,770.0,6.647688373563329,0,0.5815955141545007
13076012,0,0.0,0.0,0,1,770.0,6.647688373563329,0,0.642352648874587
13076013,1,770.0,6.647688373563329,0,2,770.0,6.647688373563329,1,0.6829940471264571
13076014,1,0.0,0.0,1,3,1020.0,6.928537818164665,1,0.857825387409531
13076015,0,0.0,0.0,0,1,770.0,6.647688373563329,0,0.5769398204283481
13076016,1,0.0,0.0,1,2,770.0,6.647688373563329,1,0.7095258823711452
13076017,0,0.0,0.0,0,1,770.0,6.647688373563329,0,0.6421547195730954
13076018,0,0.0,0.0,0,1,770.0,6.647688373563329,0,0.6630148465163908
13076019,0,0.0,0.0,0,2,770.0,6.647688373563329,1,0.6701920347067183
13076020,0,0.0,0.0,0,1,770.0,6.647688373563329,0,0.5893474986080433
13076021,0,0.0,0.0,0,1,770.0,6.647688373563329,0,0.6372847342961018
13076023,1,770.0,6.647688373563329,0,1,770.0,6.647688373563329,0,0.6146344413111977
13076024,1,770.0,6.647688373563329,0,1,770.0,6.647688373563329,0,0.6343323414008581
13076025,1,770.0,6.647688373563329,0,1,770.0,6.647688373563329,0,0.6518244402105215
13076026,0,0.0,0.0,0,1,770.0,6.647688373563329,0,0.5823783879226814
13076027,0,0.0,0.0,0,1,770.0,6.647688373563329,0,0.6412349804166757
13076029,1,770.0,6.647688373563329,0,1,770.0,6.647688373563329,0,0.6077436436389652
13076030,1,0.0,0.0,1,2,770.0,6.647688373563329,1,0.7276556437396684
13076032,0,0.0,0.0,0,1,770.0,6.647688373563329,0,0.5735514430877802
13076033,1,770.0,6.647688373563329,0,1,770.0,6.647688373563329,0,0.6205926246181211
13076034,0,0.0,0.0,0,2,770.0,6.647688373563329,1,0.672261297129491
13076035,1,770.0,6.647688373563329,0,1,770.0,6.647688373563329,0,0.6255353631847618
13076036,1,770.0,6.647688373563329,0,2,770.0,6.647688373563329,1,0.6802592551507005
13076037,0,0.0,0.0,0,1,770.0,6.647688373563329,0,0.6601804836518246
13076038,1,770.0,6.647688373563329,0,1,770.0,6.647688373563329,0,0.625814858719119
13076039,1,0.0,0.0,1,3,1370.0,7.223295679562314,1,0.7289263052665612
13076040,0,0.0,0.0,0,1,770.0,6.647688373563329,0,0.5860631367262865
13076041,1,770.0,6.647688373563329,0,2,770.0,6.647688373563329,1,0.6887227356689837
13076044,1,770.0,6.647688373563329,0,1,770.0,6.647688373563329,0,0.6644931402627827
13076046,0,0.0,0.0,0,2,770.0,6.647688373563329,1,0.6635678904592084
13076048,0,0.0,0.0,0,1,770.0,6.647688373563329,0,0.5771046838421305
13076049,0,0.0,0.0,0,1,770.0,6.647688373563329,0,0.6597273831348812
13076050,0,0.0,0.0,0,1,770.0,6.647688373563329,0,0.6506484582700534
13076051,0,0.0,0.0,0,1,770.0,6.647688373563329,0,0.6022943078854363
13076053,0,0.0,0.0,0,2,770.0,6.647688373563329,1,0.666218986965964
13076054,1,0.0,0.0,1,4,1790.0,7.490529402060711,1,0.7922507527069205
13076055,1,0.0,0.0,1,3,1370.0,7.223295679562314,1,0.7423289066601948
13076056,0,0.0,0.0,0,1,770.0,6.647688373563329,0,0.6298671105677343
13076057,0,0.0,0.0,0,2,770.0,6.647688373563329,1,0.6713085807051562
13076058,0,0.0,0.0,0,1,770.0,6.647688373563329,0,0.652028694832004
13076060,1,770.0,6.647688373563329,0,2,770.0,6.647688373563329,1,0.6806014432131295
13076062,0,0.0,0.0,0,1,770.0,6.647688373563329,0,0.5894636908033974
13076063,1,770.0,6.647688373563329,0,1,770.0,6.647688373563329,0,0.7556047499139041
13076064,1,770.0,6.647688373563329,0,2,770.0,6.647688373563329,1,0.7047166193664522
13076065,1,770.0,6.647688373563329,0,2,770.0,6.647688373563329,1,0.683677778569417
13076067,0,0.0,0.0,0,2,770.0,6.647688373563329,1,0.6646896601064445
13076068,0,0.0,0.0,0,1,770.0,6.647688373563329,0,0.6311704321558933
13076069,0,0.0,0.0,0,1,770.0,6.647688373563329,0,0.6554006100523435
13076070,1,770.0,6.647688373563329,0,2,770.0,6.647688373563329,1,0.6809454271184724
13076071,1,770.0,6.647688373563329,0,1,770.0,6.647688373563329,0,0.721425993689417
13076072,0,0.0,0.0,0,1,770.0,6.647688373563329,0,0.5902317828234512
13076073,1,0.0,0.0,1,2,770.0,6.647688373563329,1,0.7027725764679935
13076075,0,0.0,0.0,0,1,770.0,6.647688373563329,0,0.6066971824224665
13076076,0,0.0,0.0,0,1,770.0,6.647688373563329,0,0.6496215930501066
13076077,0,0.0,0.0,0,1,770.0,6.647688373563329,0,0.596748017637335
13076078,1,770.0,6.647688373563329,0,1,770.0,6.647688373563329,0,0.6174470884906076
13076079,1,770.0,6.647688373563329,0,2,770.0,6.647688373563329,1,0.6752099658510391
13076080,1,770.0,6.647688373563329,0,1,770.0,6.647688373563329,0,0.6550772184503563
13076082,1,770.0,6.647688373563329,0,1,770.0,6.647688373563329,0,0.6649028252740792
13076085,1,770.0,6.647688373563329,0,1,770.0,6.647688373563329,0,0.6417749887392687
13076086,1,770.0,6.647688373563329,0,1,770.0,6.647688373563329,0,0.7175020996206951
13076087,1,770.0,6.647688373563329,0,1,770.0,6.647688373563329,0,0.67170637834102
13076088,0,0.0,0.0,0,2,770.0,6.647688373563329,1,0.686761435532864
13076089,0,0.0,0.0,0,1,770.0,6.647688373563329,0,0.6007794236514423
13076090,0,0.0,0.0,0,1,770.0,6.647688373563329,0,0.6556603090059339
13076092,1,0.0,0.0,1,3,1370.0,7.223295679562314,1,0.7083568035427945
13076093,0,0.0,0.0,0,1,770.0,6.647688373563329,0,0.6631021358652327
13076094,0,0.0,0.0,0,2,770.0,6.647688373563329,1,0.6659126493388807
13076096,0,0.0,0.0,0,1,770.0,6.647688373563329,0,0.5931560512556432
13076097,0,0.0,0.0,0,1,770.0,6.647688373563329,0,0.6556966652135239
13076098,0,0.0,0.0,0,1,770.0,6.647688373563329,0,0.639336391574136
13076099,1,770.0,6.647688373563329,0,2,770.0,6.647688373563329,1,0.677893824857971
13076100,0,0.0,0.0,0,1,770.0,6.647688373563329,0,0.6409679601893088
13076101,0,0.0,0.0,0,1,770.0,6.647688373563329,0,0.5692628139895949
13076102,1,0.0,0.0,1,3,1370.0,7.223295679562314,1,0.777494587280054
13076103,0,0.0,0.0,0,2,770.0,6.647688373563329,1,0.6689905690177057
13076104,0,0.0,0.0,0,1,770.0,6.647688373563329,0,0.5781399624345906
13076105,1,770.0,6.647688373563329,0,1,770.0,6.647688373563329,0,0.6511752968660047
13076107,1,770.0,6.647688373563329,0,1,770.0,6.647688373563329,0,0.7746139334666564
13076108,0,0.0,0.0,0,1,770.0,6.647688373563329,0,0.6202914980794177
13076109,0,0.0,0.0,0,1,770.0,6.647688373563329,0,0.5926086210513897
13076110,0,0.0,0.0,0,2,770.0,6.647688373563329,1,0.6828042427705091
13076111,0,0.0,0.0,0,2,770.0,6.647688373563329,1,0.6671410642605258
13076112,1,770.0,6.647688373563329,0,1,770.0,6.647688373563329,0,0.7084754026968939
13076113,1,770.0,6.647688373563329,0,1,770.0,6.647688373563329,0,0.8573615760868872
13076114,0,0.0,0.0,0,0,0.0,0.0,0,0.5882851080722615
13076115,0,0.0,0.0,0,1,770.0,6.647688373563329,0,0.6472265085854956
13076116,0,0.0,0.0,0,2,770.0,6.647688373563329,1,0.6887446835965907
13076117,1,770.0,6.647688373563329,0,1,770.0,6.647688373563329,0,0.7706226628825454
13076118,1,770.0,6.647688373563329,0,1,770.0,6.647688373563329,0,0.6881342442768776
13076119,0,0.0,0.0,0,2,770.0,6.647688373563329,1,0.6765438180067962
13076120,0,0.0,0.0,0,1,770.0,6.647688373563329,0,0.6089246231059968
13076121,1,770.0,6.647688373563329,0,2,770.0,6.647688373563329,1,0.685582203472143
13076122,1,0.0,0.0,1,5,1444.0,7.275864600546533,1,0.8457410943187256
13076125,0,0.0,0.0,0,1,770.0,6.647688373563329,0,0.6167267740696927
13076126,0,0.0,0.0,0,1,770.0,6.647688373563329,0,0.635758502179897
13076128,0,0.0,0.0,0,1,770.0,6.647688373563329,0,0.5813219568214343
13076129,0,0.0,0.0,0,1,770.0,6.647688373563329,0,0.6353764855422642
13076130,1,770.0,6.647688373563329,0,2,770.0,6.647688373563329,1,0.7090610447300925
13076131,1,770.0,6.647688373563329,0,2,770.0,6.647688373563329,1,0.6735915757012834
13076133,1,770.0,6.647688373563329,0,1,770.0,6.647688373563329,0,0.7205637864481389
13076134,1,770.0,6.647688373563329,0,1,770.0,6.647688373563329,0,0.7388129613537071
13076135,0,0.0,0.0,0,1,770.0,6.647688373563329,0,0.5860157735003773
13076136,1,0.0,0.0,1,1,0.0,0.0,1,0.7578387195514669
13076138,1,0.0,0.0,1,3,1370.0,7.223295679562314,1,0.7401807944842612
13076140,1,770.0,6.647688373563329,0,1,770.0,6.647688373563329,0,0.6573833350241398
13076141,1,770.0,6.647688373563329,0,1,770.0,6.647688373563329,0,0.7059673094550921
13076142,1,0.0,0.0,1,2,770.0,6.647688373563329,1,0.7066152445149492
13076143,0,0.0,0.0,0,2,770.0,6.647688373563329,1,0.6793675839269091
13076145,0,0.0,0.0,0,2,770.0,6.647688373563329,1,0.6816302383482837
13076146,1,770.0,6.647688373563329,0,1,770.0,6.647688373563329,0,0.6630124082383955
13076147,1,770.0,6.647688373563329,0,2,770.0,6.647688373563329,1,0.709064308225807
13076148,0,0.0,0.0,0,1,770.0,6.647688373563329,0,0.5894933731566558
13076151,0,0.0,0.0,0,1,770.0,6.647688373563329,0,0.5969835128826118
13076152,0,0.0,0.0,0,2,770.0,6.647688373563329,1,0.6849214594014398
13076153,1,770.0,6.647688373563329,0,2,770.0,6.647688373563329,1,0.681081434623145
13076154,1,770.0,6.647688373563329,0,1,770.0,6.647688373563329,0,0.6936978853710055
13076155,0,0.0,0.0,0,1,770.0,6.647688373563329,0,0.5692512899759752
13076156,1,770.0,6.647688373563329,0,1,770.0,6.647688373563329,0,0.662679425057102
13076158,1,770.0,6.647688373563329,0,1,770.0,6.647688373563329,0,0.648109168931507
13076159,0,0.0,0.0,0,3,1370.0,7.223295679562314,1,0.6995355204440097
13076160,0,0.0,0.0,0,1,770.0,6.647688373563329,0,0.6343181465812999
13076161,0,0.0,0.0,0,1,770.0,6.647688373563329,0,0.6426813899912354
13076162,1,770.0,6.647688373563329,0,1,770.0,6.647688373563329,0,0.6094299063428888
13076163,1,770.0,6.647688373563329,0,2,770.0,6.647688373563329,1,0.695265461158254
13076164,0,0.0,0.0,0,1,770.0,6.647688373563329,0,0.6093737692872014
13076165,0,0.0,0.0,0,1,770.0,6.647688373563329,0,0.6047354889253191
13076166,0,0.0,0.0,0,0,0.0,0.0,0,0.6017680681900073
13076167,0,0.0,0.0,0,1,770.0,6.647688373563329,0,0.5888175711509742
13076168,0,0.0,0.0,0,1,770.0,6.647688373563329,0,0.6253319754879291
13076169,0,0.0,0.0,0,2,770.0,6.647688373563329,1,0.6832844228925736
14521010,5,1020.0,6.928537818164665,2,7,1580.0,7.365812837209472,3,1.5134062779533042
14521020,1,0.0,0.0,1,7,1580.0,7.365812837209472,3,0.8390232227130698
14521035,1,560.0,6.329720905522696,0,7,1580.0,7.365812837209472,3,0.9774032633013465
14521040,6,1580.0,7.365812837209472,2,7,1580.0,7.365812837209472,3,1.020469779955944
14521060,0,0.0,0.0,0,6,1580.0,7.365812837209472,2,0.7708680129997532
14521080,1,560.0,6.329720905522696,0,7,1580.0,7.365812837209472,3,0.9472510813032978
14521090,5,1020.0,6.928537818164665,2,7,1580.0,7.365812837209472,3,0.9760261168457112
14521110,1,560.0,6.329720905522696,0,7,1580.0,7.365812837209472,3,0.8021544386305925
14521120,5,1020.0,6.928537818164665,2,7,1580.0,7.365812837209472,3,1.228451850533658
14521130,1,560.0,6.329720905522696,0,7,1580.0,7.365812837209472,3,0.7962106251198747
14521140,0,0.0,0.0,0,5,1020.0,6.928537818164665,2,0.7286000449171028
14521150,5,1020.0,6.928537818164665,2,7,1580.0,7.365812837209472,3,0.9688578847406613
14521160,5,1020.0,6.928537818164665,2,7,1580.0,7.365812837209472,3,0.9313796730885928
14521170,1,560.0,6.329720905522696,0,7,1580.0,7.365812837209472,3,0.8501321152769628
14521180,2,560.0,6.329720905522696,1,7,1580.0,7.365812837209472,3,0.8634988499187708
14521200,5,1020.0,6.928537818164665,2,7,1580.0,7.365812837209472,3,1.1181671806753353
14521210,5,860.0,6.7580945044277305,2,7,1580.0,7.365812837209472,3,0.9046759701026841
14521220,5,1020.0,6.928537818164665,2,7,1580.0,7.365812837209472,3,1.3337967963586923
14521230,6,1580.0,7.365812837209472,2,7,1580.0,7.365812837209472,3,1.075410143078778
14521240,5,1020.0,6.928537818164665,2,7,1580.0,7.365812837209472,3,0.9541237727418076
14521250,2,200.0,5.303304908059076,1,6,1580.0,7.365812837209472,2,0.8494757660109025
14521260,1,560.0,6.329720905522696,0,7,1580.0,7.365812837209472,3,0.874937518632246
14521270,5,1020.0,6.928537818164665,2,7,1580.0,7.365812837209472,3,0.9779656645632047
14521280,0,0.0,0.0,0,8,1440.0,7.273092595999522,4,0.7731588233357867
14521290,7,1580.0,7.365812837209472,3,7,1580.0,7.365812837209472,3,0.9884612121924333
14521310,6,1580.0,7.365812837209472,2,7,1580.0,7.365812837209472,3,1.1383726995692618
14521320,1,560.0,6.329720905522696,0,6,860.0,6.7580945044277305,3,0.7731457559450553
14521330,0,0.0,0.0,0,6,1580.0,7.365812837209472,2,0.7691336547216483
14521340,1,0.0,0.0,1,6,1580.0,7.365812837209472,2,0.8004732472252385
14521355,1,560.0,6.329720905522696,0,7,1580.0,7.365812837209472,3,0.9077859422622231
14521370,2,560.0,6.329720905522696,1,7,1580.0,7.365812837209472,3,0.9409911927694123
14521380,7,1580.0,7.365812837209472,3,7,1580.0,7.365812837209472,3,1.0294115060439437
14521390,2,200.0,5.303304908059076,1,6,1580.0,7.365812837209472,2,0.8541253899177652
14521400,1,0.0,0.0,1,6,1580.0,7.365812837209472,2,0.836805880163699
14521410,5,1020.0,6.928537818164665,2,7,1580.0,7.365812837209472,3,1.3619921153982386
14521420,6,1580.0,7.365812837209472,2,7,1580.0,7.365812837209472,3,1.041739257265648
14521430,7,1580.0,7.365812837209472,3,7,1580.0,7.365812837209472,3,1.0141281392317334
14521440,0,0.0,0.0,0,6,1580.0,7.365812837209472,2,0.7365585840764337
14521450,7,1580.0,7.365812837209472,3,7,1580.0,7.365812837209472,3,0.9890403144572246
14521460,0,0.0,0.0,0,5,1020.0,6.928537818164665,2,0.7857562671464167
14521495,4,920.0,6.825460036255307,2,6,1580.0,7.365812837209472,2,0.8966021782386524
14521500,1,560.0,6.329720905522696,0,7,1580.0,7.365812837209472,3,0.8338939373903482
14521510,1,560.0,6.329720905522696,0,7,1580.0,7.365812837209472,3,0.8236155983659708
14521520,2,560.0,6.329720905522696,1,7,1580.0,7.365812837209472,3,0.8307413453833952
14521540,1,560.0,6.329720905522696,0,6,860.0,6.7580945044277305,3,0.8386440177468315
14521550,1,560.0,6.329720905522696,0,7,1580.0,7.365812837209472,3,0.8550265606357725
14521560,0,0.0,0.0,0,6,1580.0,7.365812837209472,2,0.7893317041296631
14521570,0,0.0,0.0,0,7,1440.0,7.273092595999522,3,0.749331885085008
14521590,6,1580.0,7.365812837209472,2,7,1580.0,7.365812837209472,3,1.0096731735667743
14521600,1,560.0,6.329720905522696,0,7,1580.0,7.365812837209472,3,0.8771422639756847
14521610,3,760.0,6.634633357861686,1,7,1580.0,7.365812837209472,3,0.876518420601923
14521620,6,1580.0,7.365812837209472,2,7,1580.0,7.365812837209472,3,1.03457121972433
14521630,2,200.0,5.303304908059076,1,7,1580.0,7.365812837209472,3,0.8679278985813978
14521640,5,1020.0,6.928537818164665,2,7,1580.0,7.365812837209472,3,0.9825243768811189
14521670,4,300.0,5.707110264748875,2,7,1580.0,7.365812837209472,3,0.9083913511510033
14521690,5,1020.0,6.928537818164665,2,7,1580.0,7.365812837209472,3,1.101382929252801
14521700,1,560.0,6.329720905522696,0,7,1580.0,7.365812837209472,3,1.2617401655800977
14521710,5,860.0,6.7580945044277305,2,7,1580.0,7.365812837209472,3,0.9246165537582813
14522010,5,1020.0,6.928537818164665,2,8,1580.0,7.365812837209472,4,1.0472567876031609
14522020,5,1020.0,6.928537818164665,2,7,1580.0,7.365812837209472,3,1.0928922882389904
14522035,0,0.0,0.0,0,10,1840.0,7.518064181233078,5,0.8643473696334919
14522050,0,0.0,0.0,0,10,1840.0,7.518064181233078,5,0.8782684826889093
14522060,5,1020.0,6.928537818164665,2,8,1580.0,7.365812837209472,4,1.1124436160201356
14522070,5,1020.0,6.928537818164665,2,8,1580.0,7.365812837209472,4,1.1385211859534246
14522080,0,0.0,0.0,0,11,1840.0,7.518064181233078,6,0.8717002757457702
14522090,0,0.0,0.0,0,10,1840.0,7.518064181233078,5,0.8010812083942715
14522110,5,1020.0,6.928537818164665,2,11,2400.0,7.783640596221253,5,0.9148295450688471
14522120,4,1020.0,6.928537818164665,1,7,1020.0,6.928537818164665,4,0.9822995510714534
14522140,5,1020.0,6.928537818164665,2,8,2000.0,7.601402334583733,3,1.145369779760885
14522150,5,1020.0,6.928537818164665,2,7,1580.0,7.365812837209472,3,1.14356439709997
14522170,0,0.0,0.0,0,10,1840.0,7.518064181233078,5,0.8037872620809403
14522180,0,0.0,0.0,0,10,1840.0,7.518064181233078,5,0.8799645771696168
14522190,1,720.0,6.580639137284949,0,9,1020.0,6.928537818164665,6,0.9206195124664449
14522200,1,0.0,0.0,1,10,1840.0,7.518064181233078,5,0.8582389168679984
14522210,0,0.0,0.0,0,10,1840.0,7.518064181233078,5,0.8951442503733628
14522220,0,0.0,0.0,0,9,1840.0,7.518064181233078,4,0.8678255222274667
14522230,5,1020.0,6.928537818164665,2,11,1840.0,7.518064181233078,6,0.9528451680121428
14522240,0,0.0,0.0,0,10,1840.0,7.518064181233078,5,0.8844039080999988
14522250,0,0.0,0.0,0,7,1020.0,6.928537818164665,4,0.9004281851286783
14522260,6,1020.0,6.928537818164665,3,8,1580.0,7.365812837209472,4,1.1819985098410863
14522275,0,0.0,0.0,0,10,1840.0,7.518064181233078,5,0.8447372360515637
14522280,0,0.0,0.0,0,10,1940.0,7.57095858316901,6,0.935393215727739
14522290,4,1020.0,6.928537818164665,1,8,1580.0,7.365812837209472,4,1.0261679062255737
14522300,1,720.0,6.580639137284949,0,9,1440.0,7.273092595999522,5,0.9216376848404347
14522310,0,0.0,0.0,0,10,1940.0,7.57095858316901,6,0.8824748204198081
14522320,5,1020.0,6.928537818164665,2,9,2000.0,7.601402334583733,4,0.9776865096626141
14522330,5,1020.0,6.928537818164665,2,7,1580.0,7.365812837209472,3,1.297658422086783
14522340,0,0.0,0.0,0,10,1840.0,7.518064181233078,5,0.8468826559912188
14522350,5,1020.0,6.928537818164665,2,8,1580.0,7.365812837209472,4,1.0095389827644856
14522360,5,1020.0,6.928537818164665,2,7,1020.0,6.928537818164665,4,1.0030633209830189
14522380,6,1020.0,6.928537818164665,3,8,1580.0,7.365812837209472,4,1.0892987229061537
14522390,0,0.0,0.0,0,10,1840.0,7.518064181233078,5,0.8322835046513588
14522400,0,0.0,0.0,0,9,1440.0,7.273092595999522,5,0.7570616581899848
14522420,5,1020.0,6.928537818164665,2,7,1580.0,7.365812837209472,3,1.3044817887717888
14522430,4,920.0,6.825460036255307,2,10,1840.0,7.518064181233078,5,0.9113680886622566
14522440,5,1020.0,6.928537818164665,2,12,2400.0,7.783640596221253,6,0.982253329053705
14522460,5,1020.0,6.928537818164665,2,8,1580.0,7.365812837209472,4,1.0101072119007783
14522470,0,0.0,0.0,0,10,1840.0,7.518064181233078,5,0.7658820716258818
14522480,1,420.0,6.042632833682381,0,10,1840.0,7.518064181233078,5,0.8886828669263072
14522490,2,820.0,6.710523109452428,0,10,1940.0,7.57095858316901,6,0.944712177895743
14522500,4,1020.0,6.928537818164665,1,10,1840.0,7.518064181233078,5,0.9623530215217506
14522510,0,0.0,0.0,0,10,1840.0,7.518064181233078,5,0.8848493710150438
14522520,0,0.0,0.0,0,10,1840.0,7.518064181233078,5,0.7849021220503316
14522530,3,820.0,6.710523109452428,1,9,1020.0,6.928537818164665,6,0.9557035707861194
14522540,0,0.0,0.0,0,10,1840.0,7.518064181233078,5,0.8906613347622081
14522550,5,1020.0,6.928537818164665,2,8,1580.0,7.365812837209472,4,1.1640018542989803
14522570,1,720.0,6.580639137284949,0,9,1440.0,7.273092595999522,5,0.9080063852258163
14522580,4,1020.0,6.928537818164665,1,8,1580.0,7.365812837209472,4,0.9729897486104724
14522590,0,0.0,0.0,0,10,1840.0,7.518064181233078,5,0.8578675388221301
14522600,1,720.0,6.580639137284949,0,10,1940.0,7.57095858316901,6,0.9276781204770159
14523010,0,0.0,0.0,0,1,560.0,6.329720905522696,0,0.7133824718215719
14523020,1,560.0,6.329720905522696,0,2,560.0,6.329720905522696,1,0.7956513762579805
14523030,0,0.0,0.0,0,1,560.0,6.329720905522696,0,0.6925030523980577
14523040,0,0.0,0.0,0,1,560.0,6.329720905522696,0,0.7046562146836943
14523050,0,0.0,0.0,0,2,560.0,6.329720905522696,1,0.7576805506275643
14523060,0,0.0,0.0,0,1,560.0,6.329720905522696,0,0.72503120539986
14523080,0,0.0,0.0,0,1,560.0,6.329720905522696,0,0.7176039930979359
14523090,1,560.0,6.329720905522696,0,2,560.0,6.329720905522696,1,0.780784893908822
14523100,0,0.0,0.0,0,3,737.0,6.6039438246004725,1,0.7847957210316894
14523120,1,560.0,6.329720905522696,0,2,560.0,6.329720905522696,1,0.7732021090276441
14523130,1,560.0,6.329720905522696,0,2,560.0,6.329720905522696,1,0.7589836179637599
14523150,1,560.0,6.329720905522696,0,7,1580.0,7.365812837209472,3,0.8324922318107045
14523160,0,0.0,0.0,0,1,560.0,6.329720905522696,0,0.7322914128618765
14523170,1,560.0,6.329720905522696,0,6,860.0,6.7580945044277305,3,0.8125322301385324
14523190,0,0.0,0.0,0,3,737.0,6.6039438246004725,1,0.7906913054337811
14523200,0,0.0,0.0,0,1,560.0,6.329720905522696,0,0.7128561719476503
14523230,0,0.0,0.0,0,1,560.0,6.329720905522696,0,0.7268189422694499
14523245,1,560.0,6.329720905522696,0,2,560.0,6.329720905522696,1,0.7680254358620147
14523260,0,0.0,0.0,0,3,737.0,6.6039438246004725,1,0.800031829102726
14523270,0,0.0,0.0,0,2,560.0,6.329720905522696,1,0.761951129987103
14523280,2,560.0,6.329720905522696,1,8,1757.0,7.471932078245122,3,0.8432250893228401
14523290,1,560.0,6.329720905522696,0,2,560.0,6.329720905522696,1,0.7609960308122404
14523300,0,0.0,0.0,0,1,560.0,6.329720905522696,0,0.7329290686212032
14523310,0,0.0,0.0,0,3,737.0,6.6039438246004725,1,0.757738059169135
14523320,0,0.0,0.0,0,2,560.0,6.329720905522696,1,0.7500205568940018
14523330,0,0.0,0.0,0,3,737.0,6.6039438246004725,1,0.7713895760991549
14523340,1,560.0,6.329720905522696,0,6,1037.0,6.945051063725834,2,0.8152970823314643
14523360,1,560.0,6.329720905522696,0,6,860.0,6.7580945044277305,3,0.8076659543850687
14523365,0,0.0,0.0,0,3,737.0,6.6039438246004725,1,0.7534453796203757
14523370,0,0.0,0.0,0,1,560.0,6.329720905522696,0,0.7368131449245265
14523380,1,560.0,6.329720905522696,0,7,1580.0,7.365812837209472,3,0.8646450558586504
14523410,0,0.0,0.0,0,2,560.0,6.329720905522696,1,0.7516320897101092
14523420,0,0.0,0.0,0,2,560.0,6.329720905522696,1,0.744010336411157
14523430,1,560.0,6.329720905522696,0,2,560.0,6.329720905522696,1,0.7877945407613746
14523440,0,0.0,0.0,0,1,560.0,6.329720905522696,0,0.7205805548750024
14523450,0,0.0,0.0,0,1,560.0,6.329720905522696,0,0.7334110280546207
14523460,0,0.0,0.0,0,2,560.0,6.329720905522696,1,0.7497579612196704
14524010,7,1580.0,7.365812837209472,3,7,1580.0,7.365812837209472,3,1.0001842493632336
14524020,5,1020.0,6.928537818164665,2,8,1580.0,7.365812837209472,4,1.0182055036143474
14524030,1,0.0,0.0,1,9,1757.0,7.471932078245122,4,0.9880874464650887
14524040,1,560.0,6.329720905522696,0,7,1580.0,7.365812837209472,3,0.9180119165432048
14524050,1,0.0,0.0,1,9,1757.0,7.471932078245122,4,1.2438778016072778
14524060,2,560.0,6.329720905522696,1,8,1757.0,7.471932078245122,3,0.8643621054554422
14524070,7,1580.0,7.365812837209472,3,7,1580.0,7.365812837209472,3,1.0185255916203193
14524080,2,100.0,4.61512051684126,1,9,1757.0,7.471932078245122,4,1.0553525070805223
14524090,4,760.0,6.634633357861686,2,7,1580.0,7.365812837209472,3,0.9535669943457996
14524100,1,560.0,6.329720905522696,0,7,1580.0,7.365812837209472,3,0.9606053056401063
14524110,2,560.0,6.329720905522696,1,7,1580.0,7.365812837209472,3,0.8718911911241166
14524120,6,1020.0,6.928537818164665,3,8,1580.0,7.365812837209472,4,1.0571527407208023
14524130,2,560.0,6.329720905522696,1,7,1580.0,7.365812837209472,3,0.9166791697940087
14524140,1,0.0,0.0,1,9,1757.0,7.471932078245122,4,0.8814948578719171
14524150,2,560.0,6.329720905522696,1,7,1580.0,7.365812837209472,3,0.9665296957769747
14524160,6,860.0,6.7580945044277305,3,7,1580.0,7.365812837209472,3,0.9793904183098625
14524170,2,560.0,6.329720905522696,1,8,1757.0,7.471932078245122,3,0.8833348499802502
14524180,6,1020.0,6.928537818164665,3,8,1580.0,7.365812837209472,4,1.1530067303280975
14524200,3,660.0,6.493753839851686,1,7,1580.0,7.365812837209472,3,0.9514351880809259
14524210,1,0.0,0.0,1,9,1757.0,7.471932078245122,4,0.9518461991209404
14524220,6,1020.0,6.928537818164665,3,8,1580.0,7.365812837209472,4,1.0494822124780032
14524230,7,1580.0,7.365812837209472,3,7,1580.0,7.365812837209472,3,1.0566233811365218
14524240,1,0.0,0.0,1,9,1757.0,7.471932078245122,4,1.0126775590908152
14524250,2,560.0,6.329720905522696,1,7,1580.0,7.365812837209472,3,0.9298483562107269
14524260,3,100.0,4.61512051684126,2,9,1757.0,7.471932078245122,4,1.0319546369811816
14524270,1,0.0,0.0,1,9,1757.0,7.471932078245122,4,1.1401739192706088
14524280,6,1580.0,7.365812837209472,2,8,1580.0,7.365812837209472,4,0.9949744714036108
14524290,5,1020.0,6.928537818164665,2,8,1580.0,7.365812837209472,4,1.00891067955263
14524300,2,560.0,6.329720905522696,1,8,1757.0,7.471932078245122,3,0.8932502217335541
14524310,2,560.0,6.329720905522696,1,7,1580.0,7.365812837209472,3,0.9427594928131435
14524320,2,560.0,6.329720905522696,1,7,1580.0,7.365812837209472,3,0.9082129217946723
14524330,2,560.0,6.329720905522696,1,7,1580.0,7.365812837209472,3,0.9219084773191276
14625010,5,820.0,6.710523109452428,3,5,820.0,6.710523109452428,3,0.8523631212828247
14625020,0,0.0,0.0,0,3,400.0,5.993961427306569,2,0.6222313415669996
14625030,0,0.0,0.0,0,5,820.0,6.710523109452428,3,0.698209637362424
14625040,0,0.0,0.0,0,5,820.0,6.710523109452428,3,0.7077506778141032
14625060,0,0.0,0.0,0,5,820.0,6.710523109452428,3,0.7054679909583206
14625080,0,0.0,0.0,0,5,820.0,6.710523109452428,3,0.6721310379378502
14625090,0,0.0,0.0,0,0,0.0,0.0,0,0.5984836809958547
14625100,0,0.0,0.0,0,5,820.0,6.710523109452428,3,0.6778732372238401
14625110,0,0.0,0.0,0,5,820.0,6.710523109452428,3,0.6378489200756069
14625120,0,0.0,0.0,0,0,0.0,0.0,0,0.6559629181770813
14625130,0,0.0,0.0,0,5,820.0,6.710523109452428,3,0.7129825479609349
14625140,1,0.0,0.0,1,5,820.0,6.710523109452428,3,0.7464731083841487
14625150,0,0.0,0.0,0,5,820.0,6.710523109452428,3,0.6519635910761735
14625160,0,0.0,0.0,0,0,0.0,0.0,0,0.6138573029192527
14625170,2,0.0,0.0,2,5,820.0,6.710523109452428,3,0.7499762361303481
14625180,5,820.0,6.710523109452428,3,5,820.0,6.710523109452428,3,0.8213170064345898
14625190,0,0.0,0.0,0,3,400.0,5.993961427306569,2,0.6180110585864933
14625200,5,820.0,6.710523109452428,3,5,820.0,6.710523109452428,3,0.8008952031162375
14625220,0,0.0,0.0,0,5,820.0,6.710523109452428,3,0.7483706545424723
14625230,0,0.0,0.0,0,0,0.0,0.0,0,0.589063123107924
14625240,0,0.0,0.0,0,0,0.0,0.0,0,0.6541259900825311
14625250,0,0.0,0.0,0,5,820.0,6.710523109452428,3,0.7141726082570683
14625270,2,400.0,5.993961427306569,1,5,820.0,6.710523109452428,3,0.7908514049062558
14625280,0,0.0,0.0,0,3,400.0,5.993961427306569,2,0.6429345159369206
14625290,0,0.0,0.0,0,0,0.0,0.0,0,0.6036712242831588
14625300,4,820.0,6.710523109452428,2,5,820.0,6.710523109452428,3,0.8150266852903002
14625310,0,0.0,0.0,0,2,400.0,5.993961427306569,1,0.6807443587434586
14625320,5,820.0,6.710523109452428,3,5,820.0,6.710523109452428,3,0.8258854238191436
14625330,0,0.0,0.0,0,0,0.0,0.0,0,0.6244540891026394
14625340,0,0.0,0.0,0,0,0.0,0.0,0,0.6015065204432776
14625350,0,0.0,0.0,0,5,820.0,6.710523109452428,3,0.6955268832671574
14625360,0,0.0,0.0,0,5,820.0,6.710523109452428,3,0.6450507718246516
14625370,0,0.0,0.0,0,5,820.0,6.710523109452428,3,0.7525936690042621
14625380,0,0.0,0.0,0,5,820.0,6.710523109452428,3,0.6598385289741753
14625390,0,0.0,0.0,0,5,820.0,6.710523109452428,3,0.6273990495697513
14625410,2,400.0,5.993961427306569,1,5,820.0,6.710523109452428,3,0.7687400248464886
14625420,0,0.0,0.0,0,5,820.0,6.710523109452428,3,0.6777545806315504
14625430,5,820.0,6.710523109452428,3,5,820.0,6.710523109452428,3,0.9280422113101316
14625440,0,0.0,0.0,0,5,820.0,6.710523109452428,3,0.6870363636200445
14625450,4,400.0,5.993961427306569,3,5,820.0,6.710523109452428,3,0.7880611520186003
14625460,0,0.0,0.0,0,5,820.0,6.710523109452428,3,0.6563392656149981
14625470,0,0.0,0.0,0,5,820.0,6.710523109452428,3,0.6758511377808535
14625480,5,820.0,6.710523109452428,3,5,820.0,6.710523109452428,3,0.9422046286300357
14625490,0,0.0,0.0,0,3,400.0,5.993961427306569,2,0.6290061727680254
14625500,0,0.0,0.0,0,5,820.0,6.710523109452428,3,0.6637304765499774
14625510,0,0.0,0.0,0,5,820.0,6.710523109452428,3,0.7262592319858665
14625525,0,0.0,0.0,0,3,400.0,5.993961427306569,2,0.6201358334008977
14625530,0,0.0,0.0,0,5,820.0,6.710523109452428,3,0.6840416608438727
14625550,0,0.0,0.0,0,5,820.0,6.710523109452428,3,0.7393171773227984
14625560,0,0.0,0.0,0,3,400.0,5.993961427306569,2,0.6178482079949781
14625570,0,0.0,0.0,0,0,0.0,0.0,0,0.6295887527768108
14625580,2,400.0,5.993961427306569,1,5,820.0,6.710523109452428,3,0.7603176922240322
14625590,0,0.0,0.0,0,5,820.0,6.710523109452428,3,0.6423754010447572
14625600,5,820.0,6.710523109452428,3,5,820.0,6.710523109452428,3,0.9054381627235863
14625610,0,0.0,0.0,0,0,0.0,0.0,0,0.5732948275170071
14625630,0,0.0,0.0,0,5,820.0,6.710523109452428,3,0.6293780262303433
14625640,0,0.0,0.0,0,2,400.0,5.993961427306569,1,0.6574986311239618
14626010,0,0.0,0.0,0,0,0.0,0.0,0,0.5744025628562807
14626020,0,0.0,0.0,0,0,0.0,0.0,0,0.5919652750320706
14626030,0,0.0,0.0,0,0,0.0,0.0,0,0.5378751793246282
14626050,0,0.0,0.0,0,0,0.0,0.0,0,0.5432133200797746
14626060,0,0.0,0.0,0,0,0.0,0.0,0,0.5929226877498428
14626070,0,0.0,0.0,0,0,0.0,0.0,0,0.5768267554126224
14626085,0,0.0,0.0,0,0,0.0,0.0,0,0.5790343682742697
14626100,0,0.0,0.0,0,0,0.0,0.0,0,0.582528781049334
14626110,0,0.0,0.0,0,0,0.0,0.0,0,0.5195416855545532
14626120,0,0.0,0.0,0,0,0.0,0.0,0,0.5993691477475265
14626140,0,0.0,0.0,0,0,0.0,0.0,0,0.5548665677911842
14626150,0,0.0,0.0,0,0,0.0,0.0,0,0.5712377227998024
14626160,0,0.0,0.0,0,0,0.0,0.0,0,0.5457729779715613
14626170,0,0.0,0.0,0,0,0.0,0.0,0,0.548809439413563
14626180,0,0.0,0.0,0,0,0.0,0.0,0,0.5494955447349439
14626190,0,0.0,0.0,0,0,0.0,0.0,0,0.5777073819921754
14626200,0,0.0,0.0,0,0,0.0,0.0,0,0.5380402348123949
14626210,0,0.0,0.0,0,0,0.0,0.0,0,0.5448198056349789
14626230,0,0.0,0.0,0,0,0.0,0.0,0,0.5374906277454509
14626240,0,0.0,0.0,0,0,0.0,0.0,0,0.5370154217156261
14626245,0,0.0,0.0,0,0,0.0,0.0,0,0.5605364050215561
14626250,0,0.0,0.0,0,0,0.0,0.0,0,0.5735645209620518
14626260,0,0.0,0.0,0,0,0.0,0.0,0,0.5731024836671668
14626270,0,0.0,0.0,0,0,0.0,0.0,0,0.5792152629467824
14626280,0,0.0,0.0,0,0,0.0,0.0,0,0.5618733006466922
14626290,0,0.0,0.0,0,0,0.0,0.0,0,0.5682614398331326
14626300,0,0.0,0.0,0,0,0.0,0.0,0,0.5343305733063468
14626310,0,0.0,0.0,0,0,0.0,0.0,0,0.5393351364759367
14626320,0,0.0,0.0,0,0,0.0,0.0,0,0.5694443661994673
14626330,0,0.0,0.0,0,0,0.0,0.0,0,0.5258808490973896
14626350,0,0.0,0.0,0,0,0.0,0.0,0,0.591930772080601
14626370,0,0.0,0.0,0,0,0.0,0.0,0,0.5492286394883091
14626390,0,0.0,0.0,0,0,0.0,0.0,0,0.5470231097589928
14626400,0,0.0,0.0,0,0,0.0,0.0,0,0.5356629755333222
14626410,0,0.0,0.0,0,1,0.0,0.0,1,0.6002134691956247
14626420,0,0.0,0.0,0,0,0.0,0.0,0,0.5204921592456435
14626430,0,0.0,0.0,0,0,0.0,0.0,0,0.5367448443050236
14626440,0,0.0,0.0,0,0,0.0,0.0,0,0.5634186110274837
14626450,0,0.0,0.0,0,0,0.0,0.0,0,0.5468978473270344
14626460,0,0.0,0.0,0,0,0.0,0.0,0,0.5585252282879347
14626470,0,0.0,0.0,0,0,0.0,0.0,0,0.5552990862245072
14626480,0,0.0,0.0,0,0,0.0,0.0,0,0.5298172749807336
14626490,0,0.0,0.0,0,0,0.0,0.0,0,0.6028855703845631
14626500,0,0.0,0.0,0,0,0.0,0.0,0,0.5289621798514599
14626510,0,0.0,0.0,0,0,0.0,0.0,0,0.5845731151464968
14626520,0,0.0,0.0,0,0,0.0,0.0,0,0.5280745433656617
14626530,0,0.0,0.0,0,0,0.0,0.0,0,0.5657904324791292
14626560,0,0.0,0.0,0,0,0.0,0.0,0,0.5987512177798363
14626570,0,0.0,0.0,0,0,0.0,0.0,0,0.5580864297391189
14626580,0,0.0,0.0,0,0,0.0,0.0,0,0.5497032341772561
14626590,0,0.0,0.0,0,0,0.0,0.0,0,0.572615845839038
14626600,0,0.0,0.0,0,0,0.0,0.0,0,0.5847892540425266
14626610,0,0.0,0.0,0,0,0.0,0.0,0,0.5312514942231243
14627010,5,820.0,6.710523109452428,3,5,820.0,6.710523109452428,3,1.0184704785934187
14627020,0,0.0,0.0,0,5,820.0,6.710523109452428,3,0.8456786429762086
14627030,4,820.0,6.710523109452428,2,5,820.0,6.710523109452428,3,0.880282159425408
14627040,0,0.0,0.0,0,5,820.0,6.710523109452428,3,0.8056464540525998
14627050,0,0.0,0.0,0,4,820.0,6.710523109452428,2,0.7798011329852912
14627060,0,0.0,0.0,0,5,820.0,6.710523109452428,3,0.8199582824356031
14627070,0,0.0,0.0,0,5,820.0,6.710523109452428,3,0.8258328234533853
14627080,3,820.0,6.710523109452428,1,9,1840.0,7.518064181233078,4,0.8798062196525422
14627100,5,820.0,6.710523109452428,3,6,1540.0,7.340186835320115,3,0.9847866670310277
14627110,0,0.0,0.0,0,5,820.0,6.710523109452428,3,0.8035970336360447
14627130,0,0.0,0.0,0,8,1640.0,7.403061091090091,4,0.8444448256253042
14627140,4,820.0,6.710523109452428,2,6,1540.0,7.340186835320115,3,0.8913236787576106
14627150,5,820.0,6.710523109452428,3,5,820.0,6.710523109452428,3,1.0611563172687166
14627170,4,820.0,6.710523109452428,2,5,820.0,6.710523109452428,3,0.9139873221289093
14627180,0,0.0,0.0,0,10,1840.0,7.518064181233078,5,0.8798533909017481
14627190,0,0.0,0.0,0,5,820.0,6.710523109452428,3,0.8129556841782296
14627200,1,400.0,5.993961427306569,0,5,820.0,6.710523109452428,3,0.840380713440412
14627210,5,820.0,6.710523109452428,3,5,820.0,6.710523109452428,3,1.4713839359516272
14627220,5,820.0,6.710523109452428,3,5,820.0,6.710523109452428,3,0.9117000026778859
14627230,0,0.0,0.0,0,5,820.0,6.710523109452428,3,0.8135509125300793
14627240,0,0.0,0.0,0,5,820.0,6.710523109452428,3,0.7843193828957506
14627250,1,400.0,5.993961427306569,0,5,820.0,6.710523109452428,3,0.8087104924671975
14627260,0,0.0,0.0,0,7,1540.0,7.340186835320115,4,0.8315608160772914
14627270,0,0.0,0.0,0,4,820.0,6.710523109452428,2,0.8063582431295157
14627290,2,400.0,5.993961427306569,1,5,820.0,6.710523109452428,3,0.8123171559520124
14627310,5,820.0,6.710523109452428,3,5,820.0,6.710523109452428,3,0.9501904684602911
14627340,0,0.0,0.0,0,5,820.0,6.710523109452428,3,0.7931432332241887
14627360,0,0.0,0.0,0,5,820.0,6.710523109452428,3,0.8045245188552156
14628010,0,0.0,0.0,0,5,820.0,6.710523109452428,3,0.7454509870063254
14628020,1,0.0,0.0,1,5,820.0,6.710523109452428,3,0.7537829310515658
14628030,0,0.0,0.0,0,5,820.0,6.710523109452428,3,0.6926812107810537
14628040,3,420.0,6.042632833682381,2,5,820.0,6.710523109452428,3,0.7958378295356627
14628050,5,820.0,6.710523109452428,3,5,820.0,6.710523109452428,3,1.2399494109979243
14628060,5,820.0,6.710523109452428,3,5,820.0,6.710523109452428,3,0.8823600087069249
14628070,5,820.0,6.710523109452428,3,5,820.0,6.710523109452428,3,0.8330829118144834
14628080,5,820.0,6.710523109452428,3,5,820.0,6.710523109452428,3,0.9729535253060675
14628090,5,820.0,6.710523109452428,3,10,1840.0,7.518064181233078,5,0.9085698313798078
14628100,5,820.0,6.710523109452428,3,5,820.0,6.710523109452428,3,0.8461091852937289
14628110,5,820.0,6.710523109452428,3,5,820.0,6.710523109452428,3,1.1158444381543238
14628130,4,420.0,6.042632833682381,3,5,820.0,6.710523109452428,3,0.8110515614806061
14628140,1,0.0,0.0,1,5,820.0,6.710523109452428,3,0.7107770199503322
14628150,0,0.0,0.0,0,10,1840.0,7.518064181233078,5,0.7925846759147559
14628160,5,820.0,6.710523109452428,3,5,820.0,6.710523109452428,3,1.060704994060394
14628170,0,0.0,0.0,0,8,1740.0,7.462214939768189,4,0.765013575614282
14628190,1,0.0,0.0,1,5,820.0,6.710523109452428,3,0.7348859330980737
14628205,5,820.0,6.710523109452428,3,10,1840.0,7.518064181233078,5,0.8842159646701128
14628210,1,0.0,0.0,1,5,820.0,6.710523109452428,3,0.7313037614790512
14628220,5,820.0,6.710523109452428,3,5,820.0,6.710523109452428,3,1.009075687312027
14628230,4,420.0,6.042632833682381,3,5,820.0,6.710523109452428,3,0.8006345215800192
14628240,5,820.0,6.710523109452428,3,5,820.0,6.710523109452428,3,0.8293781988293107
14628250,5,820.0,6.710523109452428,3,5,820.0,6.710523109452428,3,0.9121112420270202
14628260,0,0.0,0.0,0,5,820.0,6.710523109452428,3,0.6890533227099347
14628270,5,820.0,6.710523109452428,3,5,820.0,6.710523109452428,3,0.8725923721513417
14628300,5,820.0,6.710523109452428,3,5,820.0,6.710523109452428,3,1.0076117674632084
14628310,2,0.0,0.0,2,5,820.0,6.710523109452428,3,0.745115062508144
14628320,0,0.0,0.0,0,5,820.0,6.710523109452428,3,0.7028382957513588
14628330,0,0.0,0.0,0,5,820.0,6.710523109452428,3,0.6723665540516638
14628340,1,0.0,0.0,1,5,820.0,6.710523109452428,3,0.7232418750284748
14628360,0,0.0,0.0,0,5,820.0,6.710523109452428,3,0.6597035184926572
14628370,2,0.0,0.0,2,5,820.0,6.710523109452428,3,0.7779055586109782
14628380,3,400.0,5.993961427306569,2,5,820.0,6.710523109452428,3,0.7719988341822498
14628390,2,0.0,0.0,2,5,820.0,6.710523109452428,3,0.7815240357229156
14628400,5,820.0,6.710523109452428,3,9,1740.0,7.462214939768189,5,0.9888305440910049
14628410,5,820.0,6.710523109452428,3,8,1740.0,7.462214939768189,4,0.9977094609901573
14729010,1,0.0,0.0,1,11,2640.0,7.878912912297133,6,0.9400503415131154
14729020,4,920.0,6.825460036255307,3,8,2440.0,7.80016307039296,4,1.0147474090447013
14729030,2,0.0,0.0,2,5,1620.0,7.390798521735676,3,0.9098930717924721
14729040,5,1620.0,7.390798521735676,3,7,1797.0,7.494430215031565,4,1.3287623656779317
14729050,1,0.0,0.0,1,11,2817.0,7.943782692458625,5,0.9864218294952083
14729060,5,1620.0,7.390798521735676,3,5,1620.0,7.390798521735676,3,1.0638751796025516
14729070,4,920.0,6.825460036255307,3,5,1620.0,7.390798521735676,3,0.9784214704851184
14729080,0,0.0,0.0,0,11,2640.0,7.878912912297133,6,0.9092323626777076
14729100,2,700.0,6.55250788703459,1,7,1797.0,7.494430215031565,4,0.9561148905891859
14729140,1,0.0,0.0,1,12,2817.0,7.943782692458625,6,0.9425420635886952
14729150,1,0.0,0.0,1,11,2640.0,7.878912912297133,6,0.9390879160012345
14729160,1,0.0,0.0,1,10,2640.0,7.878912912297133,5,0.9121220550769074
14729170,3,1620.0,7.390798521735676,1,7,1797.0,7.494430215031565,4,0.9827020991859726
14729190,5,1620.0,7.390798521735676,3,6,1620.0,7.390798521735676,4,1.0611716611784137
14729220,1,0.0,0.0,1,10,2640.0,7.878912912297133,5,0.985397172284571
14729245,0,0.0,0.0,0,5,1620.0,7.390798521735676,3,0.848033086735537
14729250,4,920.0,6.825460036255307,3,5,1620.0,7.390798521735676,3,0.9620174998608146
14729260,5,1620.0,7.390798521735676,3,7,1797.0,7.494430215031565,4,1.1426824132943518
14729270,5,1620.0,7.390798521735676,3,6,1797.0,7.494430215031565,3,1.1549126025514906
14729300,4,920.0,6.825460036255307,3,6,1620.0,7.390798521735676,4,0.9876360531162757
14729320,2,920.0,6.825460036255307,1,9,2617.0,7.870165946469845,4,1.0892976985777123
14729330,1,0.0,0.0,1,10,2640.0,7.878912912297133,5,0.9633174155428849
14729340,4,920.0,6.825460036255307,3,8,2440.0,7.80016307039296,4,0.9509629630262755
14729350,3,1620.0,7.390798521735676,1,7,1797.0,7.494430215031565,4,0.9773658899059563
14729360,1,0.0,0.0,1,11,2817.0,7.943782692458625,5,0.9615460821194375
14729380,3,920.0,6.825460036255307,2,5,1620.0,7.390798521735676,3,0.9072092034799153
14729400,0,0.0,0.0,0,6,2340.0,7.75833346749091,3,0.8987442697855501
14729410,2,0.0,0.0,2,5,1620.0,7.390798521735676,3,0.8971156587257691
14729430,5,1620.0,7.390798521735676,3,7,1797.0,7.494430215031565,4,1.0840487053301486
14730010,0,0.0,0.0,0,0,0.0,0.0,0,0.7917965555387673
14730020,0,0.0,0.0,0,5,1620.0,7.390798521735676,3,0.8601602696037466
14730030,0,0.0,0.0,0,0,0.0,0.0,0,0.7941982672396537
14730045,0,0.0,0.0,0,4,920.0,6.825460036255307,3,0.8269272103587817
14730050,0,0.0,0.0,0,0,0.0,0.0,0,0.8092766963740332
14730060,0,0.0,0.0,0,4,920.0,6.825460036255307,3,0.8293057736259962
14730070,4,1620.0,7.390798521735676,2,5,1620.0,7.390798521735676,3,0.9624678543624101
14730080,0,0.0,0.0,0,5,1620.0,7.390798521735676,3,0.8607511327803887
14730090,0,0.0,0.0,0,3,920.0,6.825460036255307,2,0.8068277376705584
14730100,0,0.0,0.0,0,3,920.0,6.825460036255307,2,0.8106789745451997
14730110,3,920.0,6.825460036255307,2,5,1620.0,7.390798521735676,3,0.9219180781129576
14730120,0,0.0,0.0,0,3,920.0,6.825460036255307,2,0.8051759876983092
14730140,3,920.0,6.825460036255307,2,5,1620.0,7.390798521735676,3,1.0094520174557116
14730150,4,1620.0,7.390798521735676,2,5,1620.0,7.390798521735676,3,1.0916591700943525
14730160,2,0.0,0.0,2,5,1620.0,7.390798521735676,3,0.8729851902261606
14730170,0,0.0,0.0,0,4,820.0,6.710523109452428,2,0.8170450899997509
14730180,2,0.0,0.0,2,5,1620.0,7.390798521735676,3,0.8791975070671292
14730190,0,0.0,0.0,0,5,1620.0,7.390798521735676,3,0.8395665258124791
14730200,0,0.0,0.0,0,7,1020.0,6.928537818164665,4,0.8467177215905108
14730210,0,0.0,0.0,0,7,1640.0,7.403061091090091,3,0.8357798446465149
14730230,0,0.0,0.0,0,5,1540.0,7.340186835320115,2,0.8271275580234595
14730250,4,1620.0,7.390798521735676,2,5,1620.0,7.390798521735676,3,1.3400626050660742
14730280,3,920.0,6.825460036255307,2,5,1620.0,7.390798521735676,3,0.9734884940429163
14730300,5,1620.0,7.390798521735676,3,5,1620.0,7.390798521735676,3,1.1656063848812324
14730310,0,0.0,0.0,0,3,920.0,6.825460036255307,2,0.8019825564558694
14730320,0,0.0,0.0,0,3,920.0,6.825460036255307,2,0.8160658248795281
14730330,0,0.0,0.0,0,6,1740.0,7.462214939768189,3,0.852786651262827
14730340,4,1620.0,7.390798521735676,2,5,1620.0,7.390798521735676,3,1.0047890596656948
14730360,3,920.0,6.825460036255307,2,5,1620.0,7.390798521735676,3,0.9098646393937584
15001000,0,0.0,0.0,0,0,0.0,0.0,0,0.798609884447377
15002000,1,700.0,6.55250788703459,0,5,1620.0,7.390798521735676,3,0.865672669277735
15081026,0,0.0,0.0,0,1,500.0,6.2166061010848646,0,0.7054451194071644
15081030,0,0.0,0.0,0,1,500.0,6.2166061010848646,0,0.6882210696039541
15081045,0,0.0,0.0,0,0,0.0,0.0,0,0.7057215345365011
15081095,0,0.0,0.0,0,0,0.0,0.0,0,0.6999937743780031
15081105,0,0.0,0.0,0,0,0.0,0.0,0,0.7043673089692475
15081135,0,0.0,0.0,0,2,500.0,6.2166061010848646,1,0.7356156442292692
15081225,0,0.0,0.0,0,1,884.0,6.785587645007929,0,0.7090767612762758
15081240,0,0.0,0.0,0,1,500.0,6.2166061010848646,0,0.7186327340339644
15081280,0,0.0,0.0,0,1,500.0,6.2166061010848646,0,0.7139130581861135
15081290,0,0.0,0.0,0,0,0.0,0.0,0,0.697574772779326
15081440,0,0.0,0.0,0,0,0.0,0.0,0,0.7052793749508878
15081455,0,0.0,0.0,0,0,0.0,0.0,0,0.6914439787560291
15081545,0,0.0,0.0,0,0,0.0,0.0,0,0.6978272383363479
15082005,0,0.0,0.0,0,1,0.0,0.0,1,0.7931773836155214
15082015,0,0.0,0.0,0,5,1620.0,7.390798521735676,3,0.8617018772525591
15082180,0,0.0,0.0,0,5,1620.0,7.390798521735676,3,0.8010327833684867
15082241,0,0.0,0.0,0,5,1620.0,7.390798521735676,3,0.8625290375817636
15082256,0,0.0,0.0,0,1,0.0,0.0,1,0.7981394230971424
15082301,0,0.0,0.0,0,4,1620.0,7.390798521735676,2,0.824149245870595
15082340,4,1620.0,7.390798521735676,2,5,1620.0,7.390798521735676,3,0.8975561575768096
15082377,0,0.0,0.0,0,4,1620.0,7.390798521735676,2,0.8221180383712621
15082430,0,0.0,0.0,0,1,0.0,0.0,1,0.7889073514197136
15082440,0,0.0,0.0,0,4,1620.0,7.390798521735676,2,0.8414991129156172
15083020,0,0.0,0.0,0,3,884.0,6.785587645007929,2,0.7609009808567964
15083025,1,0.0,0.0,1,4,884.0,6.785587645007929,3,0.7938129550912957
15083030,1,0.0,0.0,1,2,500.0,6.2166061010848646,1,0.7799672039298089
15083035,0,0.0,0.0,0,4,884.0,6.785587645007929,3,0.786231786659199
15083040,1,0.0,0.0,1,2,500.0,6.2166061010848646,1,0.8648362383250445
15083060,0,0.0,0.0,0,3,884.0,6.785587645007929,2,0.759477549004558
15083115,0,0.0,0.0,0,2,500.0,6.2166061010848646,1,0.7576629770066747
15083120,1,500.0,6.2166061010848646,0,2,500.0,6.2166061010848646,1,0.7753290120154064
15083125,0,0.0,0.0,0,2,500.0,6.2166061010848646,1,0.7445634789612696
15083130,1,0.0,0.0,1,2,500.0,6.2166061010848646,1,0.7812059319568739
15083190,0,0.0,0.0,0,4,884.0,6.785587645007929,3,0.7764221491586887
15083205,0,0.0,0.0,0,4,884.0,6.785587645007929,3,0.7665903112656154
15083230,0,0.0,0.0,0,3,1384.0,7.233455418621439,1,0.7505397496072723
15083245,2,0.0,0.0,2,3,0.0,0.0,3,0.8455843090692461
15083270,1,0.0,0.0,1,2,500.0,6.2166061010848646,1,0.7674156385354479
15083275,0,0.0,0.0,0,4,884.0,6.785587645007929,3,0.7665203991283988
15083298,1,0.0,0.0,1,3,0.0,0.0,3,0.8090530995082645
15083320,0,0.0,0.0,0,4,884.0,6.785587645007929,3,0.7780238284748306
15083323,0,0.0,0.0,0,4,884.0,6.785587645007929,3,0.7640707001447065
15083355,2,0.0,0.0,2,3,0.0,0.0,3,0.8223928664366298
15083361,1,0.0,0.0,1,2,500.0,6.2166061010848646,1,0.7929708896645644
15083390,1,0.0,0.0,1,2,500.0,6.2166061010848646,1,0.7985033996010799
15083411,0,0.0,0.0,0,1,884.0,6.785587645007929,0,0.7374091280625347
15083415,1,0.0,0.0,1,3,0.0,0.0,3,0.8040548076354725
15083440,1,0.0,0.0,1,2,500.0,6.2166061010848646,1,0.7871428058208283
15083485,0,0.0,0.0,0,4,884.0,6.785587645007929,3,0.7702909797787452
15083490,1,0.0,0.0,1,3,0.0,0.0,3,0.8228748503399883
15083505,0,0.0,0.0,0,4,884.0,6.785587645007929,3,0.7740423931408633
15083515,0,0.0,0.0,0,4,884.0,6.785587645007929,3,0.7752830237341646
15083531,1,0.0,0.0,1,3,0.0,0.0,3,0.8044074177560858
15083535,0,0.0,0.0,0,4,884.0,6.785587645007929,3,0.7687323788567938
15083557,1,0.0,0.0,1,2,500.0,6.2166061010848646,1,0.7698347851868216
15083565,1,0.0,0.0,1,2,500.0,6.2166061010848646,1,0.8126233449484672
15083580,1,0.0,0.0,1,2,500.0,6.2166061010848646,1,0.7943869568274451
15084012,0,0.0,0.0,0,1,177.0,5.181783550292085,0,0.7792603057016002
15084013,1,177.0,5.181783550292085,0,7,1797.0,7.494430215031565,4,0.8883084589147634
15084015,0,0.0,0.0,0,2,877.0,6.777646593635117,0,0.7942383781320952
15084025,0,0.0,0.0,0,4,1797.0,7.494430215031565,1,0.819843279396766
15084115,1,177.0,5.181783550292085,0,7,1797.0,7.494430215031565,4,0.8965763076821754
15084125,0,0.0,0.0,0,1,177.0,5.181783550292085,0,0.7906341100743823
15084130,2,177.0,5.181783550292085,1,7,1797.0,7.494430215031565,4,0.9032960410329061
15084132,0,0.0,0.0,0,1,177.0,5.181783550292085,0,0.7737476413583537
15084133,0,0.0,0.0,0,2,877.0,6.777646593635117,0,0.7857383950937638
15084135,0,0.0,0.0,0,6,1797.0,7.494430215031565,3,0.8276903819769155
15084150,0,0.0,0.0,0,6,1797.0,7.494430215031565,3,0.8169045566219886
15084170,0,0.0,0.0,0,6,1797.0,7.494430215031565,3,0.8520456129913933
15084207,1,177.0,5.181783550292085,0,7,1797.0,7.494430215031565,4,0.8904147051870763
15084235,2,700.0,6.55250788703459,1,7,1797.0,7.494430215031565,4,0.911668947419464
15084246,0,0.0,0.0,0,1,177.0,5.181783550292085,0,0.7791422684860682
15084250,0,0.0,0.0,0,3,1797.0,7.494430215031565,0,0.8043346801022674
15084275,1,177.0,5.181783550292085,0,7,1797.0,7.494430215031565,4,0.8930088614856735
15084282,1,177.0,5.181783550292085,0,2,877.0,6.777646593635117,0,0.8039326501314052
15084285,0,0.0,0.0,0,3,1797.0,7.494430215031565,0,0.8088197013121734
15084315,5,1620.0,7.390798521735676,3,6,1797.0,7.494430215031565,3,0.9906850653694771
15084335,1,177.0,5.181783550292085,0,6,1797.0,7.494430215031565,3,0.855612966212763
15084341,1,177.0,5.181783550292085,0,3,877.0,6.777646593635117,1,0.8535338385519184
15084355,1,177.0,5.181783550292085,0,6,1797.0,7.494430215031565,3,0.8394197099415734
15084360,0,0.0,0.0,0,2,877.0,6.777646593635117,0,0.7932813950716088
15084375,1,177.0,5.181783550292085,0,7,1797.0,7.494430215031565,4,0.8828133980918111
15084442,2,177.0,5.181783550292085,1,7,1797.0,7.494430215031565,4,0.8894938359195109
15084445,1,177.0,5.181783550292085,0,6,1797.0,7.494430215031565,3,0.8526252528533154
15084470,1,177.0,5.181783550292085,0,7,1797.0,7.494430215031565,4,0.8709214398428189
15084490,1,177.0,5.181783550292085,0,7,1797.0,7.494430215031565,4,0.8871727534003622
15084550,1,700.0,6.55250788703459,0,6,1797.0,7.494430215031565,3,0.8797389731139454
15084560,1,177.0,5.181783550292085,0,6,1797.0,7.494430215031565,3,0.8522443203093341
15084565,1,177.0,5.181783550292085,0,5,1797.0,7.494430215031565,2,0.9123514211384374
15084590,1,177.0,5.181783550292085,0,7,1797.0,7.494430215031565,4,0.8959799724163574
15085040,2,0.0,0.0,2,2,0.0,0.0,2,0.8688774361750722
15085055,2,0.0,0.0,2,2,0.0,0.0,2,0.8941344262132153
15085090,2,0.0,0.0,2,3,0.0,0.0,3,0.956982775374413
15085110,2,0.0,0.0,2,2,0.0,0.0,2,0.8294116026532651
15085125,2,0.0,0.0,2,3,0.0,0.0,3,0.8918486125643983
15085140,2,0.0,0.0,2,2,0.0,0.0,2,1.094522189909836
15085145,1,0.0,0.0,1,2,0.0,0.0,2,0.8217967520007379
15085160,2,0.0,0.0,2,3,0.0,0.0,3,0.8765921348561436
15085185,2,0.0,0.0,2,3,884.0,6.785587645007929,2,0.8297468930128119
15085190,0,0.0,0.0,0,3,884.0,6.785587645007929,2,0.7858052375224313
15085227,1,0.0,0.0,1,3,884.0,6.785587645007929,2,0.795343871926318
15085228,2,0.0,0.0,2,2,0.0,0.0,2,0.8096023262395386
15085230,0,0.0,0.0,0,3,884.0,6.785587645007929,2,0.7818279393338557
15085285,2,0.0,0.0,2,3,0.0,0.0,3,0.8438525559254546
15085287,2,0.0,0.0,2,3,0.0,0.0,3,0.8733721990844493
15085330,2,0.0,0.0,2,2,0.0,0.0,2,0.9343207936226172
15085365,2,0.0,0.0,2,3,0.0,0.0,3,0.9163141239788859
15085370,2,0.0,0.0,2,2,0.0,0.0,2,0.8092441012589351
15086005,1,0.0,0.0,1,2,500.0,6.2166061010848646,1,1.0811097798032718
15086015,1,0.0,0.0,1,2,500.0,6.2166061010848646,1,0.7946568329556083
15086035,1,500.0,6.2166061010848646,0,2,500.0,6.2166061010848646,1,0.7803542894791403
15086040,0,0.0,0.0,0,2,500.0,6.2166061010848646,1,0.7805391886313918
15086055,1,0.0,0.0,1,1,0.0,0.0,1,0.8258592975967266
15086080,1,500.0,6.2166061010848646,0,2,500.0,6.2166061010848646,1,0.7869763448044927
15086140,1,0.0,0.0,1,2,500.0,6.2166061010848646,1,0.8000353254608138
15086145,1,0.0,0.0,1,2,500.0,6.2166061010848646,1,0.8278557765496549
15087010,0,0.0,0.0,0,2,0.0,0.0,2,0.7895044894765761
15087015,0,0.0,0.0,0,1,0.0,0.0,1,0.7778645020130761
15087031,1,0.0,0.0,1,2,0.0,0.0,2,0.8031713719720922
15087045,0,0.0,0.0,0,2,0.0,0.0,2,0.7915814356547053
15087055,0,0.0,0.0,0,2,0.0,0.0,2,0.7688984812030982
15087070,0,0.0,0.0,0,2,0.0,0.0,2,0.7857802176785011
15087075,0,0.0,0.0,0,1,0.0,0.0,1,0.78702797313596
15087101,0,0.0,0.0,0,2,0.0,0.0,2,0.7729174698445755
15087125,0,0.0,0.0,0,1,0.0,0.0,1,0.773887932290244
15087130,0,0.0,0.0,0,2,700.0,6.55250788703459,1,0.7917809750558241
15087165,0,0.0,0.0,0,2,0.0,0.0,2,0.7956743139359927
15087205,0,0.0,0.0,0,2,0.0,0.0,2,0.7907274343906312
15087210,0,0.0,0.0,0,2,0.0,0.0,2,0.7893993439149112
15087220,0,0.0,0.0,0,2,0.0,0.0,2,0.7958465497930385
15087250,0,0.0,0.0,0,2,0.0,0.0,2,0.7675091018237721
15087260,0,0.0,0.0,0,2,0.0,0.0,2,0.7923057241805682
15087275,0,0.0,0.0,0,2,0.0,0.0,2,0.7930612322987177
15087370,0,0.0,0.0,0,2,0.0,0.0,2,0.7789241896915144
15087386,0,0.0,0.0,0,2,1620.0,7.390798521735676,0,0.8037438408797921
15087412,0,0.0,0.0,0,2,0.0,0.0,2,0.7716092356307676
15087440,0,0.0,0.0,0,2,0.0,0.0,2,0.7749342236092216
15087470,0,0.0,0.0,0,2,0.0,0.0,2,0.7898038719024761
15088020,2,1620.0,7.390798521735676,0,6,1797.0,7.494430215031565,3,0.9645705281013367
15088025,1,700.0,6.55250788703459,0,6,1797.0,7.494430215031565,3,0.8503835458052943
15088030,0,0.0,0.0,0,3,1797.0,7.494430215031565,0,0.8025340058533805
15088065,1,700.0,6.55250788703459,0,6,1797.0,7.494430215031565,3,0.8590579717347373
15088100,0,0.0,0.0,0,2,700.0,6.55250788703459,1,0.7926444342082164
15088150,4,1620.0,7.390798521735676,2,5,1620.0,7.390798521735676,3,0.9840520685702316
15088195,4,1620.0,7.390798521735676,2,5,1620.0,7.390798521735676,3,0.9092309692100109
15088205,2,1620.0,7.390798521735676,0,6,1797.0,7.494430215031565,3,0.9371115496000209
15088216,0,0.0,0.0,0,4,1620.0,7.390798521735676,2,0.8129876734113537
15088220,2,1620.0,7.390798521735676,0,6,1797.0,7.494430215031565,3,0.9135406662995261
15088235,0,0.0,0.0,0,6,1797.0,7.494430215031565,3,0.8362234233497001
15088250,0,0.0,0.0,0,3,1797.0,7.494430215031565,0,0.8047925641006749
15088265,0,0.0,0.0,0,3,1797.0,7.494430215031565,0,0.8034846055570264
15088295,0,0.0,0.0,0,4,1620.0,7.390798521735676,2,0.8277106954054197
15088305,0,0.0,0.0,0,1,700.0,6.55250788703459,0,0.7959305406310165
15088319,0,0.0,0.0,0,4,1620.0,7.390798521735676,2,0.8205531228947356
15088330,1,700.0,6.55250788703459,0,6,1797.0,7.494430215031565,3,0.9028253611139007
15088340,0,0.0,0.0,0,2,1620.0,7.390798521735676,0,0.8039104206709042
15088355,0,0.0,0.0,0,3,1797.0,7.494430215031565,0,0.8057072240128487
15088365,0,0.0,0.0,0,4,1620.0,7.390798521735676,2,0.8275839954361612
15089005,0,0.0,0.0,0,3,0.0,0.0,3,0.7954419546434771
15089015,1,0.0,0.0,1,3,0.0,0.0,3,0.808660016245653
15089026,1,0.0,0.0,1,1,0.0,0.0,1,0.7952787885721446
15089030,0,0.0,0.0,0,3,0.0,0.0,3,0.7933444471322808
15089041,0,0.0,0.0,0,3,0.0,0.0,3,0.8031402252429415
15089042,1,0.0,0.0,1,3,0.0,0.0,3,0.8138976287259586
15089043,0,0.0,0.0,0,3,0.0,0.0,3,0.8085894590773198
15089045,1,0.0,0.0,1,3,0.0,0.0,3,0.8027597131429398
15089055,0,0.0,0.0,0,2,0.0,0.0,2,0.7941921628201194
15089075,0,0.0,0.0,0,3,0.0,0.0,3,0.8073951058499114
15089130,0,0.0,0.0,0,3,0.0,0.0,3,0.7983411566275536
15089165,0,0.0,0.0,0,3,0.0,0.0,3,0.7963743593933993
15089175,0,0.0,0.0,0,3,0.0,0.0,3,0.8014402348030663
15089185,0,0.0,0.0,0,3,0.0,0.0,3,0.7942016354272872
15089195,0,0.0,0.0,0,2,700.0,6.55250788703459,1,0.7994309177691398
15089235,0,0.0,0.0,0,3,0.0,0.0,3,0.7927209256643257
15089245,0,0.0,0.0,0,3,0.0,0.0,3,0.7945226406467865
15089305,1,0.0,0.0,1,2,0.0,0.0,2,0.8190332763706959
15089307,2,0.0,0.0,2,3,0.0,0.0,3,0.8443538590068529
15089310,0,0.0,0.0,0,3,0.0,0.0,3,0.7980365051917484
15089365,0,0.0,0.0,0,3,0.0,0.0,3,0.8042678114357249
15090003,0,0.0,0.0,0,1,500.0,6.2166061010848646,0,0.6837659798739899
15090007,0,0.0,0.0,0,1,500.0,6.2166061010848646,0,0.6980145030869225
15090008,0,0.0,0.0,0,1,500.0,6.2166061010848646,0,0.7006000295217086
15090010,1,500.0,6.2166061010848646,0,1,500.0,6.2166061010848646,0,0.762199964741701
15090070,1,500.0,6.2166061010848646,0,1,500.0,6.2166061010848646,0,0.7349055343302882
15090135,1,500.0,6.2166061010848646,0,1,500.0,6.2166061010848646,0,0.7798274727547114
15090180,1,500.0,6.2166061010848646,0,1,500.0,6.2166061010848646,0,0.751074076592918
15090220,1,500.0,6.2166061010848646,0,1,500.0,6.2166061010848646,0,0.805393793589628
15090225,0,0.0,0.0,0,1,500.0,6.2166061010848646,0,0.7123276804968062
15090245,1,500.0,6.2166061010848646,0,1,500.0,6.2166061010848646,0,0.7453552873920699
15090270,1,500.0,6.2166061010848646,0,1,500.0,6.2166061010848646,0,0.7234042466301217
15090285,0,0.0,0.0,0,1,500.0,6.2166061010848646,0,0.7329583826955428
15090310,1,500.0,6.2166061010848646,0,1,500.0,6.2166061010848646,0,0.7576200797868683
15090415,1,500.0,6.2166061010848646,0,1,500.0,6.2166061010848646,0,0.7164626804644488
15090435,1,500.0,6.2166061010848646,0,1,500.0,6.2166061010848646,0,0.7492513097916464
15090445,0,0.0,0.0,0,1,500.0,6.2166061010848646,0,0.7211138625070918
15090485,0,0.0,0.0,0,1,500.0,6.2166061010848646,0,0.7524264035789312
15090500,1,500.0,6.2166061010848646,0,1,500.0,6.2166061010848646,0,0.7847901548122198
15090520,0,0.0,0.0,0,1,500.0,6.2166061010848646,0,0.6908307213685134
15090546,1,500.0,6.2166061010848646,0,2,500.0,6.2166061010848646,1,0.7867886271198818
15090550,1,500.0,6.2166061010848646,0,2,500.0,6.2166061010848646,1,0.8103183724400609
15090610,0,0.0,0.0,0,1,500.0,6.2166061010848646,0,0.7015314320973602
15090631,1,500.0,6.2166061010848646,0,1,500.0,6.2166061010848646,0,0.7761892852886484
15090635,0,0.0,0.0,0,1,500.0,6.2166061010848646,0,0.6814092926207558
15091010,0,0.0,0.0,0,0,0.0,0.0,0,0.7919822132148425
15091020,0,0.0,0.0,0,3,920.0,6.825460036255307,2,0.8149125864011708
15091060,0,0.0,0.0,0,0,0.0,0.0,0,0.7980874948834769
15091110,0,0.0,0.0,0,4,1620.0,7.390798521735676,2,0.8196369510108739
15091145,0,0.0,0.0,0,0,0.0,0.0,0,0.7985677980519154
15091160,0,0.0,0.0,0,3,920.0,6.825460036255307,2,0.8076948242170854
15091241,0,0.0,0.0,0,3,920.0,6.825460036255307,2,0.806150553744483
15091375,0,0.0,0.0,0,0,0.0,0.0,0,0.8022053687449516
15091391,0,0.0,0.0,0,0,0.0,0.0,0,0.8025723266713283
16051000,0,0.0,0.0,0,1,500.0,6.2166061010848646,0,0.746627957963856
16052000,1,177.0,5.181783550292085,0,3,177.0,5.181783550292085,2,0.8586730888889755
16053000,1,177.0,5.181783550292085,0,1,177.0,5.181783550292085,0,0.7891685276899367
16055000,0,0.0,0.0,0,1,177.0,5.181783550292085,0,0.7586693076646858
16061001,1,792.0,6.675823221634848,0,3,1392.0,7.239214973779806,1,0.933340948471654
16061002,1,792.0,6.675823221634848,0,3,1392.0,7.239214973779806,1,0.826909254201047
16061003,1,792.0,6.675823221634848,0,2,1392.0,7.239214973779806,0,0.7953600935829046
16061012,1,792.0,6.675823221634848,0,2,1392.0,7.239214973779806,0,0.8055235711922637
16061014,1,792.0,6.675823221634848,0,3,1392.0,7.239214973779806,1,0.8967623199468642
16061015,0,0.0,0.0,0,1,792.0,6.675823221634848,0,0.7780861395578762
16061017,0,0.0,0.0,0,1,792.0,6.675823221634848,0,0.7718390559614138
16061018,0,0.0,0.0,0,1,792.0,6.675823221634848,0,0.7761133992505156
16061019,0,0.0,0.0,0,1,792.0,6.675823221634848,0,0.7685002983687528
16061021,1,792.0,6.675823221634848,0,3,1392.0,7.239214973779806,1,0.8689020164731074
16061023,1,792.0,6.675823221634848,0,3,1392.0,7.239214973779806,1,0.8148921884143789
16061024,1,792.0,6.675823221634848,0,3,1392.0,7.239214973779806,1,0.8368862031628568
16061026,0,0.0,0.0,0,1,792.0,6.675823221634848,0,0.7830684535869947
16061027,0,0.0,0.0,0,1,792.0,6.675823221634848,0,0.7810589937368853
16061031,0,0.0,0.0,0,1,792.0,6.675823221634848,0,0.7843665692265134
16061032,1,792.0,6.675823221634848,0,3,1392.0,7.239214973779806,1,0.866514244263527
16061033,1,792.0,6.675823221634848,0,3,1392.0,7.239214973779806,1,0.850705017248903
16061034,1,792.0,6.675823221634848,0,2,1392.0,7.239214973779806,0,0.8012842463060249
16061035,0,0.0,0.0,0,3,1392.0,7.239214973779806,1,0.790591168029785
16061036,1,792.0,6.675823221634848,0,3,1392.0,7.239214973779806,1,0.8717286240681832
16061037,0,0.0,0.0,0,1,792.0,6.675823221634848,0,0.7736040058860798
16061041,0,0.0,0.0,0,2,1392.0,7.239214973779806,0,0.7868328159013668
16061044,0,0.0,0.0,0,1,792.0,6.675823221634848,0,0.7713235145240973
16061045,1,792.0,6.675823221634848,0,3,1392.0,7.239214973779806,1,0.8200481393650743
16061047,1,792.0,6.675823221634848,0,2,1392.0,7.239214973779806,0,0.7945568958241926
16061048,1,792.0,6.675823221634848,0,3,1392.0,7.239214973779806,1,0.9528787214993737
16061056,1,792.0,6.675823221634848,0,3,1392.0,7.239214973779806,1,0.8039409238297762
16061057,1,792.0,6.675823221634848,0,3,1392.0,7.239214973779806,1,0.9635265277824192
16061058,0,0.0,0.0,0,1,792.0,6.675823221634848,0,0.7742185706421942
16061062,1,792.0,6.675823221634848,0,3,1392.0,7.239214973779806,1,0.8056626399309603
16061063,0,0.0,0.0,0,1,792.0,6.675823221634848,0,0.780743199353694
16061066,1,792.0,6.675823221634848,0,3,1392.0,7.239214973779806,1,0.8665731701980586
16061069,1,792.0,6.675823221634848,0,3,1392.0,7.239214973779806,1,0.9013562459472948
16061074,0,0.0,0.0,0,1,792.0,6.675823221634848,0,0.7707391158583945
16061075,1,792.0,6.675823221634848,0,3,1392.0,7.239214973779806,1,0.8047388471422763
16061076,1,792.0,6.675823221634848,0,2,1392.0,7.239214973779806,0,0.8055117265324955
16061078,1,792.0,6.675823221634848,0,3,1392.0,7.239214973779806,1,0.8974333244558996
16061082,1,792.0,6.675823221634848,0,3,1392.0,7.239214973779806,1,0.9117101499636528
16061083,1,792.0,6.675823221634848,0,3,1392.0,7.239214973779806,1,0.8679661935735732
16061085,1,792.0,6.675823221634848,0,3,1392.0,7.239214973779806,1,0.8140543084692051
16061086,1,792.0,6.675823221634848,0,3,1392.0,7.239214973779806,1,0.80123870317045
16061089,1,792.0,6.675823221634848,0,2,1392.0,7.239214973779806,0,0.8003769930735413
16061094,0,0.0,0.0,0,1,792.0,6.675823221634848,0,0.7839572827541286
16061098,1,792.0,6.675823221634848,0,3,1392.0,7.239214973779806,1,0.8106620567150815
16061101,0,0.0,0.0,0,1,792.0,6.675823221634848,0,0.7858454258430899
16061102,1,792.0,6.675823221634848,0,3,1392.0,7.239214973779806,1,0.8469452094822734
16061103,0,0.0,0.0,0,1,792.0,6.675823221634848,0,0.7833606019061939
16061105,1,792.0,6.675823221634848,0,3,1392.0,7.239214973779806,1,0.8072324113791707
16061107,1,792.0,6.675823221634848,0,2,1392.0,7.239214973779806,0,0.7954406993565262
16061113,0,0.0,0.0,0,3,1392.0,7.239214973779806,1,0.7946527615593253
16061114,0,0.0,0.0,0,1,792.0,6.675823221634848,0,0.7907234511242277
16061115,0,0.0,0.0,0,1,792.0,6.675823221634848,0,0.7819529080598187
16061116,0,0.0,0.0,0,1,792.0,6.675823221634848,0,0.7697335816688602
16061117,0,0.0,0.0,0,1,792.0,6.675823221634848,0,0.7732610193350333
16061118,0,0.0,0.0,0,1,792.0,6.675823221634848,0,0.7791737412914089
16061119,1,792.0,6.675823221634848,0,3,1392.0,7.239214973779806,1,0.8420516132832705
16062005,0,0.0,0.0,0,2,0.0,0.0,2,0.7718288500356877
16062008,0,0.0,0.0,0,2,0.0,0.0,2,0.7677635576463308
16062009,0,0.0,0.0,0,0,0.0,0.0,0,0.7621526986524878
16062024,0,0.0,0.0,0,2,792.0,6.675823221634848,1,0.7653353701469827
16062026,0,0.0,0.0,0,1,0.0,0.0,1,0.760959357114466
16062033,0,0.0,0.0,0,1,792.0,6.675823221634848,0,0.7660949732002933
16062037,0,0.0,0.0,0,1,792.0,6.675823221634848,0,0.7634263499400913
16062041,0,0.0,0.0,0,2,0.0,0.0,2,0.7679892408396161
16062049,0,0.0,0.0,0,1,792.0,6.675823221634848,0,0.7652929003447151
16062054,0,0.0,0.0,0,2,0.0,0.0,2,0.7687676889652655
16062062,0,0.0,0.0,0,3,792.0,6.675823221634848,2,0.76901888602691
16062063,0,0.0,0.0,0,2,0.0,0.0,2,0.7658997159843064
16062064,0,0.0,0.0,0,2,0.0,0.0,2,0.7647611896967073
16062065,0,0.0,0.0,0,2,0.0,0.0,2,0.7761109752055949
16062066,0,0.0,0.0,0,1,792.0,6.675823221634848,0,0.7648627858425567
16063003,0,0.0,0.0,0,1,500.0,6.2166061010848646,0,0.7554194564292952
16063004,0,0.0,0.0,0,1,500.0,6.2166061010848646,0,0.7546267858215052
16063006,0,0.0,0.0,0,0,0.0,0.0,0,0.7567776705860776
16063008,0,0.0,0.0,0,0,0.0,0.0,0,0.7584231988570083
16063011,0,0.0,0.0,0,0,0.0,0.0,0,0.7624177521207602
16063015,0,0.0,0.0,0,1,500.0,6.2166061010848646,0,0.7554089397791851
16063023,0,0.0,0.0,0,1,500.0,6.2166061010848646,0,0.7545526161418439
16063032,0,0.0,0.0,0,0,0.0,0.0,0,0.7607025315359323
16063033,0,0.0,0.0,0,1,500.0,6.2166061010848646,0,0.7565528085457958
16063046,0,0.0,0.0,0,0,0.0,0.0,0,0.7611355750452298
16063049,0,0.0,0.0,0,1,792.0,6.675823221634848,0,0.7597490970186904
16063051,0,0.0,0.0,0,1,500.0,6.2166061010848646,0,0.7562608731091445
16063058,0,0.0,0.0,0,1,792.0,6.675823221634848,0,0.7630029025055352
16063062,0,0.0,0.0,0,1,500.0,6.2166061010848646,0,0.7575593186154852
16063066,0,0.0,0.0,0,1,500.0,6.2166061010848646,0,0.7538160050279206
16063068,0,0.0,0.0,0,0,0.0,0.0,0,0.7597093609584255
16063071,0,0.0,0.0,0,1,500.0,6.2166061010848646,0,0.7527533872982022
16063076,0,0.0,0.0,0,1,792.0,6.675823221634848,0,0.7727096593713935
16063078,0,0.0,0.0,0,0,0.0,0.0,0,0.7643876757775215
16063082,0,0.0,0.0,0,0,0.0,0.0,0,0.7625585071732974
16063084,0,0.0,0.0,0,1,500.0,6.2166061010848646,0,0.7558244374811753
16063086,0,0.0,0.0,0,1,500.0,6.2166061010848646,0,0.7545091555409562
16063092,0,0.0,0.0,0,1,500.0,6.2166061010848646,0,0.7538123142502081
16063097,0,0.0,0.0,0,0,0.0,0.0,0,0.769395204455064
16063098,0,0.0,0.0,0,1,500.0,6.2166061010848646,0,0.7515737885445313
16063099,0,0.0,0.0,0,1,500.0,6.2166061010848646,0,0.7543406486594977
16063101,0,0.0,0.0,0,0,0.0,0.0,0,0.7606645114050579
16063103,0,0.0,0.0,0,0,0.0,0.0,0,0.7676083845058554
16063104,0,0.0,0.0,0,1,792.0,6.675823221634848,0,0.7649641239427521
16063105,0,0.0,0.0,0,0,0.0,0.0,0,0.7569333928264264
16064003,0,0.0,0.0,0,0,0.0,0.0,0,0.7497827054477267
16064004,0,0.0,0.0,0,0,0.0,0.0,0,0.7488696865946269
16064005,0,0.0,0.0,0,0,0.0,0.0,0,0.7490032493388248
16064007,0,0.0,0.0,0,0,0.0,0.0,0,0.7510866023766108
16064009,0,0.0,0.0,0,0,0.0,0.0,0,0.7500261636761716
16064019,0,0.0,0.0,0,0,0.0,0.0,0,0.7481126427157265
16064021,0,0.0,0.0,0,0,0.0,0.0,0,0.7501410429397561
16064022,0,0.0,0.0,0,0,0.0,0.0,0,0.7478868959964527
16064027,0,0.0,0.0,0,0,0.0,0.0,0,0.7508661699629887
16064032,0,0.0,0.0,0,1,792.0,6.675823221634848,0,0.7580237152944034
16064033,0,0.0,0.0,0,0,0.0,0.0,0,0.7508703242301897
16064037,0,0.0,0.0,0,0,0.0,0.0,0,0.7558294281949924
16064038,0,0.0,0.0,0,0,0.0,0.0,0,0.7502450874826656
16064043,0,0.0,0.0,0,0,0.0,0.0,0,0.753194414752862
16064045,0,0.0,0.0,0,0,0.0,0.0,0,0.7506779718174057
16064046,0,0.0,0.0,0,1,792.0,6.675823221634848,0,0.7608451350823116
16064053,0,0.0,0.0,0,1,792.0,6.675823221634848,0,0.7580155514862428
16064061,0,0.0,0.0,0,0,0.0,0.0,0,0.7499707711150474
16064062,0,0.0,0.0,0,0,0.0,0.0,0,0.749718741974446
16064064,0,0.0,0.0,0,0,0.0,0.0,0,0.7491829141421245
16064071,0,0.0,0.0,0,1,792.0,6.675823221634848,0,0.7622839603163852
16064074,0,0.0,0.0,0,1,792.0,6.675823221634848,0,0.7674805452940399
16064075,0,0.0,0.0,0,1,792.0,6.675823221634848,0,0.7608463305769242
16064076,0,0.0,0.0,0,0,0.0,0.0,0,0.7533590026928945
16064077,0,0.0,0.0,0,0,0.0,0.0,0,0.7542890713769757
16065001,0,0.0,0.0,0,0,0.0,0.0,0,0.7530971888302407
16065003,0,0.0,0.0,0,1,0.0,0.0,1,0.7624841067781847
16065005,0,0.0,0.0,0,0,0.0,0.0,0,0.7534895552372542
16065008,0,0.0,0.0,0,1,0.0,0.0,1,0.7697597461890218
16065012,0,0.0,0.0,0,0,0.0,0.0,0,0.7522078568037976
16065014,0,0.0,0.0,0,0,0.0,0.0,0,0.754522777399218
16065016,0,0.0,0.0,0,0,0.0,0.0,0,0.7599465690620426
16065018,0,0.0,0.0,0,0,0.0,0.0,0,0.7519117352722807
16065019,0,0.0,0.0,0,0,0.0,0.0,0,0.7700071248811704
16065032,0,0.0,0.0,0,1,792.0,6.675823221634848,0,0.7603423891883229
16065038,0,0.0,0.0,0,0,0.0,0.0,0,0.755500797313736
16065042,0,0.0,0.0,0,0,0.0,0.0,0,0.7720409710305264
16065046,0,0.0,0.0,0,1,0.0,0.0,1,0.7758540597545354
16065048,0,0.0,0.0,0,0,0.0,0.0,0,0.7552117016080793
16065051,0,0.0,0.0,0,0,0.0,0.0,0,0.7561551307852683
16065052,0,0.0,0.0,0,0,0.0,0.0,0,0.7639740448610552
16065056,0,0.0,0.0,0,0,0.0,0.0,0,0.7681783664687873
16065058,0,0.0,0.0,0,0,0.0,0.0,0,0.7542010123067662
16065067,0,0.0,0.0,0,1,0.0,0.0,1,0.7586752006445121
16065074,0,0.0,0.0,0,0,0.0,0.0,0,0.7532406815294201
16065075,0,0.0,0.0,0,0,0.0,0.0,0,0.7550965649868338
16065077,0,0.0,0.0,0,0,0.0,0.0,0,0.7529434137519445
16065079,0,0.0,0.0,0,0,0.0,0.0,0,0.7522625530676639
16065085,0,0.0,0.0,0,1,0.0,0.0,1,0.7611415327479094
16065086,0,0.0,0.0,0,1,0.0,0.0,1,0.7707158595349812
16065087,0,0.0,0.0,0,1,177.0,5.181783550292085,0,0.7775785549913681
16065088,0,0.0,0.0,0,0,0.0,0.0,0,0.7634330279925424
16065089,0,0.0,0.0,0,0,0.0,0.0,0,0.7521174857763526
16066005,1,500.0,6.2166061010848646,0,1,500.0,6.2166061010848646,0,0.7752933121363141
16066012,0,0.0,0.0,0,1,500.0,6.2166061010848646,0,0.7528858762238321
16066013,0,0.0,0.0,0,1,500.0,6.2166061010848646,0,0.7552578401550607
16066015,1,500.0,6.2166061010848646,0,1,500.0,6.2166061010848646,0,0.7723001464370651
16066016,1,500.0,6.2166061010848646,0,1,500.0,6.2166061010848646,0,0.7962914969709102
16066017,1,500.0,6.2166061010848646,0,1,500.0,6.2166061010848646,0,0.7694498636933729
16066018,1,500.0,6.2166061010848646,0,1,500.0,6.2166061010848646,0,0.7729786516048209
16066019,0,0.0,0.0,0,1,500.0,6.2166061010848646,0,0.7526553705549127
16066022,0,0.0,0.0,0,1,500.0,6.2166061010848646,0,0.7566583208215598
16066023,1,500.0,6.2166061010848646,0,1,500.0,6.2166061010848646,0,0.7602479130659316
16066024,0,0.0,0.0,0,1,500.0,6.2166061010848646,0,0.7527871799140173
16066025,0,0.0,0.0,0,1,500.0,6.2166061010848646,0,0.7543767057783229
16066038,1,500.0,6.2166061010848646,0,1,500.0,6.2166061010848646,0,0.7800597712239126
16066039,1,500.0,6.2166061010848646,0,1,500.0,6.2166061010848646,0,0.7894003208461846
16066041,0,0.0,0.0,0,1,500.0,6.2166061010848646,0,0.7579607194047975
16066042,1,500.0,6.2166061010848646,0,1,500.0,6.2166061010848646,0,0.7654968094410037
16066045,1,500.0,6.2166061010848646,0,1,500.0,6.2166061010848646,0,0.7665834461147503
16066047,1,500.0,6.2166061010848646,0,1,500.0,6.2166061010848646,0,0.7896115538657419
16066049,1,500.0,6.2166061010848646,0,1,500.0,6.2166061010848646,0,0.7662367108743627
16066052,0,0.0,0.0,0,1,500.0,6.2166061010848646,0,0.7535585100815522
16066056,0,0.0,0.0,0,1,500.0,6.2166061010848646,0,0.7590412907157691
16066057,1,500.0,6.2166061010848646,0,1,500.0,6.2166061010848646,0,0.763508659920247
16066058,1,500.0,6.2166061010848646,0,1,500.0,6.2166061010848646,0,0.7821615132946315
16066059,0,0.0,0.0,0,1,500.0,6.2166061010848646,0,0.754674094680648
16066061,0,0.0,0.0,0,1,500.0,6.2166061010848646,0,0.7544208608047703
16066063,1,500.0,6.2166061010848646,0,1,500.0,6.2166061010848646,0,0.7618082926495715
16066064,0,0.0,0.0,0,1,500.0,6.2166061010848646,0,0.7578882766694207
16066065,1,500.0,6.2166061010848646,0,1,500.0,6.2166061010848646,0,0.7923969058757381
16066069,1,500.0,6.2166061010848646,0,1,500.0,6.2166061010848646,0,0.7789142031886966
16066074,0,0.0,0.0,0,1,500.0,6.2166061010848646,0,0.7556047115750432
16066076,1,500.0,6.2166061010848646,0,1,500.0,6.2166061010848646,0,0.7632605398614263
16066079,1,500.0,6.2166061010848646,0,1,500.0,6.2166061010848646,0,0.7693265402702578
16066081,1,500.0,6.2166061010848646,0,1,500.0,6.2166061010848646,0,0.7842857293982509
16066086,0,0.0,0.0,0,1,500.0,6.2166061010848646,0,0.7595947779334267
16066092,1,500.0,6.2166061010848646,0,1,500.0,6.2166061010848646,0,0.8252015243596542
16066093,0,0.0,0.0,0,1,500.0,6.2166061010848646,0,0.7534531058306069
16066094,1,500.0,6.2166061010848646,0,2,2000.0,7.601402334583733,0,0.7585314902933729
16066095,0,0.0,0.0,0,1,500.0,6.2166061010848646,0,0.7534025470622613
16067004,0,0.0,0.0,0,1,500.0,6.2166061010848646,0,0.7461697287573177
16067009,0,0.0,0.0,0,0,0.0,0.0,0,0.7469742709893821
16067011,0,0.0,0.0,0,0,0.0,0.0,0,0.7471450865226181
16067013,0,0.0,0.0,0,1,500.0,6.2166061010848646,0,0.749787439302456
16067016,0,0.0,0.0,0,1,500.0,6.2166061010848646,0,0.7468063496756451
16067019,0,0.0,0.0,0,1,500.0,6.2166061010848646,0,0.7526522531590059
16067022,0,0.0,0.0,0,1,500.0,6.2166061010848646,0,0.7464919311052072
16067026,0,0.0,0.0,0,0,0.0,0.0,0,0.7464939770217565
16067029,0,0.0,0.0,0,1,500.0,6.2166061010848646,0,0.7478099001217604
16067033,0,0.0,0.0,0,0,0.0,0.0,0,0.7466617559163216
16067044,1,500.0,6.2166061010848646,0,1,500.0,6.2166061010848646,0,0.7621403393843147
16067047,0,0.0,0.0,0,1,500.0,6.2166061010848646,0,0.7465125401188272
16067052,0,0.0,0.0,0,1,500.0,6.2166061010848646,0,0.7461714708017895
16067053,0,0.0,0.0,0,1,500.0,6.2166061010848646,0,0.7544536911105005
16067055,0,0.0,0.0,0,1,500.0,6.2166061010848646,0,0.7463212954917704
16067059,0,0.0,0.0,0,1,500.0,6.2166061010848646,0,0.7496053071915834
16067063,0,0.0,0.0,0,1,500.0,6.2166061010848646,0,0.7493162872950831
16067064,0,0.0,0.0,0,1,500.0,6.2166061010848646,0,0.752152509656375
16067065,1,500.0,6.2166061010848646,0,1,500.0,6.2166061010848646,0,0.7596987200852039
16067067,0,0.0,0.0,0,0,0.0,0.0,0,0.7480350535937006
16067068,0,0.0,0.0,0,1,500.0,6.2166061010848646,0,0.7462339126629517
16067071,0,0.0,0.0,0,1,500.0,6.2166061010848646,0,0.7469123233129413
16067072,0,0.0,0.0,0,1,500.0,6.2166061010848646,0,0.750926099957796
16067082,0,0.0,0.0,0,1,500.0,6.2166061010848646,0,0.7460063987544925
16067087,0,0.0,0.0,0,1,500.0,6.2166061010848646,0,0.746406262055374
16067088,0,0.0,0.0,0,1,500.0,6.2166061010848646,0,0.7500598404593322
16067089,0,0.0,0.0,0,1,500.0,6.2166061010848646,0,0.7474954197243482
16067091,0,0.0,0.0,0,1,500.0,6.2166061010848646,0,0.748017754853564
16067092,0,0.0,0.0,0,1,500.0,6.2166061010848646,0,0.7548800667798942
16068001,0,0.0,0.0,0,0,0.0,0.0,0,0.749439178993819
16068002,0,0.0,0.0,0,0,0.0,0.0,0,0.7473454730626984
16068005,0,0.0,0.0,0,0,0.0,0.0,0,0.7584273844547069
16068007,0,0.0,0.0,0,0,0.0,0.0,0,0.7518119189900836
16068009,0,0.0,0.0,0,0,0.0,0.0,0,0.7467751263689043
16068013,0,0.0,0.0,0,0,0.0,0.0,0,0.7506381038879834
16068014,0,0.0,0.0,0,0,0.0,0.0,0,0.748172302287647
16068015,0,0.0,0.0,0,0,0.0,0.0,0,0.7567320417353243
16068017,0,0.0,0.0,0,0,0.0,0.0,0,0.7503986502516424
16068019,0,0.0,0.0,0,1,177.0,5.181783550292085,0,0.7620412250532098
16068021,0,0.0,0.0,0,0,0.0,0.0,0,0.7508729399117682
16068022,0,0.0,0.0,0,0,0.0,0.0,0,0.7547547316883622
16068025,0,0.0,0.0,0,0,0.0,0.0,0,0.7487872691920576
16068032,0,0.0,0.0,0,0,0.0,0.0,0,0.7498936955459415
16068033,0,0.0,0.0,0,1,177.0,5.181783550292085,0,0.7617347474149281
16068034,0,0.0,0.0,0,0,0.0,0.0,0,0.7607357613892414
16068036,0,0.0,0.0,0,0,0.0,0.0,0,0.7533403337443827
16068037,0,0.0,0.0,0,0,0.0,0.0,0,0.7482390368051249
16068039,0,0.0,0.0,0,0,0.0,0.0,0,0.7523571142968757
16068041,0,0.0,0.0,0,1,177.0,5.181783550292085,0,0.7662762813558197
16068042,0,0.0,0.0,0,1,177.0,5.181783550292085,0,0.7734277446418393
16068044,0,0.0,0.0,0,0,0.0,0.0,0,0.7483533519574044
16068045,0,0.0,0.0,0,0,0.0,0.0,0,0.7481279847770106
16068048,0,0.0,0.0,0,0,0.0,0.0,0,0.7527509802970433
16068049,0,0.0,0.0,0,0,0.0,0.0,0,0.7493164940442587
16068051,0,0.0,0.0,0,0,0.0,0.0,0,0.7536597043749487
16068052,0,0.0,0.0,0,0,0.0,0.0,0,0.7560390924755733
16068053,0,0.0,0.0,0,0,0.0,0.0,0,0.7503823474685947
16068055,0,0.0,0.0,0,0,0.0,0.0,0,0.7505812601985193
16068056,0,0.0,0.0,0,1,177.0,5.181783550292085,0,0.7585017119017248
16068057,0,0.0,0.0,0,0,0.0,0.0,0,0.7470315463360193
16068058,0,0.0,0.0,0,0,0.0,0.0,0,0.7533502044650647
16068059,0,0.0,0.0,0,0,0.0,0.0,0,0.7498214760162847
16068061,0,0.0,0.0,0,0,0.0,0.0,0,0.7463299221613173
16068062,0,0.0,0.0,0,0,0.0,0.0,0,0.7511003034546089
16068063,0,0.0,0.0,0,1,177.0,5.181783550292085,0,0.7721782570311684
16068064,0,0.0,0.0,0,0,0.0,0.0,0,0.7566666532457558
16069001,1,500.0,6.2166061010848646,0,1,500.0,6.2166061010848646,0,0.8510608869181362
16069003,1,500.0,6.2166061010848646,0,1,500.0,6.2166061010848646,0,0.7780000890103325
16069004,1,500.0,6.2166061010848646,0,1,500.0,6.2166061010848646,0,0.8610712066516257
16069006,1,500.0,6.2166061010848646,0,1,500.0,6.2166061010848646,0,0.7598185567605121
16069008,1,500.0,6.2166061010848646,0,1,500.0,6.2166061010848646,0,0.7655569034488294
16069009,1,500.0,6.2166061010848646,0,1,500.0,6.2166061010848646,0,0.7903979100260887
16069011,1,500.0,6.2166061010848646,0,1,500.0,6.2166061010848646,0,0.8753234299995603
16069012,1,500.0,6.2166061010848646,0,1,500.0,6.2166061010848646,0,0.749738121310663
16069016,1,500.0,6.2166061010848646,0,1,500.0,6.2166061010848646,0,0.7871097301307732
16069017,1,500.0,6.2166061010848646,0,1,500.0,6.2166061010848646,0,0.856978174830989
16069021,1,500.0,6.2166061010848646,0,1,500.0,6.2166061010848646,0,0.7970731761027778
16069024,1,500.0,6.2166061010848646,0,1,500.0,6.2166061010848646,0,0.7642411817661726
16069025,1,500.0,6.2166061010848646,0,1,500.0,6.2166061010848646,0,0.7955989914204852
16069026,1,500.0,6.2166061010848646,0,1,500.0,6.2166061010848646,0,0.8320889413679899
16069028,1,500.0,6.2166061010848646,0,1,500.0,6.2166061010848646,0,0.8090850318163002
16069035,1,500.0,6.2166061010848646,0,1,500.0,6.2166061010848646,0,0.826978138636665
16069037,1,500.0,6.2166061010848646,0,1,500.0,6.2166061010848646,0,0.7749004222227232
16069041,0,0.0,0.0,0,2,2000.0,7.601402334583733,0,0.7499147034211815
16069042,1,500.0,6.2166061010848646,0,1,500.0,6.2166061010848646,0,0.7772712556390873
16069043,1,500.0,6.2166061010848646,0,1,500.0,6.2166061010848646,0,0.8138592466798188
16069044,1,500.0,6.2166061010848646,0,1,500.0,6.2166061010848646,0,0.8227538774488555
16069046,0,0.0,0.0,0,3,3562.0,8.178358165605836,0,0.7473282529230902
16069047,1,500.0,6.2166061010848646,0,1,500.0,6.2166061010848646,0,0.7736573887876765
16069049,0,0.0,0.0,0,2,2000.0,7.601402334583733,0,0.7510976060649311
16069051,1,500.0,6.2166061010848646,0,1,500.0,6.2166061010848646,0,0.7989284046557696
16069052,0,0.0,0.0,0,2,2062.0,7.631916513071252,0,0.741633212688777
16069053,1,500.0,6.2166061010848646,0,1,500.0,6.2166061010848646,0,0.754786007152275
16069056,0,0.0,0.0,0,3,3562.0,8.178358165605836,0,0.7483578150594907
16069058,1,500.0,6.2166061010848646,0,1,500.0,6.2166061010848646,0,0.7565489669351741
16069061,1,500.0,6.2166061010848646,0,1,500.0,6.2166061010848646,0,0.7555192738040788
16069062,1,500.0,6.2166061010848646,0,2,2000.0,7.601402334583733,0,0.7566249649926224
16069063,0,0.0,0.0,0,3,3562.0,8.178358165605836,0,0.7448443679877199
16070001,0,0.0,0.0,0,1,500.0,6.2166061010848646,0,0.7462415629895991
16070004,0,0.0,0.0,0,1,500.0,6.2166061010848646,0,0.7483157481836019
16070006,0,0.0,0.0,0,1,500.0,6.2166061010848646,0,0.746198259909063
16070008,0,0.0,0.0,0,1,500.0,6.2166061010848646,0,0.7471379395155178
16070011,1,500.0,6.2166061010848646,0,1,500.0,6.2166061010848646,0,0.7721037185746649
16070012,0,0.0,0.0,0,1,500.0,6.2166061010848646,0,0.7460547586433376
16070013,0,0.0,0.0,0,1,500.0,6.2166061010848646,0,0.7460811927714546
16070028,0,0.0,0.0,0,1,500.0,6.2166061010848646,0,0.7465862066080549
16070029,1,500.0,6.2166061010848646,0,1,500.0,6.2166061010848646,0,0.7649618844539467
16070034,1,500.0,6.2166061010848646,0,1,500.0,6.2166061010848646,0,0.7626148764494411
16070041,0,0.0,0.0,0,1,500.0,6.2166061010848646,0,0.7459836049601822
16070043,0,0.0,0.0,0,1,500.0,6.2166061010848646,0,0.7540325702580312
16070048,0,0.0,0.0,0,1,500.0,6.2166061010848646,0,0.7459781298303245
16070054,0,0.0,0.0,0,1,500.0,6.2166061010848646,0,0.7457109825497537
16070057,1,500.0,6.2166061010848646,0,1,500.0,6.2166061010848646,0,0.7652420013913108
16070058,1,500.0,6.2166061010848646,0,1,500.0,6.2166061010848646,0,0.7533560568104704
16071001,0,0.0,0.0,0,1,177.0,5.181783550292085,0,0.7820843973810394
16071003,0,0.0,0.0,0,1,177.0,5.181783550292085,0,0.7518155794117993
16071004,1,177.0,5.181783550292085,0,2,877.0,6.777646593635117,0,0.8025708717923671
16071005,0,0.0,0.0,0,1,177.0,5.181783550292085,0,0.7540801463921987
16071008,0,0.0,0.0,0,1,177.0,5.181783550292085,0,0.7527276559237426
16071009,0,0.0,0.0,0,1,177.0,5.181783550292085,0,0.7557531354741317
16071013,0,0.0,0.0,0,1,177.0,5.181783550292085,0,0.7689600924621492
16071015,1,177.0,5.181783550292085,0,1,177.0,5.181783550292085,0,0.7936396281810117
16071017,0,0.0,0.0,0,1,177.0,5.181783550292085,0,0.7572404141659836
16071019,0,0.0,0.0,0,1,177.0,5.181783550292085,0,0.7696130001769905
16071022,1,177.0,5.181783550292085,0,2,877.0,6.777646593635117,0,0.8109132954356884
16071025,0,0.0,0.0,0,1,177.0,5.181783550292085,0,0.7714888177716716
16071027,0,0.0,0.0,0,1,177.0,5.181783550292085,0,0.7688375700000103
16071031,0,0.0,0.0,0,1,177.0,5.181783550292085,0,0.7533640752135664
16071032,0,0.0,0.0,0,1,500.0,6.2166061010848646,0,0.7470071772258691
16071037,0,0.0,0.0,0,1,177.0,5.181783550292085,0,0.7722313176873681
16071038,0,0.0,0.0,0,1,177.0,5.181783550292085,0,0.7582363074606828
16071042,0,0.0,0.0,0,1,177.0,5.181783550292085,0,0.768204004780815
16071043,0,0.0,0.0,0,1,500.0,6.2166061010848646,0,0.747635757367977
16071046,0,0.0,0.0,0,1,500.0,6.2166061010848646,0,0.747112283758027
16071049,0,0.0,0.0,0,1,177.0,5.181783550292085,0,0.7661087798896176
16071053,0,0.0,0.0,0,1,177.0,5.181783550292085,0,0.7647201637090792
16071055,0,0.0,0.0,0,1,177.0,5.181783550292085,0,0.7585545150746692
16071056,0,0.0,0.0,0,1,177.0,5.181783550292085,0,0.7621300126586862
16071059,0,0.0,0.0,0,1,500.0,6.2166061010848646,0,0.7477938128678734
16071061,0,0.0,0.0,0,1,177.0,5.181783550292085,0,0.7568365920930762
16071064,1,177.0,5.181783550292085,0,1,177.0,5.181783550292085,0,0.7944372749865236
16071069,1,177.0,5.181783550292085,0,1,177.0,5.181783550292085,0,0.7920598911213912
16071071,0,0.0,0.0,0,1,177.0,5.181783550292085,0,0.7576812889203441
16071079,0,0.0,0.0,0,2,677.0,6.519147287940395,0,0.7465140022589614
16071083,1,177.0,5.181783550292085,0,2,877.0,6.777646593635117,0,0.8125135677816478
16071087,0,0.0,0.0,0,2,677.0,6.519147287940395,0,0.7482358580799965
16071089,0,0.0,0.0,0,1,177.0,5.181783550292085,0,0.7657840325698799
16071093,0,0.0,0.0,0,1,177.0,5.181783550292085,0,0.756581615053803
16071095,0,0.0,0.0,0,1,177.0,5.181783550292085,0,0.7688561274997097
16071101,0,0.0,0.0,0,1,177.0,5.181783550292085,0,0.772773934115379
16071102,0,0.0,0.0,0,1,177.0,5.181783550292085,0,0.7562213283379127
16071103,0,0.0,0.0,0,1,177.0,5.181783550292085,0,0.7513911305652685
16072006,1,500.0,6.2166061010848646,0,1,500.0,6.2166061010848646,0,0.7501235625395951
16072011,0,0.0,0.0,0,1,500.0,6.2166061010848646,0,0.7331508719085097
16072013,0,0.0,0.0,0,1,500.0,6.2166061010848646,0,0.7364977608879959
16072015,0,0.0,0.0,0,1,500.0,6.2166061010848646,0,0.7379352351593068
16072018,0,0.0,0.0,0,1,500.0,6.2166061010848646,0,0.7263221683900878
16072019,0,0.0,0.0,0,1,500.0,6.2166061010848646,0,0.7307090699534815
16072023,0,0.0,0.0,0,1,500.0,6.2166061010848646,0,0.7322915446079294
16072024,0,0.0,0.0,0,1,500.0,6.2166061010848646,0,0.72195325312379
16073001,0,0.0,0.0,0,1,500.0,6.2166061010848646,0,0.7419483206990118
16073002,0,0.0,0.0,0,1,177.0,5.181783550292085,0,0.737291151208395
16073005,0,0.0,0.0,0,1,500.0,6.2166061010848646,0,0.7404377132396027
16073006,0,0.0,0.0,0,1,500.0,6.2166061010848646,0,0.741328715937094
16073013,0,0.0,0.0,0,1,500.0,6.2166061010848646,0,0.7406756909984766
16073014,0,0.0,0.0,0,1,500.0,6.2166061010848646,0,0.7392268633095868
16073017,0,0.0,0.0,0,1,500.0,6.2166061010848646,0,0.7375124428362563
16073028,0,0.0,0.0,0,1,500.0,6.2166061010848646,0,0.7300253060672327
16073035,0,0.0,0.0,0,1,177.0,5.181783550292085,0,0.7358427879600264
16073037,1,500.0,6.2166061010848646,0,1,500.0,6.2166061010848646,0,0.7465366722366049
16073038,0,0.0,0.0,0,0,0.0,0.0,0,0.7364981762050585
16073046,0,0.0,0.0,0,0,0.0,0.0,0,0.724296360281689
16073055,0,0.0,0.0,0,1,500.0,6.2166061010848646,0,0.7367208225130093
16073067,0,0.0,0.0,0,1,500.0,6.2166061010848646,0,0.7291933526836525
16073074,0,0.0,0.0,0,1,500.0,6.2166061010848646,0,0.7372300033142277
16073076,0,0.0,0.0,0,2,677.0,6.519147287940395,0,0.7431577712384188
16073077,0,0.0,0.0,0,1,500.0,6.2166061010848646,0,0.7379394777305116
16073082,0,0.0,0.0,0,1,500.0,6.2166061010848646,0,0.7399440883397611
16073084,0,0.0,0.0,0,1,500.0,6.2166061010848646,0,0.7405234449112454
16073094,0,0.0,0.0,0,1,500.0,6.2166061010848646,0,0.7401450367649001
16073106,0,0.0,0.0,0,0,0.0,0.0,0,0.731622324494186
16073107,0,0.0,0.0,0,1,177.0,5.181783550292085,0,0.7359302920299365
16073109,0,0.0,0.0,0,1,177.0,5.181783550292085,0,0.7494154646833888
16073111,0,0.0,0.0,0,1,177.0,5.181783550292085,0,0.7400430347550129
16073112,0,0.0,0.0,0,1,500.0,6.2166061010848646,0,0.7453956256904868
16073113,0,0.0,0.0,0,1,500.0,6.2166061010848646,0,0.7400706303731519
16074001,1,177.0,5.181783550292085,0,2,177.0,5.181783550292085,1,0.845944339276811
16074002,0,0.0,0.0,0,1,177.0,5.181783550292085,0,0.7664517754858661
16074003,1,177.0,5.181783550292085,0,3,177.0,5.181783550292085,2,0.9331322689829601
16074004,0,0.0,0.0,0,1,177.0,5.181783550292085,0,0.7631883679344106
16074005,1,177.0,5.181783550292085,0,2,177.0,5.181783550292085,1,0.8565534081020482
16074007,1,177.0,5.181783550292085,0,2,177.0,5.181783550292085,1,0.7929238586383615
16074008,0,0.0,0.0,0,1,177.0,5.181783550292085,0,0.7697319815234797
16074009,1,177.0,5.181783550292085,0,1,177.0,5.181783550292085,0,0.8607411051234465
16074011,1,177.0,5.181783550292085,0,2,877.0,6.777646593635117,0,0.8284326905582617
16074012,1,177.0,5.181783550292085,0,4,877.0,6.777646593635117,2,0.9576120672348497
16074016,0,0.0,0.0,0,1,177.0,5.181783550292085,0,0.7601994337167677
16074017,1,177.0,5.181783550292085,0,2,177.0,5.181783550292085,1,0.8206526531508995
16074019,1,177.0,5.181783550292085,0,2,877.0,6.777646593635117,0,0.8458781308184564
16074021,0,0.0,0.0,0,1,177.0,5.181783550292085,0,0.7579863007900491
16074022,1,177.0,5.181783550292085,0,1,177.0,5.181783550292085,0,0.7945298220057931
16074024,1,177.0,5.181783550292085,0,1,177.0,5.181783550292085,0,0.7889665531715808
16074025,1,177.0,5.181783550292085,0,4,877.0,6.777646593635117,2,1.1272099594452383
16074026,1,177.0,5.181783550292085,0,1,177.0,5.181783550292085,0,0.8162591342519521
16074028,1,177.0,5.181783550292085,0,1,177.0,5.181783550292085,0,0.8391042253539438
16074029,1,177.0,5.181783550292085,0,1,177.0,5.181783550292085,0,0.7859903198882495
16074031,0,0.0,0.0,0,1,177.0,5.181783550292085,0,0.762897276155341
16074032,1,177.0,5.181783550292085,0,1,177.0,5.181783550292085,0,0.8131529951194175
16074033,0,0.0,0.0,0,1,177.0,5.181783550292085,0,0.77121716521022
16074034,0,0.0,0.0,0,1,177.0,5.181783550292085,0,0.7617559196387043
16074036,1,177.0,5.181783550292085,0,1,177.0,5.181783550292085,0,0.8027406743965615
16074037,1,177.0,5.181783550292085,0,4,877.0,6.777646593635117,2,1.024606531100709
16074038,1,177.0,5.181783550292085,0,4,877.0,6.777646593635117,2,0.9609567574555388
16074039,1,177.0,5.181783550292085,0,4,877.0,6.777646593635117,2,1.049618885670585
16074041,1,177.0,5.181783550292085,0,2,177.0,5.181783550292085,1,0.882861206597029
16074042,0,0.0,0.0,0,1,177.0,5.181783550292085,0,0.765685518190062
16074043,1,177.0,5.181783550292085,0,1,177.0,5.181783550292085,0,0.8229332417224308
16074044,0,0.0,0.0,0,1,177.0,5.181783550292085,0,0.7673941866486567
16074045,1,177.0,5.181783550292085,0,2,177.0,5.181783550292085,1,0.795529111772056
16074046,1,177.0,5.181783550292085,0,1,177.0,5.181783550292085,0,0.783924329378783
16074047,1,177.0,5.181783550292085,0,2,177.0,5.181783550292085,1,0.8098935831940475
16074048,0,0.0,0.0,0,1,177.0,5.181783550292085,0,0.7637215488849957
16074049,1,177.0,5.181783550292085,0,1,177.0,5.181783550292085,0,0.7965191564801162
16074051,1,177.0,5.181783550292085,0,1,177.0,5.181783550292085,0,0.7912603227542594
16074052,0,0.0,0.0,0,1,177.0,5.181783550292085,0,0.7667415441678685
16074053,1,177.0,5.181783550292085,0,2,177.0,5.181783550292085,1,0.8082121380257745
16074054,1,177.0,5.181783550292085,0,1,177.0,5.181783550292085,0,0.8295348443725203
16074055,1,177.0,5.181783550292085,0,3,877.0,6.777646593635117,1,0.8947472370440102
16074056,1,177.0,5.181783550292085,0,1,177.0,5.181783550292085,0,0.7912943828528418
16074057,0,0.0,0.0,0,1,177.0,5.181783550292085,0,0.7612058500333636
16074058,1,177.0,5.181783550292085,0,2,177.0,5.181783550292085,1,0.8160609125905249
16074059,1,177.0,5.181783550292085,0,2,177.0,5.181783550292085,1,0.8342902313640179
16074061,1,177.0,5.181783550292085,0,1,177.0,5.181783550292085,0,0.8408795745146797
16074063,1,177.0,5.181783550292085,0,1,177.0,5.181783550292085,0,0.8104856564074299
16074064,1,177.0,5.181783550292085,0,1,177.0,5.181783550292085,0,0.7785177729553232
16074065,0,0.0,0.0,0,1,177.0,5.181783550292085,0,0.756741806048452
16074066,1,177.0,5.181783550292085,0,2,177.0,5.181783550292085,1,0.8125223302300033
16074067,1,177.0,5.181783550292085,0,4,877.0,6.777646593635117,2,0.995982170685482
16074068,1,177.0,5.181783550292085,0,1,177.0,5.181783550292085,0,0.8553630570752637
16074071,1,177.0,5.181783550292085,0,2,177.0,5.181783550292085,1,0.7978743475309638
16074072,1,177.0,5.181783550292085,0,4,877.0,6.777646593635117,2,1.0434912519613706
16074073,1,177.0,5.181783550292085,0,3,877.0,6.777646593635117,1,0.9244158106750037
16074074,1,177.0,5.181783550292085,0,1,177.0,5.181783550292085,0,0.795830576065224
16074075,1,177.0,5.181783550292085,0,2,177.0,5.181783550292085,1,0.8522932999447259
16074076,0,0.0,0.0,0,1,177.0,5.181783550292085,0,0.7573743393649686
16074077,1,177.0,5.181783550292085,0,2,177.0,5.181783550292085,1,0.8042340462662503
16074079,1,177.0,5.181783550292085,0,1,177.0,5.181783550292085,0,0.7778978747590861
16074081,1,177.0,5.181783550292085,0,1,177.0,5.181783550292085,0,0.8233197104640203
16074082,1,177.0,5.181783550292085,0,1,177.0,5.181783550292085,0,0.837406284578147
16074084,1,177.0,5.181783550292085,0,2,177.0,5.181783550292085,1,0.8588595860693552
16074085,1,177.0,5.181783550292085,0,1,177.0,5.181783550292085,0,0.8073873816498847
16074086,1,177.0,5.181783550292085,0,1,177.0,5.181783550292085,0,0.8249352997152708
16074087,0,0.0,0.0,0,1,177.0,5.181783550292085,0,0.7745109096485272
16074089,0,0.0,0.0,0,1,177.0,5.181783550292085,0,0.7714403646674639
16074091,1,177.0,5.181783550292085,0,2,177.0,5.181783550292085,1,0.9261120222244722
16074092,1,177.0,5.181783550292085,0,4,877.0,6.777646593635117,2,0.9272940528917911
16074093,1,177.0,5.181783550292085,0,2,177.0,5.181783550292085,1,0.8432997425092303
16074094,1,177.0,5.181783550292085,0,1,177.0,5.181783550292085,0,0.8055809474628246
16074095,1,177.0,5.181783550292085,0,1,177.0,5.181783550292085,0,0.7840575163800286
16074096,1,177.0,5.181783550292085,0,1,177.0,5.181783550292085,0,0.8382463321905731
16074097,1,177.0,5.181783550292085,0,2,177.0,5.181783550292085,1,0.8217510675926675
16074098,1,177.0,5.181783550292085,0,3,177.0,5.181783550292085,2,0.9653674330132722
16074099,1,177.0,5.181783550292085,0,3,877.0,6.777646593635117,1,0.8545243848906791
16074101,1,177.0,5.181783550292085,0,1,177.0,5.181783550292085,0,0.8060842251254104
16074102,1,177.0,5.181783550292085,0,1,177.0,5.181783550292085,0,0.7795637109125164
16074103,1,177.0,5.181783550292085,0,1,177.0,5.181783550292085,0,0.7984163755780251
16074104,1,177.0,5.181783550292085,0,1,177.0,5.181783550292085,0,0.7793679141064844
16074105,1,177.0,5.181783550292085,0,2,177.0,5.181783550292085,1,0.8571121549032303
16074106,1,177.0,5.181783550292085,0,5,1797.0,7.494430215031565,2,0.9412957125483203
16074107,1,177.0,5.181783550292085,0,1,177.0,5.181783550292085,0,0.7994445852578222
16074108,1,177.0,5.181783550292085,0,2,177.0,5.181783550292085,1,0.801195451761395
16074109,1,177.0,5.181783550292085,0,3,177.0,5.181783550292085,2,0.9684366745729138
16074112,1,177.0,5.181783550292085,0,2,877.0,6.777646593635117,0,0.8229205703797267
16074113,1,177.0,5.181783550292085,0,1,177.0,5.181783550292085,0,0.8040805782913599
16074114,1,177.0,5.181783550292085,0,1,177.0,5.181783550292085,0,0.7891386966475182
16074116,1,177.0,5.181783550292085,0,3,877.0,6.777646593635117,1,0.8835067952293882
16075006,0,0.0,0.0,0,1,177.0,5.181783550292085,0,0.7514400160260659
16075014,0,0.0,0.0,0,1,177.0,5.181783550292085,0,0.7569146950435983
16075016,0,0.0,0.0,0,1,177.0,5.181783550292085,0,0.7537591538266524
16075019,0,0.0,0.0,0,2,177.0,5.181783550292085,1,0.7773937553065837
16075023,0,0.0,0.0,0,1,177.0,5.181783550292085,0,0.7400388060518014
16075029,1,177.0,5.181783550292085,0,2,177.0,5.181783550292085,1,0.7985501943096306
16075031,0,0.0,0.0,0,1,177.0,5.181783550292085,0,0.7517165710317559
16075033,0,0.0,0.0,0,1,177.0,5.181783550292085,0,0.7445806242679723
16075034,0,0.0,0.0,0,2,177.0,5.181783550292085,1,0.7571393365725734
16075035,0,0.0,0.0,0,1,177.0,5.181783550292085,0,0.7404483630276959
16075039,0,0.0,0.0,0,1,177.0,5.181783550292085,0,0.7514868929097038
16075046,0,0.0,0.0,0,0,0.0,0.0,0,0.7186917999676958
16075047,0,0.0,0.0,0,1,177.0,5.181783550292085,0,0.7459074518442079
16075048,0,0.0,0.0,0,2,177.0,5.181783550292085,1,0.7542610112416438
16075051,0,0.0,0.0,0,1,177.0,5.181783550292085,0,0.7667432237929304
16075054,0,0.0,0.0,0,1,177.0,5.181783550292085,0,0.7564857878793776
16075056,0,0.0,0.0,0,1,177.0,5.181783550292085,0,0.7641171706595272
16075057,0,0.0,0.0,0,2,177.0,5.181783550292085,1,0.7763778694682089
16075062,0,0.0,0.0,0,0,0.0,0.0,0,0.7218745351378083
16075063,0,0.0,0.0,0,1,177.0,5.181783550292085,0,0.7531322066908235
16075065,0,0.0,0.0,0,2,177.0,5.181783550292085,1,0.7812513808639852
16075066,1,177.0,5.181783550292085,0,2,177.0,5.181783550292085,1,0.7943884604422542
16075068,0,0.0,0.0,0,2,177.0,5.181783550292085,1,0.7640437395294419
16075069,0,0.0,0.0,0,1,177.0,5.181783550292085,0,0.7450359192715065
16075072,0,0.0,0.0,0,1,177.0,5.181783550292085,0,0.745803152430611
16075073,0,0.0,0.0,0,1,177.0,5.181783550292085,0,0.7707102082646973
16075074,0,0.0,0.0,0,1,177.0,5.181783550292085,0,0.7555622374118307
16075075,0,0.0,0.0,0,1,177.0,5.181783550292085,0,0.7566411131925902
16075076,0,0.0,0.0,0,1,177.0,5.181783550292085,0,0.7486505394869982
16075077,0,0.0,0.0,0,1,177.0,5.181783550292085,0,0.7575552123093772
16075079,0,0.0,0.0,0,1,177.0,5.181783550292085,0,0.7420200391842613
16075081,0,0.0,0.0,0,1,177.0,5.181783550292085,0,0.748309046672814
16075083,0,0.0,0.0,0,1,177.0,5.181783550292085,0,0.752833228558885
16075084,0,0.0,0.0,0,1,177.0,5.181783550292085,0,0.7505872702762586
16075085,0,0.0,0.0,0,1,177.0,5.181783550292085,0,0.750789137332341
16075087,0,0.0,0.0,0,1,177.0,5.181783550292085,0,0.7562463857803969
16075088,0,0.0,0.0,0,1,177.0,5.181783550292085,0,0.744630715644828
16075093,1,177.0,5.181783550292085,0,2,177.0,5.181783550292085,1,0.7828490203507936
16075098,0,0.0,0.0,0,1,177.0,5.181783550292085,0,0.744041262930619
16075099,0,0.0,0.0,0,2,177.0,5.181783550292085,1,0.7728463345754838
16075101,0,0.0,0.0,0,1,177.0,5.181783550292085,0,0.7435307844108454
16075102,0,0.0,0.0,0,1,177.0,5.181783550292085,0,0.7446789729450622
16075103,0,0.0,0.0,0,1,177.0,5.181783550292085,0,0.742080454378665
16075105,0,0.0,0.0,0,1,177.0,5.181783550292085,0,0.756059771578637
16075109,0,0.0,0.0,0,2,177.0,5.181783550292085,1,0.7616514578544108
16075114,0,0.0,0.0,0,2,177.0,5.181783550292085,1,0.7792584387043116
16075116,0,0.0,0.0,0,2,177.0,5.181783550292085,1,0.7828767725741368
16075119,0,0.0,0.0,0,1,177.0,5.181783550292085,0,0.7459612705480115
16075121,0,0.0,0.0,0,1,177.0,5.181783550292085,0,0.7610967772604027
16075124,0,0.0,0.0,0,1,177.0,5.181783550292085,0,0.7486727227477741
16075125,0,0.0,0.0,0,1,177.0,5.181783550292085,0,0.7402994982817747
16075127,0,0.0,0.0,0,1,177.0,5.181783550292085,0,0.7422859074570145
16075129,0,0.0,0.0,0,1,177.0,5.181783550292085,0,0.7454851978502199
16075131,0,0.0,0.0,0,0,0.0,0.0,0,0.7240000635633264
16075132,0,0.0,0.0,0,0,0.0,0.0,0,0.7324179935596957
16075133,0,0.0,0.0,0,0,0.0,0.0,0,0.7228498237882814
16075134,0,0.0,0.0,0,0,0.0,0.0,0,0.7310611956216746
16075135,0,0.0,0.0,0,0,0.0,0.0,0,0.7259230901537628
16075136,0,0.0,0.0,0,0,0.0,0.0,0,0.7172818295928578
16076003,1,177.0,5.181783550292085,0,4,877.0,6.777646593635117,2,0.900385281280584
16076006,2,177.0,5.181783550292085,1,6,1537.0,7.338238150065589,2,0.8823736064012743
16076007,1,177.0,5.181783550292085,0,2,177.0,5.181783550292085,1,0.8271947354404507
16076008,2,177.0,5.181783550292085,1,4,877.0,6.777646593635117,2,0.876164315759579
16076009,1,0.0,0.0,1,7,1037.0,6.945051063725834,3,0.8599668084227421
16076012,1,177.0,5.181783550292085,0,4,877.0,6.777646593635117,2,0.9258115956362349
16076014,1,177.0,5.181783550292085,0,3,737.0,6.6039438246004725,1,0.827109684775293
16076017,1,0.0,0.0,1,4,737.0,6.6039438246004725,2,0.8344112233074337
16076019,1,0.0,0.0,1,5,837.0,6.731018100482083,2,0.8482830355635176
16076022,0,0.0,0.0,0,3,737.0,6.6039438246004725,1,0.8046241612407464
16076023,2,177.0,5.181783550292085,1,6,1537.0,7.338238150065589,2,0.8775948876894543
16076027,2,177.0,5.181783550292085,1,4,737.0,6.6039438246004725,2,0.8475916196645016
16076028,2,177.0,5.181783550292085,1,5,1797.0,7.494430215031565,2,0.8830291265452652
16076029,0,0.0,0.0,0,3,737.0,6.6039438246004725,1,0.7975971857711716
16076033,1,177.0,5.181783550292085,0,2,177.0,5.181783550292085,1,0.8334018304778043
16076034,2,177.0,5.181783550292085,1,4,737.0,6.6039438246004725,2,0.8541881749168505
16076036,2,177.0,5.181783550292085,1,4,737.0,6.6039438246004725,2,0.8708703442850109
16076039,0,0.0,0.0,0,3,737.0,6.6039438246004725,1,0.7942931777019576
16076041,0,0.0,0.0,0,3,737.0,6.6039438246004725,1,0.7662207887658736
16076042,1,177.0,5.181783550292085,0,2,177.0,5.181783550292085,1,0.8134385866295353
16076043,1,0.0,0.0,1,5,837.0,6.731018100482083,2,0.8531336891213127
16076044,1,177.0,5.181783550292085,0,2,177.0,5.181783550292085,1,0.8356876745439091
16076049,1,177.0,5.181783550292085,0,2,177.0,5.181783550292085,1,0.8240324326321289
16076055,1,0.0,0.0,1,7,1037.0,6.945051063725834,3,0.8728140661806809
16076058,2,177.0,5.181783550292085,1,6,1897.0,7.5485559791698735,2,0.8862090136962681
16076059,2,177.0,5.181783550292085,1,7,1537.0,7.338238150065589,3,0.8878038393356285
16076061,2,177.0,5.181783550292085,1,5,837.0,6.731018100482083,2,0.8669984572258767
16076062,1,0.0,0.0,1,7,1037.0,6.945051063725834,3,0.865818790758746
16076064,1,177.0,5.181783550292085,0,3,177.0,5.181783550292085,2,0.8485365948108413
16076067,2,177.0,5.181783550292085,1,5,1437.0,7.271008538280992,2,0.8707978813639694
16076068,1,177.0,5.181783550292085,0,2,177.0,5.181783550292085,1,0.8063870544198235
16076069,1,0.0,0.0,1,7,1037.0,6.945051063725834,3,0.8562644192351165
16076074,0,0.0,0.0,0,3,737.0,6.6039438246004725,1,0.8164235670472262
16076079,1,177.0,5.181783550292085,0,3,737.0,6.6039438246004725,1,0.8183770280203383
16076081,0,0.0,0.0,0,3,737.0,6.6039438246004725,1,0.7811131719038756
16076086,1,177.0,5.181783550292085,0,3,737.0,6.6039438246004725,1,0.8298821244509259
16076087,0,0.0,0.0,0,3,737.0,6.6039438246004725,1,0.7721905304727602
16076088,1,177.0,5.181783550292085,0,2,177.0,5.181783550292085,1,0.8004112473396158
16076089,1,177.0,5.181783550292085,0,2,177.0,5.181783550292085,1,0.8654864227430963
16076092,0,0.0,0.0,0,2,177.0,5.181783550292085,1,0.7772394141531587
16076093,1,0.0,0.0,1,6,1037.0,6.945051063725834,2,0.8232263428875171
16076094,1,0.0,0.0,1,3,737.0,6.6039438246004725,1,0.8285426530570665
16077001,2,0.0,0.0,2,13,3377.0,8.125039097367745,6,0.9337659145683885
16077003,1,0.0,0.0,1,12,3377.0,8.125039097367745,5,0.901330853014596
16077005,2,0.0,0.0,2,12,2817.0,7.943782692458625,6,0.9415068889747406
16077007,2,0.0,0.0,2,12,2817.0,7.943782692458625,6,0.935674029956361
16077008,1,0.0,0.0,1,13,3377.0,8.125039097367745,6,0.9218532190847486
16077009,1,0.0,0.0,1,12,3377.0,8.125039097367745,5,0.9113618373502574
16077011,4,820.0,6.710523109452428,2,9,1757.0,7.471932078245122,4,0.9874337142142802
16077012,1,0.0,0.0,1,9,1757.0,7.471932078245122,4,1.0174664865139273
16077015,1,0.0,0.0,1,11,2817.0,7.943782692458625,5,0.9485888085496172
16077016,1,0.0,0.0,1,8,1757.0,7.471932078245122,3,0.8891028875007985
16077017,1,0.0,0.0,1,9,1757.0,7.471932078245122,4,0.956093250363489
16077018,1,0.0,0.0,1,9,1757.0,7.471932078245122,4,0.8980009518247987
16077022,2,0.0,0.0,2,11,2817.0,7.943782692458625,5,0.9197508040396494
16077023,2,100.0,4.61512051684126,1,12,2677.0,7.8928255262511176,6,0.961802273740481
16077026,1,0.0,0.0,1,8,1757.0,7.471932078245122,3,0.895452980215189
16077027,2,0.0,0.0,2,13,3377.0,8.125039097367745,6,0.9247048125030345
16077028,1,0.0,0.0,1,9,2617.0,7.870165946469845,4,0.9542786207652681
16077031,1,0.0,0.0,1,12,3377.0,8.125039097367745,5,0.910014864415303
16077032,1,0.0,0.0,1,10,2617.0,7.870165946469845,5,0.9186224726730559
16077034,2,0.0,0.0,2,11,2817.0,7.943782692458625,5,0.918229355595185
16077036,2,0.0,0.0,2,13,3377.0,8.125039097367745,6,0.9429748095946573
16077039,1,0.0,0.0,1,9,1757.0,7.471932078245122,4,1.112844529346329
16077041,1,0.0,0.0,1,8,1757.0,7.471932078245122,3,0.8871750312274375
16077042,2,0.0,0.0,2,11,2817.0,7.943782692458625,5,0.9239502716172883
16077043,1,0.0,0.0,1,9,1757.0,7.471932078245122,4,0.9386695912446155
16077044,1,0.0,0.0,1,11,2817.0,7.943782692458625,5,0.9089797076545232
16077047,1,0.0,0.0,1,9,1757.0,7.471932078245122,4,0.9218401849062519
16077048,2,0.0,0.0,2,12,2817.0,7.943782692458625,6,0.9424561515887262
16077049,1,0.0,0.0,1,9,1757.0,7.471932078245122,4,0.9016761305060891
16077052,2,0.0,0.0,2,12,2817.0,7.943782692458625,6,0.9365055875550508
