{
"type": "FeatureCollection",
"name": "laender_vg250",
"crs": { "type": "name", "properties": { "name": "urn:ogc:def:crs:OGC:1.3:CRS84" } },
"features": [
{ "type": "Feature", "properties": { "LAN": "Baden-Württemberg" }, "geometry": { "type": "MultiPolygon", "coordinates": [ [ [ [ 7.7191187, 47.541778099999988 ], [ 7.6944314, 47.532464 ], [ 7.6704276, 47.535009699999982 ], [ 7.6614447, 47.544681599999983 ], [ 7.6492285, 47.5481586 ], [ 7.634097, 47.5611137 ], [ 7.6363988, 47.5641185 ], [ 7.6481293, 47.5598916 ], [ 7.6642382, 47.5653813 ], [ 7.6701332, 47.5658715 ], [ 7.6762584, 47.563553299999981 ], [ 7.6783027, 47.5690309 ], [ 7.6834146, 47.5712572 ], [ 7.6859433, 47.565635 ], [ 7.6895217, 47.5714848 ], [ 7.6837307, 47.57397610000001 ], [ 7.6806986, 47.5826916 ], [ 7.6720043, 47.5850733 ], [ 7.6717413, 47.5873595 ], [ 7.6935966, 47.60053090000001 ], [ 7.682944, 47.598566 ], [ 7.6750246, 47.5920406 ], [ 7.6457773, 47.5969496 ], [ 7.641906, 47.594176499999989 ], [ 7.6431636, 47.5913056 ], [ 7.619266, 47.5768784 ], [ 7.6044841, 47.5777911 ], [ 7.6049251, 47.5848259 ], [ 7.5891935, 47.5897291 ], [ 7.5922386, 47.5956198 ], [ 7.591446, 47.6041686 ], [ 7.5742983, 47.6158305 ], [ 7.5673611, 47.6317409 ], [ 7.5379034, 47.6491805 ], [ 7.5210793, 47.6638479 ], [ 7.5188798, 47.684696599999988 ], [ 7.5118718, 47.6960375 ], [ 7.5145386, 47.702656 ], [ 7.5399058, 47.7183637 ], [ 7.5476027, 47.7298195 ], [ 7.5481077, 47.7394746 ], [ 7.5307114, 47.7717724 ], [ 7.5298462, 47.7812582 ], [ 7.5499502, 47.823323099999989 ], [ 7.5629214, 47.8426924 ], [ 7.5628559, 47.8537997 ], [ 7.5555986, 47.8687973 ], [ 7.5563098, 47.8775269 ], [ 7.5624505, 47.8849176 ], [ 7.579778, 47.8948922 ], [ 7.5827929, 47.9013699 ], [ 7.5824698, 47.9298634 ], [ 7.5879912, 47.9371219 ], [ 7.6095579, 47.95423 ], [ 7.6219523, 47.972806399999989 ], [ 7.6185143, 47.985796499999985 ], [ 7.6101868, 47.9986863 ], [ 7.568529, 48.0351842 ], [ 7.5739048, 48.054856099999988 ], [ 7.5691745, 48.0800469 ], [ 7.5793557, 48.102069699999987 ], [ 7.5769816, 48.1190564 ], [ 7.5805596, 48.1247859 ], [ 7.5987758, 48.1355769 ], [ 7.5989075, 48.152780899999989 ], [ 7.6017544, 48.159177299999989 ], [ 7.629519, 48.1837057 ], [ 7.6441184, 48.2072703 ], [ 7.6656988, 48.220478 ], [ 7.6892398, 48.2807936 ], [ 7.6891995, 48.2925303 ], [ 7.6935689, 48.3017231 ], [ 7.7062161, 48.3102142 ], [ 7.7370804, 48.3196101 ], [ 7.7446383, 48.327810899999989 ], [ 7.7451738, 48.3351087 ], [ 7.7318721, 48.3763784 ], [ 7.7331532, 48.3972035 ], [ 7.7650375, 48.4566105 ], [ 7.768201, 48.4896625 ], [ 7.7950905, 48.5018298 ], [ 7.8039437, 48.5112163 ], [ 7.8067606, 48.5201696 ], [ 7.8034405, 48.5368703 ], [ 7.805358, 48.5610723 ], [ 7.8002915, 48.5840381 ], [ 7.8048239, 48.592579699999987 ], [ 7.8303231, 48.619867599999985 ], [ 7.8397405, 48.6412759 ], [ 7.8480963, 48.646910899999988 ], [ 7.8899761, 48.662598299999985 ], [ 7.9632984, 48.7215263 ], [ 7.966981, 48.7262804 ], [ 7.9671551, 48.746727 ], [ 7.9720057, 48.7581224 ], [ 7.9825675, 48.761104799999984 ], [ 8.0014813, 48.7588459 ], [ 8.0143334, 48.7610196 ], [ 8.0235516, 48.769702699999989 ], [ 8.025803, 48.7821613 ], [ 8.030279, 48.787373 ], [ 8.0415576, 48.790753 ], [ 8.0647057, 48.789731899999978 ], [ 8.0870405, 48.802033599999987 ], [ 8.1038281, 48.820122499999989 ], [ 8.114552, 48.850343500000015 ], [ 8.135195, 48.887545299999985 ], [ 8.1534878, 48.9099106 ], [ 8.1791951, 48.9345887 ], [ 8.1936138, 48.9539573 ], [ 8.2028931, 48.9597939 ], [ 8.239232, 48.9692649 ], [ 8.2858149, 48.99656370000001 ], [ 8.2973741, 49.0135052 ], [ 8.3041368, 49.0406517 ], [ 8.3116867, 49.0543072 ], [ 8.3205377, 49.0649598 ], [ 8.3459074, 49.0846198 ], [ 8.3580913, 49.0977842 ], [ 8.3727084, 49.1519813 ], [ 8.3684311, 49.1680524 ], [ 8.3812106, 49.1856863 ], [ 8.3850155, 49.1983007 ], [ 8.3984979, 49.207718799999988 ], [ 8.4052515, 49.2205608 ], [ 8.4032122, 49.224655899999988 ], [ 8.3985351, 49.225752799999988 ], [ 8.3848038, 49.2196276 ], [ 8.3892943, 49.2339806 ], [ 8.4006865, 49.2441594 ], [ 8.4398033, 49.2623468 ], [ 8.4581949, 49.279108699999988 ], [ 8.4822554, 49.2865443 ], [ 8.4883247, 49.2917373 ], [ 8.4888814, 49.2976066 ], [ 8.4850758, 49.3039352 ], [ 8.4762218, 49.308968499999985 ], [ 8.4558037, 49.3142098 ], [ 8.4504845, 49.3231415 ], [ 8.4555238, 49.3320903 ], [ 8.4832914, 49.3485915 ], [ 8.4968112, 49.3641805 ], [ 8.5009167, 49.376361 ], [ 8.5003975, 49.3890136 ], [ 8.4937793, 49.387203699999979 ], [ 8.4732312, 49.3733643 ], [ 8.4645171, 49.3763927 ], [ 8.4635284, 49.384428899999989 ], [ 8.4653798, 49.3872521 ], [ 8.4961888, 49.402136399999989 ], [ 8.4973159, 49.411346899999984 ], [ 8.5082425, 49.4344934 ], [ 8.505686, 49.4390769 ], [ 8.4988795, 49.442654499999989 ], [ 8.4555277, 49.443760399999988 ], [ 8.4426909, 49.4502392 ], [ 8.4443224, 49.4591873 ], [ 8.4608759, 49.4650223 ], [ 8.4637954, 49.4704027 ], [ 8.4429639, 49.4926956 ], [ 8.4239102, 49.5406009 ], [ 8.4147253, 49.5538968 ], [ 8.4150665, 49.5632792 ], [ 8.4234888, 49.5761149 ], [ 8.4224393, 49.5833854 ], [ 8.4382661, 49.5839001 ], [ 8.4404648, 49.589412 ], [ 8.4460023, 49.5903767 ], [ 8.4642847, 49.5895284 ], [ 8.475796, 49.5844523 ], [ 8.4743517, 49.5809706 ], [ 8.4799473, 49.5785868 ], [ 8.4799001, 49.574464199999987 ], [ 8.4950324, 49.5729967 ], [ 8.5262603, 49.547997100000011 ], [ 8.532396, 49.5363601 ], [ 8.54156, 49.528580399999989 ], [ 8.5669014, 49.519119599999982 ], [ 8.5730554, 49.5214934 ], [ 8.5813749, 49.5197804 ], [ 8.5843315, 49.5222334 ], [ 8.5912951, 49.5212804 ], [ 8.5979126, 49.531462 ], [ 8.6080477, 49.528304 ], [ 8.606928, 49.5335392 ], [ 8.6108992, 49.5387171 ], [ 8.6212997, 49.5450099 ], [ 8.6106842, 49.5643707 ], [ 8.6032317, 49.5932942 ], [ 8.594074, 49.592771299999988 ], [ 8.5909768, 49.5959429 ], [ 8.5893153, 49.604515199999987 ], [ 8.5952974, 49.6054743 ], [ 8.593889, 49.6109466 ], [ 8.6504235, 49.6208841 ], [ 8.6539795, 49.6183903 ], [ 8.6779337, 49.625947 ], [ 8.6866174, 49.6227208 ], [ 8.6923136, 49.6237389 ], [ 8.693837, 49.6193537 ], [ 8.6869286, 49.6163455 ], [ 8.6883928, 49.6146232 ], [ 8.6848348, 49.6142242 ], [ 8.6831761, 49.6163213 ], [ 8.6788792, 49.6138675 ], [ 8.6843758, 49.6100525 ], [ 8.6868942, 49.6132072 ], [ 8.6863686, 49.608480399999983 ], [ 8.6777907, 49.608999499999989 ], [ 8.677341, 49.6135278 ], [ 8.6729856, 49.6133405 ], [ 8.6721398, 49.611194099999985 ], [ 8.6821278, 49.6034719 ], [ 8.6915194, 49.6069429 ], [ 8.6921785, 49.603467699999982 ], [ 8.6955153, 49.603365 ], [ 8.6979975, 49.5997573 ], [ 8.6963344, 49.5920998 ], [ 8.683477, 49.5897521 ], [ 8.6838402, 49.5773665 ], [ 8.6809893, 49.5755479 ], [ 8.6846698, 49.5755621 ], [ 8.6843068, 49.5702225 ], [ 8.693104, 49.560728100000013 ], [ 8.6907708, 49.5556432 ], [ 8.6986155, 49.5490041 ], [ 8.7038831, 49.550028399999988 ], [ 8.7057944, 49.5479655 ], [ 8.7026502, 49.5353279 ], [ 8.7070088, 49.536351 ], [ 8.7123396, 49.5317112 ], [ 8.7186926, 49.5330084 ], [ 8.7246093, 49.5258944 ], [ 8.7359499, 49.524846 ], [ 8.7355131, 49.5213155 ], [ 8.7248948, 49.5226371 ], [ 8.7277112, 49.5183385 ], [ 8.737227, 49.5192884 ], [ 8.7404285, 49.523189699999982 ], [ 8.7487087, 49.5224275 ], [ 8.7642036, 49.515198 ], [ 8.7767805, 49.517872 ], [ 8.7818545, 49.5146637 ], [ 8.7985906, 49.511688799999988 ], [ 8.7981287, 49.51851 ], [ 8.8092061, 49.525680099999988 ], [ 8.821874, 49.5246365 ], [ 8.8186586, 49.5212174 ], [ 8.8210204, 49.5139387 ], [ 8.8169629, 49.505793099999984 ], [ 8.8338553, 49.4906833 ], [ 8.8390464, 49.4937678 ], [ 8.8394486, 49.4987837 ], [ 8.8445501, 49.4984015 ], [ 8.8485016, 49.5021733 ], [ 8.8567823, 49.5012323 ], [ 8.8826615, 49.5060961 ], [ 8.892427, 49.5029063 ], [ 8.8995727, 49.5036557 ], [ 8.8968323, 49.4976061 ], [ 8.8997586, 49.4943724 ], [ 8.8993548, 49.484549799999982 ], [ 8.876495, 49.466686 ], [ 8.8682448, 49.464893399999987 ], [ 8.8629238, 49.466678900000012 ], [ 8.8663402, 49.4745927 ], [ 8.8600385, 49.4807909 ], [ 8.8519323, 49.4835882 ], [ 8.840968, 49.4755632 ], [ 8.8368912, 49.4757812 ], [ 8.8262867, 49.469487799999989 ], [ 8.823876, 49.4625621 ], [ 8.8291289, 49.4602687 ], [ 8.8346075, 49.450382700000013 ], [ 8.8326177, 49.436716499999982 ], [ 8.8366535, 49.4343783 ], [ 8.8364529, 49.4302183 ], [ 8.8305019, 49.4232288 ], [ 8.8249924, 49.4218154 ], [ 8.816641, 49.4231756 ], [ 8.8065876, 49.4192008 ], [ 8.8074159, 49.4106809 ], [ 8.801489, 49.4108909 ], [ 8.8042918, 49.406893 ], [ 8.8082935, 49.406422199999987 ], [ 8.8034388, 49.402939 ], [ 8.8146122, 49.3968524 ], [ 8.8224209, 49.3955519 ], [ 8.8285587, 49.407692 ], [ 8.8312564, 49.4082854 ], [ 8.8381825, 49.4053914 ], [ 8.8444831, 49.3972401 ], [ 8.8517639, 49.395537599999983 ], [ 8.8628463, 49.402127 ], [ 8.8733396, 49.4128239 ], [ 8.8923893, 49.4209074 ], [ 8.9009489, 49.4433687 ], [ 8.9046518, 49.4432793 ], [ 8.9065105, 49.4392565 ], [ 8.912567, 49.4376144 ], [ 8.9247395, 49.441303299999987 ], [ 8.9274491, 49.4491422 ], [ 8.9400692, 49.450317299999988 ], [ 8.9503487, 49.4549929 ], [ 8.9414831, 49.464871 ], [ 8.9356912, 49.465542899999988 ], [ 8.9318798, 49.4706368 ], [ 8.9427952, 49.4856885 ], [ 8.9546397, 49.482009199999986 ], [ 8.9505996, 49.4877934 ], [ 8.9577274, 49.4954853 ], [ 8.9512221, 49.5027115 ], [ 8.9518325, 49.5056262 ], [ 8.9680029, 49.501599799999987 ], [ 8.9774716, 49.5034152 ], [ 8.9791748, 49.5091804 ], [ 8.9858338, 49.5103303 ], [ 8.9875768, 49.5056936 ], [ 8.9922557, 49.503385099999988 ], [ 8.9977692, 49.5048972 ], [ 9.0121802, 49.5026676 ], [ 9.014236, 49.4980584 ], [ 9.0407569, 49.4990694 ], [ 9.0421818, 49.5065141 ], [ 9.0495755, 49.5136497 ], [ 9.0499507, 49.5193681 ], [ 9.0649508, 49.529606 ], [ 9.0788576, 49.524941099999985 ], [ 9.0995542, 49.5261894 ], [ 9.1058064, 49.5165493 ], [ 9.1061274, 49.509796099999988 ], [ 9.11953, 49.5122101 ], [ 9.1264138, 49.5169458 ], [ 9.1236377, 49.5197732 ], [ 9.1264597, 49.5216071 ], [ 9.1177495, 49.5279309 ], [ 9.1137679, 49.5346335 ], [ 9.1052306, 49.5358331 ], [ 9.1044866, 49.5381183 ], [ 9.0952332, 49.5414513 ], [ 9.0843906, 49.543024 ], [ 9.0880631, 49.5502411 ], [ 9.0722056, 49.5652492 ], [ 9.0730743, 49.574941 ], [ 9.0780426, 49.5748036 ], [ 9.0826317, 49.5617892 ], [ 9.0989307, 49.5605539 ], [ 9.1003768, 49.5722678 ], [ 9.1030062, 49.577456 ], [ 9.1082659, 49.5793024 ], [ 9.1177137, 49.5736778 ], [ 9.1588899, 49.5795903 ], [ 9.1649972, 49.575451699999988 ], [ 9.1732765, 49.5777626 ], [ 9.1808039, 49.5737477 ], [ 9.1873035, 49.576891599999982 ], [ 9.1944105, 49.5740406 ], [ 9.2005618, 49.5765353 ], [ 9.2229309, 49.5778757 ], [ 9.2489402, 49.584518399999986 ], [ 9.2464432, 49.5900242 ], [ 9.2494585, 49.5938005 ], [ 9.2590365, 49.5932762 ], [ 9.2599955, 49.5984603 ], [ 9.2649653, 49.6020247 ], [ 9.2645776, 49.606819699999988 ], [ 9.2850231, 49.6148013 ], [ 9.2700992, 49.6264898 ], [ 9.2748187, 49.6309498 ], [ 9.2707226, 49.6340186 ], [ 9.2783056, 49.6376206 ], [ 9.2855006, 49.6357697 ], [ 9.2904933, 49.6437689 ], [ 9.3064872, 49.6508038 ], [ 9.3040831, 49.6549443 ], [ 9.3136139, 49.6537088 ], [ 9.3368972, 49.644300099999988 ], [ 9.3438806, 49.6442997 ], [ 9.3493884, 49.6499929 ], [ 9.3667436, 49.6583568 ], [ 9.382238, 49.643180199999989 ], [ 9.3937841, 49.646309799999976 ], [ 9.4060004, 49.6453128 ], [ 9.4194955, 49.6588536 ], [ 9.4120353, 49.660792400000012 ], [ 9.4123262, 49.6626216 ], [ 9.3978915, 49.6706607 ], [ 9.4014826, 49.6748524 ], [ 9.4124721, 49.6754693 ], [ 9.4127825, 49.6773005 ], [ 9.406391, 49.6795815 ], [ 9.4200883, 49.6901919 ], [ 9.4192574, 49.6938099 ], [ 9.422313, 49.696079399999988 ], [ 9.4168709, 49.7023977 ], [ 9.4203143, 49.7066276 ], [ 9.4186808, 49.7118983 ], [ 9.4152962, 49.7124688 ], [ 9.4079305, 49.7214586 ], [ 9.4010676, 49.7205645 ], [ 9.3999607, 49.7288405 ], [ 9.3856452, 49.7309145 ], [ 9.3867614, 49.728411599999987 ], [ 9.3801607, 49.7261183 ], [ 9.3825286, 49.707462899999989 ], [ 9.372069, 49.703998499999983 ], [ 9.3574092, 49.7042883 ], [ 9.3532131, 49.7074401 ], [ 9.3522324, 49.7164817 ], [ 9.3441145, 49.7169865 ], [ 9.3440309, 49.718614 ], [ 9.3742112, 49.728002 ], [ 9.3634049, 49.7316142 ], [ 9.3588701, 49.7307829 ], [ 9.3417134, 49.7341991 ], [ 9.3230274, 49.7311154 ], [ 9.3165345, 49.7352377 ], [ 9.2962971, 49.738918 ], [ 9.2956732, 49.740530899999989 ], [ 9.2997868, 49.740925399999981 ], [ 9.3176675, 49.7404474 ], [ 9.3231244, 49.743797299999983 ], [ 9.3224717, 49.7499809 ], [ 9.3132507, 49.761699 ], [ 9.3160219, 49.7682399 ], [ 9.3510358, 49.769007 ], [ 9.3726103, 49.7789768 ], [ 9.3915469, 49.7701206 ], [ 9.4251068, 49.7895537 ], [ 9.434852, 49.7873787 ], [ 9.4450025, 49.7739591 ], [ 9.4582566, 49.7695197 ], [ 9.4693919, 49.7742911 ], [ 9.4721259, 49.7808661 ], [ 9.4790971, 49.7868943 ], [ 9.5014605, 49.7887747 ], [ 9.5128612, 49.78179429999998 ], [ 9.5100475, 49.7700911 ], [ 9.5145123, 49.7637868 ], [ 9.5229965, 49.7612059 ], [ 9.5376326, 49.767557099999983 ], [ 9.5464622, 49.766426 ], [ 9.5524296, 49.760429699999989 ], [ 9.5550607, 49.747522499999988 ], [ 9.5633805, 49.7445684 ], [ 9.5689277, 49.75058820000001 ], [ 9.558393, 49.765095 ], [ 9.5576041, 49.7761822 ], [ 9.5618098, 49.780616799999983 ], [ 9.5800573, 49.7840321 ], [ 9.5762858, 49.782894800000015 ], [ 9.5763465, 49.7790535 ], [ 9.5810764, 49.7780301 ], [ 9.5900176, 49.781222899999989 ], [ 9.6197024, 49.7831813 ], [ 9.6487362, 49.7914776 ], [ 9.6514186, 49.780557 ], [ 9.6443222, 49.7786097 ], [ 9.646496, 49.7706952 ], [ 9.6518658, 49.766371699999986 ], [ 9.6379519, 49.753850799999981 ], [ 9.6455528, 49.7469104 ], [ 9.6389985, 49.7405069 ], [ 9.6469362, 49.7391453 ], [ 9.6458596, 49.736474 ], [ 9.6380593, 49.7371127 ], [ 9.6365628, 49.7316531 ], [ 9.6277152, 49.7319633 ], [ 9.6389294, 49.72555 ], [ 9.6408741, 49.720337199999989 ], [ 9.6330526, 49.717069 ], [ 9.6254491, 49.7037367 ], [ 9.630463, 49.701565099999989 ], [ 9.6324604, 49.6931861 ], [ 9.6488797, 49.6917361 ], [ 9.6534965, 49.6871372 ], [ 9.6761479, 49.693347299999985 ], [ 9.6740902, 49.696718 ], [ 9.6771939, 49.7162012 ], [ 9.6958892, 49.7192234 ], [ 9.7003816, 49.716960899999982 ], [ 9.7007248, 49.7221456 ], [ 9.7097193, 49.7270581 ], [ 9.7192908, 49.7019417 ], [ 9.7283542, 49.6981891 ], [ 9.7275504, 49.688727799999988 ], [ 9.73942, 49.6881907 ], [ 9.738774, 49.6900431 ], [ 9.7498902, 49.6958595 ], [ 9.752954, 49.710121799999989 ], [ 9.7716026, 49.7201096 ], [ 9.7791887, 49.722500399999987 ], [ 9.7867558, 49.7218466 ], [ 9.7914443, 49.7309473 ], [ 9.7999938, 49.7309432 ], [ 9.7960734, 49.727087 ], [ 9.7965145, 49.7207109 ], [ 9.8214272, 49.709733599999986 ], [ 9.823359, 49.7046698 ], [ 9.8281606, 49.7064538 ], [ 9.8318046, 49.7038033 ], [ 9.833003, 49.6935 ], [ 9.8361474, 49.691740799999984 ], [ 9.8300279, 49.6877088 ], [ 9.8370568, 49.6832314 ], [ 9.8411724, 49.6834174 ], [ 9.8409338, 49.681616599999984 ], [ 9.829947, 49.6810124 ], [ 9.8308735, 49.6792095 ], [ 9.8234166, 49.6731734 ], [ 9.8256135, 49.667541199999988 ], [ 9.8223584, 49.6647101 ], [ 9.8324952, 49.660415799999988 ], [ 9.8294008, 49.65969579999998 ], [ 9.833814, 49.6562851 ], [ 9.829559, 49.6543527 ], [ 9.8300603, 49.6517428 ], [ 9.8367488, 49.645326499999989 ], [ 9.8554813, 49.641514699999981 ], [ 9.8577219, 49.6324111 ], [ 9.8605784, 49.6321754 ], [ 9.8656582, 49.6241308 ], [ 9.8641202, 49.621460899999988 ], [ 9.8675092, 49.6213194 ], [ 9.868045, 49.6111742 ], [ 9.8720389, 49.6117273 ], [ 9.8728083, 49.61007619999998 ], [ 9.8599721, 49.6085105 ], [ 9.8594601, 49.6029841 ], [ 9.8410467, 49.5951413 ], [ 9.8484952, 49.5777132 ], [ 9.8405578, 49.5744797 ], [ 9.8369956, 49.568901699999984 ], [ 9.8102302, 49.557316 ], [ 9.811545, 49.5556826 ], [ 9.8179977, 49.5586137 ], [ 9.8179924, 49.5558878 ], [ 9.82804, 49.5515909 ], [ 9.8405649, 49.5506935 ], [ 9.8499119, 49.5457659 ], [ 9.8593099, 49.5460445 ], [ 9.8604573, 49.553515099999984 ], [ 9.8645814, 49.5537383 ], [ 9.8666396, 49.557463099999985 ], [ 9.8645504, 49.5678814 ], [ 9.8740587, 49.571695 ], [ 9.875725, 49.5786315 ], [ 9.8935247, 49.5835235 ], [ 9.8987913, 49.588346699999988 ], [ 9.9018309, 49.585412 ], [ 9.9124382, 49.585908399999987 ], [ 9.9115373, 49.5837806 ], [ 9.9157212, 49.5822279 ], [ 9.9016073, 49.572549299999984 ], [ 9.8979899, 49.56407 ], [ 9.8990649, 49.561079899999989 ], [ 9.9208489, 49.5632808 ], [ 9.9249845, 49.5600641 ], [ 9.9207334, 49.5534022 ], [ 9.9257854, 49.5537231 ], [ 9.9269611, 49.5495205 ], [ 9.9207252, 49.5510123 ], [ 9.9224847, 49.545791300000012 ], [ 9.920182, 49.5451254 ], [ 9.9270505, 49.536077299999988 ], [ 9.923815, 49.5241214 ], [ 9.9183953, 49.5223798 ], [ 9.9169593, 49.5178023 ], [ 9.9251293, 49.5086501 ], [ 9.9160532, 49.4995443 ], [ 9.9137406, 49.493253 ], [ 9.9265612, 49.4848355 ], [ 9.9518817, 49.4803643 ], [ 9.9589668, 49.483853 ], [ 9.9740236, 49.4858223 ], [ 9.9750091, 49.4810251 ], [ 9.9784105, 49.4840162 ], [ 9.9920064, 49.4864029 ], [ 10.0101184, 49.483214 ], [ 10.0202604, 49.486649 ], [ 10.0281776, 49.5039897 ], [ 10.0462355, 49.5069797 ], [ 10.0524038, 49.510674699999988 ], [ 10.0515202, 49.514416 ], [ 10.0561459, 49.5149453 ], [ 10.0571846, 49.5193186 ], [ 10.0498139, 49.5213234 ], [ 10.0400193, 49.5290104 ], [ 10.0613677, 49.5374683 ], [ 10.0571051, 49.5406813 ], [ 10.0617308, 49.5416493 ], [ 10.0614275, 49.5451385 ], [ 10.0855199, 49.542214 ], [ 10.089598, 49.5305212 ], [ 10.087974, 49.528449299999984 ], [ 10.0786114, 49.5273174 ], [ 10.0806416, 49.521195899999981 ], [ 10.0768858, 49.5198829 ], [ 10.0841466, 49.5117589 ], [ 10.1057175, 49.5151058 ], [ 10.1084751, 49.5114768 ], [ 10.1213231, 49.5110462 ], [ 10.1208598, 49.5072729 ], [ 10.1153641, 49.5069574 ], [ 10.1171166, 49.5037428 ], [ 10.1098121, 49.5016937 ], [ 10.0999914, 49.4917277 ], [ 10.1012435, 49.4856418 ], [ 10.1081022, 49.4828536 ], [ 10.1107122, 49.4776234 ], [ 10.116089, 49.4785774 ], [ 10.1151182, 49.4739592 ], [ 10.1183273, 49.4731695 ], [ 10.1179162, 49.4675906 ], [ 10.1222518, 49.463907799999987 ], [ 10.1158443, 49.4613006 ], [ 10.1054877, 49.4632387 ], [ 10.1082315, 49.4602077 ], [ 10.0978266, 49.457010599999983 ], [ 10.0947414, 49.447898599999988 ], [ 10.1057083, 49.4448159 ], [ 10.111759, 49.438746699999989 ], [ 10.1106249, 49.442503 ], [ 10.118781, 49.4438983 ], [ 10.1337051, 49.4371469 ], [ 10.1381084, 49.4331219 ], [ 10.1336202, 49.43201 ], [ 10.138073, 49.4286689 ], [ 10.1374271, 49.4247177 ], [ 10.1516805, 49.412294499999987 ], [ 10.1476521, 49.4107527 ], [ 10.1522172, 49.4010155 ], [ 10.1420639, 49.4039702 ], [ 10.1386381, 49.4030957 ], [ 10.1616982, 49.395494 ], [ 10.1612108, 49.390356 ], [ 10.146404, 49.3874319 ], [ 10.1449243, 49.384413599999988 ], [ 10.1216856, 49.38786 ], [ 10.1216918, 49.3862361 ], [ 10.1119664, 49.384910299999987 ], [ 10.1073183, 49.3787849 ], [ 10.1174135, 49.3690231 ], [ 10.1173859, 49.3669952 ], [ 10.1136733, 49.366411299999989 ], [ 10.1133739, 49.3599405 ], [ 10.1245557, 49.3561376 ], [ 10.1237195, 49.3508181 ], [ 10.1076155, 49.3516986 ], [ 10.1090878, 49.3484564 ], [ 10.1039366, 49.346972099999988 ], [ 10.1029579, 49.3437842 ], [ 10.1048469, 49.3384115 ], [ 10.1130865, 49.3357775 ], [ 10.1128384, 49.3323548 ], [ 10.1079935, 49.3325046 ], [ 10.1104994, 49.328871799999988 ], [ 10.117469, 49.3291236 ], [ 10.1213346, 49.324956899999989 ], [ 10.1306739, 49.325653699999989 ], [ 10.1302458, 49.3276223 ], [ 10.136886, 49.3271887 ], [ 10.1428279, 49.322559600000012 ], [ 10.1452471, 49.3164982 ], [ 10.1316803, 49.305123 ], [ 10.132299, 49.3003188 ], [ 10.1382934, 49.291466899999989 ], [ 10.1441077, 49.2901201 ], [ 10.1423795, 49.2876499 ], [ 10.1499333, 49.2880194 ], [ 10.1493469, 49.2846094 ], [ 10.1539105, 49.2847355 ], [ 10.1566203, 49.280758899999988 ], [ 10.1506813, 49.2806507 ], [ 10.1453887, 49.274913099999985 ], [ 10.1474289, 49.2685418 ], [ 10.1423525, 49.2678863 ], [ 10.1341569, 49.2622297 ], [ 10.1319471, 49.2636257 ], [ 10.1266399, 49.2623803 ], [ 10.1272365, 49.2666776 ], [ 10.1235604, 49.270965099999984 ], [ 10.131392, 49.275083899999977 ], [ 10.1236251, 49.2749952 ], [ 10.1195504, 49.2669757 ], [ 10.1166121, 49.268288 ], [ 10.1139742, 49.2664079 ], [ 10.1187016, 49.2578696 ], [ 10.109875, 49.258298 ], [ 10.1332093, 49.253105399999988 ], [ 10.1198291, 49.247358 ], [ 10.1239891, 49.2460137 ], [ 10.1226626, 49.2409185 ], [ 10.1267443, 49.236209099999982 ], [ 10.1274623, 49.2233125 ], [ 10.1325898, 49.2172487 ], [ 10.138989, 49.2159254 ], [ 10.140136, 49.2088897 ], [ 10.1256225, 49.2108931 ], [ 10.1273947, 49.2043495 ], [ 10.130455, 49.2037671 ], [ 10.1248993, 49.1997369 ], [ 10.1300811, 49.198827599999987 ], [ 10.1291717, 49.195721299999988 ], [ 10.1353245, 49.200643699999986 ], [ 10.142405, 49.195440399999988 ], [ 10.1568085, 49.192715 ], [ 10.1535737, 49.1884117 ], [ 10.1565071, 49.1887832 ], [ 10.1604604, 49.1828046 ], [ 10.1670313, 49.181070299999988 ], [ 10.1664678, 49.1792157 ], [ 10.1710295, 49.1782757 ], [ 10.1811827, 49.182406699999987 ], [ 10.1809893, 49.1763795 ], [ 10.1773179, 49.1735087 ], [ 10.1853758, 49.1726313 ], [ 10.186297, 49.1705157 ], [ 10.1886311, 49.174401499999988 ], [ 10.1877156, 49.1700437 ], [ 10.195244, 49.169888899999982 ], [ 10.1927071, 49.1675973 ], [ 10.1995127, 49.1607077 ], [ 10.1968144, 49.1557622 ], [ 10.205167, 49.1556316 ], [ 10.2066477, 49.159090299999988 ], [ 10.2183791, 49.1634898 ], [ 10.218691, 49.1599569 ], [ 10.2241124, 49.1616794 ], [ 10.2281411, 49.1598902 ], [ 10.2366137, 49.1492628 ], [ 10.2480229, 49.149281099999982 ], [ 10.2554797, 49.1383026 ], [ 10.2515628, 49.1339857 ], [ 10.2569473, 49.1290504 ], [ 10.2527488, 49.1299137 ], [ 10.2511111, 49.1258715 ], [ 10.2472282, 49.1266993 ], [ 10.2302871, 49.1189681 ], [ 10.2249543, 49.119502499999989 ], [ 10.2295688, 49.117309899999981 ], [ 10.2293307, 49.1132256 ], [ 10.2265745, 49.111026099999982 ], [ 10.2152499, 49.1132835 ], [ 10.2156256, 49.106109200000013 ], [ 10.2068414, 49.101263 ], [ 10.2101812, 49.1000695 ], [ 10.2088332, 49.098084099999987 ], [ 10.2049976, 49.098119 ], [ 10.2127311, 49.0944693 ], [ 10.2227785, 49.0978586 ], [ 10.22907, 49.0897609 ], [ 10.2443755, 49.0927537 ], [ 10.2454861, 49.090591 ], [ 10.245603, 49.0918055 ], [ 10.2505967, 49.0928151 ], [ 10.2471454, 49.0797203 ], [ 10.2416436, 49.0792581 ], [ 10.2409843, 49.082197699999988 ], [ 10.2341699, 49.076362299999985 ], [ 10.2356357, 49.0737034 ], [ 10.2395053, 49.074603 ], [ 10.2424883, 49.0723432 ], [ 10.2455449, 49.0743393 ], [ 10.2581535, 49.0701738 ], [ 10.2600253, 49.064107299999989 ], [ 10.2646304, 49.061364499999982 ], [ 10.2560559, 49.0613644 ], [ 10.2573285, 49.0532633 ], [ 10.2517094, 49.049554199999989 ], [ 10.2557567, 49.0447512 ], [ 10.2497908, 49.042450200000012 ], [ 10.2518638, 49.039161199999988 ], [ 10.2631984, 49.042257699999986 ], [ 10.2617453, 49.0436376 ], [ 10.2649901, 49.0452027 ], [ 10.2661904, 49.0431545 ], [ 10.2772209, 49.0425204 ], [ 10.2745203, 49.040725099999989 ], [ 10.2772407, 49.0382391 ], [ 10.2848388, 49.036575299999981 ], [ 10.2880684, 49.0398882 ], [ 10.2849394, 49.0420858 ], [ 10.2928257, 49.0407605 ], [ 10.2940073, 49.0427774 ], [ 10.3005681, 49.040340699999987 ], [ 10.3027141, 49.0314693 ], [ 10.3094557, 49.031957699999985 ], [ 10.3204766, 49.02571589999998 ], [ 10.3289606, 49.024497 ], [ 10.3274902, 49.0302781 ], [ 10.3336164, 49.02678860000001 ], [ 10.3329011, 49.0319232 ], [ 10.336952, 49.0272702 ], [ 10.3502566, 49.0284221 ], [ 10.3502749, 49.0225219 ], [ 10.3451974, 49.019385 ], [ 10.3454387, 49.0166331 ], [ 10.3560918, 49.0135097 ], [ 10.352158, 49.006002099999982 ], [ 10.372809, 49.0032393 ], [ 10.3754428, 48.999716499999977 ], [ 10.3818965, 48.999049 ], [ 10.3804832, 48.9892117 ], [ 10.3946831, 48.9901576 ], [ 10.3970138, 48.9866791 ], [ 10.4012541, 48.9862017 ], [ 10.4040227, 48.9806683 ], [ 10.4117734, 48.9789568 ], [ 10.4093903, 48.9756323 ], [ 10.40148, 48.9745232 ], [ 10.4036814, 48.9667903 ], [ 10.4187517, 48.968579199999986 ], [ 10.4249326, 48.9606817 ], [ 10.420848, 48.9610836 ], [ 10.419458, 48.9591759 ], [ 10.423772, 48.9592625 ], [ 10.4322696, 48.9522756 ], [ 10.4297521, 48.9508786 ], [ 10.4309023, 48.946302799999984 ], [ 10.4362486, 48.9442944 ], [ 10.4433344, 48.9458166 ], [ 10.4448254, 48.940371 ], [ 10.4513727, 48.9386607 ], [ 10.4465678, 48.93588 ], [ 10.4482207, 48.934873499999988 ], [ 10.4399332, 48.9354569 ], [ 10.4378093, 48.933151 ], [ 10.4491578, 48.9260655 ], [ 10.4519914, 48.926667699999989 ], [ 10.4570006, 48.9171414 ], [ 10.4440204, 48.9106177 ], [ 10.4437702, 48.9084521 ], [ 10.4367057, 48.909156 ], [ 10.4308946, 48.9079997 ], [ 10.4309165, 48.9059827 ], [ 10.4248154, 48.907738699999989 ], [ 10.4251807, 48.9061613 ], [ 10.4213204, 48.9057629 ], [ 10.4293085, 48.9010196 ], [ 10.4408114, 48.898625 ], [ 10.4448134, 48.894121199999987 ], [ 10.4502158, 48.893089499999988 ], [ 10.4497829, 48.889635699999985 ], [ 10.4539993, 48.8874701 ], [ 10.4484965, 48.8809563 ], [ 10.4454685, 48.8816384 ], [ 10.4470277, 48.8773402 ], [ 10.4385939, 48.8831007 ], [ 10.4176996, 48.884832 ], [ 10.4182243, 48.8809742 ], [ 10.4257429, 48.8775978 ], [ 10.4237728, 48.8731627 ], [ 10.4211889, 48.8739937 ], [ 10.4179566, 48.861889699999985 ], [ 10.4143623, 48.8595127 ], [ 10.4214937, 48.8576833 ], [ 10.4257334, 48.848216099999988 ], [ 10.4283062, 48.8484647 ], [ 10.4255625, 48.8331562 ], [ 10.4192694, 48.8347394 ], [ 10.4177096, 48.8306733 ], [ 10.4035419, 48.8277786 ], [ 10.4032298, 48.8252275 ], [ 10.3950403, 48.8254831 ], [ 10.3946773, 48.823261399999986 ], [ 10.3870171, 48.8199263 ], [ 10.3926449, 48.8217123 ], [ 10.3952462, 48.8184325 ], [ 10.3893086, 48.8151417 ], [ 10.3939262, 48.8125288 ], [ 10.4068182, 48.8132806 ], [ 10.4085025, 48.808317799999983 ], [ 10.4214251, 48.8074913 ], [ 10.440822, 48.8117211 ], [ 10.446297, 48.8107166 ], [ 10.4407703, 48.8094817 ], [ 10.4400407, 48.8048678 ], [ 10.4339055, 48.8011771 ], [ 10.4210838, 48.7994116 ], [ 10.4209137, 48.795458 ], [ 10.4307716, 48.793549 ], [ 10.4277118, 48.79163149999998 ], [ 10.4343295, 48.7896481 ], [ 10.4345908, 48.7876068 ], [ 10.4274609, 48.7864872 ], [ 10.4292077, 48.7831789 ], [ 10.426774, 48.7817474 ], [ 10.428044, 48.7787086 ], [ 10.434266, 48.7762303 ], [ 10.4296252, 48.776866 ], [ 10.4320014, 48.7706892 ], [ 10.4285198, 48.7697698 ], [ 10.4275625, 48.773096599999981 ], [ 10.4178486, 48.7727301 ], [ 10.420115, 48.7762391 ], [ 10.4167672, 48.7765154 ], [ 10.415741, 48.7719731 ], [ 10.4131013, 48.772088 ], [ 10.4130364, 48.7703433 ], [ 10.4177178, 48.7696094 ], [ 10.4182188, 48.7629279 ], [ 10.4281866, 48.7558843 ], [ 10.4244156, 48.756597 ], [ 10.4231583, 48.7533 ], [ 10.418167, 48.7532874 ], [ 10.4172061, 48.7505079 ], [ 10.4230973, 48.7482682 ], [ 10.4161767, 48.748106 ], [ 10.4242867, 48.7469366 ], [ 10.4236894, 48.744234499999983 ], [ 10.4348572, 48.741166899999989 ], [ 10.4318033, 48.737307199999989 ], [ 10.4398775, 48.738768699999987 ], [ 10.4434246, 48.7294134 ], [ 10.4478835, 48.7280442 ], [ 10.4500649, 48.7349877 ], [ 10.4642812, 48.735137099999989 ], [ 10.4557395, 48.729045799999987 ], [ 10.4649569, 48.7277361 ], [ 10.4654487, 48.7242381 ], [ 10.4622951, 48.7245608 ], [ 10.4620522, 48.722303499999988 ], [ 10.4675981, 48.721442 ], [ 10.4654926, 48.7198046 ], [ 10.4737322, 48.7119792 ], [ 10.4816414, 48.7125873 ], [ 10.4833823, 48.708064199999988 ], [ 10.4835283, 48.7052428 ], [ 10.4744837, 48.7056075 ], [ 10.4715098, 48.70281 ], [ 10.4802603, 48.7001591 ], [ 10.4795426, 48.6947993 ], [ 10.4872578, 48.6966619 ], [ 10.4855956, 48.6916033 ], [ 10.4957488, 48.6884343 ], [ 10.4925472, 48.686057 ], [ 10.4817463, 48.686499399999981 ], [ 10.4809877, 48.6814185 ], [ 10.464998, 48.6705335 ], [ 10.4541905, 48.670610499999988 ], [ 10.4540845, 48.667885800000015 ], [ 10.4491726, 48.665158899999987 ], [ 10.4418534, 48.666809899999983 ], [ 10.4413805, 48.6649302 ], [ 10.4328154, 48.6640891 ], [ 10.4327512, 48.661445199999989 ], [ 10.4279419, 48.664032 ], [ 10.423478, 48.6624913 ], [ 10.4193353, 48.663927199999989 ], [ 10.4106388, 48.6610339 ], [ 10.4086985, 48.667839699999988 ], [ 10.4158097, 48.669491 ], [ 10.4193068, 48.672955699999982 ], [ 10.4222157, 48.6708895 ], [ 10.4261093, 48.6729515 ], [ 10.4265273, 48.674903099999987 ], [ 10.4228367, 48.6754092 ], [ 10.4244689, 48.679321899999984 ], [ 10.418721, 48.6822716 ], [ 10.4225748, 48.684162799999989 ], [ 10.4227816, 48.690754599999984 ], [ 10.42652, 48.6915719 ], [ 10.4269167, 48.6868456 ], [ 10.4296353, 48.686025399999984 ], [ 10.4346352, 48.6876083 ], [ 10.4337974, 48.6906898 ], [ 10.4373937, 48.6931019 ], [ 10.4317476, 48.6994924 ], [ 10.425931, 48.6950184 ], [ 10.4237722, 48.6965397 ], [ 10.4202528, 48.694729 ], [ 10.4135856, 48.6986434 ], [ 10.4088714, 48.698792499999989 ], [ 10.4078878, 48.694502199999988 ], [ 10.4023194, 48.6939938 ], [ 10.3920323, 48.687160899999988 ], [ 10.3927778, 48.67814 ], [ 10.3900938, 48.6775656 ], [ 10.3908188, 48.6746635 ], [ 10.386758, 48.6740873 ], [ 10.3894214, 48.6672017 ], [ 10.3799983, 48.6676775 ], [ 10.3735918, 48.6630584 ], [ 10.3684414, 48.6638786 ], [ 10.3611287, 48.652826799999985 ], [ 10.3510173, 48.654676899999977 ], [ 10.3527796, 48.6580137 ], [ 10.3479675, 48.6602734 ], [ 10.3473211, 48.665759399999985 ], [ 10.351883, 48.665718 ], [ 10.3459718, 48.6742157 ], [ 10.347423, 48.679107400000014 ], [ 10.3374295, 48.6890218 ], [ 10.3265743, 48.690780899999979 ], [ 10.3210047, 48.6872469 ], [ 10.3174001, 48.688697899999987 ], [ 10.3175032, 48.682933799999986 ], [ 10.3075977, 48.687674199999982 ], [ 10.3042638, 48.6858698 ], [ 10.3011099, 48.689910899999987 ], [ 10.292016, 48.6915939 ], [ 10.2825222, 48.700976799999985 ], [ 10.2687068, 48.7035471 ], [ 10.2730398, 48.6858913 ], [ 10.2646881, 48.682888399999989 ], [ 10.2687629, 48.6798934 ], [ 10.2563471, 48.680667199999988 ], [ 10.2553717, 48.6774906 ], [ 10.2648486, 48.6721425 ], [ 10.2546002, 48.6662032 ], [ 10.2564109, 48.6624752 ], [ 10.2666232, 48.6588372 ], [ 10.2622003, 48.658369199999989 ], [ 10.2595299, 48.6548923 ], [ 10.2703843, 48.651921 ], [ 10.2683102, 48.6466019 ], [ 10.2719724, 48.6470142 ], [ 10.2723559, 48.6491552 ], [ 10.2744493, 48.645481499999988 ], [ 10.280523, 48.646770599999989 ], [ 10.2795288, 48.641553 ], [ 10.2850521, 48.6383356 ], [ 10.2835665, 48.636786 ], [ 10.2965101, 48.633564199999988 ], [ 10.2972195, 48.6260839 ], [ 10.2999097, 48.6250187 ], [ 10.2978107, 48.6241876 ], [ 10.323095, 48.609132699999989 ], [ 10.3187749, 48.607615 ], [ 10.3202122, 48.603939499999989 ], [ 10.3068663, 48.604996199999988 ], [ 10.3072191, 48.6015078 ], [ 10.3015639, 48.6052116 ], [ 10.2971088, 48.6038097 ], [ 10.2980638, 48.5998085 ], [ 10.2952301, 48.5997795 ], [ 10.2931143, 48.5897655 ], [ 10.3047528, 48.5842654 ], [ 10.3130046, 48.5671228 ], [ 10.3143204, 48.5556205 ], [ 10.3096056, 48.551544199999988 ], [ 10.3048991, 48.5510581 ], [ 10.3039327, 48.5453248 ], [ 10.3008468, 48.5450712 ], [ 10.3040023, 48.538279 ], [ 10.3015562, 48.5371326 ], [ 10.3031834, 48.529825099999989 ], [ 10.3123748, 48.530074899999988 ], [ 10.3148387, 48.5265093 ], [ 10.3092621, 48.526329 ], [ 10.3120232, 48.5229438 ], [ 10.296265, 48.5169364 ], [ 10.2867945, 48.5160913 ], [ 10.2856157, 48.5178906 ], [ 10.2729755, 48.5161897 ], [ 10.2694199, 48.5182235 ], [ 10.2662434, 48.5173446 ], [ 10.2646616, 48.519796 ], [ 10.2574624, 48.5194657 ], [ 10.2538808, 48.5184328 ], [ 10.2554772, 48.5158647 ], [ 10.2526823, 48.5145457 ], [ 10.2498316, 48.5162207 ], [ 10.2482737, 48.5112447 ], [ 10.2346813, 48.512211099999988 ], [ 10.2307796, 48.510511199999989 ], [ 10.2379664, 48.507821899999975 ], [ 10.231603, 48.5084361 ], [ 10.2266312, 48.5069942 ], [ 10.2280497, 48.504974599999983 ], [ 10.240826, 48.5061581 ], [ 10.2424727, 48.5000996 ], [ 10.2375067, 48.5001958 ], [ 10.2414063, 48.491959699999988 ], [ 10.2354433, 48.488960299999974 ], [ 10.2179154, 48.4884674 ], [ 10.1800982, 48.4755245 ], [ 10.1829444, 48.4738142 ], [ 10.1764131, 48.4713686 ], [ 10.1845245, 48.4729147 ], [ 10.186003, 48.471110800000012 ], [ 10.1812544, 48.469622199999989 ], [ 10.1846009, 48.4672112 ], [ 10.1754602, 48.4693913 ], [ 10.177863, 48.463802 ], [ 10.1727728, 48.462789 ], [ 10.1718464, 48.4577869 ], [ 10.1604573, 48.4587596 ], [ 10.1338954, 48.4548714 ], [ 10.1315149, 48.4573687 ], [ 10.1277688, 48.4569523 ], [ 10.1172518, 48.4681359 ], [ 10.1173667, 48.4753876 ], [ 10.1050269, 48.4775044 ], [ 10.1035169, 48.4725548 ], [ 10.0934556, 48.4689547 ], [ 10.0943767, 48.4671238 ], [ 10.0903574, 48.4675586 ], [ 10.0864228, 48.4659614 ], [ 10.0871542, 48.46348840000001 ], [ 10.0640098, 48.4563892 ], [ 10.0596215, 48.4558323 ], [ 10.0619537, 48.4580535 ], [ 10.046432, 48.4573051 ], [ 10.0412609, 48.4595106 ], [ 10.0390443, 48.4578741 ], [ 10.0391286, 48.4596945 ], [ 10.0340267, 48.4577805 ], [ 10.0308875, 48.4535861 ], [ 10.0358877, 48.4512948 ], [ 10.0382268, 48.444453 ], [ 10.0316873, 48.4437857 ], [ 10.0280506, 48.4369187 ], [ 10.0348548, 48.433297 ], [ 10.0374504, 48.4357997 ], [ 10.0407897, 48.4343919 ], [ 10.0388502, 48.4337274 ], [ 10.0424142, 48.429732 ], [ 10.0188159, 48.4182487 ], [ 10.0152795, 48.4043506 ], [ 9.9898684, 48.393707299999988 ], [ 9.9849126, 48.3861047 ], [ 9.9699344, 48.3793803 ], [ 9.9712996, 48.3772145 ], [ 9.9672756, 48.3744044 ], [ 9.9777415, 48.3626586 ], [ 9.9841277, 48.363227499999986 ], [ 9.9827684, 48.3680285 ], [ 9.9877338, 48.370626 ], [ 9.9929951, 48.3681598 ], [ 9.9933395, 48.3635669 ], [ 9.9995974, 48.3632293 ], [ 9.9948223, 48.3552809 ], [ 9.9981318, 48.3475129 ], [ 10.0104031, 48.3423892 ], [ 10.0122868, 48.3306375 ], [ 10.0229223, 48.3240038 ], [ 10.0305057, 48.312033699999986 ], [ 10.043081, 48.3004436 ], [ 10.0425494, 48.2942297 ], [ 10.0658165, 48.2818171 ], [ 10.066753, 48.2749161 ], [ 10.0622024, 48.2717155 ], [ 10.0659811, 48.2619931 ], [ 10.06196, 48.25813 ], [ 10.0690263, 48.2537616 ], [ 10.0607212, 48.2400905 ], [ 10.0647406, 48.2390995 ], [ 10.0646442, 48.2347928 ], [ 10.0701442, 48.230625 ], [ 10.0694544, 48.2233582 ], [ 10.0763187, 48.223025299999989 ], [ 10.0783204, 48.220237 ], [ 10.0770042, 48.2106036 ], [ 10.0837106, 48.2096402 ], [ 10.0857174, 48.1821924 ], [ 10.0896044, 48.1787189 ], [ 10.0903458, 48.1704061 ], [ 10.096545, 48.1617629 ], [ 10.0948007, 48.1598327 ], [ 10.1047948, 48.143426899999987 ], [ 10.1070743, 48.1321442 ], [ 10.122604, 48.1169571 ], [ 10.1362471, 48.111443 ], [ 10.1366613, 48.100783 ], [ 10.1403924, 48.0989166 ], [ 10.1375722, 48.0937205 ], [ 10.1398242, 48.0885234 ], [ 10.1340233, 48.0819508 ], [ 10.135415, 48.076975399999988 ], [ 10.1439549, 48.0739112 ], [ 10.1406406, 48.0649022 ], [ 10.1439017, 48.0590071 ], [ 10.1391562, 48.0515127 ], [ 10.1412558, 48.0467015 ], [ 10.1271115, 48.0327125 ], [ 10.1357279, 48.0237616 ], [ 10.1343265, 48.0175996 ], [ 10.1195504, 48.0034999 ], [ 10.1216396, 47.9982877 ], [ 10.1147911, 47.9886251 ], [ 10.1149546, 47.976257399999973 ], [ 10.0932071, 47.9723317 ], [ 10.0875243, 47.9684095 ], [ 10.0848937, 47.961307699999985 ], [ 10.0894876, 47.9479773 ], [ 10.0967274, 47.9428449 ], [ 10.1082224, 47.9389857 ], [ 10.1110103, 47.934879099999982 ], [ 10.1050128, 47.9238381 ], [ 10.1111057, 47.9159594 ], [ 10.1083144, 47.915571899999989 ], [ 10.1104142, 47.910657199999982 ], [ 10.1037958, 47.9088416 ], [ 10.1049405, 47.9061223 ], [ 10.1016961, 47.9056342 ], [ 10.1030337, 47.8890781 ], [ 10.0953321, 47.8851588 ], [ 10.105459, 47.8830252 ], [ 10.1057046, 47.8790265 ], [ 10.0979223, 47.8765625 ], [ 10.0977292, 47.8723825 ], [ 10.0915988, 47.8673985 ], [ 10.0823346, 47.8699252 ], [ 10.0767555, 47.8678093 ], [ 10.080315, 47.8654683 ], [ 10.0829266, 47.8557755 ], [ 10.1020789, 47.8654826 ], [ 10.1046173, 47.864624199999987 ], [ 10.1051045, 47.8571392 ], [ 10.1019116, 47.853973 ], [ 10.0982662, 47.8556044 ], [ 10.0993535, 47.851608899999988 ], [ 10.0953761, 47.8513965 ], [ 10.0916049, 47.8456214 ], [ 10.0944228, 47.8438883 ], [ 10.0973846, 47.848318899999988 ], [ 10.0992473, 47.8449307 ], [ 10.103638, 47.8518312 ], [ 10.1071547, 47.8528955 ], [ 10.1100722, 47.8469741 ], [ 10.102771, 47.8423743 ], [ 10.1098719, 47.8402057 ], [ 10.1251992, 47.822948 ], [ 10.13147, 47.8225036 ], [ 10.1323288, 47.814678499999978 ], [ 10.138023, 47.8096376 ], [ 10.131846, 47.809617 ], [ 10.128016, 47.8133158 ], [ 10.1157465, 47.8108736 ], [ 10.1087824, 47.8057711 ], [ 10.1194305, 47.803714699999986 ], [ 10.1168798, 47.800623099999989 ], [ 10.1019946, 47.80048 ], [ 10.096261, 47.8046564 ], [ 10.0936837, 47.802051399999989 ], [ 10.0901345, 47.8039052 ], [ 10.0919025, 47.8014313 ], [ 10.085536, 47.795484699999989 ], [ 10.0743856, 47.7923951 ], [ 10.0749761, 47.790411299999974 ], [ 10.064681, 47.7858877 ], [ 10.0686109, 47.784715399999989 ], [ 10.0673907, 47.7824368 ], [ 10.0796147, 47.7812624 ], [ 10.0848403, 47.776636 ], [ 10.0825131, 47.771181 ], [ 10.1190495, 47.7595867 ], [ 10.1140252, 47.7544016 ], [ 10.1182525, 47.750588 ], [ 10.1136336, 47.741378200000014 ], [ 10.1186387, 47.733289799999987 ], [ 10.1164289, 47.7193167 ], [ 10.1225198, 47.7116634 ], [ 10.1394377, 47.7032734 ], [ 10.1392506, 47.697880900000015 ], [ 10.1283223, 47.6907179 ], [ 10.1327694, 47.6850806 ], [ 10.1293362, 47.6761365 ], [ 10.1132897, 47.6692961 ], [ 10.1111205, 47.6659904 ], [ 10.0998908, 47.6678907 ], [ 10.0892454, 47.673045099999982 ], [ 10.0935273, 47.670068799999989 ], [ 10.0934237, 47.6632209 ], [ 10.0883851, 47.6628694 ], [ 10.0902157, 47.6602614 ], [ 10.0813623, 47.6548899 ], [ 10.0829451, 47.65012429999998 ], [ 10.0760049, 47.6421358 ], [ 10.0772924, 47.6392743 ], [ 10.072018, 47.6434411 ], [ 10.0751617, 47.6583345 ], [ 10.0683961, 47.6634255 ], [ 10.0596237, 47.6801487 ], [ 10.0503049, 47.6796921 ], [ 10.0483376, 47.6813213 ], [ 10.0466181, 47.6762911 ], [ 10.0419806, 47.6751481 ], [ 10.0433661, 47.6778498 ], [ 10.0387363, 47.6777674 ], [ 10.0304913, 47.6744521 ], [ 10.0277383, 47.67852 ], [ 10.0311718, 47.6826955 ], [ 10.0286452, 47.686983 ], [ 10.0019024, 47.6819994 ], [ 9.9760227, 47.665325 ], [ 9.9777234, 47.6617207 ], [ 9.9707464, 47.6536263 ], [ 9.9624428, 47.6540439 ], [ 9.9595225, 47.6523041 ], [ 9.9515505, 47.6561727 ], [ 9.9438834, 47.6552055 ], [ 9.9408609, 47.657995600000014 ], [ 9.9314823, 47.6539046 ], [ 9.9163033, 47.6610222 ], [ 9.8932775, 47.6632328 ], [ 9.8748617, 47.6752782 ], [ 9.8566534, 47.6778052 ], [ 9.8529826, 47.6756267 ], [ 9.8515455, 47.6786915 ], [ 9.8498536, 47.6757878 ], [ 9.8421908, 47.6776918 ], [ 9.8380147, 47.674539199999984 ], [ 9.8378162, 47.6694696 ], [ 9.8341623, 47.6732898 ], [ 9.8306063, 47.671375599999976 ], [ 9.8285533, 47.6579012 ], [ 9.8190717, 47.6538703 ], [ 9.8161769, 47.6496645 ], [ 9.8016688, 47.650863 ], [ 9.7956461, 47.6476015 ], [ 9.8001419, 47.6447009 ], [ 9.7952561, 47.635719 ], [ 9.7854471, 47.6308923 ], [ 9.7789837, 47.6308653 ], [ 9.7679346, 47.6203608 ], [ 9.7548848, 47.6140088 ], [ 9.7533797, 47.611581199999982 ], [ 9.7560661, 47.609667599999987 ], [ 9.7477185, 47.6036883 ], [ 9.740358, 47.6045357 ], [ 9.7468994, 47.613028199999988 ], [ 9.7456519, 47.617297 ], [ 9.7374578, 47.6117043 ], [ 9.7343404, 47.616526 ], [ 9.7269174, 47.6067235 ], [ 9.7195876, 47.6080999 ], [ 9.7120227, 47.606679399999983 ], [ 9.7062937, 47.6018122 ], [ 9.6945822, 47.6046645 ], [ 9.6921516, 47.6104235 ], [ 9.6838878, 47.6045578 ], [ 9.6781022, 47.6049007 ], [ 9.6714438, 47.6113741 ], [ 9.6577096, 47.6117252 ], [ 9.653815, 47.605577 ], [ 9.6376911, 47.604395 ], [ 9.635967, 47.6024555 ], [ 9.6402089, 47.6009502 ], [ 9.6442056, 47.5902882 ], [ 9.6331013, 47.5940642 ], [ 9.6263406, 47.592491399999986 ], [ 9.6204972, 47.5878973 ], [ 9.6197563, 47.5832275 ], [ 9.6140556, 47.5811503 ], [ 9.6113535, 47.5837253 ], [ 9.6081079, 47.5825125 ], [ 9.6058857, 47.5857023 ], [ 9.6020772, 47.584338 ], [ 9.5955486, 47.5880879 ], [ 9.5719667, 47.5841657 ], [ 9.5589146, 47.5849332 ], [ 9.5606121, 47.5896248 ], [ 9.5561076, 47.5868989 ], [ 9.5573814, 47.585571 ], [ 9.5539358, 47.5872574 ], [ 9.5544119, 47.590856 ], [ 9.5509721, 47.5873394 ], [ 9.5299986, 47.6030061 ], [ 9.5274587, 47.6153398 ], [ 9.5181548, 47.6214299 ], [ 9.5152191, 47.6347575 ], [ 9.4952841, 47.650131299999984 ], [ 9.48809, 47.6513857 ], [ 9.482117, 47.6488496 ], [ 9.4706723, 47.6511234 ], [ 9.4629727, 47.6484275 ], [ 9.4520002, 47.6548545 ], [ 9.4341931, 47.6571889 ], [ 9.4210208, 47.6659293 ], [ 9.4062818, 47.6682537 ], [ 9.3926936, 47.6678377 ], [ 9.3873773, 47.66462 ], [ 9.373464, 47.665681199999987 ], [ 9.3684695, 47.6647486 ], [ 9.3676726, 47.6623587 ], [ 9.3497216, 47.6608404 ], [ 9.3240319, 47.6721504 ], [ 9.3104234, 47.6742224 ], [ 9.2751228, 47.6914014 ], [ 9.2634173, 47.6948013 ], [ 9.2392666, 47.710082100000015 ], [ 9.227407, 47.7219038 ], [ 9.2293174, 47.7231516 ], [ 9.2263163, 47.7231555 ], [ 9.2286521, 47.726766 ], [ 9.2237189, 47.7409183 ], [ 9.2094754, 47.747033200000011 ], [ 9.1924101, 47.7508476 ], [ 9.1585643, 47.7658872 ], [ 9.1393072, 47.769019299999982 ], [ 9.124431, 47.782360399999988 ], [ 9.1057574, 47.7924153 ], [ 9.0884139, 47.79719 ], [ 9.0707455, 47.807099399999984 ], [ 9.0831887, 47.8142999 ], [ 9.0809001, 47.8191871 ], [ 9.0765132, 47.819975 ], [ 9.0810698, 47.8258412 ], [ 9.0834385, 47.8251618 ], [ 9.0793347, 47.8319147 ], [ 9.0704069, 47.8368575 ], [ 9.0721837, 47.841447199999983 ], [ 9.0768388, 47.842083199999983 ], [ 9.0711916, 47.8425129 ], [ 9.0716248, 47.8464738 ], [ 9.0668655, 47.8489644 ], [ 9.0557282, 47.8439185 ], [ 9.0469926, 47.8453758 ], [ 9.0455563, 47.8403766 ], [ 9.0357543, 47.8433137 ], [ 9.0305242, 47.840544 ], [ 9.0177875, 47.841837099999985 ], [ 9.0153248, 47.839358499999982 ], [ 9.0262268, 47.8279192 ], [ 9.0328987, 47.828774 ], [ 9.0359861, 47.825136699999987 ], [ 9.0506918, 47.8193745 ], [ 9.0249196, 47.8202698 ], [ 9.0242277, 47.8167975 ], [ 9.01685, 47.816978299999988 ], [ 9.0111606, 47.8123794 ], [ 9.0013522, 47.8100248 ], [ 9.0012133, 47.813246699999986 ], [ 8.9891519, 47.815393899999989 ], [ 8.9860596, 47.8209423 ], [ 8.9814054, 47.8190708 ], [ 8.9839266, 47.8147551 ], [ 8.981526, 47.810353 ], [ 8.9882068, 47.8078839 ], [ 8.9758197, 47.8015599 ], [ 8.9765545, 47.799748599999987 ], [ 8.9941352, 47.7871294 ], [ 9.0070336, 47.7919809 ], [ 9.014921, 47.7914054 ], [ 9.031635, 47.783299 ], [ 9.0431328, 47.7818891 ], [ 9.0548576, 47.773128299999975 ], [ 9.0629191, 47.7742416 ], [ 9.0643943, 47.7707285 ], [ 9.0661375, 47.769924499999988 ], [ 9.0670265, 47.772381 ], [ 9.0724443, 47.7737848 ], [ 9.0843062, 47.7677439 ], [ 9.0878283, 47.768598499999989 ], [ 9.1104711, 47.761797500000014 ], [ 9.1362835, 47.7471129 ], [ 9.1490736, 47.7487103 ], [ 9.1588617, 47.7401126 ], [ 9.173325, 47.734411399999985 ], [ 9.1809965, 47.7124659 ], [ 9.1796064, 47.7051509 ], [ 9.1880757, 47.6975687 ], [ 9.2075993, 47.687097799999982 ], [ 9.2118956, 47.6810551 ], [ 9.2106013, 47.6755484 ], [ 9.2177279, 47.666122 ], [ 9.2072643, 47.6631599 ], [ 9.1784256, 47.666992799999981 ], [ 9.17855, 47.657818 ], [ 9.1816782, 47.6557349 ], [ 9.1757933, 47.6539379 ], [ 9.1753325, 47.6557567 ], [ 9.1705347, 47.6548534 ], [ 9.1577094, 47.6660113 ], [ 9.1483391, 47.6676119 ], [ 9.1393258, 47.663999799999985 ], [ 9.1278305, 47.6665986 ], [ 9.1256414, 47.6742932 ], [ 9.1122981, 47.6855833 ], [ 9.0926191, 47.6863909 ], [ 9.0811371, 47.6833032 ], [ 9.0538257, 47.689684899999989 ], [ 9.0426093, 47.6940384 ], [ 9.0439976, 47.6979937 ], [ 9.0408551, 47.7011784 ], [ 9.0446061, 47.7040329 ], [ 9.0407244, 47.7083402 ], [ 9.0482031, 47.7071548 ], [ 9.0531997, 47.7024846 ], [ 9.0604031, 47.7034069 ], [ 9.0871733, 47.6882082 ], [ 9.1015033, 47.6877089 ], [ 9.1033415, 47.6902683 ], [ 9.1056258, 47.688563 ], [ 9.1049915, 47.6907659 ], [ 9.1088729, 47.6900156 ], [ 9.1015824, 47.7016785 ], [ 9.0931258, 47.7064411 ], [ 9.068497, 47.7126995 ], [ 9.0349021, 47.7264813 ], [ 9.0230563, 47.728370699999978 ], [ 9.0015338, 47.7377083 ], [ 8.9962791, 47.7424221 ], [ 8.9898641, 47.7434659 ], [ 8.9833236, 47.7411999 ], [ 8.9863428, 47.736585799999986 ], [ 9.0000688, 47.7334408 ], [ 9.0153159, 47.722144400000012 ], [ 9.0149281, 47.719973 ], [ 9.0091921, 47.7210233 ], [ 9.0106384, 47.7233261 ], [ 9.0055122, 47.7238505 ], [ 9.0056685, 47.7262371 ], [ 8.9986341, 47.7253764 ], [ 8.9753451, 47.7350123 ], [ 8.9688225, 47.7339501 ], [ 8.9606356, 47.737169499999986 ], [ 8.9421957, 47.7337075 ], [ 8.9398284, 47.7280648 ], [ 8.9447837, 47.7228907 ], [ 8.9991536, 47.7033621 ], [ 9.0061627, 47.6961151 ], [ 8.9986289, 47.687257 ], [ 8.9906779, 47.6821407 ], [ 8.9743099, 47.676843200000015 ], [ 8.9709183, 47.6720229 ], [ 8.9503212, 47.667678 ], [ 8.9378971, 47.6590965 ], [ 8.9248119, 47.659752799999985 ], [ 8.8936591, 47.6521787 ], [ 8.8753507, 47.6562059 ], [ 8.8734716, 47.6702213 ], [ 8.8608063, 47.680252799999984 ], [ 8.8505832, 47.681163 ], [ 8.8509422, 47.6856205 ], [ 8.8575801, 47.6922977 ], [ 8.8507735, 47.694668199999988 ], [ 8.8515417, 47.6975218 ], [ 8.8580695, 47.6987976 ], [ 8.8606903, 47.696244799999981 ], [ 8.8632582, 47.698495199999982 ], [ 8.8662296, 47.6965183 ], [ 8.8632084, 47.6925251 ], [ 8.8744198, 47.6943697 ], [ 8.8760266, 47.696938399999986 ], [ 8.8696764, 47.7019984 ], [ 8.8727198, 47.7041647 ], [ 8.8664569, 47.705509799999987 ], [ 8.8483272, 47.7034527 ], [ 8.8432633, 47.7121397 ], [ 8.8336319, 47.7145732 ], [ 8.8254186, 47.7109868 ], [ 8.8188284, 47.712862599999987 ], [ 8.8261698, 47.717910499999988 ], [ 8.8185729, 47.717649699999988 ], [ 8.8127756, 47.7236591 ], [ 8.8048515, 47.7244993 ], [ 8.8119486, 47.73035320000001 ], [ 8.8084584, 47.7310664 ], [ 8.8064407, 47.7382622 ], [ 8.7965572, 47.734573 ], [ 8.7991216, 47.7271332 ], [ 8.7918215, 47.7287671 ], [ 8.7850239, 47.727158400000015 ], [ 8.7807391, 47.7216999 ], [ 8.7763158, 47.722712199999989 ], [ 8.7748009, 47.719144499999985 ], [ 8.7699086, 47.7184485 ], [ 8.7728002, 47.7131942 ], [ 8.7693501, 47.706876 ], [ 8.792066, 47.7049094 ], [ 8.7976502, 47.7028683 ], [ 8.7977239, 47.6971473 ], [ 8.8063242, 47.6964966 ], [ 8.8100784, 47.6933205 ], [ 8.7980323, 47.6897262 ], [ 8.793324, 47.6799177 ], [ 8.7959474, 47.675302099999989 ], [ 8.7915501, 47.6748989 ], [ 8.757306, 47.6894235 ], [ 8.7279815, 47.692680599999989 ], [ 8.726361, 47.696672199999981 ], [ 8.736294, 47.716150899999988 ], [ 8.7248389, 47.7213073 ], [ 8.7179193, 47.7216224 ], [ 8.7112566, 47.7300715 ], [ 8.7143436, 47.7386979 ], [ 8.7201853, 47.740984 ], [ 8.7234074, 47.7455318 ], [ 8.7395578, 47.7465312 ], [ 8.7414204, 47.7482023 ], [ 8.7401092, 47.7527897 ], [ 8.7291007, 47.757921 ], [ 8.7306419, 47.7597061 ], [ 8.7271461, 47.7622775 ], [ 8.7141597, 47.7653586 ], [ 8.7068487, 47.763645 ], [ 8.6950907, 47.755709 ], [ 8.6894392, 47.757863 ], [ 8.683483, 47.7706349 ], [ 8.6882533, 47.77365 ], [ 8.6827769, 47.7771637 ], [ 8.6808942, 47.7866705 ], [ 8.6761278, 47.7857009 ], [ 8.6675663, 47.7876914 ], [ 8.6620651, 47.7918446 ], [ 8.6574961, 47.7917913 ], [ 8.6602598, 47.7962622 ], [ 8.6569751, 47.8003471 ], [ 8.6493988, 47.7984928 ], [ 8.6455201, 47.7901922 ], [ 8.6499348, 47.7812863 ], [ 8.6480955, 47.7740885 ], [ 8.6529716, 47.7734338 ], [ 8.6452957, 47.768534899999985 ], [ 8.6475223, 47.767014799999984 ], [ 8.6445369, 47.7643001 ], [ 8.6423489, 47.765261799999983 ], [ 8.6316089, 47.7581806 ], [ 8.6276792, 47.759259 ], [ 8.6194144, 47.767675399999987 ], [ 8.6233318, 47.7772966 ], [ 8.6187837, 47.7781221 ], [ 8.6149082, 47.78377 ], [ 8.6156369, 47.787055 ], [ 8.620401, 47.7887644 ], [ 8.622045, 47.7946631 ], [ 8.6177939, 47.7959384 ], [ 8.6185835, 47.7983344 ], [ 8.6113993, 47.8018694 ], [ 8.6008199, 47.8029345 ], [ 8.5927376, 47.7987379 ], [ 8.5876429, 47.802680599999981 ], [ 8.5751927, 47.799717099999988 ], [ 8.5730139, 47.8059898 ], [ 8.5678521, 47.808481199999989 ], [ 8.5635119, 47.805318199999988 ], [ 8.5619157, 47.7927468 ], [ 8.5749989, 47.7896246 ], [ 8.577304, 47.781706299999989 ], [ 8.5625312, 47.777853799999988 ], [ 8.5632136, 47.7805888 ], [ 8.5526488, 47.7846271 ], [ 8.5326369, 47.7779838 ], [ 8.5264823, 47.778133399999987 ], [ 8.5201321, 47.7704935 ], [ 8.5102177, 47.7761627 ], [ 8.495973, 47.7706995 ], [ 8.4890275, 47.7732687 ], [ 8.4737128, 47.7645149 ], [ 8.4666031, 47.7537466 ], [ 8.4566407, 47.749148 ], [ 8.4558243, 47.742824099999986 ], [ 8.4498262, 47.738632 ], [ 8.4528413, 47.730431099999983 ], [ 8.4569378, 47.7299686 ], [ 8.4549884, 47.7222587 ], [ 8.4452356, 47.7229611 ], [ 8.440226, 47.719755899999988 ], [ 8.4415516, 47.7176683 ], [ 8.4367322, 47.7182334 ], [ 8.4258533, 47.7111576 ], [ 8.4168283, 47.7100062 ], [ 8.4044258, 47.6980633 ], [ 8.4121099, 47.6942553 ], [ 8.4206415, 47.6838555 ], [ 8.4162404, 47.6796625 ], [ 8.4085678, 47.6786947 ], [ 8.4055593, 47.6745155 ], [ 8.4123548, 47.6662746 ], [ 8.4236841, 47.666815 ], [ 8.445064, 47.653781399999986 ], [ 8.4536302, 47.654841 ], [ 8.4573721, 47.6527014 ], [ 8.4654301, 47.6571305 ], [ 8.4637582, 47.6485595 ], [ 8.4661374, 47.6427609 ], [ 8.4734949, 47.6383065 ], [ 8.4778278, 47.6397009 ], [ 8.471116, 47.6423414 ], [ 8.4776657, 47.6446664 ], [ 8.472909, 47.647948299999989 ], [ 8.4737371, 47.6498245 ], [ 8.4804795, 47.6492307 ], [ 8.4827058, 47.644202 ], [ 8.4873255, 47.6450877 ], [ 8.4923763, 47.6420861 ], [ 8.4933576, 47.64698 ], [ 8.5315268, 47.6457886 ], [ 8.5339434, 47.650029 ], [ 8.5270093, 47.660395199999989 ], [ 8.5333537, 47.6631942 ], [ 8.5337478, 47.6599149 ], [ 8.5413583, 47.6571114 ], [ 8.5399521, 47.6650894 ], [ 8.5543156, 47.6693889 ], [ 8.563691, 47.6700556 ], [ 8.5648101, 47.665283 ], [ 8.5777615, 47.661566 ], [ 8.5938489, 47.6672515 ], [ 8.5980395, 47.6728064 ], [ 8.6066233, 47.6721201 ], [ 8.6085785, 47.6637673 ], [ 8.6241255, 47.656234 ], [ 8.6288038, 47.649653699999988 ], [ 8.6236909, 47.6412792 ], [ 8.615594, 47.6377041 ], [ 8.6068267, 47.6370249 ], [ 8.6029816, 47.6392468 ], [ 8.6038887, 47.6412941 ], [ 8.6138872, 47.6440602 ], [ 8.612976, 47.6491656 ], [ 8.6077049, 47.6524461 ], [ 8.5957415, 47.643132900000012 ], [ 8.597352, 47.6291414 ], [ 8.6047972, 47.6132608 ], [ 8.5956019, 47.605544699999989 ], [ 8.5926942, 47.606158900000011 ], [ 8.5902328, 47.6011952 ], [ 8.5842186, 47.599658 ], [ 8.5825422, 47.5961041 ], [ 8.5755427, 47.5948814 ], [ 8.5714564, 47.5981911 ], [ 8.5664776, 47.5970936 ], [ 8.5627868, 47.599606499999979 ], [ 8.5663925, 47.609874 ], [ 8.5744475, 47.6118812 ], [ 8.5709408, 47.6125206 ], [ 8.5692981, 47.6172362 ], [ 8.5628006, 47.6167678 ], [ 8.558004, 47.624314199999986 ], [ 8.5385233, 47.626319099999989 ], [ 8.5388867, 47.6309277 ], [ 8.5255046, 47.6316726 ], [ 8.5177464, 47.6343142 ], [ 8.5127678, 47.6255066 ], [ 8.5151198, 47.6234328 ], [ 8.5072801, 47.623827099999986 ], [ 8.5082516, 47.6175074 ], [ 8.4936834, 47.6144712 ], [ 8.4791121, 47.6151541 ], [ 8.4777849, 47.6106105 ], [ 8.4749889, 47.6076973 ], [ 8.4704378, 47.6085828 ], [ 8.4685449, 47.6038653 ], [ 8.4565998, 47.6023463 ], [ 8.4604203, 47.5884824 ], [ 8.4647879, 47.5880366 ], [ 8.4669377, 47.5842026 ], [ 8.4809201, 47.5851178 ], [ 8.4887173, 47.5878021 ], [ 8.4945471, 47.581201099999987 ], [ 8.4865492, 47.5774866 ], [ 8.476876, 47.57784909999998 ], [ 8.4655791, 47.5725296 ], [ 8.4555485, 47.5723698 ], [ 8.4336874, 47.5666477 ], [ 8.397356, 47.5771953 ], [ 8.3893123, 47.5729295 ], [ 8.3829695, 47.5658123 ], [ 8.358603, 47.5701308 ], [ 8.3308275, 47.57072130000001 ], [ 8.3237714, 47.572949099999988 ], [ 8.3108341, 47.5832495 ], [ 8.297921, 47.5890679 ], [ 8.2952617, 47.594808 ], [ 8.297481, 47.6056704 ], [ 8.2877219, 47.6106384 ], [ 8.277844, 47.6116072 ], [ 8.2650232, 47.6094891 ], [ 8.2601814, 47.6148411 ], [ 8.2562413, 47.6151594 ], [ 8.2385403, 47.6126804 ], [ 8.2266473, 47.6050682 ], [ 8.2192675, 47.617815199999988 ], [ 8.2040544, 47.6208917 ], [ 8.1943307, 47.6166327 ], [ 8.1844967, 47.6048064 ], [ 8.1741342, 47.601673699999985 ], [ 8.164908, 47.5941401 ], [ 8.1486021, 47.5954155 ], [ 8.1382937, 47.5903395 ], [ 8.1352404, 47.5835653 ], [ 8.1094839, 47.5822594 ], [ 8.1031357, 47.5763627 ], [ 8.1002081, 47.5637869 ], [ 8.089662, 47.557759 ], [ 8.0813363, 47.5581447 ], [ 8.0683316, 47.5645761 ], [ 8.0592763, 47.56342 ], [ 8.0437221, 47.554546499999987 ], [ 8.0217712, 47.5505145 ], [ 8.0014762, 47.5563364 ], [ 7.9759307, 47.555346 ], [ 7.9590834, 47.558264299999983 ], [ 7.952489, 47.5544559 ], [ 7.9482893, 47.5450801 ], [ 7.9432107, 47.5438188 ], [ 7.9339979, 47.5467857 ], [ 7.9171306, 47.5477672 ], [ 7.9114585, 47.5513004 ], [ 7.9073122, 47.5593001 ], [ 7.9108577, 47.5709612 ], [ 7.9038323, 47.5801311 ], [ 7.891352, 47.5876381 ], [ 7.8696032, 47.5887695 ], [ 7.8416698, 47.5821596 ], [ 7.8327372, 47.5866511 ], [ 7.8230853, 47.5880123 ], [ 7.8162188, 47.583104 ], [ 7.8105756, 47.5688618 ], [ 7.795547, 47.5574406 ], [ 7.7577141, 47.5483269 ], [ 7.7510523, 47.5445043 ], [ 7.7191187, 47.541778099999988 ] ], [ [ 8.6718636, 49.615878099999989 ], [ 8.6859798, 49.6183551 ], [ 8.6858679, 49.6216649 ], [ 8.6805874, 49.622471 ], [ 8.677987, 49.6198285 ], [ 8.6751126, 49.621105 ], [ 8.6718636, 49.615878099999989 ] ] ], [ [ [ 8.7071286, 47.7094817 ], [ 8.7114277, 47.6966832 ], [ 8.7174395, 47.695557 ], [ 8.7160583, 47.689924 ], [ 8.7054469, 47.6900694 ], [ 8.6902264, 47.695382899999984 ], [ 8.6706163, 47.6849233 ], [ 8.6633542, 47.6858926 ], [ 8.6638213, 47.6880219 ], [ 8.6595092, 47.689423299999987 ], [ 8.6584397, 47.6913378 ], [ 8.6682741, 47.6921779 ], [ 8.67649, 47.697943 ], [ 8.6738145, 47.7047928 ], [ 8.6658813, 47.707931599999981 ], [ 8.6646346, 47.7134277 ], [ 8.6714192, 47.7110207 ], [ 8.6781108, 47.7130475 ], [ 8.6863618, 47.708583 ], [ 8.6903289, 47.7094695 ], [ 8.689687, 47.711772699999983 ], [ 8.7012823, 47.7152242 ], [ 8.7071286, 47.7094817 ] ] ], [ [ [ 8.6801165, 49.6202857 ], [ 8.6840527, 49.620223 ], [ 8.6837072, 49.6191105 ], [ 8.6800675, 49.6186651 ], [ 8.6801165, 49.6202857 ] ] ], [ [ [ 9.1257698, 47.6684109 ], [ 9.1206764, 47.6723129 ], [ 9.1209865, 47.6757536 ], [ 9.1257698, 47.6684109 ] ] ], [ [ [ 9.2012192, 47.703038 ], [ 9.1890337, 47.703638 ], [ 9.1878325, 47.7057626 ], [ 9.1973198, 47.7080426 ], [ 9.2012192, 47.703038 ] ] ] ] } },
{ "type": "Feature", "properties": { "LAN": "Baden-Württemberg (Bodensee)" }, "geometry": { "type": "Polygon", "coordinates": [ [ [ 9.072059, 47.845769300000015 ], [ 9.0667325, 47.848944599999989 ], [ 9.0557282, 47.8439185 ], [ 9.0469926, 47.8453758 ], [ 9.0455563, 47.8403766 ], [ 9.0357543, 47.8433137 ], [ 9.0305242, 47.840544 ], [ 9.0177875, 47.841837099999985 ], [ 9.0154258, 47.8373284 ], [ 9.0262268, 47.8279192 ], [ 9.0328987, 47.828774 ], [ 9.0359861, 47.825136699999987 ], [ 9.0506918, 47.8193745 ], [ 9.0249196, 47.8202698 ], [ 9.0242277, 47.8167975 ], [ 9.01685, 47.816978299999988 ], [ 9.0111606, 47.8123794 ], [ 9.0013522, 47.8100248 ], [ 9.0012133, 47.813246699999986 ], [ 8.9891519, 47.815393899999989 ], [ 8.9860596, 47.8209423 ], [ 8.9814054, 47.8190708 ], [ 8.9839266, 47.8147551 ], [ 8.981526, 47.810353 ], [ 8.9882068, 47.8078839 ], [ 8.9758197, 47.8015599 ], [ 8.9941352, 47.7871294 ], [ 9.0070336, 47.7919809 ], [ 9.014921, 47.7914054 ], [ 9.031635, 47.783299 ], [ 9.0431328, 47.7818891 ], [ 9.0548576, 47.773128299999975 ], [ 9.0629191, 47.7742416 ], [ 9.0643943, 47.7707285 ], [ 9.0661375, 47.769924499999988 ], [ 9.0670265, 47.772381 ], [ 9.0724443, 47.7737848 ], [ 9.0867179, 47.7673258 ], [ 9.0878283, 47.768598499999989 ], [ 9.0663438, 47.7798506 ], [ 9.0477458, 47.7960451 ], [ 9.030626, 47.8056318 ], [ 9.0350364, 47.812603599999981 ], [ 9.0392831, 47.8134066 ], [ 9.0395365, 47.817482 ], [ 9.0553969, 47.814097399999987 ], [ 9.061646, 47.8148901 ], [ 9.0705261, 47.8073033 ], [ 9.0769314, 47.8123049 ], [ 9.0822467, 47.8131161 ], [ 9.0809001, 47.8191871 ], [ 9.0765132, 47.819975 ], [ 9.0810698, 47.8258412 ], [ 9.0834385, 47.8251618 ], [ 9.0793347, 47.8319147 ], [ 9.0704069, 47.8368575 ], [ 9.0721837, 47.841447199999983 ], [ 9.0768388, 47.842083199999983 ], [ 9.0711916, 47.8425129 ], [ 9.072059, 47.845769300000015 ] ] ] } },
{ "type": "Feature", "properties": { "LAN": "Bayern" }, "geometry": { "type": "Polygon", "coordinates": [ [ [ 9.6263406, 47.592491399999986 ], [ 9.6442056, 47.5902882 ], [ 9.6402089, 47.6009502 ], [ 9.635967, 47.6024555 ], [ 9.6376911, 47.604395 ], [ 9.653815, 47.605577 ], [ 9.6577096, 47.6117252 ], [ 9.6714438, 47.6113741 ], [ 9.6781022, 47.6049007 ], [ 9.6838878, 47.6045578 ], [ 9.6921516, 47.6104235 ], [ 9.6945822, 47.6046645 ], [ 9.7062937, 47.6018122 ], [ 9.7120227, 47.606679399999983 ], [ 9.7195876, 47.6080999 ], [ 9.7269174, 47.6067235 ], [ 9.7343404, 47.616526 ], [ 9.7374578, 47.6117043 ], [ 9.7456519, 47.617297 ], [ 9.7468994, 47.613028199999988 ], [ 9.740358, 47.6045357 ], [ 9.7477185, 47.6036883 ], [ 9.7560661, 47.609667599999987 ], [ 9.7533797, 47.611581199999982 ], [ 9.7548848, 47.6140088 ], [ 9.7679346, 47.6203608 ], [ 9.7789837, 47.6308653 ], [ 9.7854471, 47.6308923 ], [ 9.7952561, 47.635719 ], [ 9.8001419, 47.6447009 ], [ 9.7956461, 47.6476015 ], [ 9.8016688, 47.650863 ], [ 9.8161769, 47.6496645 ], [ 9.8190717, 47.6538703 ], [ 9.8285533, 47.6579012 ], [ 9.8306063, 47.671375599999976 ], [ 9.8341623, 47.6732898 ], [ 9.8378162, 47.6694696 ], [ 9.8380147, 47.674539199999984 ], [ 9.8421908, 47.6776918 ], [ 9.8498536, 47.6757878 ], [ 9.8515455, 47.6786915 ], [ 9.8529826, 47.6756267 ], [ 9.8566534, 47.6778052 ], [ 9.8748617, 47.6752782 ], [ 9.8932775, 47.6632328 ], [ 9.9163033, 47.6610222 ], [ 9.9314823, 47.6539046 ], [ 9.9408609, 47.657995600000014 ], [ 9.9438834, 47.6552055 ], [ 9.9515505, 47.6561727 ], [ 9.9595225, 47.6523041 ], [ 9.9624428, 47.6540439 ], [ 9.9707464, 47.6536263 ], [ 9.9777234, 47.6617207 ], [ 9.9760227, 47.665325 ], [ 10.0019024, 47.6819994 ], [ 10.0286452, 47.686983 ], [ 10.0311718, 47.6826955 ], [ 10.0277383, 47.67852 ], [ 10.0304913, 47.6744521 ], [ 10.0387363, 47.6777674 ], [ 10.0433661, 47.6778498 ], [ 10.0419806, 47.6751481 ], [ 10.0466181, 47.6762911 ], [ 10.0483376, 47.6813213 ], [ 10.0503049, 47.6796921 ], [ 10.0596237, 47.6801487 ], [ 10.0683961, 47.6634255 ], [ 10.0751617, 47.6583345 ], [ 10.072018, 47.6434411 ], [ 10.0772924, 47.6392743 ], [ 10.0760049, 47.6421358 ], [ 10.0829451, 47.65012429999998 ], [ 10.0813623, 47.6548899 ], [ 10.0902157, 47.6602614 ], [ 10.0883851, 47.6628694 ], [ 10.0934237, 47.6632209 ], [ 10.0935273, 47.670068799999989 ], [ 10.0892454, 47.673045099999982 ], [ 10.0998908, 47.6678907 ], [ 10.1111205, 47.6659904 ], [ 10.1132897, 47.6692961 ], [ 10.1300595, 47.6772713 ], [ 10.1327694, 47.6850806 ], [ 10.1283223, 47.6907179 ], [ 10.1392506, 47.697880900000015 ], [ 10.1394377, 47.7032734 ], [ 10.1225198, 47.7116634 ], [ 10.1164289, 47.7193167 ], [ 10.1186387, 47.733289799999987 ], [ 10.1136336, 47.741378200000014 ], [ 10.1182525, 47.750588 ], [ 10.1140252, 47.7544016 ], [ 10.1190495, 47.7595867 ], [ 10.0825131, 47.771181 ], [ 10.0848403, 47.776636 ], [ 10.0796147, 47.7812624 ], [ 10.0673907, 47.7824368 ], [ 10.0686109, 47.784715399999989 ], [ 10.064681, 47.7858877 ], [ 10.0749761, 47.790411299999974 ], [ 10.0743856, 47.7923951 ], [ 10.085536, 47.795484699999989 ], [ 10.0919025, 47.8014313 ], [ 10.0901345, 47.8039052 ], [ 10.0936837, 47.802051399999989 ], [ 10.096261, 47.8046564 ], [ 10.1019946, 47.80048 ], [ 10.1168798, 47.800623099999989 ], [ 10.1194305, 47.803714699999986 ], [ 10.1087824, 47.8057711 ], [ 10.1157465, 47.8108736 ], [ 10.128016, 47.8133158 ], [ 10.131846, 47.809617 ], [ 10.138023, 47.8096376 ], [ 10.1323288, 47.814678499999978 ], [ 10.13147, 47.8225036 ], [ 10.1251992, 47.822948 ], [ 10.1098719, 47.8402057 ], [ 10.102771, 47.8423743 ], [ 10.1100722, 47.8469741 ], [ 10.1071547, 47.8528955 ], [ 10.103638, 47.8518312 ], [ 10.0992473, 47.8449307 ], [ 10.0973846, 47.848318899999988 ], [ 10.0944228, 47.8438883 ], [ 10.0916049, 47.8456214 ], [ 10.0953761, 47.8513965 ], [ 10.0993535, 47.851608899999988 ], [ 10.0982662, 47.8556044 ], [ 10.1019116, 47.853973 ], [ 10.1051045, 47.8571392 ], [ 10.1046173, 47.864624199999987 ], [ 10.1020789, 47.8654826 ], [ 10.0829266, 47.8557755 ], [ 10.080315, 47.8654683 ], [ 10.0767555, 47.8678093 ], [ 10.0823346, 47.8699252 ], [ 10.0915988, 47.8673985 ], [ 10.0977292, 47.8723825 ], [ 10.0979223, 47.8765625 ], [ 10.1057046, 47.8790265 ], [ 10.105459, 47.8830252 ], [ 10.0953321, 47.8851588 ], [ 10.1030337, 47.8890781 ], [ 10.1016961, 47.9056342 ], [ 10.1049405, 47.9061223 ], [ 10.1037958, 47.9088416 ], [ 10.1104142, 47.910657199999982 ], [ 10.1083144, 47.915571899999989 ], [ 10.1111057, 47.9159594 ], [ 10.1050128, 47.9238381 ], [ 10.1110103, 47.934879099999982 ], [ 10.1082224, 47.9389857 ], [ 10.0967274, 47.9428449 ], [ 10.0894876, 47.9479773 ], [ 10.0848937, 47.961307699999985 ], [ 10.0875243, 47.9684095 ], [ 10.0932071, 47.9723317 ], [ 10.1149546, 47.976257399999973 ], [ 10.1147911, 47.9886251 ], [ 10.1216396, 47.9982877 ], [ 10.1195504, 48.0034999 ], [ 10.1343265, 48.0175996 ], [ 10.1357279, 48.0237616 ], [ 10.1271115, 48.0327125 ], [ 10.1412558, 48.0467015 ], [ 10.1391562, 48.0515127 ], [ 10.1439017, 48.0590071 ], [ 10.1406406, 48.0649022 ], [ 10.1439549, 48.0739112 ], [ 10.135415, 48.076975399999988 ], [ 10.1340233, 48.0819508 ], [ 10.1398242, 48.0885234 ], [ 10.1375722, 48.0937205 ], [ 10.1403924, 48.0989166 ], [ 10.1366613, 48.100783 ], [ 10.1362471, 48.111443 ], [ 10.122604, 48.1169571 ], [ 10.1070743, 48.1321442 ], [ 10.1047948, 48.143426899999987 ], [ 10.0948007, 48.1598327 ], [ 10.096545, 48.1617629 ], [ 10.0903458, 48.1704061 ], [ 10.0896044, 48.1787189 ], [ 10.0857174, 48.1821924 ], [ 10.0837106, 48.2096402 ], [ 10.0770042, 48.2106036 ], [ 10.0783204, 48.220237 ], [ 10.0763187, 48.223025299999989 ], [ 10.0694544, 48.2233582 ], [ 10.0701442, 48.230625 ], [ 10.0646442, 48.2347928 ], [ 10.0647406, 48.2390995 ], [ 10.0607212, 48.2400905 ], [ 10.0690263, 48.2537616 ], [ 10.06196, 48.25813 ], [ 10.0659811, 48.2619931 ], [ 10.0622024, 48.2717155 ], [ 10.066753, 48.2749161 ], [ 10.0658165, 48.2818171 ], [ 10.0425494, 48.2942297 ], [ 10.043081, 48.3004436 ], [ 10.0305057, 48.312033699999986 ], [ 10.0229223, 48.3240038 ], [ 10.0122868, 48.3306375 ], [ 10.0104031, 48.3423892 ], [ 9.9981318, 48.3475129 ], [ 9.9948223, 48.3552809 ], [ 9.9995974, 48.3632293 ], [ 9.9933395, 48.3635669 ], [ 9.9929951, 48.3681598 ], [ 9.9877338, 48.370626 ], [ 9.9827684, 48.3680285 ], [ 9.9841277, 48.363227499999986 ], [ 9.9777415, 48.3626586 ], [ 9.9672756, 48.3744044 ], [ 9.9712996, 48.3772145 ], [ 9.9699344, 48.3793803 ], [ 9.9849126, 48.3861047 ], [ 9.9898684, 48.393707299999988 ], [ 10.0152795, 48.4043506 ], [ 10.0188159, 48.4182487 ], [ 10.0424142, 48.429732 ], [ 10.0388502, 48.4337274 ], [ 10.0407897, 48.4343919 ], [ 10.0374504, 48.4357997 ], [ 10.0348548, 48.433297 ], [ 10.0280506, 48.4369187 ], [ 10.0316873, 48.4437857 ], [ 10.0382268, 48.444453 ], [ 10.0358877, 48.4512948 ], [ 10.0308875, 48.4535861 ], [ 10.0340267, 48.4577805 ], [ 10.0391286, 48.4596945 ], [ 10.0390443, 48.4578741 ], [ 10.0412609, 48.4595106 ], [ 10.046432, 48.4573051 ], [ 10.0619537, 48.4580535 ], [ 10.0596215, 48.4558323 ], [ 10.0640098, 48.4563892 ], [ 10.0871542, 48.46348840000001 ], [ 10.0864228, 48.4659614 ], [ 10.0903574, 48.4675586 ], [ 10.0943767, 48.4671238 ], [ 10.0934556, 48.4689547 ], [ 10.1035169, 48.4725548 ], [ 10.1050269, 48.4775044 ], [ 10.1173667, 48.4753876 ], [ 10.1172518, 48.4681359 ], [ 10.1277688, 48.4569523 ], [ 10.1315149, 48.4573687 ], [ 10.1338954, 48.4548714 ], [ 10.1604573, 48.4587596 ], [ 10.1718464, 48.4577869 ], [ 10.1727728, 48.462789 ], [ 10.177863, 48.463802 ], [ 10.1754602, 48.4693913 ], [ 10.1846009, 48.4672112 ], [ 10.1812544, 48.469622199999989 ], [ 10.186003, 48.471110800000012 ], [ 10.1845245, 48.4729147 ], [ 10.1764131, 48.4713686 ], [ 10.1829444, 48.4738142 ], [ 10.1800982, 48.4755245 ], [ 10.2179154, 48.4884674 ], [ 10.2354433, 48.488960299999974 ], [ 10.2414063, 48.491959699999988 ], [ 10.2375067, 48.5001958 ], [ 10.2424727, 48.5000996 ], [ 10.240826, 48.5061581 ], [ 10.2280497, 48.504974599999983 ], [ 10.2266312, 48.5069942 ], [ 10.231603, 48.5084361 ], [ 10.2379664, 48.507821899999975 ], [ 10.2307796, 48.510511199999989 ], [ 10.2346813, 48.512211099999988 ], [ 10.2482737, 48.5112447 ], [ 10.2498316, 48.5162207 ], [ 10.2526823, 48.5145457 ], [ 10.2554772, 48.5158647 ], [ 10.2538808, 48.5184328 ], [ 10.2574624, 48.5194657 ], [ 10.2646616, 48.519796 ], [ 10.2662434, 48.5173446 ], [ 10.2694199, 48.5182235 ], [ 10.2729755, 48.5161897 ], [ 10.2856157, 48.5178906 ], [ 10.2867945, 48.5160913 ], [ 10.296265, 48.5169364 ], [ 10.3120232, 48.5229438 ], [ 10.3092621, 48.526329 ], [ 10.3148387, 48.5265093 ], [ 10.3123748, 48.530074899999988 ], [ 10.3031834, 48.529825099999989 ], [ 10.3015562, 48.5371326 ], [ 10.3040023, 48.538279 ], [ 10.3008468, 48.5450712 ], [ 10.3039327, 48.5453248 ], [ 10.3048991, 48.5510581 ], [ 10.3096056, 48.551544199999988 ], [ 10.3143204, 48.5556205 ], [ 10.3130046, 48.5671228 ], [ 10.3047528, 48.5842654 ], [ 10.2931143, 48.5897655 ], [ 10.2952301, 48.5997795 ], [ 10.2980638, 48.5998085 ], [ 10.2971088, 48.6038097 ], [ 10.3015639, 48.6052116 ], [ 10.3072191, 48.6015078 ], [ 10.3068663, 48.604996199999988 ], [ 10.3202122, 48.603939499999989 ], [ 10.3187749, 48.607615 ], [ 10.323095, 48.609132699999989 ], [ 10.2978107, 48.6241876 ], [ 10.2999097, 48.6250187 ], [ 10.2972195, 48.6260839 ], [ 10.2965101, 48.633564199999988 ], [ 10.2835665, 48.636786 ], [ 10.2850521, 48.6383356 ], [ 10.2795288, 48.641553 ], [ 10.280523, 48.646770599999989 ], [ 10.2744493, 48.645481499999988 ], [ 10.2723559, 48.6491552 ], [ 10.2719724, 48.6470142 ], [ 10.2683102, 48.6466019 ], [ 10.2703843, 48.651921 ], [ 10.2595299, 48.6548923 ], [ 10.2622003, 48.658369199999989 ], [ 10.2666232, 48.6588372 ], [ 10.2564109, 48.6624752 ], [ 10.2546002, 48.6662032 ], [ 10.2648486, 48.6721425 ], [ 10.2553717, 48.6774906 ], [ 10.2563471, 48.680667199999988 ], [ 10.2687629, 48.6798934 ], [ 10.2646881, 48.682888399999989 ], [ 10.2730398, 48.6858913 ], [ 10.2687068, 48.7035471 ], [ 10.2825222, 48.700976799999985 ], [ 10.292016, 48.6915939 ], [ 10.3011099, 48.689910899999987 ], [ 10.3042638, 48.6858698 ], [ 10.3075977, 48.687674199999982 ], [ 10.3175032, 48.682933799999986 ], [ 10.3174001, 48.688697899999987 ], [ 10.3210047, 48.6872469 ], [ 10.3265743, 48.690780899999979 ], [ 10.3374295, 48.6890218 ], [ 10.347423, 48.679107400000014 ], [ 10.3459718, 48.6742157 ], [ 10.351883, 48.665718 ], [ 10.3473211, 48.665759399999985 ], [ 10.3479675, 48.6602734 ], [ 10.3527796, 48.6580137 ], [ 10.3510173, 48.654676899999977 ], [ 10.3611287, 48.652826799999985 ], [ 10.3684414, 48.6638786 ], [ 10.3735918, 48.6630584 ], [ 10.3799983, 48.6676775 ], [ 10.3894214, 48.6672017 ], [ 10.386758, 48.6740873 ], [ 10.3908188, 48.6746635 ], [ 10.3900938, 48.6775656 ], [ 10.3927778, 48.67814 ], [ 10.3920323, 48.687160899999988 ], [ 10.4023194, 48.6939938 ], [ 10.4078878, 48.694502199999988 ], [ 10.4088714, 48.698792499999989 ], [ 10.4135856, 48.6986434 ], [ 10.4202528, 48.694729 ], [ 10.4237722, 48.6965397 ], [ 10.425931, 48.6950184 ], [ 10.4317476, 48.6994924 ], [ 10.4373937, 48.6931019 ], [ 10.4337974, 48.6906898 ], [ 10.4346352, 48.6876083 ], [ 10.4296353, 48.686025399999984 ], [ 10.4269167, 48.6868456 ], [ 10.42652, 48.6915719 ], [ 10.4227816, 48.690754599999984 ], [ 10.4225748, 48.684162799999989 ], [ 10.418721, 48.6822716 ], [ 10.4244689, 48.679321899999984 ], [ 10.4228367, 48.6754092 ], [ 10.4265273, 48.674903099999987 ], [ 10.4261093, 48.6729515 ], [ 10.4222157, 48.6708895 ], [ 10.4193068, 48.672955699999982 ], [ 10.4158097, 48.669491 ], [ 10.4086985, 48.667839699999988 ], [ 10.4106388, 48.6610339 ], [ 10.4193353, 48.663927199999989 ], [ 10.423478, 48.6624913 ], [ 10.4279419, 48.664032 ], [ 10.4327512, 48.661445199999989 ], [ 10.4328154, 48.6640891 ], [ 10.4413805, 48.6649302 ], [ 10.4418534, 48.666809899999983 ], [ 10.4491726, 48.665158899999987 ], [ 10.4540845, 48.667885800000015 ], [ 10.4541905, 48.670610499999988 ], [ 10.464998, 48.6705335 ], [ 10.4809877, 48.6814185 ], [ 10.4817463, 48.686499399999981 ], [ 10.4950834, 48.6872472 ], [ 10.4855956, 48.6916033 ], [ 10.4872578, 48.6966619 ], [ 10.4795426, 48.6947993 ], [ 10.4802603, 48.7001591 ], [ 10.4715098, 48.70281 ], [ 10.4744837, 48.7056075 ], [ 10.4835283, 48.7052428 ], [ 10.4833823, 48.708064199999988 ], [ 10.4816414, 48.7125873 ], [ 10.4737322, 48.7119792 ], [ 10.4654926, 48.7198046 ], [ 10.4675981, 48.721442 ], [ 10.4620522, 48.722303499999988 ], [ 10.4622951, 48.7245608 ], [ 10.4654487, 48.7242381 ], [ 10.4649569, 48.7277361 ], [ 10.4557395, 48.729045799999987 ], [ 10.4642812, 48.735137099999989 ], [ 10.4500649, 48.7349877 ], [ 10.4478835, 48.7280442 ], [ 10.4434246, 48.7294134 ], [ 10.4398775, 48.738768699999987 ], [ 10.4318033, 48.737307199999989 ], [ 10.4348572, 48.741166899999989 ], [ 10.4236894, 48.744234499999983 ], [ 10.4242867, 48.7469366 ], [ 10.4161767, 48.748106 ], [ 10.4230973, 48.7482682 ], [ 10.4172061, 48.7505079 ], [ 10.418167, 48.7532874 ], [ 10.4231583, 48.7533 ], [ 10.4244156, 48.756597 ], [ 10.4281866, 48.7558843 ], [ 10.4182188, 48.7629279 ], [ 10.4177178, 48.7696094 ], [ 10.4130364, 48.7703433 ], [ 10.4131013, 48.772088 ], [ 10.415741, 48.7719731 ], [ 10.4167672, 48.7765154 ], [ 10.420115, 48.7762391 ], [ 10.4178486, 48.7727301 ], [ 10.4275625, 48.773096599999981 ], [ 10.4285198, 48.7697698 ], [ 10.4320014, 48.7706892 ], [ 10.4296252, 48.776866 ], [ 10.434266, 48.7762303 ], [ 10.428044, 48.7787086 ], [ 10.426774, 48.7817474 ], [ 10.4292077, 48.7831789 ], [ 10.4274609, 48.7864872 ], [ 10.4345908, 48.7876068 ], [ 10.4343295, 48.7896481 ], [ 10.4277118, 48.79163149999998 ], [ 10.4307716, 48.793549 ], [ 10.4209137, 48.795458 ], [ 10.4210838, 48.7994116 ], [ 10.4339055, 48.8011771 ], [ 10.4400407, 48.8048678 ], [ 10.4407703, 48.8094817 ], [ 10.446297, 48.8107166 ], [ 10.440822, 48.8117211 ], [ 10.4214251, 48.8074913 ], [ 10.4085025, 48.808317799999983 ], [ 10.4068182, 48.8132806 ], [ 10.3939262, 48.8125288 ], [ 10.3893086, 48.8151417 ], [ 10.3952462, 48.8184325 ], [ 10.3926449, 48.8217123 ], [ 10.3870171, 48.8199263 ], [ 10.3946773, 48.823261399999986 ], [ 10.3950403, 48.8254831 ], [ 10.4032298, 48.8252275 ], [ 10.4035419, 48.8277786 ], [ 10.4177096, 48.8306733 ], [ 10.4192694, 48.8347394 ], [ 10.4255625, 48.8331562 ], [ 10.4283062, 48.8484647 ], [ 10.4257334, 48.848216099999988 ], [ 10.4214937, 48.8576833 ], [ 10.4143623, 48.8595127 ], [ 10.4179566, 48.861889699999985 ], [ 10.4211889, 48.8739937 ], [ 10.4237728, 48.8731627 ], [ 10.4257429, 48.8775978 ], [ 10.4182243, 48.8809742 ], [ 10.4176996, 48.884832 ], [ 10.4385939, 48.8831007 ], [ 10.4470277, 48.8773402 ], [ 10.4454685, 48.8816384 ], [ 10.4484965, 48.8809563 ], [ 10.4539993, 48.8874701 ], [ 10.4497829, 48.889635699999985 ], [ 10.4502158, 48.893089499999988 ], [ 10.4448134, 48.894121199999987 ], [ 10.4408114, 48.898625 ], [ 10.4293085, 48.9010196 ], [ 10.4213204, 48.9057629 ], [ 10.4251807, 48.9061613 ], [ 10.4248154, 48.907738699999989 ], [ 10.4309165, 48.9059827 ], [ 10.4308946, 48.9079997 ], [ 10.4367057, 48.909156 ], [ 10.4437702, 48.9084521 ], [ 10.4440204, 48.9106177 ], [ 10.4570006, 48.9171414 ], [ 10.4571074, 48.920548199999978 ], [ 10.4519914, 48.926667699999989 ], [ 10.4491578, 48.9260655 ], [ 10.4378093, 48.933151 ], [ 10.4399332, 48.9354569 ], [ 10.4482207, 48.934873499999988 ], [ 10.4465678, 48.93588 ], [ 10.4513727, 48.9386607 ], [ 10.4448254, 48.940371 ], [ 10.4433344, 48.9458166 ], [ 10.4362486, 48.9442944 ], [ 10.4309023, 48.946302799999984 ], [ 10.4297521, 48.9508786 ], [ 10.4322696, 48.9522756 ], [ 10.423772, 48.9592625 ], [ 10.419458, 48.9591759 ], [ 10.420848, 48.9610836 ], [ 10.4249326, 48.9606817 ], [ 10.4187517, 48.968579199999986 ], [ 10.4036814, 48.9667903 ], [ 10.40148, 48.9745232 ], [ 10.4093903, 48.9756323 ], [ 10.4117734, 48.9789568 ], [ 10.4040227, 48.9806683 ], [ 10.4012541, 48.9862017 ], [ 10.3970138, 48.9866791 ], [ 10.3946831, 48.9901576 ], [ 10.3804832, 48.9892117 ], [ 10.3818965, 48.999049 ], [ 10.3754428, 48.999716499999977 ], [ 10.372809, 49.0032393 ], [ 10.352158, 49.006002099999982 ], [ 10.3560918, 49.0135097 ], [ 10.3454387, 49.0166331 ], [ 10.3451974, 49.019385 ], [ 10.3502749, 49.0225219 ], [ 10.3502566, 49.0284221 ], [ 10.336952, 49.0272702 ], [ 10.3329011, 49.0319232 ], [ 10.3336164, 49.02678860000001 ], [ 10.3274902, 49.0302781 ], [ 10.3289606, 49.024497 ], [ 10.3204766, 49.02571589999998 ], [ 10.3094557, 49.031957699999985 ], [ 10.3027141, 49.0314693 ], [ 10.3005681, 49.040340699999987 ], [ 10.2940073, 49.0427774 ], [ 10.2928257, 49.0407605 ], [ 10.2849394, 49.0420858 ], [ 10.2880684, 49.0398882 ], [ 10.2848388, 49.036575299999981 ], [ 10.2772407, 49.0382391 ], [ 10.2745203, 49.040725099999989 ], [ 10.2772209, 49.0425204 ], [ 10.2661904, 49.0431545 ], [ 10.2649901, 49.0452027 ], [ 10.2617453, 49.0436376 ], [ 10.2631984, 49.042257699999986 ], [ 10.2518638, 49.039161199999988 ], [ 10.2497908, 49.042450200000012 ], [ 10.2557567, 49.0447512 ], [ 10.2517094, 49.049554199999989 ], [ 10.2573285, 49.0532633 ], [ 10.2560559, 49.0613644 ], [ 10.2646304, 49.061364499999982 ], [ 10.2600253, 49.064107299999989 ], [ 10.2581535, 49.0701738 ], [ 10.2455449, 49.0743393 ], [ 10.2424883, 49.0723432 ], [ 10.2395053, 49.074603 ], [ 10.2356357, 49.0737034 ], [ 10.2341699, 49.076362299999985 ], [ 10.2409843, 49.082197699999988 ], [ 10.2416436, 49.0792581 ], [ 10.2471454, 49.0797203 ], [ 10.2505967, 49.0928151 ], [ 10.2454861, 49.090591 ], [ 10.2443755, 49.0927537 ], [ 10.22907, 49.0897609 ], [ 10.2227785, 49.0978586 ], [ 10.2127311, 49.0944693 ], [ 10.2049976, 49.098119 ], [ 10.2088332, 49.098084099999987 ], [ 10.2101812, 49.1000695 ], [ 10.2068414, 49.101263 ], [ 10.2156256, 49.106109200000013 ], [ 10.2152499, 49.1132835 ], [ 10.2265745, 49.111026099999982 ], [ 10.2293307, 49.1132256 ], [ 10.2295688, 49.117309899999981 ], [ 10.2249543, 49.119502499999989 ], [ 10.2302871, 49.1189681 ], [ 10.2472282, 49.1266993 ], [ 10.2511111, 49.1258715 ], [ 10.2527488, 49.1299137 ], [ 10.2569473, 49.1290504 ], [ 10.2515628, 49.1339857 ], [ 10.2554797, 49.1383026 ], [ 10.2480229, 49.149281099999982 ], [ 10.2366137, 49.1492628 ], [ 10.2281411, 49.1598902 ], [ 10.2241124, 49.1616794 ], [ 10.218691, 49.1599569 ], [ 10.2183791, 49.1634898 ], [ 10.2066477, 49.159090299999988 ], [ 10.205167, 49.1556316 ], [ 10.1968144, 49.1557622 ], [ 10.1995127, 49.1607077 ], [ 10.1927071, 49.1675973 ], [ 10.195244, 49.169888899999982 ], [ 10.1877156, 49.1700437 ], [ 10.1886311, 49.174401499999988 ], [ 10.186297, 49.1705157 ], [ 10.1853758, 49.1726313 ], [ 10.1773179, 49.1735087 ], [ 10.1809893, 49.1763795 ], [ 10.1811827, 49.182406699999987 ], [ 10.1710295, 49.1782757 ], [ 10.1664678, 49.1792157 ], [ 10.1670313, 49.181070299999988 ], [ 10.1604604, 49.1828046 ], [ 10.1565071, 49.1887832 ], [ 10.1535737, 49.1884117 ], [ 10.1568085, 49.192715 ], [ 10.142405, 49.195440399999988 ], [ 10.1353245, 49.200643699999986 ], [ 10.1291717, 49.195721299999988 ], [ 10.1300811, 49.198827599999987 ], [ 10.1248993, 49.1997369 ], [ 10.130455, 49.2037671 ], [ 10.1273947, 49.2043495 ], [ 10.1256225, 49.2108931 ], [ 10.140136, 49.2088897 ], [ 10.138989, 49.2159254 ], [ 10.1325898, 49.2172487 ], [ 10.1274623, 49.2233125 ], [ 10.1267443, 49.236209099999982 ], [ 10.1226626, 49.2409185 ], [ 10.1239891, 49.2460137 ], [ 10.1198291, 49.247358 ], [ 10.1332093, 49.253105399999988 ], [ 10.109875, 49.258298 ], [ 10.1187016, 49.2578696 ], [ 10.1139742, 49.2664079 ], [ 10.1166121, 49.268288 ], [ 10.1195504, 49.2669757 ], [ 10.1236251, 49.2749952 ], [ 10.131392, 49.275083899999977 ], [ 10.1235604, 49.270965099999984 ], [ 10.1272365, 49.2666776 ], [ 10.1266399, 49.2623803 ], [ 10.1319471, 49.2636257 ], [ 10.1341569, 49.2622297 ], [ 10.1423525, 49.2678863 ], [ 10.1474289, 49.2685418 ], [ 10.1453887, 49.274913099999985 ], [ 10.1506813, 49.2806507 ], [ 10.1566203, 49.280758899999988 ], [ 10.1539105, 49.2847355 ], [ 10.1493469, 49.2846094 ], [ 10.1499333, 49.2880194 ], [ 10.1423795, 49.2876499 ], [ 10.1441077, 49.2901201 ], [ 10.1382934, 49.291466899999989 ], [ 10.132299, 49.3003188 ], [ 10.1316803, 49.305123 ], [ 10.1452471, 49.3164982 ], [ 10.1428279, 49.322559600000012 ], [ 10.136886, 49.3271887 ], [ 10.1302458, 49.3276223 ], [ 10.1306739, 49.325653699999989 ], [ 10.1213346, 49.324956899999989 ], [ 10.117469, 49.3291236 ], [ 10.1104994, 49.328871799999988 ], [ 10.1079935, 49.3325046 ], [ 10.1128384, 49.3323548 ], [ 10.1130865, 49.3357775 ], [ 10.1048469, 49.3384115 ], [ 10.1029579, 49.3437842 ], [ 10.1039366, 49.346972099999988 ], [ 10.1090878, 49.3484564 ], [ 10.1076155, 49.3516986 ], [ 10.1237195, 49.3508181 ], [ 10.1245557, 49.3561376 ], [ 10.1133739, 49.3599405 ], [ 10.1136733, 49.366411299999989 ], [ 10.1173859, 49.3669952 ], [ 10.1174135, 49.3690231 ], [ 10.1073183, 49.3787849 ], [ 10.1119664, 49.384910299999987 ], [ 10.1216918, 49.3862361 ], [ 10.1216856, 49.38786 ], [ 10.1449243, 49.384413599999988 ], [ 10.146404, 49.3874319 ], [ 10.1612108, 49.390356 ], [ 10.1616982, 49.395494 ], [ 10.1386381, 49.4030957 ], [ 10.1420639, 49.4039702 ], [ 10.1522172, 49.4010155 ], [ 10.1476521, 49.4107527 ], [ 10.1516805, 49.412294499999987 ], [ 10.1374271, 49.4247177 ], [ 10.138073, 49.4286689 ], [ 10.1336202, 49.43201 ], [ 10.1381084, 49.4331219 ], [ 10.1337051, 49.4371469 ], [ 10.118781, 49.4438983 ], [ 10.1106249, 49.442503 ], [ 10.111759, 49.438746699999989 ], [ 10.1057083, 49.4448159 ], [ 10.0947414, 49.447898599999988 ], [ 10.0978266, 49.457010599999983 ], [ 10.1082315, 49.4602077 ], [ 10.1054877, 49.4632387 ], [ 10.1158443, 49.4613006 ], [ 10.1222518, 49.463907799999987 ], [ 10.1179162, 49.4675906 ], [ 10.1183273, 49.4731695 ], [ 10.1151182, 49.4739592 ], [ 10.116089, 49.4785774 ], [ 10.1107122, 49.4776234 ], [ 10.1081022, 49.4828536 ], [ 10.1012435, 49.4856418 ], [ 10.0999914, 49.4917277 ], [ 10.1098121, 49.5016937 ], [ 10.1171166, 49.5037428 ], [ 10.1153641, 49.5069574 ], [ 10.1208598, 49.5072729 ], [ 10.1213231, 49.5110462 ], [ 10.1084751, 49.5114768 ], [ 10.1057175, 49.5151058 ], [ 10.0841466, 49.5117589 ], [ 10.0768858, 49.5198829 ], [ 10.0806416, 49.521195899999981 ], [ 10.0786114, 49.5273174 ], [ 10.087974, 49.528449299999984 ], [ 10.089598, 49.5305212 ], [ 10.0855199, 49.542214 ], [ 10.0614275, 49.5451385 ], [ 10.0617308, 49.5416493 ], [ 10.0571051, 49.5406813 ], [ 10.0613677, 49.5374683 ], [ 10.0400193, 49.5290104 ], [ 10.0498139, 49.5213234 ], [ 10.0571846, 49.5193186 ], [ 10.0561459, 49.5149453 ], [ 10.0515202, 49.514416 ], [ 10.0524038, 49.510674699999988 ], [ 10.0462355, 49.5069797 ], [ 10.0281776, 49.5039897 ], [ 10.0202604, 49.486649 ], [ 10.0101184, 49.483214 ], [ 9.9920064, 49.4864029 ], [ 9.9784105, 49.4840162 ], [ 9.9750091, 49.4810251 ], [ 9.9740236, 49.4858223 ], [ 9.9589668, 49.483853 ], [ 9.9518817, 49.4803643 ], [ 9.9265612, 49.4848355 ], [ 9.9137406, 49.493253 ], [ 9.9160532, 49.4995443 ], [ 9.9251293, 49.5086501 ], [ 9.9169593, 49.5178023 ], [ 9.9183953, 49.5223798 ], [ 9.923815, 49.5241214 ], [ 9.9270505, 49.536077299999988 ], [ 9.920182, 49.5451254 ], [ 9.9224847, 49.545791300000012 ], [ 9.9207252, 49.5510123 ], [ 9.9269611, 49.5495205 ], [ 9.9257854, 49.5537231 ], [ 9.9207334, 49.5534022 ], [ 9.9249845, 49.5600641 ], [ 9.9208489, 49.5632808 ], [ 9.8990649, 49.561079899999989 ], [ 9.8979899, 49.56407 ], [ 9.9016073, 49.572549299999984 ], [ 9.9157212, 49.5822279 ], [ 9.9115373, 49.5837806 ], [ 9.9124382, 49.585908399999987 ], [ 9.9018309, 49.585412 ], [ 9.8987913, 49.588346699999988 ], [ 9.8935247, 49.5835235 ], [ 9.875725, 49.5786315 ], [ 9.8740587, 49.571695 ], [ 9.8645504, 49.5678814 ], [ 9.8666396, 49.557463099999985 ], [ 9.8645814, 49.5537383 ], [ 9.8604573, 49.553515099999984 ], [ 9.8593099, 49.5460445 ], [ 9.8499119, 49.5457659 ], [ 9.8405649, 49.5506935 ], [ 9.82804, 49.5515909 ], [ 9.8179924, 49.5558878 ], [ 9.8179977, 49.5586137 ], [ 9.811545, 49.5556826 ], [ 9.8102302, 49.557316 ], [ 9.8369956, 49.568901699999984 ], [ 9.8405578, 49.5744797 ], [ 9.8484952, 49.5777132 ], [ 9.8410467, 49.5951413 ], [ 9.8594601, 49.6029841 ], [ 9.8599721, 49.6085105 ], [ 9.8728083, 49.61007619999998 ], [ 9.8720389, 49.6117273 ], [ 9.868045, 49.6111742 ], [ 9.8675092, 49.6213194 ], [ 9.8641202, 49.621460899999988 ], [ 9.8656582, 49.6241308 ], [ 9.8605784, 49.6321754 ], [ 9.8577219, 49.6324111 ], [ 9.8554813, 49.641514699999981 ], [ 9.8367488, 49.645326499999989 ], [ 9.8300603, 49.6517428 ], [ 9.829559, 49.6543527 ], [ 9.833814, 49.6562851 ], [ 9.8294008, 49.65969579999998 ], [ 9.8324952, 49.660415799999988 ], [ 9.8223584, 49.6647101 ], [ 9.8256135, 49.667541199999988 ], [ 9.8234166, 49.6731734 ], [ 9.8308735, 49.6792095 ], [ 9.829947, 49.6810124 ], [ 9.8409338, 49.681616599999984 ], [ 9.8411724, 49.6834174 ], [ 9.8370568, 49.6832314 ], [ 9.8300279, 49.6877088 ], [ 9.8361474, 49.691740799999984 ], [ 9.833003, 49.6935 ], [ 9.8318046, 49.7038033 ], [ 9.8281606, 49.7064538 ], [ 9.823359, 49.7046698 ], [ 9.8214272, 49.709733599999986 ], [ 9.7965145, 49.7207109 ], [ 9.7960734, 49.727087 ], [ 9.7999938, 49.7309432 ], [ 9.7914443, 49.7309473 ], [ 9.7867558, 49.7218466 ], [ 9.7791887, 49.722500399999987 ], [ 9.7716026, 49.7201096 ], [ 9.752954, 49.710121799999989 ], [ 9.7498902, 49.6958595 ], [ 9.738774, 49.6900431 ], [ 9.73942, 49.6881907 ], [ 9.7275504, 49.688727799999988 ], [ 9.7283542, 49.6981891 ], [ 9.7192908, 49.7019417 ], [ 9.7097193, 49.7270581 ], [ 9.7007248, 49.7221456 ], [ 9.7003816, 49.716960899999982 ], [ 9.6958892, 49.7192234 ], [ 9.6771939, 49.7162012 ], [ 9.6740902, 49.696718 ], [ 9.6761479, 49.693347299999985 ], [ 9.6534965, 49.6871372 ], [ 9.6488797, 49.6917361 ], [ 9.6324604, 49.6931861 ], [ 9.630463, 49.701565099999989 ], [ 9.6254491, 49.7037367 ], [ 9.6330526, 49.717069 ], [ 9.6408741, 49.720337199999989 ], [ 9.6389294, 49.72555 ], [ 9.6277152, 49.7319633 ], [ 9.6365628, 49.7316531 ], [ 9.6380593, 49.7371127 ], [ 9.6458596, 49.736474 ], [ 9.6469362, 49.7391453 ], [ 9.6389985, 49.7405069 ], [ 9.6455528, 49.7469104 ], [ 9.6379519, 49.753850799999981 ], [ 9.6518658, 49.766371699999986 ], [ 9.646496, 49.7706952 ], [ 9.6443222, 49.7786097 ], [ 9.6514186, 49.780557 ], [ 9.6487362, 49.7914776 ], [ 9.6197024, 49.7831813 ], [ 9.5900176, 49.781222899999989 ], [ 9.5810764, 49.7780301 ], [ 9.5763465, 49.7790535 ], [ 9.5762858, 49.782894800000015 ], [ 9.5800573, 49.7840321 ], [ 9.5618098, 49.780616799999983 ], [ 9.5576041, 49.7761822 ], [ 9.558393, 49.765095 ], [ 9.5689463, 49.7496347 ], [ 9.5667032, 49.745765399999989 ], [ 9.5622564, 49.7445411 ], [ 9.5550607, 49.747522499999988 ], [ 9.5524296, 49.760429699999989 ], [ 9.5464622, 49.766426 ], [ 9.5376326, 49.767557099999983 ], [ 9.5229965, 49.7612059 ], [ 9.5145123, 49.7637868 ], [ 9.5100475, 49.7700911 ], [ 9.5128612, 49.78179429999998 ], [ 9.5032324, 49.7883954 ], [ 9.4790971, 49.7868943 ], [ 9.4687636, 49.773790499999969 ], [ 9.4570073, 49.7694723 ], [ 9.4450025, 49.7739591 ], [ 9.434852, 49.7873787 ], [ 9.4228159, 49.7893196 ], [ 9.3915469, 49.7701206 ], [ 9.3726103, 49.7789768 ], [ 9.3510358, 49.769007 ], [ 9.3160219, 49.7682399 ], [ 9.3132507, 49.761699 ], [ 9.3224717, 49.7499809 ], [ 9.3231244, 49.743797299999983 ], [ 9.3158973, 49.740168 ], [ 9.2956732, 49.740530899999989 ], [ 9.3056027, 49.7361468 ], [ 9.3165345, 49.7352377 ], [ 9.3230274, 49.7311154 ], [ 9.3417134, 49.7341991 ], [ 9.3588701, 49.7307829 ], [ 9.3634049, 49.7316142 ], [ 9.3742112, 49.728002 ], [ 9.3440309, 49.718614 ], [ 9.3441145, 49.7169865 ], [ 9.3522324, 49.7164817 ], [ 9.3532131, 49.7074401 ], [ 9.3574092, 49.7042883 ], [ 9.372069, 49.703998499999983 ], [ 9.3825286, 49.707462899999989 ], [ 9.3801607, 49.7261183 ], [ 9.3867614, 49.728411599999987 ], [ 9.3856452, 49.7309145 ], [ 9.3999607, 49.7288405 ], [ 9.4010676, 49.7205645 ], [ 9.4079305, 49.7214586 ], [ 9.4152962, 49.7124688 ], [ 9.4186808, 49.7118983 ], [ 9.4203143, 49.7066276 ], [ 9.4168709, 49.7023977 ], [ 9.422313, 49.696079399999988 ], [ 9.4133579, 49.6829623 ], [ 9.406391, 49.6795815 ], [ 9.4127825, 49.6773005 ], [ 9.4124721, 49.6754693 ], [ 9.4037671, 49.6755943 ], [ 9.3980805, 49.6714813 ], [ 9.4120353, 49.660792400000012 ], [ 9.4194955, 49.6588536 ], [ 9.4060004, 49.6453128 ], [ 9.3937841, 49.646309799999976 ], [ 9.382238, 49.643180199999989 ], [ 9.3667436, 49.6583568 ], [ 9.3493884, 49.6499929 ], [ 9.3438806, 49.6442997 ], [ 9.3368972, 49.644300099999988 ], [ 9.3136139, 49.6537088 ], [ 9.3040831, 49.6549443 ], [ 9.3064872, 49.6508038 ], [ 9.2904933, 49.6437689 ], [ 9.2855006, 49.6357697 ], [ 9.2783056, 49.6376206 ], [ 9.2707226, 49.6340186 ], [ 9.2748187, 49.6309498 ], [ 9.2700992, 49.6264898 ], [ 9.2850231, 49.6148013 ], [ 9.2645776, 49.606819699999988 ], [ 9.2649653, 49.6020247 ], [ 9.2599955, 49.5984603 ], [ 9.2590365, 49.5932762 ], [ 9.2494585, 49.5938005 ], [ 9.2464432, 49.5900242 ], [ 9.2489402, 49.584518399999986 ], [ 9.2229309, 49.5778757 ], [ 9.2005618, 49.5765353 ], [ 9.1944105, 49.5740406 ], [ 9.1873035, 49.576891599999982 ], [ 9.1808039, 49.5737477 ], [ 9.1732765, 49.5777626 ], [ 9.1649972, 49.575451699999988 ], [ 9.1588899, 49.5795903 ], [ 9.1177137, 49.5736778 ], [ 9.1082659, 49.5793024 ], [ 9.1030062, 49.577456 ], [ 9.0915184, 49.588599300000013 ], [ 9.0829899, 49.601987 ], [ 9.0738331, 49.600783199999988 ], [ 9.0663814, 49.6023651 ], [ 9.0684869, 49.6093316 ], [ 9.06586, 49.6196591 ], [ 9.085872, 49.6360532 ], [ 9.0915511, 49.63515229999998 ], [ 9.102012, 49.642210299999981 ], [ 9.0995438, 49.6531394 ], [ 9.1034189, 49.6604306 ], [ 9.0888599, 49.6690232 ], [ 9.0896384, 49.693345699999981 ], [ 9.0942108, 49.695868 ], [ 9.1261092, 49.699979599999985 ], [ 9.1281301, 49.7029872 ], [ 9.1225434, 49.7148419 ], [ 9.1345282, 49.7166798 ], [ 9.1444584, 49.7377971 ], [ 9.1508092, 49.7428507 ], [ 9.143205, 49.7451176 ], [ 9.1449289, 49.7476019 ], [ 9.1278338, 49.7552266 ], [ 9.106914, 49.758661 ], [ 9.1135763, 49.767893699999988 ], [ 9.1133646, 49.773731 ], [ 9.1272351, 49.7764821 ], [ 9.1344843, 49.7822471 ], [ 9.12908, 49.787689199999988 ], [ 9.1316655, 49.794927899999983 ], [ 9.1081401, 49.7979804 ], [ 9.0941609, 49.790124299999988 ], [ 9.0908796, 49.790655 ], [ 9.0859337, 49.8071069 ], [ 9.0769928, 49.8182233 ], [ 9.0866653, 49.8264381 ], [ 9.0828242, 49.8329526 ], [ 9.0775325, 49.8346117 ], [ 9.0810294, 49.83833 ], [ 9.0900876, 49.8409681 ], [ 9.0847309, 49.847506399999986 ], [ 9.0702139, 49.8332511 ], [ 9.0639569, 49.8317595 ], [ 9.0562276, 49.8346178 ], [ 9.0597973, 49.84072 ], [ 9.0528391, 49.8400031 ], [ 9.0606607, 49.8450626 ], [ 9.0595157, 49.8470277 ], [ 9.0491917, 49.8424152 ], [ 9.0432277, 49.844057699999986 ], [ 9.0414432, 49.8400844 ], [ 9.037652, 49.8425643 ], [ 9.0360807, 49.8465041 ], [ 9.0407704, 49.8474771 ], [ 9.0437046, 49.8555431 ], [ 9.0337872, 49.860444099999988 ], [ 9.0333361, 49.8664667 ], [ 9.0504525, 49.8675718 ], [ 9.0384288, 49.8762177 ], [ 9.0355503, 49.899323 ], [ 9.031243, 49.9012961 ], [ 9.0325133, 49.9044627 ], [ 9.0299511, 49.9058793 ], [ 9.0318783, 49.9093613 ], [ 9.0233599, 49.910136799999989 ], [ 9.0322643, 49.924688699999983 ], [ 9.0253539, 49.945648 ], [ 9.0190356, 49.9470504 ], [ 9.0263721, 49.9550915 ], [ 9.0185749, 49.978417099999987 ], [ 9.0201137, 49.9858943 ], [ 9.0157143, 49.989022899999988 ], [ 9.0172996, 49.994118899999989 ], [ 9.0229871, 49.997054 ], [ 9.0301902, 49.9906042 ], [ 9.046074, 49.9900078 ], [ 9.0488203, 49.9922656 ], [ 9.0355382, 50.0018368 ], [ 9.0361157, 50.0081572 ], [ 9.0398175, 50.0103734 ], [ 9.0310248, 50.0201323 ], [ 9.0313439, 50.039574099999975 ], [ 9.0253838, 50.0429618 ], [ 9.010962, 50.0457816 ], [ 8.9853748, 50.0417271 ], [ 8.9764803, 50.047170199999989 ], [ 8.9766115, 50.0522114 ], [ 8.9905599, 50.0671192 ], [ 8.9933128, 50.0662826 ], [ 8.9992826, 50.0693669 ], [ 8.9973913, 50.091579899999985 ], [ 9.018261, 50.1116042 ], [ 9.0653395, 50.117028100000013 ], [ 9.0713267, 50.11943789999998 ], [ 9.0772687, 50.1159263 ], [ 9.0893061, 50.116804399999985 ], [ 9.0982299, 50.126417 ], [ 9.117457, 50.126624 ], [ 9.1449577, 50.114111899999983 ], [ 9.1536093, 50.1179306 ], [ 9.1564103, 50.1119524 ], [ 9.1543711, 50.107393 ], [ 9.1433666, 50.096983 ], [ 9.1492109, 50.0906395 ], [ 9.1625457, 50.0981865 ], [ 9.1587468, 50.1001285 ], [ 9.1749631, 50.114199199999987 ], [ 9.1745587, 50.1194802 ], [ 9.1915937, 50.1274872 ], [ 9.1832687, 50.1379022 ], [ 9.2102222, 50.1429786 ], [ 9.2114956, 50.146601399999987 ], [ 9.2190238, 50.1468119 ], [ 9.2218661, 50.149417299999989 ], [ 9.2525599, 50.139479699999988 ], [ 9.2659493, 50.1393189 ], [ 9.2739273, 50.1426622 ], [ 9.2858968, 50.141665 ], [ 9.3076119, 50.1334079 ], [ 9.3274284, 50.141059499999983 ], [ 9.3415843, 50.1312824 ], [ 9.3736207, 50.1309635 ], [ 9.3944635, 50.0974863 ], [ 9.4049847, 50.087734599999976 ], [ 9.4131108, 50.0840599 ], [ 9.4359395, 50.0850306 ], [ 9.4449892, 50.0899735 ], [ 9.4597461, 50.089901799999986 ], [ 9.4781723, 50.0947741 ], [ 9.4951115, 50.0947533 ], [ 9.4999683, 50.097252399999988 ], [ 9.5124642, 50.094355699999987 ], [ 9.5126799, 50.0994324 ], [ 9.5191774, 50.10585 ], [ 9.5192594, 50.1140389 ], [ 9.510007, 50.1315594 ], [ 9.5075713, 50.1455574 ], [ 9.510234, 50.1481269 ], [ 9.5218044, 50.149972 ], [ 9.5312018, 50.1608497 ], [ 9.5281524, 50.1681393 ], [ 9.5050558, 50.1692636 ], [ 9.498105, 50.1755439 ], [ 9.5014791, 50.1930483 ], [ 9.5081227, 50.1953309 ], [ 9.5130846, 50.193997 ], [ 9.5162055, 50.1996117 ], [ 9.5036264, 50.2085839 ], [ 9.5020651, 50.2123049 ], [ 9.5053356, 50.2145088 ], [ 9.5025914, 50.2202798 ], [ 9.4947697, 50.226672199999975 ], [ 9.5015071, 50.2383748 ], [ 9.4986813, 50.2399698 ], [ 9.5011746, 50.243473899999984 ], [ 9.5143782, 50.2340771 ], [ 9.5334908, 50.2344918 ], [ 9.54203, 50.2243415 ], [ 9.5504812, 50.2282067 ], [ 9.5763187, 50.232388900000011 ], [ 9.582899, 50.2215284 ], [ 9.5942797, 50.2248187 ], [ 9.5961731, 50.2226578 ], [ 9.6044061, 50.2219036 ], [ 9.6137631, 50.2247567 ], [ 9.6152458, 50.2227256 ], [ 9.6215919, 50.223116399999988 ], [ 9.6232826, 50.2257207 ], [ 9.6204017, 50.2275253 ], [ 9.6358159, 50.2352279 ], [ 9.6469173, 50.234969099999986 ], [ 9.6537266, 50.232320199999982 ], [ 9.6636191, 50.2337335 ], [ 9.6681759, 50.2394353 ], [ 9.6390131, 50.248362 ], [ 9.6368236, 50.2514499 ], [ 9.643451, 50.2551168 ], [ 9.6421393, 50.2572982 ], [ 9.652396, 50.2696701 ], [ 9.6558405, 50.271747 ], [ 9.6649903, 50.2711751 ], [ 9.680958, 50.2781557 ], [ 9.6904072, 50.2776185 ], [ 9.7034224, 50.2807523 ], [ 9.7131528, 50.291734 ], [ 9.7208172, 50.2919932 ], [ 9.7196564, 50.295089599999983 ], [ 9.7300317, 50.296248499999983 ], [ 9.7458811, 50.310408 ], [ 9.7476797, 50.3143793 ], [ 9.7442002, 50.321042 ], [ 9.7488972, 50.3251543 ], [ 9.7442924, 50.3312378 ], [ 9.7474358, 50.3412003 ], [ 9.7399008, 50.349699099999988 ], [ 9.7332151, 50.351787199999983 ], [ 9.7329144, 50.3561496 ], [ 9.7462039, 50.3661799 ], [ 9.7444412, 50.3717021 ], [ 9.7544705, 50.3869112 ], [ 9.7592927, 50.4024189 ], [ 9.7510624, 50.4135591 ], [ 9.762064, 50.4258675 ], [ 9.771871, 50.4248597 ], [ 9.7801813, 50.4184309 ], [ 9.7894249, 50.425144799999984 ], [ 9.8025897, 50.4239969 ], [ 9.8109017, 50.418881899999974 ], [ 9.8079884, 50.4124309 ], [ 9.8135232, 50.4129589 ], [ 9.8234398, 50.405532899999983 ], [ 9.8384119, 50.4054745 ], [ 9.8471221, 50.3994869 ], [ 9.8600463, 50.397474 ], [ 9.8699967, 50.4092689 ], [ 9.8733232, 50.4089992 ], [ 9.8831008, 50.3988934 ], [ 9.8903939, 50.402890899999981 ], [ 9.9010149, 50.403784 ], [ 9.9100466, 50.4087974 ], [ 9.919022, 50.4105527 ], [ 9.9266937, 50.416502699999981 ], [ 9.9433994, 50.4232881 ], [ 9.9578368, 50.4232041 ], [ 9.9668113, 50.4345308 ], [ 9.9899849, 50.4471231 ], [ 9.9974599, 50.460985499999985 ], [ 10.0183074, 50.4664553 ], [ 10.0220219, 50.4754685 ], [ 10.0334852, 50.4811211 ], [ 10.0320366, 50.486396899999981 ], [ 10.0363564, 50.4874387 ], [ 10.0344453, 50.490133 ], [ 10.0411881, 50.4951885 ], [ 10.0371062, 50.500022 ], [ 10.0421499, 50.5093728 ], [ 10.0397412, 50.5156181 ], [ 10.0519607, 50.5192548 ], [ 10.0665202, 50.5289651 ], [ 10.0718254, 50.5276712 ], [ 10.0727447, 50.529024299999989 ], [ 10.0684874, 50.529944199999989 ], [ 10.0700464, 50.5354206 ], [ 10.0762653, 50.5408873 ], [ 10.0898421, 50.5448144 ], [ 10.0942723, 50.5484921 ], [ 10.0940445, 50.553602 ], [ 10.0985057, 50.55216 ], [ 10.0994584, 50.5582116 ], [ 10.1070941, 50.563733599999985 ], [ 10.1194083, 50.5642247 ], [ 10.126218, 50.5613507 ], [ 10.1266449, 50.5584269 ], [ 10.1227656, 50.5584469 ], [ 10.1207124, 50.5558572 ], [ 10.1403666, 50.5428504 ], [ 10.1468595, 50.5431494 ], [ 10.1502678, 50.5518875 ], [ 10.1528714, 50.549304099999979 ], [ 10.1595658, 50.549785199999988 ], [ 10.1754411, 50.542917499999987 ], [ 10.1778932, 50.55168 ], [ 10.1926025, 50.5548243 ], [ 10.2038739, 50.5547008 ], [ 10.2041828, 50.546045899999989 ], [ 10.2083257, 50.540630799999988 ], [ 10.2216419, 50.538724499999987 ], [ 10.2248348, 50.5303781 ], [ 10.2319735, 50.5310877 ], [ 10.2257923, 50.518719399999981 ], [ 10.2308279, 50.5118031 ], [ 10.2407437, 50.5125276 ], [ 10.2436651, 50.5150175 ], [ 10.2443123, 50.5127875 ], [ 10.2513903, 50.5111834 ], [ 10.2562217, 50.5128133 ], [ 10.2676942, 50.5041903 ], [ 10.2745992, 50.5058686 ], [ 10.2916144, 50.4963361 ], [ 10.3065701, 50.4920793 ], [ 10.308904, 50.4939097 ], [ 10.3178945, 50.4924847 ], [ 10.3305822, 50.4942765 ], [ 10.3326672, 50.4870905 ], [ 10.3414109, 50.483 ], [ 10.3361542, 50.4658972 ], [ 10.3481895, 50.4625576 ], [ 10.3522648, 50.4564302 ], [ 10.3567258, 50.4551905 ], [ 10.3672719, 50.4387736 ], [ 10.3762466, 50.440660799999989 ], [ 10.381332, 50.438851899999982 ], [ 10.3723774, 50.4371401 ], [ 10.3707148, 50.4317581 ], [ 10.3924636, 50.4303357 ], [ 10.3928292, 50.4269365 ], [ 10.4038347, 50.4247751 ], [ 10.3900642, 50.4099424 ], [ 10.383918, 50.408621499999988 ], [ 10.3844811, 50.4028462 ], [ 10.3944937, 50.393652 ], [ 10.3964992, 50.396929 ], [ 10.4059613, 50.3953985 ], [ 10.4061055, 50.3936801 ], [ 10.4139565, 50.3952518 ], [ 10.4237434, 50.3925325 ], [ 10.4378986, 50.3954832 ], [ 10.4379756, 50.4011786 ], [ 10.4495028, 50.4030468 ], [ 10.4532632, 50.4014648 ], [ 10.4555626, 50.3964091 ], [ 10.4530324, 50.392917 ], [ 10.459585, 50.3877279 ], [ 10.458502, 50.3831928 ], [ 10.4636579, 50.3760145 ], [ 10.4670917, 50.3775932 ], [ 10.4734828, 50.3725099 ], [ 10.4872845, 50.3752833 ], [ 10.4905607, 50.3687859 ], [ 10.4944432, 50.369443 ], [ 10.4928547, 50.3621549 ], [ 10.4859904, 50.363054 ], [ 10.4924057, 50.355055799999988 ], [ 10.4990404, 50.3577109 ], [ 10.5032767, 50.3531756 ], [ 10.5124755, 50.3598061 ], [ 10.5146244, 50.349896699999988 ], [ 10.5184087, 50.3542089 ], [ 10.5236265, 50.3547567 ], [ 10.526721, 50.3614544 ], [ 10.5303826, 50.3609678 ], [ 10.5310105, 50.3651099 ], [ 10.5349858, 50.3656801 ], [ 10.5373058, 50.362679799999988 ], [ 10.5444083, 50.3645056 ], [ 10.5548611, 50.3546561 ], [ 10.5497585, 50.3492729 ], [ 10.5522903, 50.3445171 ], [ 10.5617853, 50.337098499999989 ], [ 10.57469, 50.3366949 ], [ 10.5833983, 50.3323881 ], [ 10.6005503, 50.333688 ], [ 10.5923226, 50.3171845 ], [ 10.5946894, 50.3133072 ], [ 10.5923594, 50.3080814 ], [ 10.5963481, 50.3066722 ], [ 10.6053242, 50.293537 ], [ 10.5975342, 50.2891891 ], [ 10.5981698, 50.284195 ], [ 10.6015507, 50.2826715 ], [ 10.5932815, 50.2779724 ], [ 10.5910404, 50.2717844 ], [ 10.5934787, 50.2695511 ], [ 10.6072959, 50.2712575 ], [ 10.6030255, 50.2699928 ], [ 10.5978292, 50.262621 ], [ 10.6050137, 50.2590459 ], [ 10.6113147, 50.249075 ], [ 10.6035056, 50.245717299999981 ], [ 10.5971085, 50.2461727 ], [ 10.6043482, 50.2397152 ], [ 10.6120473, 50.2241384 ], [ 10.6376614, 50.2232688 ], [ 10.6589611, 50.2307091 ], [ 10.6622903, 50.2266451 ], [ 10.6574789, 50.2236751 ], [ 10.6636703, 50.2215431 ], [ 10.6717334, 50.2214053 ], [ 10.6867145, 50.2259076 ], [ 10.687641, 50.219077 ], [ 10.6957528, 50.2117994 ], [ 10.708973, 50.2102766 ], [ 10.7166451, 50.204819 ], [ 10.7244036, 50.206099599999988 ], [ 10.731221, 50.212654199999989 ], [ 10.7262387, 50.2408891 ], [ 10.7298076, 50.2448769 ], [ 10.7264952, 50.2475647 ], [ 10.7321678, 50.2518379 ], [ 10.7482033, 50.2478257 ], [ 10.7461339, 50.243783 ], [ 10.7498166, 50.2424777 ], [ 10.7696316, 50.240840199999987 ], [ 10.7843667, 50.248506499999976 ], [ 10.7818436, 50.2512839 ], [ 10.8005641, 50.2514433 ], [ 10.8072686, 50.2401967 ], [ 10.8240474, 50.237533 ], [ 10.8446664, 50.2431577 ], [ 10.851953, 50.2516031 ], [ 10.8512796, 50.2648045 ], [ 10.8454046, 50.269501 ], [ 10.8463581, 50.2750946 ], [ 10.8359257, 50.2730649 ], [ 10.8263314, 50.277949 ], [ 10.8114728, 50.2777319 ], [ 10.8106956, 50.279677899999989 ], [ 10.8039199, 50.2797532 ], [ 10.8025503, 50.2919809 ], [ 10.7942097, 50.2953762 ], [ 10.7753895, 50.294685599999987 ], [ 10.7707289, 50.292672199999984 ], [ 10.7418454, 50.3159143 ], [ 10.7369325, 50.314152 ], [ 10.7273149, 50.3186252 ], [ 10.7218044, 50.3180213 ], [ 10.7153959, 50.3211765 ], [ 10.7143895, 50.3254792 ], [ 10.715002, 50.333032 ], [ 10.7195996, 50.3331661 ], [ 10.7281481, 50.3381201 ], [ 10.7288725, 50.3479416 ], [ 10.7201944, 50.3495636 ], [ 10.7143039, 50.3463456 ], [ 10.7124551, 50.3546438 ], [ 10.71793, 50.3555423 ], [ 10.7152666, 50.3635911 ], [ 10.7387184, 50.3628665 ], [ 10.7494173, 50.3579526 ], [ 10.7545095, 50.358171899999988 ], [ 10.7605097, 50.3624192 ], [ 10.7629427, 50.3697183 ], [ 10.7658805, 50.3717809 ], [ 10.773774, 50.3719694 ], [ 10.7858815, 50.3853842 ], [ 10.7901585, 50.382226899999978 ], [ 10.8042507, 50.3791088 ], [ 10.8108944, 50.3841195 ], [ 10.8168049, 50.3860174 ], [ 10.8199696, 50.3848945 ], [ 10.830443, 50.3926155 ], [ 10.861838, 50.3876697 ], [ 10.8662836, 50.3892752 ], [ 10.8677442, 50.3942732 ], [ 10.8762356, 50.3965312 ], [ 10.8779827, 50.3932323 ], [ 10.8871875, 50.392572499999986 ], [ 10.8848689, 50.38850369999998 ], [ 10.893118, 50.3803239 ], [ 10.8988541, 50.384713 ], [ 10.909416, 50.3871863 ], [ 10.9119182, 50.385260800000012 ], [ 10.9302184, 50.392032099999973 ], [ 10.9376346, 50.391905099999988 ], [ 10.9499538, 50.3834717 ], [ 10.9484408, 50.3817514 ], [ 10.9596813, 50.3753078 ], [ 10.961787, 50.3775853 ], [ 10.9630484, 50.3724661 ], [ 10.9566613, 50.3684821 ], [ 10.9616198, 50.3677245 ], [ 10.9857807, 50.347320499999988 ], [ 10.9929543, 50.349030399999982 ], [ 10.9963701, 50.346723 ], [ 10.9995193, 50.351973 ], [ 10.994149, 50.3534719 ], [ 10.9934873, 50.3654687 ], [ 11.0080436, 50.365198299999989 ], [ 11.0178886, 50.3612044 ], [ 11.0334174, 50.3613582 ], [ 11.0362273, 50.358685300000019 ], [ 11.0317028, 50.3551308 ], [ 11.043497, 50.3522324 ], [ 11.0324071, 50.3515015 ], [ 11.0368635, 50.3452093 ], [ 11.0411548, 50.346673799999984 ], [ 11.0429884, 50.3447216 ], [ 11.0641193, 50.3492087 ], [ 11.073567, 50.35365179999998 ], [ 11.0857539, 50.352033699999986 ], [ 11.0819515, 50.3538993 ], [ 11.0897372, 50.3658867 ], [ 11.1153049, 50.3670069 ], [ 11.1192913, 50.35929010000001 ], [ 11.1140454, 50.3525282 ], [ 11.1167978, 50.3493339 ], [ 11.1216871, 50.349001699999981 ], [ 11.1266785, 50.3561781 ], [ 11.1391078, 50.3535057 ], [ 11.1361089, 50.3496656 ], [ 11.1591974, 50.330392 ], [ 11.1581771, 50.323775399999981 ], [ 11.1384636, 50.316432 ], [ 11.1317546, 50.3080877 ], [ 11.1331587, 50.3001776 ], [ 11.1376573, 50.2997242 ], [ 11.1397262, 50.2929632 ], [ 11.1431974, 50.293375499999989 ], [ 11.1415569, 50.2891919 ], [ 11.1459228, 50.284956499999986 ], [ 11.151479, 50.285986799999982 ], [ 11.1537674, 50.2835444 ], [ 11.1584797, 50.2892036 ], [ 11.1655041, 50.2823432 ], [ 11.1718403, 50.283548 ], [ 11.1837101, 50.2808955 ], [ 11.1739706, 50.271279899999975 ], [ 11.1871394, 50.2695557 ], [ 11.1913441, 50.2740692 ], [ 11.1900703, 50.281447399999983 ], [ 11.1978483, 50.2918564 ], [ 11.2160846, 50.284180199999987 ], [ 11.2144498, 50.2809268 ], [ 11.2188701, 50.2813563 ], [ 11.2243365, 50.2773224 ], [ 11.2355838, 50.2753082 ], [ 11.2475471, 50.267756299999988 ], [ 11.2522982, 50.269021 ], [ 11.259778, 50.2749463 ], [ 11.2574141, 50.2842388 ], [ 11.2602407, 50.2870904 ], [ 11.2518177, 50.2934624 ], [ 11.2519946, 50.2992649 ], [ 11.2605018, 50.300086 ], [ 11.2703367, 50.3067466 ], [ 11.2564658, 50.3222732 ], [ 11.2625035, 50.3253797 ], [ 11.2613288, 50.3379126 ], [ 11.2770991, 50.3359624 ], [ 11.2662258, 50.3519979 ], [ 11.2624352, 50.352401 ], [ 11.2778043, 50.3556633 ], [ 11.2842529, 50.3603074 ], [ 11.2791409, 50.3676444 ], [ 11.2808792, 50.371452 ], [ 11.2760832, 50.3809233 ], [ 11.2721888, 50.385421599999987 ], [ 11.2643341, 50.387039699999988 ], [ 11.2645871, 50.3913481 ], [ 11.2708692, 50.394203499999989 ], [ 11.2580557, 50.4000384 ], [ 11.2688426, 50.4191776 ], [ 11.2680135, 50.432212299999989 ], [ 11.2632001, 50.442889 ], [ 11.247092, 50.4489243 ], [ 11.2548929, 50.4564228 ], [ 11.2451319, 50.470803 ], [ 11.2471155, 50.4773038 ], [ 11.2572899, 50.4818175 ], [ 11.2664261, 50.4791027 ], [ 11.2723649, 50.4826797 ], [ 11.2788005, 50.481251199999988 ], [ 11.2780179, 50.4833559 ], [ 11.2891148, 50.485566 ], [ 11.2909824, 50.4752565 ], [ 11.296165, 50.4823653 ], [ 11.3016953, 50.485017799999987 ], [ 11.3009361, 50.488406 ], [ 11.3188733, 50.4890178 ], [ 11.3231423, 50.4911649 ], [ 11.3249055, 50.4983868 ], [ 11.321355, 50.5085674 ], [ 11.3469912, 50.511610299999987 ], [ 11.3430427, 50.5185195 ], [ 11.3465691, 50.521535 ], [ 11.3577608, 50.5198729 ], [ 11.369788, 50.5232397 ], [ 11.3794005, 50.5208574 ], [ 11.387615, 50.5156473 ], [ 11.3930855, 50.5205543 ], [ 11.4052803, 50.516176099999988 ], [ 11.423893, 50.5160644 ], [ 11.4292787, 50.5122329 ], [ 11.4409465, 50.499959399999987 ], [ 11.436032, 50.4921801 ], [ 11.4188146, 50.4934614 ], [ 11.4214749, 50.4863805 ], [ 11.4264736, 50.4845407 ], [ 11.4180909, 50.4818603 ], [ 11.4204754, 50.474258799999987 ], [ 11.4154998, 50.4678467 ], [ 11.423595, 50.4622571 ], [ 11.4193358, 50.4542377 ], [ 11.4206307, 50.4433665 ], [ 11.4405448, 50.4386164 ], [ 11.4512543, 50.4310328 ], [ 11.443442, 50.420821099999984 ], [ 11.44619, 50.4243978 ], [ 11.4596579, 50.4286415 ], [ 11.4631534, 50.4321756 ], [ 11.4748358, 50.431672399999989 ], [ 11.4751139, 50.4335327 ], [ 11.481568, 50.4316217 ], [ 11.4805527, 50.425469 ], [ 11.4881219, 50.4158351 ], [ 11.4792987, 50.407213 ], [ 11.4787373, 50.4012159 ], [ 11.4898503, 50.3967746 ], [ 11.4956015, 50.399543 ], [ 11.5030236, 50.399649899999986 ], [ 11.5058618, 50.396511 ], [ 11.5189099, 50.395666 ], [ 11.5198532, 50.3742685 ], [ 11.5461876, 50.3841281 ], [ 11.5525259, 50.382637 ], [ 11.5600642, 50.384127 ], [ 11.5731519, 50.400121899999988 ], [ 11.5814042, 50.3990008 ], [ 11.5943133, 50.4026041 ], [ 11.6246015, 50.3868704 ], [ 11.6494901, 50.392239499999988 ], [ 11.6735299, 50.3943903 ], [ 11.683895, 50.3928893 ], [ 11.6943431, 50.39578680000001 ], [ 11.6978872, 50.4000694 ], [ 11.7082642, 50.403938299999986 ], [ 11.7147212, 50.3966353 ], [ 11.7183294, 50.400061599999987 ], [ 11.7271244, 50.4004361 ], [ 11.7440465, 50.410504 ], [ 11.7615645, 50.4052559 ], [ 11.7630069, 50.4070578 ], [ 11.7511726, 50.4147552 ], [ 11.7560311, 50.4158001 ], [ 11.7726047, 50.4115325 ], [ 11.7802511, 50.4187548 ], [ 11.7871976, 50.4152577 ], [ 11.7933103, 50.4183388 ], [ 11.7973526, 50.4173214 ], [ 11.8173761, 50.4005897 ], [ 11.8254953, 50.40442 ], [ 11.8279087, 50.4001357 ], [ 11.818404, 50.3935678 ], [ 11.8242654, 50.3897568 ], [ 11.8319389, 50.3947977 ], [ 11.8349253, 50.393377199999989 ], [ 11.852352, 50.4016597 ], [ 11.8574825, 50.3994125 ], [ 11.8665807, 50.400969599999989 ], [ 11.8681584, 50.4048654 ], [ 11.8854216, 50.4158538 ], [ 11.906117, 50.417200699999988 ], [ 11.9058337, 50.41969 ], [ 11.9191357, 50.4247841 ], [ 11.9297798, 50.4211696 ], [ 11.9347297, 50.4236638 ], [ 11.9391462, 50.4183891 ], [ 11.9456451, 50.4162828 ], [ 11.9441624, 50.4115768 ], [ 11.9543741, 50.4070745 ], [ 11.9480703, 50.4003775 ], [ 11.9493769, 50.394808499999982 ], [ 11.9572328, 50.3970781 ], [ 11.96025, 50.3954179 ], [ 11.9645721, 50.399934599999973 ], [ 11.9746964, 50.390545 ], [ 11.9782273, 50.3913636 ], [ 11.980664, 50.3878315 ], [ 11.9839432, 50.3887071 ], [ 11.9785988, 50.3800045 ], [ 11.9846917, 50.3754144 ], [ 11.9789609, 50.3694947 ], [ 11.9847732, 50.3646955 ], [ 11.9795589, 50.3647984 ], [ 11.9765123, 50.3619446 ], [ 11.9806821, 50.361598199999989 ], [ 11.9825546, 50.3566666 ], [ 11.9771709, 50.3514831 ], [ 11.9881695, 50.3506222 ], [ 11.9969711, 50.354016699999988 ], [ 11.9972507, 50.346894499999983 ], [ 12.0082385, 50.3456979 ], [ 12.0147756, 50.3475601 ], [ 12.0146405, 50.343606799999989 ], [ 12.019412, 50.3404127 ], [ 12.0308843, 50.3393147 ], [ 12.0321569, 50.3300714 ], [ 12.0418281, 50.330970599999986 ], [ 12.0389085, 50.336579699999987 ], [ 12.0458473, 50.3299349 ], [ 12.0468519, 50.3249987 ], [ 12.0490634, 50.3285506 ], [ 12.0464355, 50.3311509 ], [ 12.0518544, 50.3309068 ], [ 12.0577747, 50.3262729 ], [ 12.055872, 50.3316534 ], [ 12.0616246, 50.328931599999983 ], [ 12.0642162, 50.3330395 ], [ 12.0798928, 50.3268347 ], [ 12.0825114, 50.3301601 ], [ 12.0913434, 50.3326097 ], [ 12.0903466, 50.32425139999998 ], [ 12.0940804, 50.325114 ], [ 12.1048546, 50.314887399999989 ], [ 12.1152298, 50.312816 ], [ 12.1255608, 50.30761709999998 ], [ 12.1195792, 50.2994275 ], [ 12.1223477, 50.2916458 ], [ 12.1354802, 50.283986 ], [ 12.1399208, 50.2775749 ], [ 12.1200538, 50.266889199999987 ], [ 12.113454, 50.2679144 ], [ 12.0974713, 50.262388599999987 ], [ 12.1025114, 50.2557846 ], [ 12.0907598, 50.252384399999983 ], [ 12.0977698, 50.2464165 ], [ 12.1063569, 50.2467042 ], [ 12.1089205, 50.237929699999981 ], [ 12.1269884, 50.232490899999988 ], [ 12.1413573, 50.230510699999982 ], [ 12.1420881, 50.2337875 ], [ 12.1513321, 50.235724599999983 ], [ 12.1455436, 50.2303872 ], [ 12.1576059, 50.2271503 ], [ 12.1565337, 50.223626 ], [ 12.162128, 50.223545 ], [ 12.1606792, 50.2198491 ], [ 12.1640377, 50.2178417 ], [ 12.1577111, 50.2144203 ], [ 12.1594985, 50.2111807 ], [ 12.1649477, 50.2136134 ], [ 12.1668128, 50.2120203 ], [ 12.1757227, 50.2128598 ], [ 12.1783905, 50.2051375 ], [ 12.1856104, 50.2037522 ], [ 12.1828198, 50.1993642 ], [ 12.1901571, 50.200768599999989 ], [ 12.1916668, 50.1988291 ], [ 12.1974541, 50.198838699999989 ], [ 12.1889412, 50.1955057 ], [ 12.2012607, 50.1887895 ], [ 12.2083004, 50.174150099999984 ], [ 12.2073019, 50.169509899999987 ], [ 12.2159955, 50.1681798 ], [ 12.211219, 50.1587889 ], [ 12.2004982, 50.1524509 ], [ 12.2036072, 50.1458349 ], [ 12.1952022, 50.1430438 ], [ 12.1965083, 50.1232205 ], [ 12.2023437, 50.1154823 ], [ 12.1996069, 50.1111928 ], [ 12.2104791, 50.101680399999985 ], [ 12.221054, 50.1038671 ], [ 12.2287717, 50.10231 ], [ 12.2273914, 50.0970049 ], [ 12.2317972, 50.0941623 ], [ 12.2469495, 50.097443299999988 ], [ 12.2461668, 50.0922881 ], [ 12.2520019, 50.0919368 ], [ 12.2591083, 50.0829951 ], [ 12.2753536, 50.0764709 ], [ 12.2611135, 50.0646948 ], [ 12.2609121, 50.0584304 ], [ 12.2725161, 50.0612511 ], [ 12.2792921, 50.055163 ], [ 12.2990719, 50.058668399999988 ], [ 12.3109362, 50.0555377 ], [ 12.3143719, 50.05254 ], [ 12.3173331, 50.0533787 ], [ 12.3191545, 50.048806299999988 ], [ 12.3156116, 50.0461114 ], [ 12.3244649, 50.038848099999989 ], [ 12.3254097, 50.0330189 ], [ 12.3288528, 50.032218 ], [ 12.3388807, 50.03961 ], [ 12.3477208, 50.0363725 ], [ 12.3498458, 50.031345899999984 ], [ 12.3586429, 50.024680099999983 ], [ 12.3657835, 50.0227702 ], [ 12.3675331, 50.0174438 ], [ 12.3785067, 50.0190566 ], [ 12.3796208, 50.014043199999989 ], [ 12.3865613, 50.0125015 ], [ 12.4006489, 50.0150043 ], [ 12.4029271, 50.0133257 ], [ 12.3976373, 50.0085535 ], [ 12.4026015, 50.0075645 ], [ 12.4018993, 50.0052538 ], [ 12.4143987, 50.0046161 ], [ 12.4245258, 50.0003253 ], [ 12.4312236, 50.0026151 ], [ 12.4352053, 49.9989025 ], [ 12.4352335, 49.9937809 ], [ 12.4255792, 49.9911993 ], [ 12.4314335, 49.988580199999987 ], [ 12.4315196, 49.984381899999988 ], [ 12.4589641, 49.9947605 ], [ 12.4674313, 49.9928519 ], [ 12.4765325, 49.9807691 ], [ 12.4898896, 49.9817608 ], [ 12.4995415, 49.9720163 ], [ 12.4938639, 49.9697582 ], [ 12.4906103, 49.958602899999988 ], [ 12.4814055, 49.9582752 ], [ 12.4704816, 49.949031 ], [ 12.4755144, 49.9379185 ], [ 12.478409, 49.9356726 ], [ 12.4943544, 49.936933199999984 ], [ 12.4930489, 49.9332267 ], [ 12.5044503, 49.9293397 ], [ 12.5384954, 49.9248239 ], [ 12.5477304, 49.9203432 ], [ 12.5512557, 49.9092349 ], [ 12.5496731, 49.9010924 ], [ 12.5399596, 49.8912007 ], [ 12.5355189, 49.8907944 ], [ 12.5218715, 49.881726 ], [ 12.5186993, 49.868372 ], [ 12.5121061, 49.859425699999989 ], [ 12.4978454, 49.856905 ], [ 12.4980082, 49.8375796 ], [ 12.4826363, 49.8417181 ], [ 12.4729469, 49.8335887 ], [ 12.4762682, 49.825116 ], [ 12.4749436, 49.8192983 ], [ 12.4733161, 49.815111799999983 ], [ 12.4642176, 49.810223 ], [ 12.4706532, 49.799584599999989 ], [ 12.4652938, 49.795415 ], [ 12.4743096, 49.791948699999985 ], [ 12.4727232, 49.7859378 ], [ 12.4682769, 49.786653899999976 ], [ 12.404741, 49.7627987 ], [ 12.4007174, 49.753848899999987 ], [ 12.4058921, 49.7477778 ], [ 12.4063656, 49.7394812 ], [ 12.4126007, 49.7356774 ], [ 12.4127898, 49.732517599999987 ], [ 12.4257115, 49.7304655 ], [ 12.4289715, 49.7209288 ], [ 12.4428861, 49.703699899999989 ], [ 12.4528161, 49.701210599999989 ], [ 12.4574549, 49.7020585 ], [ 12.4809218, 49.6950317 ], [ 12.4854388, 49.691506 ], [ 12.485221, 49.687885399999985 ], [ 12.4917797, 49.6860133 ], [ 12.5216382, 49.6867618 ], [ 12.5228072, 49.6767578 ], [ 12.5298458, 49.6662499 ], [ 12.5224462, 49.6604531 ], [ 12.5259165, 49.6541986 ], [ 12.5175347, 49.6445041 ], [ 12.5288595, 49.639231699999982 ], [ 12.5226436, 49.633787 ], [ 12.5236651, 49.6279594 ], [ 12.5344016, 49.6263067 ], [ 12.5269273, 49.6222758 ], [ 12.5281685, 49.6181839 ], [ 12.5361853, 49.6181029 ], [ 12.5459924, 49.621336799999987 ], [ 12.5606698, 49.6196343 ], [ 12.5568848, 49.6142979 ], [ 12.5626671, 49.608731399999982 ], [ 12.5641908, 49.5962389 ], [ 12.5770777, 49.5863018 ], [ 12.5710595, 49.5697531 ], [ 12.5741644, 49.5594437 ], [ 12.5804118, 49.5556333 ], [ 12.5877806, 49.5454612 ], [ 12.5950088, 49.541547599999987 ], [ 12.5885017, 49.5385362 ], [ 12.6147177, 49.5283649 ], [ 12.6188149, 49.529344599999988 ], [ 12.6207035, 49.5265589 ], [ 12.6285872, 49.526982 ], [ 12.6305583, 49.5309929 ], [ 12.6358902, 49.5320114 ], [ 12.6442504, 49.5230425 ], [ 12.6397035, 49.500586899999988 ], [ 12.6437549, 49.494777499999984 ], [ 12.6440936, 49.4849053 ], [ 12.6385044, 49.4829772 ], [ 12.6337637, 49.476195 ], [ 12.649328, 49.4669359 ], [ 12.657978, 49.450508299999989 ], [ 12.6555828, 49.4485539 ], [ 12.6581753, 49.4404322 ], [ 12.6558933, 49.434546799999985 ], [ 12.6791962, 49.426251 ], [ 12.7087189, 49.4246773 ], [ 12.7147104, 49.4140029 ], [ 12.7329456, 49.4099031 ], [ 12.757631, 49.394756799999989 ], [ 12.7611255, 49.382514 ], [ 12.758089, 49.3751884 ], [ 12.768383, 49.3653221 ], [ 12.7771586, 49.363930499999988 ], [ 12.7813804, 49.360320799999982 ], [ 12.7788102, 49.3480785 ], [ 12.7862866, 49.3453979 ], [ 12.802536, 49.341565599999988 ], [ 12.8370393, 49.3407191 ], [ 12.8430028, 49.342404 ], [ 12.8433342, 49.345223 ], [ 12.8479306, 49.344308299999987 ], [ 12.8534797, 49.3380813 ], [ 12.8570912, 49.3392657 ], [ 12.8768181, 49.3323795 ], [ 12.8869224, 49.332300499999988 ], [ 12.8889011, 49.333041499999986 ], [ 12.8809134, 49.343597100000011 ], [ 12.8802373, 49.35052349999998 ], [ 12.9016688, 49.3495676 ], [ 12.9199018, 49.343440199999989 ], [ 12.9290119, 49.3448389 ], [ 12.9387209, 49.3421337 ], [ 12.9429586, 49.3441994 ], [ 12.949971, 49.3428703 ], [ 12.9583706, 49.3366208 ], [ 12.9638967, 49.337095 ], [ 12.9725953, 49.3338878 ], [ 13.0038936, 49.312271 ], [ 13.0075727, 49.3059975 ], [ 13.0291093, 49.304348 ], [ 13.0306181, 49.287594 ], [ 13.0256631, 49.278921 ], [ 13.0338964, 49.263902699999988 ], [ 13.0551858, 49.2640077 ], [ 13.060086, 49.2505971 ], [ 13.0677819, 49.2496117 ], [ 13.0726356, 49.2465 ], [ 13.0807621, 49.247417399999982 ], [ 13.0883281, 49.2370185 ], [ 13.0860499, 49.2294115 ], [ 13.1141221, 49.2184283 ], [ 13.1099703, 49.2031789 ], [ 13.1172797, 49.1990711 ], [ 13.1293364, 49.1968582 ], [ 13.1618942, 49.174623299999986 ], [ 13.1709081, 49.1735797 ], [ 13.1768756, 49.1642267 ], [ 13.1703216, 49.144040399999987 ], [ 13.1827917, 49.1344784 ], [ 13.2056503, 49.1221271 ], [ 13.2363648, 49.1135951 ], [ 13.2763599, 49.1204777 ], [ 13.2891886, 49.1186347 ], [ 13.344669, 49.0884663 ], [ 13.3464796, 49.0822758 ], [ 13.354284, 49.078876099999988 ], [ 13.3640083, 49.069064 ], [ 13.3701133, 49.0678001 ], [ 13.3758777, 49.0583983 ], [ 13.383599, 49.0573314 ], [ 13.3862402, 49.0528987 ], [ 13.3922564, 49.054323599999989 ], [ 13.3971472, 49.05101 ], [ 13.3973381, 49.0448331 ], [ 13.3919922, 49.0417315 ], [ 13.3996836, 49.037034 ], [ 13.4058553, 49.0236521 ], [ 13.4002929, 49.016241 ], [ 13.4092744, 49.0030668 ], [ 13.4021741, 48.9942383 ], [ 13.4028956, 48.9873427 ], [ 13.4246103, 48.977272899999988 ], [ 13.4261885, 48.9725018 ], [ 13.4336695, 48.9716624 ], [ 13.4430585, 48.9657996 ], [ 13.4594912, 48.9626112 ], [ 13.4693679, 48.9543572 ], [ 13.4835521, 48.9512639 ], [ 13.4844344, 48.948138799999988 ], [ 13.495622, 48.941344699999988 ], [ 13.508258, 48.9421659 ], [ 13.5070737, 48.9690863 ], [ 13.5158616, 48.968753899999989 ], [ 13.529237, 48.974102899999984 ], [ 13.5369225, 48.973462 ], [ 13.5480295, 48.9668898 ], [ 13.5570679, 48.9670951 ], [ 13.5632514, 48.9704863 ], [ 13.5727568, 48.9660689 ], [ 13.5758913, 48.9701387 ], [ 13.5854777, 48.9685116 ], [ 13.5925666, 48.9616709 ], [ 13.5907287, 48.9527735 ], [ 13.6085407, 48.9404872 ], [ 13.608844, 48.94411239999998 ], [ 13.6214031, 48.9488563 ], [ 13.6286683, 48.9492062 ], [ 13.6307386, 48.9467248 ], [ 13.6223356, 48.9389953 ], [ 13.638019, 48.9256974 ], [ 13.6380863, 48.9190609 ], [ 13.6551974, 48.8934655 ], [ 13.6602333, 48.8944841 ], [ 13.6695824, 48.8902667 ], [ 13.6692258, 48.8835614 ], [ 13.676238, 48.8787167 ], [ 13.6891323, 48.8783628 ], [ 13.7025845, 48.8816813 ], [ 13.7168196, 48.8781577 ], [ 13.725218, 48.881588199999989 ], [ 13.7305333, 48.887103 ], [ 13.7379293, 48.8858478 ], [ 13.7372439, 48.879674799999989 ], [ 13.7506061, 48.866757 ], [ 13.7501468, 48.858291 ], [ 13.7655933, 48.837409799999989 ], [ 13.7647464, 48.834246099999987 ], [ 13.7739336, 48.8305714 ], [ 13.7789744, 48.832390899999986 ], [ 13.7930923, 48.8302214 ], [ 13.7879931, 48.8251791 ], [ 13.7972964, 48.8186861 ], [ 13.7957256, 48.8149924 ], [ 13.8153183, 48.796900699999988 ], [ 13.8096488, 48.7854057 ], [ 13.8039024, 48.7811264 ], [ 13.8131684, 48.7739824 ], [ 13.8310702, 48.7708281 ], [ 13.8395068, 48.7716049 ], [ 13.8361268, 48.7626547 ], [ 13.8212457, 48.7544762 ], [ 13.8188051, 48.7315191 ], [ 13.8102503, 48.728757699999989 ], [ 13.8014677, 48.7170772 ], [ 13.7949172, 48.7149283 ], [ 13.8029572, 48.7081959 ], [ 13.8111822, 48.708631799999978 ], [ 13.8112098, 48.7027845 ], [ 13.8142101, 48.7010044 ], [ 13.820615, 48.6992163 ], [ 13.8375763, 48.7006674 ], [ 13.8335741, 48.6919633 ], [ 13.8178593, 48.694696799999988 ], [ 13.8136764, 48.6919161 ], [ 13.8130755, 48.683569399999989 ], [ 13.8167751, 48.681486799999988 ], [ 13.8196594, 48.671254399999981 ], [ 13.8141772, 48.6497874 ], [ 13.8237013, 48.6421079 ], [ 13.8219029, 48.6381424 ], [ 13.826049, 48.635809 ], [ 13.8269833, 48.6279367 ], [ 13.8234742, 48.625287799999974 ], [ 13.8256185, 48.6183137 ], [ 13.822322, 48.6141617 ], [ 13.8156607, 48.614247899999988 ], [ 13.8146289, 48.609447 ], [ 13.8073411, 48.6049252 ], [ 13.8084092, 48.5998719 ], [ 13.8014711, 48.5975951 ], [ 13.8016845, 48.5923334 ], [ 13.807106, 48.5902639 ], [ 13.8072076, 48.584213399999989 ], [ 13.8010868, 48.573802799999989 ], [ 13.7904616, 48.5718524 ], [ 13.7704274, 48.5536436 ], [ 13.7602054, 48.565482 ], [ 13.7541248, 48.5637798 ], [ 13.7466527, 48.5524666 ], [ 13.754783, 48.5512038 ], [ 13.7437272, 48.5440745 ], [ 13.7449904, 48.5404177 ], [ 13.7484882, 48.5396697 ], [ 13.7475416, 48.529878499999988 ], [ 13.7335895, 48.5254318 ], [ 13.730697, 48.521206799999987 ], [ 13.7319526, 48.5161564 ], [ 13.7273595, 48.5130082 ], [ 13.7051704, 48.5177826 ], [ 13.6873389, 48.527956400000015 ], [ 13.6645874, 48.5340389 ], [ 13.6532854, 48.5489065 ], [ 13.6257848, 48.5539947 ], [ 13.5994719, 48.569365 ], [ 13.5902556, 48.568651 ], [ 13.5811227, 48.5596438 ], [ 13.5695169, 48.5612806 ], [ 13.543165, 48.5749808 ], [ 13.5248339, 48.5883699 ], [ 13.5089922, 48.5906016 ], [ 13.5016759, 48.580891 ], [ 13.5069795, 48.5777101 ], [ 13.5039661, 48.5724819 ], [ 13.491948, 48.5693776 ], [ 13.493369, 48.5671009 ], [ 13.489131, 48.562929399999987 ], [ 13.4848469, 48.5615092 ], [ 13.4789276, 48.564650699999987 ], [ 13.47459, 48.562350499999987 ], [ 13.4753922, 48.556095 ], [ 13.4636604, 48.553981 ], [ 13.4501041, 48.5639731 ], [ 13.438055, 48.5577421 ], [ 13.4387562, 48.548229400000011 ], [ 13.4501639, 48.5376129 ], [ 13.4499114, 48.5334351 ], [ 13.4450142, 48.529525 ], [ 13.4463045, 48.5237402 ], [ 13.4580397, 48.51194430000001 ], [ 13.4274251, 48.458091700000011 ], [ 13.4279258, 48.451755 ], [ 13.4379653, 48.440146 ], [ 13.4399582, 48.432967399999988 ], [ 13.4216724, 48.403966 ], [ 13.4176028, 48.3838417 ], [ 13.4077875, 48.3719993 ], [ 13.3678945, 48.3533373 ], [ 13.3297488, 48.3235279 ], [ 13.2551928, 48.29339 ], [ 13.1791593, 48.294738299999985 ], [ 13.1290699, 48.2786362 ], [ 13.0811577, 48.2772563 ], [ 13.0546471, 48.2652789 ], [ 13.0223924, 48.257974 ], [ 13.0115119, 48.2517371 ], [ 12.9967634, 48.2358541 ], [ 12.9571443, 48.209635 ], [ 12.9466447, 48.206873799999975 ], [ 12.9164724, 48.2065426 ], [ 12.8686438, 48.200846299999988 ], [ 12.847746, 48.1674534 ], [ 12.8357361, 48.164934599999988 ], [ 12.8337802, 48.1571512 ], [ 12.8272972, 48.1528097 ], [ 12.8108529, 48.151289 ], [ 12.7987891, 48.1461642 ], [ 12.7981553, 48.1392489 ], [ 12.7868936, 48.12361 ], [ 12.782339, 48.1231141 ], [ 12.7673239, 48.1288994 ], [ 12.7582586, 48.126325199999982 ], [ 12.7585809, 48.1184084 ], [ 12.7491334, 48.108309599999977 ], [ 12.7534166, 48.0857112 ], [ 12.7597192, 48.0750504 ], [ 12.770327, 48.0661618 ], [ 12.8324635, 48.0290551 ], [ 12.8513756, 48.0148339 ], [ 12.8572787, 48.0074544 ], [ 12.8680824, 47.9722905 ], [ 12.873303, 47.9641647 ], [ 12.8848465, 47.9592014 ], [ 12.9095141, 47.957393 ], [ 12.9178669, 47.9546278 ], [ 12.9208722, 47.9517555 ], [ 12.919473, 47.9417772 ], [ 12.922836, 47.9391217 ], [ 12.9329822, 47.9399667 ], [ 12.9378222, 47.943663 ], [ 12.9464172, 47.9218159 ], [ 12.9646003, 47.9033317 ], [ 12.9818914, 47.8761327 ], [ 13.0032946, 47.8503117 ], [ 13.0027182, 47.8420876 ], [ 12.9841182, 47.8278636 ], [ 12.9646351, 47.8005102 ], [ 12.9471415, 47.7862649 ], [ 12.9395188, 47.7850895 ], [ 12.9398356, 47.7785247 ], [ 12.9282233, 47.7712564 ], [ 12.9291373, 47.7696055 ], [ 12.9344539, 47.772265499999989 ], [ 12.9347073, 47.7701989 ], [ 12.9423842, 47.770959399999988 ], [ 12.9447649, 47.764602799999984 ], [ 12.9398031, 47.7592915 ], [ 12.9355728, 47.758501099999989 ], [ 12.9351871, 47.7569584 ], [ 12.9379694, 47.758162 ], [ 12.9351953, 47.7473184 ], [ 12.9174373, 47.7418933 ], [ 12.9046539, 47.727173 ], [ 12.9050469, 47.7236434 ], [ 12.9133722, 47.7171002 ], [ 12.9226828, 47.714016 ], [ 12.9253927, 47.7103215 ], [ 12.9330889, 47.709522299999989 ], [ 12.9467893, 47.712145199999988 ], [ 12.955513, 47.7077795 ], [ 12.9623901, 47.7094647 ], [ 12.9735258, 47.7070658 ], [ 12.9914319, 47.7086693 ], [ 12.9949189, 47.7130455 ], [ 13.0019982, 47.7132016 ], [ 13.0083186, 47.7222638 ], [ 13.0175049, 47.7228881 ], [ 13.0269299, 47.7164205 ], [ 13.0438936, 47.7138265 ], [ 13.0608349, 47.6971104 ], [ 13.080794, 47.687024099999981 ], [ 13.0771591, 47.6694302 ], [ 13.0800951, 47.662435 ], [ 13.0897195, 47.6539016 ], [ 13.0884882, 47.64902 ], [ 13.096998, 47.64071449999998 ], [ 13.0986606, 47.635407099999981 ], [ 13.0956267, 47.6280076 ], [ 13.0803876, 47.6187747 ], [ 13.0717705, 47.610637 ], [ 13.0697488, 47.604966499999982 ], [ 13.0629555, 47.6021329 ], [ 13.0638694, 47.5966537 ], [ 13.0718815, 47.5883725 ], [ 13.0694252, 47.5861019 ], [ 13.0435744, 47.5834466 ], [ 13.0427201, 47.5737565 ], [ 13.0508564, 47.5634961 ], [ 13.0572951, 47.5621094 ], [ 13.0556666, 47.5573232 ], [ 13.0448733, 47.5504022 ], [ 13.0310315, 47.5330866 ], [ 13.0473315, 47.5213773 ], [ 13.0433495, 47.5198646 ], [ 13.0434369, 47.51632619999998 ], [ 13.0467407, 47.515017 ], [ 13.0475049, 47.492083 ], [ 13.0419035, 47.488731199999982 ], [ 13.0268851, 47.4866798 ], [ 13.0147127, 47.4704725 ], [ 13.0062461, 47.463989199999986 ], [ 13.001084, 47.463883700000011 ], [ 12.9934048, 47.4716678 ], [ 12.9946039, 47.4785017 ], [ 12.9893205, 47.4775852 ], [ 12.9779074, 47.484626 ], [ 12.9732617, 47.4831757 ], [ 12.9727308, 47.474081299999987 ], [ 12.9694344, 47.474183400000015 ], [ 12.9087241, 47.4969892 ], [ 12.884408, 47.512696899999987 ], [ 12.8851127, 47.5185916 ], [ 12.8804017, 47.5219223 ], [ 12.8675142, 47.523849399999989 ], [ 12.8634599, 47.5279603 ], [ 12.857699, 47.526813100000012 ], [ 12.851985, 47.530560699999988 ], [ 12.8475662, 47.5460348 ], [ 12.8176947, 47.5449071 ], [ 12.8038482, 47.5498869 ], [ 12.7944793, 47.556629699999988 ], [ 12.7922683, 47.5651357 ], [ 12.7843114, 47.5688487 ], [ 12.7790941, 47.5790493 ], [ 12.7953189, 47.5932543 ], [ 12.7912084, 47.5980762 ], [ 12.7935459, 47.6009888 ], [ 12.8073029, 47.6102275 ], [ 12.8132989, 47.6119783 ], [ 12.8227987, 47.6096796 ], [ 12.8246137, 47.6121041 ], [ 12.7894718, 47.6333834 ], [ 12.7807056, 47.6327764 ], [ 12.7590126, 47.650903899999982 ], [ 12.7604739, 47.6549461 ], [ 12.7676291, 47.6553851 ], [ 12.7784057, 47.6608332 ], [ 12.7839275, 47.671619 ], [ 12.781115, 47.6741414 ], [ 12.7725282, 47.6658588 ], [ 12.7634371, 47.667015899999988 ], [ 12.7571939, 47.6630117 ], [ 12.7457561, 47.6751674 ], [ 12.732918, 47.6794635 ], [ 12.7151995, 47.676269399999981 ], [ 12.7050594, 47.681121 ], [ 12.7005612, 47.6796568 ], [ 12.6959083, 47.682205 ], [ 12.6661051, 47.680779399999984 ], [ 12.6575854, 47.6764985 ], [ 12.6548644, 47.672079 ], [ 12.6486162, 47.6703273 ], [ 12.6453862, 47.673584199999986 ], [ 12.6387533, 47.6710046 ], [ 12.6300802, 47.676087300000013 ], [ 12.6168011, 47.6724628 ], [ 12.6074152, 47.6737133 ], [ 12.5968553, 47.6662953 ], [ 12.5750341, 47.632319599999988 ], [ 12.5363441, 47.6364752 ], [ 12.5120336, 47.6253232 ], [ 12.4992164, 47.625017 ], [ 12.4911335, 47.6369983 ], [ 12.4651398, 47.6496244 ], [ 12.4528438, 47.6677972 ], [ 12.4454361, 47.6706982 ], [ 12.4445845, 47.6738597 ], [ 12.4407284, 47.6738571 ], [ 12.439369, 47.679806199999987 ], [ 12.4430028, 47.6917772 ], [ 12.4401265, 47.6951725 ], [ 12.4324777, 47.6943377 ], [ 12.4292222, 47.696220299999986 ], [ 12.4013581, 47.6922448 ], [ 12.3637021, 47.6837996 ], [ 12.3569688, 47.6904597 ], [ 12.3515423, 47.6920959 ], [ 12.3385492, 47.6905464 ], [ 12.3351979, 47.6928206 ], [ 12.3380454, 47.6970873 ], [ 12.285096, 47.690183799999986 ], [ 12.2775335, 47.6879344 ], [ 12.2632009, 47.6782015 ], [ 12.2551895, 47.679295 ], [ 12.2411675, 47.6941041 ], [ 12.2468627, 47.7108429 ], [ 12.2648864, 47.732483099999989 ], [ 12.2569723, 47.7430072 ], [ 12.2495992, 47.7414311 ], [ 12.2266446, 47.7182908 ], [ 12.2119739, 47.7111851 ], [ 12.2059596, 47.710494599999983 ], [ 12.2036511, 47.707403299999989 ], [ 12.1963757, 47.7084563 ], [ 12.1839309, 47.7003706 ], [ 12.1625985, 47.7011298 ], [ 12.1688268, 47.6800391 ], [ 12.181792, 47.668566899999981 ], [ 12.1846765, 47.6601891 ], [ 12.1987934, 47.6414413 ], [ 12.2081335, 47.6138773 ], [ 12.2038819, 47.6068097 ], [ 12.1857077, 47.604696 ], [ 12.178144, 47.6008667 ], [ 12.1814029, 47.6103737 ], [ 12.179045, 47.6143686 ], [ 12.1635674, 47.6134777 ], [ 12.1397678, 47.6053035 ], [ 12.1290012, 47.605633100000013 ], [ 12.1152049, 47.6114314 ], [ 12.0823509, 47.6097344 ], [ 12.0781281, 47.6135174 ], [ 12.0642376, 47.618737 ], [ 12.0512257, 47.6148666 ], [ 12.0371479, 47.6175856 ], [ 12.0295365, 47.611618099999987 ], [ 12.0222782, 47.6111358 ], [ 12.0085487, 47.625149 ], [ 11.9994387, 47.621519299999989 ], [ 11.9808528, 47.6187901 ], [ 11.9761978, 47.6129607 ], [ 11.9682025, 47.6171372 ], [ 11.9331316, 47.6127788 ], [ 11.9136655, 47.6137957 ], [ 11.9027478, 47.6083716 ], [ 11.8954039, 47.6090511 ], [ 11.8642951, 47.6010165 ], [ 11.8549134, 47.6023376 ], [ 11.8473369, 47.5822863 ], [ 11.8438677, 47.581214799999984 ], [ 11.8293953, 47.5821126 ], [ 11.827412, 47.585489599999988 ], [ 11.8170008, 47.5843791 ], [ 11.7899773, 47.5876914 ], [ 11.7810355, 47.5911853 ], [ 11.7450317, 47.587722 ], [ 11.7001398, 47.5889449 ], [ 11.681287, 47.5838076 ], [ 11.6728561, 47.585444399999986 ], [ 11.6602534, 47.5837846 ], [ 11.6492454, 47.5903274 ], [ 11.6433515, 47.589272 ], [ 11.6421011, 47.5929825 ], [ 11.6371391, 47.594259 ], [ 11.632611, 47.5921075 ], [ 11.6311673, 47.5867122 ], [ 11.6339117, 47.5808317 ], [ 11.6304245, 47.5802447 ], [ 11.6221316, 47.5842509 ], [ 11.6124978, 47.5798435 ], [ 11.6055545, 47.5808087 ], [ 11.600436, 47.5675234 ], [ 11.5871574, 47.5551729 ], [ 11.5894924, 47.5514426 ], [ 11.5857799, 47.545561599999985 ], [ 11.5879807, 47.5253981 ], [ 11.5773345, 47.5202245 ], [ 11.5724522, 47.5145098 ], [ 11.5517723, 47.513366599999983 ], [ 11.5350242, 47.5090825 ], [ 11.5183418, 47.510951899999981 ], [ 11.5125185, 47.5063596 ], [ 11.5055989, 47.5047315 ], [ 11.4990509, 47.5073417 ], [ 11.4891352, 47.5071711 ], [ 11.4875578, 47.5090161 ], [ 11.4559249, 47.5088765 ], [ 11.4495476, 47.507135399999989 ], [ 11.4417306, 47.517618 ], [ 11.4371081, 47.5158536 ], [ 11.4166763, 47.502178199999989 ], [ 11.4076718, 47.4908798 ], [ 11.3953851, 47.4824063 ], [ 11.3910407, 47.482305599999989 ], [ 11.3838096, 47.4722077 ], [ 11.391355, 47.4665571 ], [ 11.4093727, 47.4667389 ], [ 11.4117049, 47.4561833 ], [ 11.4214539, 47.444714299999987 ], [ 11.4154692, 47.4469843 ], [ 11.4075538, 47.4458078 ], [ 11.4024693, 47.4480996 ], [ 11.3884391, 47.4464365 ], [ 11.3850209, 47.448620899999987 ], [ 11.3755098, 47.4491048 ], [ 11.3710307, 47.445427699999989 ], [ 11.3644341, 47.4447182 ], [ 11.3575119, 47.4487521 ], [ 11.3500732, 47.4475441 ], [ 11.3381244, 47.449717299999989 ], [ 11.3309178, 47.4441862 ], [ 11.3309389, 47.4390757 ], [ 11.3212467, 47.4375683 ], [ 11.3174535, 47.432359 ], [ 11.3110405, 47.430151199999983 ], [ 11.2997882, 47.4308173 ], [ 11.2910598, 47.427172899999988 ], [ 11.2902532, 47.4221563 ], [ 11.2932263, 47.4193044 ], [ 11.2900325, 47.4073782 ], [ 11.2728919, 47.397852599999986 ], [ 11.2628399, 47.3993492 ], [ 11.2368666, 47.3980899 ], [ 11.2250018, 47.3952728 ], [ 11.222353, 47.397299100000012 ], [ 11.2238006, 47.401362299999988 ], [ 11.2397295, 47.4156588 ], [ 11.2403128, 47.4195652 ], [ 11.2534108, 47.4282438 ], [ 11.2488866, 47.432566 ], [ 11.2205341, 47.4304148 ], [ 11.2069104, 47.4338012 ], [ 11.1981622, 47.4274878 ], [ 11.1796887, 47.4262127 ], [ 11.1691373, 47.4224923 ], [ 11.1558045, 47.4211399 ], [ 11.141063, 47.414364 ], [ 11.1291969, 47.412798399999986 ], [ 11.1227521, 47.4065106 ], [ 11.1243, 47.4001229 ], [ 11.115455, 47.3955931 ], [ 11.0995641, 47.3943392 ], [ 11.0614859, 47.3965586 ], [ 11.0482726, 47.3938847 ], [ 11.0373783, 47.396537199999983 ], [ 11.0314171, 47.3933862 ], [ 11.0240985, 47.3969527 ], [ 11.005837, 47.3941197 ], [ 10.9794419, 47.3969451 ], [ 10.9703288, 47.4000206 ], [ 10.9686404, 47.4118601 ], [ 10.9722545, 47.4175494 ], [ 10.9848362, 47.420970799999985 ], [ 10.9836, 47.4300146 ], [ 10.9581919, 47.451588900000012 ], [ 10.9280727, 47.4719252 ], [ 10.9383112, 47.47981 ], [ 10.9370545, 47.4814665 ], [ 10.9101129, 47.4855202 ], [ 10.8813324, 47.4792547 ], [ 10.8700489, 47.4832201 ], [ 10.8704779, 47.4993692 ], [ 10.8908218, 47.5075098 ], [ 10.9179148, 47.5136299 ], [ 10.9156014, 47.5192994 ], [ 10.9056762, 47.5174734 ], [ 10.9009179, 47.5209967 ], [ 10.890209, 47.5372022 ], [ 10.8535237, 47.534625499999983 ], [ 10.8385057, 47.5254511 ], [ 10.8310142, 47.5283745 ], [ 10.8131186, 47.5264188 ], [ 10.8124633, 47.5198712 ], [ 10.7953979, 47.5211909 ], [ 10.7775725, 47.513938499999988 ], [ 10.7638011, 47.5197385 ], [ 10.7640184, 47.5282109 ], [ 10.7575824, 47.5347258 ], [ 10.7385849, 47.5387374 ], [ 10.7183364, 47.5381282 ], [ 10.7089162, 47.5437097 ], [ 10.6948344, 47.544638100000014 ], [ 10.6911873, 47.5584411 ], [ 10.6804488, 47.5554722 ], [ 10.6766123, 47.559045699999977 ], [ 10.6354092, 47.558988 ], [ 10.6261102, 47.560971399999985 ], [ 10.6190471, 47.5668634 ], [ 10.6079186, 47.5657134 ], [ 10.5979542, 47.5697152 ], [ 10.5897615, 47.5597199 ], [ 10.5802894, 47.5555551 ], [ 10.582003, 47.548277199999987 ], [ 10.573368, 47.5339171 ], [ 10.5694147, 47.5335773 ], [ 10.5590836, 47.5371505 ], [ 10.524479, 47.5351871 ], [ 10.4888585, 47.5403543 ], [ 10.4726731, 47.550883399999982 ], [ 10.460482, 47.5526267 ], [ 10.4544595, 47.5557383 ], [ 10.4388765, 47.5234921 ], [ 10.4421053, 47.5188397 ], [ 10.4405508, 47.513569399999987 ], [ 10.4313235, 47.503677599999989 ], [ 10.442768, 47.4846169 ], [ 10.451311, 47.4856851 ], [ 10.4569651, 47.482583899999987 ], [ 10.4632207, 47.482774899999988 ], [ 10.4680223, 47.476918499999989 ], [ 10.4668055, 47.473342200000012 ], [ 10.4702008, 47.468356799999988 ], [ 10.4655913, 47.4642449 ], [ 10.4680737, 47.4587248 ], [ 10.4657193, 47.4535311 ], [ 10.4731162, 47.4429945 ], [ 10.4759301, 47.4321495 ], [ 10.4591038, 47.4281661 ], [ 10.4561825, 47.4192512 ], [ 10.4385629, 47.413556899999989 ], [ 10.4361735, 47.4109824 ], [ 10.4375505, 47.4067467 ], [ 10.4312436, 47.402736 ], [ 10.4341584, 47.400024699999989 ], [ 10.4291034, 47.391010599999987 ], [ 10.4364721, 47.3806478 ], [ 10.4309655, 47.3837978 ], [ 10.4196046, 47.3846279 ], [ 10.4109371, 47.3777873 ], [ 10.3948618, 47.375728699999989 ], [ 10.3886833, 47.36911 ], [ 10.3862927, 47.3562249 ], [ 10.3773521, 47.3523343 ], [ 10.3568337, 47.3369758 ], [ 10.3563204, 47.333100799999983 ], [ 10.3457603, 47.321651299999985 ], [ 10.3487794, 47.317401 ], [ 10.3405792, 47.314124799999981 ], [ 10.3393625, 47.310448799999989 ], [ 10.3300306, 47.3047123 ], [ 10.3247118, 47.3037336 ], [ 10.3210439, 47.3064495 ], [ 10.3150299, 47.306524599999989 ], [ 10.3016341, 47.2986182 ], [ 10.2958053, 47.2999279 ], [ 10.2922893, 47.2943606 ], [ 10.2814787, 47.287548099999988 ], [ 10.2659727, 47.2879018 ], [ 10.266202, 47.285099699999989 ], [ 10.2615233, 47.284261799999989 ], [ 10.2599216, 47.281609499999988 ], [ 10.2497953, 47.2791728 ], [ 10.2456153, 47.2804584 ], [ 10.2380722, 47.271991899999989 ], [ 10.2322995, 47.2704776 ], [ 10.2222265, 47.275815 ], [ 10.2012529, 47.2768717 ], [ 10.1949855, 47.2731175 ], [ 10.1783453, 47.2701236 ], [ 10.1739795, 47.270265 ], [ 10.1724702, 47.2741345 ], [ 10.175166, 47.275770799999989 ], [ 10.1720364, 47.27904119999998 ], [ 10.175804, 47.2821175 ], [ 10.174652, 47.2887435 ], [ 10.1787264, 47.2957266 ], [ 10.189539, 47.2938808 ], [ 10.1990899, 47.297528 ], [ 10.2103552, 47.306371299999988 ], [ 10.2123712, 47.3112438 ], [ 10.2158762, 47.3109584 ], [ 10.2111147, 47.3189409 ], [ 10.199483, 47.326599 ], [ 10.2074425, 47.3324241 ], [ 10.2042079, 47.3367339 ], [ 10.2176082, 47.3504182 ], [ 10.2167394, 47.3540096 ], [ 10.2245279, 47.3588717 ], [ 10.2370111, 47.3734564 ], [ 10.2315611, 47.3786357 ], [ 10.2361964, 47.3818608 ], [ 10.2269819, 47.3888479 ], [ 10.2126371, 47.3804113 ], [ 10.2078626, 47.3829894 ], [ 10.1992844, 47.3836077 ], [ 10.1948399, 47.3893001 ], [ 10.1817126, 47.3922828 ], [ 10.1827054, 47.3881197 ], [ 10.1764597, 47.385197 ], [ 10.1691932, 47.385793899999989 ], [ 10.1694824, 47.3713463 ], [ 10.165864, 47.3687947 ], [ 10.1416733, 47.3671593 ], [ 10.1192657, 47.3757026 ], [ 10.0997805, 47.354736 ], [ 10.0828902, 47.3937342 ], [ 10.0862574, 47.3993099 ], [ 10.0691577, 47.409849699999988 ], [ 10.0739982, 47.4146118 ], [ 10.0856281, 47.4146082 ], [ 10.0957007, 47.417815300000015 ], [ 10.0962528, 47.4223661 ], [ 10.1054227, 47.4287401 ], [ 10.0938918, 47.4403441 ], [ 10.0948515, 47.4500061 ], [ 10.0914704, 47.4590762 ], [ 10.088235, 47.4602126 ], [ 10.0803158, 47.4554082 ], [ 10.0703545, 47.456000399999986 ], [ 10.0646706, 47.463641699999982 ], [ 10.0535686, 47.4665794 ], [ 10.051519, 47.4705422 ], [ 10.0541461, 47.4759497 ], [ 10.0446847, 47.487611699999988 ], [ 10.0361899, 47.4888336 ], [ 10.0107355, 47.4819412 ], [ 10.0018042, 47.4819217 ], [ 9.9953481, 47.4863152 ], [ 9.9876536, 47.4985616 ], [ 9.995697, 47.5029301 ], [ 9.9652036, 47.5211621 ], [ 9.968302, 47.5283373 ], [ 9.9654414, 47.529963599999988 ], [ 9.9649003, 47.537853799999986 ], [ 9.9708986, 47.5456804 ], [ 9.9678137, 47.5462404 ], [ 9.9631687, 47.5422908 ], [ 9.9588977, 47.5429867 ], [ 9.9636848, 47.534717599999986 ], [ 9.9410945, 47.5382257 ], [ 9.9335402, 47.5325998 ], [ 9.9215512, 47.5296718 ], [ 9.9134756, 47.5326478 ], [ 9.9066732, 47.542171199999984 ], [ 9.8973177, 47.5449607 ], [ 9.8892431, 47.544134099999987 ], [ 9.8809781, 47.5480576 ], [ 9.8751031, 47.5433713 ], [ 9.8780359, 47.5393165 ], [ 9.8739441, 47.5336794 ], [ 9.8746597, 47.5286088 ], [ 9.8583692, 47.53393 ], [ 9.8492377, 47.541967 ], [ 9.8443757, 47.5413797 ], [ 9.8298467, 47.5442816 ], [ 9.8245987, 47.5473559 ], [ 9.8156761, 47.547609099999981 ], [ 9.8169853, 47.5532349 ], [ 9.8258942, 47.5598022 ], [ 9.8207679, 47.570699399999988 ], [ 9.8254401, 47.5729988 ], [ 9.8273374, 47.578889599999982 ], [ 9.8237465, 47.5871839 ], [ 9.8303865, 47.5899862 ], [ 9.8279704, 47.5908699 ], [ 9.834284, 47.5975134 ], [ 9.83266, 47.5987435 ], [ 9.8367884, 47.5989934 ], [ 9.8365765, 47.6029279 ], [ 9.8390049, 47.602152 ], [ 9.8400032, 47.6040181 ], [ 9.8294342, 47.608410499999984 ], [ 9.8208846, 47.6088157 ], [ 9.8207358, 47.615815 ], [ 9.8172279, 47.6186686 ], [ 9.7939258, 47.614251299999985 ], [ 9.793898, 47.6096593 ], [ 9.7895539, 47.6079433 ], [ 9.7892862, 47.6049873 ], [ 9.7718624, 47.596295399999981 ], [ 9.766764, 47.5906899 ], [ 9.7513543, 47.5969469 ], [ 9.7454234, 47.5938237 ], [ 9.7463096, 47.5914485 ], [ 9.7401413, 47.5900218 ], [ 9.7390311, 47.5766339 ], [ 9.7326833, 47.5732016 ], [ 9.7295093, 47.5740867 ], [ 9.7252366, 47.5687727 ], [ 9.7286027, 47.560619499999987 ], [ 9.7351685, 47.5626967 ], [ 9.7406525, 47.5591499 ], [ 9.7406024, 47.552024 ], [ 9.7351147, 47.5463334 ], [ 9.7367666, 47.5355927 ], [ 9.7340979, 47.533805099999988 ], [ 9.7298438, 47.533726199999982 ], [ 9.7210546, 47.545847 ], [ 9.7126833, 47.5506929 ], [ 9.6919237, 47.5499473 ], [ 9.6867032, 47.5436203 ], [ 9.6807756, 47.5422649 ], [ 9.6756236, 47.5452241 ], [ 9.6828044, 47.55244 ], [ 9.6790389, 47.557021299999988 ], [ 9.6515548, 47.5573762 ], [ 9.6386059, 47.5669342 ], [ 9.6288702, 47.5663803 ], [ 9.6306115, 47.5693057 ], [ 9.6280075, 47.5709113 ], [ 9.6182242, 47.5685049 ], [ 9.6079186, 47.5723297 ], [ 9.6020772, 47.584338 ], [ 9.6058857, 47.5857023 ], [ 9.6081079, 47.5825125 ], [ 9.6113535, 47.5837253 ], [ 9.6140556, 47.5811503 ], [ 9.6197563, 47.5832275 ], [ 9.6204972, 47.5878973 ], [ 9.6263406, 47.592491399999986 ] ], [ [ 10.4544595, 47.5557383 ], [ 10.4671713, 47.5677577 ], [ 10.4730739, 47.570471499999989 ], [ 10.4706418, 47.5796932 ], [ 10.4787787, 47.580752 ], [ 10.4817786, 47.5845264 ], [ 10.4727824, 47.584733799999988 ], [ 10.47264, 47.58695059999998 ], [ 10.4690274, 47.5869946 ], [ 10.4563738, 47.582722099999977 ], [ 10.4370269, 47.584202 ], [ 10.4329369, 47.5814774 ], [ 10.4353115, 47.579279799999988 ], [ 10.4295712, 47.5771233 ], [ 10.4353837, 47.5676857 ], [ 10.445129, 47.5672801 ], [ 10.4510229, 47.5545957 ], [ 10.4544595, 47.5557383 ] ] ] } },
{ "type": "Feature", "properties": { "LAN": "Berlin" }, "geometry": { "type": "Polygon", "coordinates": [ [ [ 13.4793689, 52.6753788 ], [ 13.4753939, 52.674917099999988 ], [ 13.4659654, 52.6671486 ], [ 13.4595114, 52.6689356 ], [ 13.4508409, 52.6627222 ], [ 13.4623332, 52.6574645 ], [ 13.4738941, 52.656613599999979 ], [ 13.4699962, 52.6520748 ], [ 13.4598484, 52.64810319999998 ], [ 13.4539644, 52.6486251 ], [ 13.4545464, 52.6500418 ], [ 13.4409321, 52.649123 ], [ 13.4398985, 52.645332499999988 ], [ 13.4341041, 52.6442855 ], [ 13.4337788, 52.637976 ], [ 13.4243652, 52.6356305 ], [ 13.4128282, 52.6435854 ], [ 13.4069974, 52.642421 ], [ 13.3967121, 52.6483014 ], [ 13.3886827, 52.6376139 ], [ 13.3743753, 52.6315216 ], [ 13.3759929, 52.6292926 ], [ 13.3572961, 52.6231747 ], [ 13.3446134, 52.624765499999988 ], [ 13.3364805, 52.6226711 ], [ 13.3131218, 52.628382699999989 ], [ 13.3024226, 52.627560599999988 ], [ 13.308309, 52.6296915 ], [ 13.3031118, 52.6366692 ], [ 13.3078604, 52.6376207 ], [ 13.3092574, 52.6431404 ], [ 13.3003776, 52.653469799999989 ], [ 13.3100339, 52.657376 ], [ 13.3075654, 52.6593051 ], [ 13.2828847, 52.6607847 ], [ 13.2824407, 52.6412954 ], [ 13.2621563, 52.640753 ], [ 13.2642747, 52.626928 ], [ 13.2206833, 52.6281787 ], [ 13.2169846, 52.6201186 ], [ 13.2016065, 52.606381299999988 ], [ 13.2178195, 52.5932217 ], [ 13.2173364, 52.587455599999984 ], [ 13.2073651, 52.5884536 ], [ 13.2066263, 52.5867425 ], [ 13.1642632, 52.5989003 ], [ 13.1570993, 52.597606199999987 ], [ 13.1439909, 52.5897431 ], [ 13.1289873, 52.5874421 ], [ 13.128097, 52.583097400000014 ], [ 13.1320925, 52.579699 ], [ 13.1496033, 52.583311 ], [ 13.1529531, 52.572781400000011 ], [ 13.1459551, 52.560076599999981 ], [ 13.1456648, 52.5529114 ], [ 13.1362958, 52.5527476 ], [ 13.1306174, 52.556354 ], [ 13.1197331, 52.5310449 ], [ 13.1173929, 52.5169953 ], [ 13.1430102, 52.5196755 ], [ 13.1664576, 52.5101243 ], [ 13.1252846, 52.4802177 ], [ 13.1177983, 52.4789679 ], [ 13.1169168, 52.472445099999987 ], [ 13.1107987, 52.466063 ], [ 13.11258, 52.4592034 ], [ 13.1092233, 52.450619499999988 ], [ 13.1231765, 52.439364499999989 ], [ 13.1046186, 52.4240532 ], [ 13.0995969, 52.4253048 ], [ 13.0883332, 52.4196114 ], [ 13.090636, 52.4118139 ], [ 13.0972943, 52.4093845 ], [ 13.0972215, 52.4124547 ], [ 13.1032251, 52.410222399999988 ], [ 13.1115706, 52.4131366 ], [ 13.1125964, 52.4100191 ], [ 13.1079318, 52.4094775 ], [ 13.1116358, 52.4042233 ], [ 13.1248757, 52.3968796 ], [ 13.1333961, 52.3994379 ], [ 13.1363905, 52.3981813 ], [ 13.1381167, 52.3953927 ], [ 13.1324119, 52.3914233 ], [ 13.1274649, 52.3915946 ], [ 13.1309895, 52.3872249 ], [ 13.1335894, 52.3869159 ], [ 13.1322495, 52.389402 ], [ 13.1426123, 52.3965448 ], [ 13.1588887, 52.3939089 ], [ 13.1715216, 52.3958335 ], [ 13.1713567, 52.397763 ], [ 13.1578275, 52.3963622 ], [ 13.1593458, 52.4028799 ], [ 13.1955668, 52.4150948 ], [ 13.222288, 52.4203567 ], [ 13.2457973, 52.4208011 ], [ 13.249844, 52.404964799999988 ], [ 13.2565632, 52.4065568 ], [ 13.2744576, 52.405137 ], [ 13.2961301, 52.4164513 ], [ 13.3119261, 52.3991855 ], [ 13.3432487, 52.4116199 ], [ 13.3430285, 52.407674199999981 ], [ 13.3721352, 52.3938238 ], [ 13.3704542, 52.3884639 ], [ 13.3872168, 52.3885842 ], [ 13.3885208, 52.377968499999973 ], [ 13.4209849, 52.3762471 ], [ 13.4275854, 52.386824 ], [ 13.4187727, 52.4099174 ], [ 13.4623216, 52.4206244 ], [ 13.4683375, 52.419432 ], [ 13.479885, 52.3959966 ], [ 13.5151651, 52.401434899999984 ], [ 13.5214807, 52.4014743 ], [ 13.5282632, 52.3983962 ], [ 13.5383794, 52.4006791 ], [ 13.5356636, 52.3890105 ], [ 13.5649053, 52.3882858 ], [ 13.5927621, 52.3941697 ], [ 13.5952286, 52.3868241 ], [ 13.6062957, 52.3796433 ], [ 13.6044388, 52.374206199999989 ], [ 13.6279499, 52.381790699999989 ], [ 13.6333914, 52.376283900000011 ], [ 13.6433646, 52.3773909 ], [ 13.641697, 52.3709539 ], [ 13.6468061, 52.370160499999983 ], [ 13.6471054, 52.3668755 ], [ 13.6386375, 52.3601617 ], [ 13.6362911, 52.347037900000011 ], [ 13.6426452, 52.340012299999984 ], [ 13.6484007, 52.338241800000013 ], [ 13.6710804, 52.366355699999986 ], [ 13.6819299, 52.3695675 ], [ 13.691573, 52.367712 ], [ 13.6999973, 52.3751213 ], [ 13.7005076, 52.3779523 ], [ 13.6968755, 52.377554 ], [ 13.6986332, 52.381585 ], [ 13.688062, 52.3829104 ], [ 13.686712, 52.3858184 ], [ 13.6906648, 52.3855705 ], [ 13.6977716, 52.3919074 ], [ 13.6989933, 52.390163200000011 ], [ 13.7164366, 52.3995274 ], [ 13.7233448, 52.398586099999989 ], [ 13.7345377, 52.4019761 ], [ 13.735166, 52.406001 ], [ 13.7387491, 52.407321799999984 ], [ 13.7295135, 52.417393499999989 ], [ 13.7379063, 52.4268747 ], [ 13.7413845, 52.426916 ], [ 13.7379586, 52.434137799999988 ], [ 13.7431181, 52.4339987 ], [ 13.7440602, 52.4380691 ], [ 13.7505361, 52.441459 ], [ 13.7542151, 52.4416115 ], [ 13.7522961, 52.4370815 ], [ 13.7595872, 52.4362719 ], [ 13.7590286, 52.4425794 ], [ 13.7541072, 52.443171699999986 ], [ 13.7532199, 52.447597699999989 ], [ 13.7291122, 52.450596800000014 ], [ 13.7164477, 52.4621943 ], [ 13.7013241, 52.468145499999984 ], [ 13.7053653, 52.4557664 ], [ 13.7044437, 52.4542643 ], [ 13.6984327, 52.4550802 ], [ 13.6968249, 52.4641604 ], [ 13.6825994, 52.4661849 ], [ 13.670661, 52.473062 ], [ 13.6600044, 52.4741164 ], [ 13.648215, 52.478782 ], [ 13.6406131, 52.4794846 ], [ 13.625808, 52.4737134 ], [ 13.6255086, 52.4683565 ], [ 13.6171279, 52.4711932 ], [ 13.6115173, 52.4706273 ], [ 13.6163974, 52.4748935 ], [ 13.6135383, 52.4757506 ], [ 13.6150108, 52.4808251 ], [ 13.6308004, 52.4941201 ], [ 13.6246707, 52.4951843 ], [ 13.6333188, 52.511826199999987 ], [ 13.6585725, 52.525811199999985 ], [ 13.6568956, 52.5298695 ], [ 13.6259068, 52.5301464 ], [ 13.6267324, 52.5377486 ], [ 13.6319412, 52.538144399999979 ], [ 13.6353587, 52.541628799999984 ], [ 13.5853871, 52.5484716 ], [ 13.5874943, 52.555267 ], [ 13.5815397, 52.5708819 ], [ 13.5755629, 52.5737616 ], [ 13.5675695, 52.573740099999981 ], [ 13.5598608, 52.581775099999987 ], [ 13.5471121, 52.5878848 ], [ 13.5224302, 52.5928525 ], [ 13.5081536, 52.5921833 ], [ 13.4967523, 52.6050935 ], [ 13.5058174, 52.625828399999989 ], [ 13.5176987, 52.6296359 ], [ 13.5231001, 52.6454302 ], [ 13.5188732, 52.647470799999986 ], [ 13.5127815, 52.6455619 ], [ 13.4908314, 52.6547287 ], [ 13.4852948, 52.6591313 ], [ 13.4882193, 52.6705512 ], [ 13.4756477, 52.666280699999987 ], [ 13.4793689, 52.6753788 ] ] ] } },
{ "type": "Feature", "properties": { "LAN": "Brandenburg" }, "geometry": { "type": "MultiPolygon", "coordinates": [ [ [ [ 12.5363066, 52.00288 ], [ 12.4988265, 52.008922899999988 ], [ 12.4849557, 52.0171498 ], [ 12.4806154, 52.0333351 ], [ 12.4607576, 52.0347205 ], [ 12.4530189, 52.0260483 ], [ 12.4500024, 52.0162129 ], [ 12.4345336, 52.0172078 ], [ 12.4268132, 52.0196756 ], [ 12.4202037, 52.0265245 ], [ 12.4058075, 52.031098 ], [ 12.3895994, 52.0435658 ], [ 12.3597774, 52.046500099999989 ], [ 12.3480851, 52.0592966 ], [ 12.3290302, 52.0696316 ], [ 12.3158235, 52.092371899999989 ], [ 12.3001422, 52.0962174 ], [ 12.292239, 52.1013838 ], [ 12.2767243, 52.104018 ], [ 12.2651101, 52.130659799999989 ], [ 12.24532, 52.138733 ], [ 12.2313043, 52.154951399999987 ], [ 12.2340038, 52.1627936 ], [ 12.2204663, 52.1666673 ], [ 12.2167831, 52.1700686 ], [ 12.2285852, 52.1859848 ], [ 12.2415604, 52.181981900000018 ], [ 12.2482918, 52.18422289999998 ], [ 12.2418001, 52.194277 ], [ 12.2536752, 52.2056463 ], [ 12.2452493, 52.2073889 ], [ 12.2489211, 52.2117372 ], [ 12.2602647, 52.216450699999989 ], [ 12.2676682, 52.2145087 ], [ 12.2788278, 52.2170428 ], [ 12.2889157, 52.2254394 ], [ 12.2930207, 52.224037499999987 ], [ 12.2972769, 52.2275454 ], [ 12.2956806, 52.229404699999989 ], [ 12.2868834, 52.2301025 ], [ 12.2837804, 52.2345128 ], [ 12.2645325, 52.2335474 ], [ 12.2617455, 52.2360985 ], [ 12.2642382, 52.2368895 ], [ 12.2752638, 52.2362739 ], [ 12.2706807, 52.2417225 ], [ 12.258008, 52.243153 ], [ 12.2615415, 52.246087599999989 ], [ 12.2446481, 52.248438199999981 ], [ 12.2546718, 52.2618851 ], [ 12.2511034, 52.264227299999988 ], [ 12.2510807, 52.2724349 ], [ 12.2627652, 52.2950716 ], [ 12.2815303, 52.3184163 ], [ 12.2900557, 52.3230023 ], [ 12.3081276, 52.3446965 ], [ 12.2977461, 52.3507991 ], [ 12.2979774, 52.3532786 ], [ 12.2838114, 52.364254499999987 ], [ 12.2860944, 52.368876299999989 ], [ 12.3006483, 52.3710868 ], [ 12.3059895, 52.3774332 ], [ 12.2942655, 52.38142 ], [ 12.2918074, 52.3861436 ], [ 12.2953662, 52.392423699999981 ], [ 12.3032916, 52.3975497 ], [ 12.302326, 52.405012799999987 ], [ 12.2994013, 52.4091138 ], [ 12.2923364, 52.4075371 ], [ 12.2748424, 52.412267599999986 ], [ 12.2744697, 52.4160619 ], [ 12.2969896, 52.4237781 ], [ 12.2892524, 52.430694899999985 ], [ 12.3026752, 52.4344931 ], [ 12.3022877, 52.438811799999989 ], [ 12.3075683, 52.444309 ], [ 12.3032474, 52.4459571 ], [ 12.3043427, 52.450501499999987 ], [ 12.3166837, 52.4523848 ], [ 12.3150812, 52.4604602 ], [ 12.3251162, 52.4642306 ], [ 12.325259, 52.472090699999988 ], [ 12.3307815, 52.4785557 ], [ 12.3274569, 52.4794869 ], [ 12.316861, 52.4750394 ], [ 12.3082953, 52.480289799999987 ], [ 12.3130516, 52.4897086 ], [ 12.327666, 52.4914128 ], [ 12.3298893, 52.496860399999989 ], [ 12.3106883, 52.4908731 ], [ 12.2971431, 52.4961408 ], [ 12.294374, 52.4924641 ], [ 12.2853037, 52.492604 ], [ 12.2784445, 52.487183699999989 ], [ 12.2714453, 52.4874808 ], [ 12.2700052, 52.4936711 ], [ 12.262452, 52.495470199999986 ], [ 12.2700834, 52.5009984 ], [ 12.2599217, 52.5042326 ], [ 12.2582162, 52.5178854 ], [ 12.2467675, 52.518861499999979 ], [ 12.2449836, 52.5215229 ], [ 12.2361174, 52.5237198 ], [ 12.2310469, 52.521876799999987 ], [ 12.2321827, 52.5169221 ], [ 12.2239982, 52.5115255 ], [ 12.2277641, 52.505948499999988 ], [ 12.2216795, 52.500665399999988 ], [ 12.2174613, 52.500212899999987 ], [ 12.2115, 52.5031312 ], [ 12.2039744, 52.4978768 ], [ 12.1905848, 52.498866 ], [ 12.1847042, 52.4957761 ], [ 12.170367, 52.5069748 ], [ 12.1672948, 52.5149854 ], [ 12.1854668, 52.5270203 ], [ 12.1886895, 52.5324228 ], [ 12.1796039, 52.533663499999989 ], [ 12.1738884, 52.5386924 ], [ 12.1581982, 52.534216699999988 ], [ 12.1546364, 52.5296964 ], [ 12.1418114, 52.5283942 ], [ 12.1434878, 52.5368676 ], [ 12.1494385, 52.5405466 ], [ 12.1593096, 52.5609903 ], [ 12.1810781, 52.5751771 ], [ 12.1767278, 52.576496899999988 ], [ 12.1733847, 52.5822549 ], [ 12.1733978, 52.5995963 ], [ 12.1765653, 52.606469199999985 ], [ 12.1702878, 52.6076985 ], [ 12.1755684, 52.6173304 ], [ 12.1691333, 52.616753899999985 ], [ 12.1719702, 52.625946600000013 ], [ 12.203537, 52.6187461 ], [ 12.2126485, 52.625099899999988 ], [ 12.2368726, 52.628877 ], [ 12.2308459, 52.629755 ], [ 12.2310016, 52.6398896 ], [ 12.2366771, 52.6409775 ], [ 12.2378901, 52.6455563 ], [ 12.2325238, 52.653611399999988 ], [ 12.2355144, 52.65445 ], [ 12.2337942, 52.6596734 ], [ 12.2379424, 52.662501099999986 ], [ 12.2345791, 52.6643645 ], [ 12.2392993, 52.6658185 ], [ 12.2393521, 52.671736 ], [ 12.2353815, 52.6803646 ], [ 12.2268123, 52.6837972 ], [ 12.2328767, 52.689044 ], [ 12.2227737, 52.688450799999984 ], [ 12.220879, 52.690439199999986 ], [ 12.2175419, 52.699821899999989 ], [ 12.2241855, 52.702785399999982 ], [ 12.203919, 52.7133526 ], [ 12.2101818, 52.7154657 ], [ 12.2098436, 52.7176222 ], [ 12.204803, 52.719824799999984 ], [ 12.1998551, 52.717200399999989 ], [ 12.1975485, 52.718375 ], [ 12.2047062, 52.7249703 ], [ 12.2027718, 52.7259873 ], [ 12.2059569, 52.726514 ], [ 12.2012943, 52.7290038 ], [ 12.2093618, 52.732044099999982 ], [ 12.2094355, 52.7352021 ], [ 12.2205533, 52.7364837 ], [ 12.2231687, 52.7397473 ], [ 12.2184242, 52.7435292 ], [ 12.2212905, 52.7452243 ], [ 12.2194471, 52.7509149 ], [ 12.2091603, 52.7531804 ], [ 12.2059584, 52.760910499999987 ], [ 12.208377, 52.7636735 ], [ 12.2148686, 52.7639956 ], [ 12.2118474, 52.7660169 ], [ 12.2131325, 52.773607399999989 ], [ 12.2235073, 52.7756965 ], [ 12.2235585, 52.7870491 ], [ 12.2207994, 52.7897414 ], [ 12.2305275, 52.789812399999988 ], [ 12.2438854, 52.7865304 ], [ 12.2492033, 52.7918622 ], [ 12.2477241, 52.7965153 ], [ 12.2555811, 52.798596299999986 ], [ 12.2524889, 52.8037314 ], [ 12.2575364, 52.804908499999989 ], [ 12.2436696, 52.820685399999988 ], [ 12.2372566, 52.8392872 ], [ 12.2396835, 52.8436758 ], [ 12.2318753, 52.8506673 ], [ 12.2340568, 52.8593777 ], [ 12.2173912, 52.8659845 ], [ 12.2140563, 52.861667 ], [ 12.2099555, 52.8624169 ], [ 12.2083872, 52.8664953 ], [ 12.1999502, 52.8708763 ], [ 12.1969365, 52.877978 ], [ 12.1721895, 52.864702 ], [ 12.1237147, 52.8537958 ], [ 12.1331164, 52.8657761 ], [ 12.1202131, 52.875513899999987 ], [ 12.1226217, 52.8885015 ], [ 12.1284854, 52.8926488 ], [ 12.1246013, 52.8935859 ], [ 12.1126231, 52.8757291 ], [ 12.0813833, 52.8770819 ], [ 12.0811505, 52.8824812 ], [ 12.0764751, 52.8863964 ], [ 12.0662799, 52.8837302 ], [ 12.0675448, 52.8861408 ], [ 12.0608661, 52.8881682 ], [ 12.0554651, 52.8889512 ], [ 12.0481526, 52.8859136 ], [ 12.0429996, 52.888853199999986 ], [ 12.0292252, 52.8881459 ], [ 12.0226142, 52.8903703 ], [ 12.0061195, 52.8874619 ], [ 12.0053183, 52.8817976 ], [ 11.9904784, 52.8812162 ], [ 11.9872514, 52.8767325 ], [ 11.9815503, 52.8760288 ], [ 11.9619236, 52.8809902 ], [ 11.9594447, 52.8799275 ], [ 11.9489842, 52.8876758 ], [ 11.932253, 52.8915789 ], [ 11.8973354, 52.8933624 ], [ 11.8715084, 52.9088738 ], [ 11.8339975, 52.910361099999989 ], [ 11.8250114, 52.9157735 ], [ 11.8230921, 52.9232576 ], [ 11.8295159, 52.9305968 ], [ 11.8479275, 52.9410315 ], [ 11.8493817, 52.9472556 ], [ 11.84603, 52.9515998 ], [ 11.8289013, 52.9572734 ], [ 11.8111208, 52.9570951 ], [ 11.7863039, 52.9609583 ], [ 11.764193, 52.981411399999985 ], [ 11.7437898, 52.9885447 ], [ 11.7320196, 52.9885654 ], [ 11.7025693, 52.9778095 ], [ 11.6902409, 52.9791264 ], [ 11.6830248, 52.9861558 ], [ 11.6840578, 52.9997402 ], [ 11.6771651, 53.0081372 ], [ 11.6677402, 53.009679 ], [ 11.6457531, 53.005384 ], [ 11.6332671, 53.007892299999988 ], [ 11.626327, 53.0126474 ], [ 11.6270295, 53.0216613 ], [ 11.6414967, 53.0328549 ], [ 11.6375808, 53.0394996 ], [ 11.622004, 53.041702699999988 ], [ 11.5963908, 53.035660199999974 ], [ 11.5846617, 53.0353067 ], [ 11.5653467, 53.04100589999998 ], [ 11.5481037, 53.0523934 ], [ 11.5237809, 53.0471359 ], [ 11.5111678, 53.0479309 ], [ 11.4936047, 53.0546474 ], [ 11.4637747, 53.0744223 ], [ 11.4483794, 53.0783816 ], [ 11.4025889, 53.0723727 ], [ 11.3575795, 53.055939800000012 ], [ 11.3402036, 53.054757099999989 ], [ 11.3285, 53.060842499999985 ], [ 11.3097741, 53.077860699999988 ], [ 11.2876946, 53.0867582 ], [ 11.2731594, 53.0972187 ], [ 11.2677544, 53.1041928 ], [ 11.2657319, 53.1219779 ], [ 11.2829671, 53.1214372 ], [ 11.2904174, 53.1169035 ], [ 11.3000013, 53.1164186 ], [ 11.3102478, 53.1162342 ], [ 11.3172355, 53.120008299999988 ], [ 11.3247236, 53.1193017 ], [ 11.3366175, 53.1137462 ], [ 11.3607163, 53.116221199999977 ], [ 11.3689923, 53.114363 ], [ 11.3709084, 53.1115559 ], [ 11.3832978, 53.1109496 ], [ 11.3867927, 53.1125512 ], [ 11.3937678, 53.110302599999983 ], [ 11.4005682, 53.1158184 ], [ 11.391801, 53.129654199999983 ], [ 11.3956275, 53.140000199999989 ], [ 11.4046999, 53.136909199999977 ], [ 11.4139032, 53.136698 ], [ 11.4217642, 53.1409484 ], [ 11.4386726, 53.1366928 ], [ 11.4608352, 53.1402312 ], [ 11.4737075, 53.1346094 ], [ 11.4734301, 53.127251499999986 ], [ 11.4840813, 53.1290334 ], [ 11.5004841, 53.126421099999988 ], [ 11.5022232, 53.1213861 ], [ 11.5100493, 53.1255433 ], [ 11.5345721, 53.1253183 ], [ 11.5363723, 53.129242 ], [ 11.5485109, 53.1308225 ], [ 11.5469428, 53.1347463 ], [ 11.5559618, 53.1387789 ], [ 11.5500833, 53.1510743 ], [ 11.5565248, 53.1504195 ], [ 11.5558693, 53.154094 ], [ 11.5693649, 53.1660949 ], [ 11.5689324, 53.1704766 ], [ 11.5625533, 53.175827 ], [ 11.5670797, 53.1824949 ], [ 11.5578238, 53.1848586 ], [ 11.5597857, 53.1874104 ], [ 11.5567096, 53.1942432 ], [ 11.5605799, 53.202673199999978 ], [ 11.5515865, 53.2084073 ], [ 11.561554, 53.2124165 ], [ 11.5760774, 53.212025699999984 ], [ 11.5889571, 53.2158411 ], [ 11.5990427, 53.2249828 ], [ 11.6168458, 53.2306038 ], [ 11.619701, 53.237683299999986 ], [ 11.6292373, 53.2422245 ], [ 11.6401992, 53.238648 ], [ 11.6536202, 53.2391677 ], [ 11.6670111, 53.244218499999988 ], [ 11.6909519, 53.2417564 ], [ 11.6954292, 53.244379599999988 ], [ 11.7000178, 53.243978 ], [ 11.7085236, 53.2374964 ], [ 11.7073716, 53.234237699999987 ], [ 11.7136258, 53.2328368 ], [ 11.7146254, 53.2305077 ], [ 11.7275267, 53.2316646 ], [ 11.7293298, 53.2171518 ], [ 11.7483568, 53.219912 ], [ 11.769071, 53.227491099999988 ], [ 11.7877035, 53.2286953 ], [ 11.7944804, 53.2262263 ], [ 11.8084703, 53.2264487 ], [ 11.8183445, 53.229058 ], [ 11.8288936, 53.228655 ], [ 11.8287332, 53.2312256 ], [ 11.8329913, 53.2320356 ], [ 11.8296102, 53.2365081 ], [ 11.817225, 53.2452514 ], [ 11.8035651, 53.246864199999983 ], [ 11.7960672, 53.2533482 ], [ 11.8166704, 53.2541894 ], [ 11.8617468, 53.2482169 ], [ 11.866859, 53.2565514 ], [ 11.8898612, 53.2690511 ], [ 11.892603, 53.278981099999989 ], [ 11.9047015, 53.2745904 ], [ 11.9454179, 53.2743359 ], [ 11.948063, 53.2717696 ], [ 11.9542488, 53.273809 ], [ 11.9562175, 53.2787963 ], [ 11.9657086, 53.2852263 ], [ 11.9738579, 53.2991595 ], [ 11.9864702, 53.2998254 ], [ 11.9876955, 53.2956611 ], [ 11.9970667, 53.293905599999981 ], [ 12.0028206, 53.299644299999983 ], [ 12.0185301, 53.2995947 ], [ 12.0236395, 53.3041431 ], [ 12.0185061, 53.3154347 ], [ 12.0220751, 53.3212887 ], [ 12.0146109, 53.3344236 ], [ 12.0387119, 53.3450821 ], [ 12.0564189, 53.3496575 ], [ 12.0515185, 53.3602209 ], [ 12.0471572, 53.360953099999989 ], [ 12.0513716, 53.3668688 ], [ 12.045285, 53.3709876 ], [ 12.0616235, 53.371419399999979 ], [ 12.0775468, 53.3693868 ], [ 12.0820776, 53.3462987 ], [ 12.0920892, 53.3448564 ], [ 12.1091731, 53.343806099999988 ], [ 12.1084613, 53.3499386 ], [ 12.1346853, 53.3485697 ], [ 12.1394413, 53.3614167 ], [ 12.1412616, 53.359055100000013 ], [ 12.1519511, 53.3615052 ], [ 12.1565078, 53.3497171 ], [ 12.1685605, 53.339117 ], [ 12.1868484, 53.3433349 ], [ 12.1862147, 53.3507017 ], [ 12.1911197, 53.3539511 ], [ 12.2121851, 53.353161099999987 ], [ 12.2294353, 53.3581605 ], [ 12.2364302, 53.341979 ], [ 12.2452939, 53.333013499999986 ], [ 12.2600074, 53.327722799999989 ], [ 12.2574678, 53.325019 ], [ 12.2602075, 53.3239122 ], [ 12.2718354, 53.3240596 ], [ 12.2795591, 53.3278121 ], [ 12.2913033, 53.3286768 ], [ 12.3107653, 53.327241699999981 ], [ 12.3110216, 53.3232182 ], [ 12.3429986, 53.3159152 ], [ 12.3633128, 53.3067113 ], [ 12.3739742, 53.305862399999988 ], [ 12.3812506, 53.3023494 ], [ 12.3942478, 53.3018054 ], [ 12.3982322, 53.294659099999983 ], [ 12.3918323, 53.2850569 ], [ 12.4004251, 53.279186199999984 ], [ 12.4098428, 53.2796799 ], [ 12.4280086, 53.2749876 ], [ 12.4320641, 53.270813 ], [ 12.4315799, 53.262580199999981 ], [ 12.4453122, 53.2499283 ], [ 12.467091, 53.256234199999987 ], [ 12.4976309, 53.2552009 ], [ 12.5027858, 53.2577782 ], [ 12.5024006, 53.2621723 ], [ 12.5297683, 53.2647883 ], [ 12.5499134, 53.2619805 ], [ 12.566319, 53.2559055 ], [ 12.5981524, 53.248527699999983 ], [ 12.6011771, 53.2450786 ], [ 12.6060467, 53.2443955 ], [ 12.6172822, 53.251502 ], [ 12.6241067, 53.251763499999988 ], [ 12.6284192, 53.2545552 ], [ 12.6605572, 53.2544096 ], [ 12.6656913, 53.2532912 ], [ 12.6682886, 53.248164499999987 ], [ 12.6756576, 53.2477192 ], [ 12.6662398, 53.2415556 ], [ 12.665541, 53.2386185 ], [ 12.6694388, 53.2371109 ], [ 12.663967, 53.234950600000012 ], [ 12.6711791, 53.2295046 ], [ 12.682614, 53.2264607 ], [ 12.6958115, 53.227046299999984 ], [ 12.7157943, 53.224519299999976 ], [ 12.7227382, 53.2216688 ], [ 12.7422715, 53.223048299999988 ], [ 12.7468826, 53.225474299999988 ], [ 12.757411, 53.2243528 ], [ 12.7495085, 53.2063281 ], [ 12.739493, 53.19960159999998 ], [ 12.7591466, 53.195003499999984 ], [ 12.7643814, 53.1889305 ], [ 12.7849204, 53.187844799999986 ], [ 12.7902766, 53.191233899999986 ], [ 12.7990873, 53.1910687 ], [ 12.8088795, 53.197647 ], [ 12.8129254, 53.1974088 ], [ 12.8102594, 53.1953997 ], [ 12.8148718, 53.1919762 ], [ 12.8171676, 53.1960605 ], [ 12.8207875, 53.19342 ], [ 12.8246923, 53.197051 ], [ 12.8379117, 53.197257799999988 ], [ 12.8459792, 53.2014022 ], [ 12.8588716, 53.1881773 ], [ 12.8673656, 53.186813099999988 ], [ 12.8801096, 53.1796901 ], [ 12.8894923, 53.1804047 ], [ 12.8920399, 53.1879503 ], [ 12.9019253, 53.1899656 ], [ 12.9037111, 53.1936001 ], [ 12.9128419, 53.1951742 ], [ 12.9253158, 53.1959798 ], [ 12.9297375, 53.1944172 ], [ 12.928832, 53.1907655 ], [ 12.9192653, 53.188050499999989 ], [ 12.9199657, 53.1863768 ], [ 12.9343979, 53.188227 ], [ 12.942431, 53.1859265 ], [ 12.9439273, 53.1909226 ], [ 12.9371147, 53.194315499999988 ], [ 12.9488665, 53.199274 ], [ 12.9642449, 53.200391499999988 ], [ 12.9768809, 53.1973665 ], [ 12.9794335, 53.1905516 ], [ 12.9623331, 53.1851859 ], [ 12.9613824, 53.181023 ], [ 12.9472269, 53.178447 ], [ 12.9419984, 53.174315499999985 ], [ 12.9472716, 53.1725013 ], [ 12.9615136, 53.1777377 ], [ 12.965154, 53.1759144 ], [ 12.9685175, 53.1663663 ], [ 12.9804663, 53.1625266 ], [ 12.9844168, 53.1668725 ], [ 12.9915444, 53.1685551 ], [ 13.0062036, 53.167284699999982 ], [ 13.0091333, 53.1728501 ], [ 13.0132291, 53.172166299999986 ], [ 13.0200372, 53.17571 ], [ 13.0187275, 53.185246 ], [ 13.0280112, 53.1855914 ], [ 13.0424145, 53.1964994 ], [ 13.0691295, 53.2036404 ], [ 13.0730873, 53.2003554 ], [ 13.0795329, 53.2001838 ], [ 13.0784318, 53.204668 ], [ 13.0820573, 53.2100509 ], [ 13.0857477, 53.2103105 ], [ 13.08727, 53.215400199999983 ], [ 13.0938091, 53.2170881 ], [ 13.0974772, 53.212989899999982 ], [ 13.106564, 53.215152599999989 ], [ 13.1082777, 53.2255494 ], [ 13.1032622, 53.2355404 ], [ 13.1099256, 53.2402283 ], [ 13.1230201, 53.2405872 ], [ 13.1290721, 53.236985799999985 ], [ 13.1329768, 53.2373175 ], [ 13.1374116, 53.2446181 ], [ 13.1522209, 53.251114 ], [ 13.1525503, 53.2460382 ], [ 13.1637965, 53.2497599 ], [ 13.1709151, 53.250033299999984 ], [ 13.1752039, 53.2471758 ], [ 13.1819143, 53.2507341 ], [ 13.1903957, 53.240696199999988 ], [ 13.1905479, 53.2349585 ], [ 13.202681, 53.2221207 ], [ 13.2293919, 53.216586899999989 ], [ 13.2388335, 53.225509699999975 ], [ 13.2369192, 53.2272933 ], [ 13.2419679, 53.237137199999985 ], [ 13.2396514, 53.238943 ], [ 13.2436425, 53.2394743 ], [ 13.251243, 53.2473898 ], [ 13.2437512, 53.248691099999988 ], [ 13.2478581, 53.2568379 ], [ 13.2536997, 53.2600707 ], [ 13.2527142, 53.2623054 ], [ 13.2572808, 53.2614473 ], [ 13.2753139, 53.2650608 ], [ 13.2844156, 53.275674699999982 ], [ 13.2881521, 53.275203 ], [ 13.2978018, 53.280892499999986 ], [ 13.3370757, 53.2734278 ], [ 13.3492032, 53.2782585 ], [ 13.3604506, 53.2779989 ], [ 13.3686018, 53.2710378 ], [ 13.3706324, 53.261759199999979 ], [ 13.3822054, 53.250396799999983 ], [ 13.38611, 53.2504758 ], [ 13.3865338, 53.2440546 ], [ 13.3889921, 53.2427351 ], [ 13.4051747, 53.2464182 ], [ 13.4076838, 53.2626309 ], [ 13.4132602, 53.2630202 ], [ 13.4209204, 53.2696436 ], [ 13.4315102, 53.284551 ], [ 13.4351297, 53.2827824 ], [ 13.4424013, 53.286485 ], [ 13.4341356, 53.2899392 ], [ 13.4387308, 53.291988 ], [ 13.4349498, 53.294723 ], [ 13.4382081, 53.2997332 ], [ 13.4561853, 53.297955 ], [ 13.4565012, 53.2930451 ], [ 13.4612829, 53.288693 ], [ 13.4830639, 53.2912034 ], [ 13.4973273, 53.302231599999985 ], [ 13.496419, 53.306633 ], [ 13.5072674, 53.3162329 ], [ 13.5028425, 53.3273332 ], [ 13.5101144, 53.3174494 ], [ 13.5235314, 53.3200846 ], [ 13.5229857, 53.3346916 ], [ 13.519634, 53.337967299999988 ], [ 13.5248254, 53.3430717 ], [ 13.5252614, 53.3510204 ], [ 13.5168543, 53.3520925 ], [ 13.5259974, 53.366347 ], [ 13.5434245, 53.364032199999983 ], [ 13.547431, 53.3718993 ], [ 13.5563699, 53.3760924 ], [ 13.5567957, 53.379639399999981 ], [ 13.5502066, 53.3809364 ], [ 13.5541758, 53.3830686 ], [ 13.5565871, 53.391562699999987 ], [ 13.5462065, 53.394195 ], [ 13.5501122, 53.3990813 ], [ 13.5640635, 53.4007595 ], [ 13.5736187, 53.4080934 ], [ 13.5893114, 53.409697 ], [ 13.593482, 53.4077842 ], [ 13.596606, 53.410458 ], [ 13.6065251, 53.4112873 ], [ 13.6105089, 53.4137591 ], [ 13.6176072, 53.413012699999982 ], [ 13.6190497, 53.4089464 ], [ 13.625217, 53.4093026 ], [ 13.6360173, 53.4235186 ], [ 13.6288412, 53.4319998 ], [ 13.6372995, 53.4325841 ], [ 13.6388864, 53.4380555 ], [ 13.6338982, 53.4398675 ], [ 13.6405002, 53.4472388 ], [ 13.6512897, 53.4436909 ], [ 13.65523, 53.4475747 ], [ 13.6542999, 53.4514034 ], [ 13.6625623, 53.457739699999983 ], [ 13.6719564, 53.4595122 ], [ 13.6803628, 53.4652356 ], [ 13.7029922, 53.473645199999986 ], [ 13.7153998, 53.482260899999972 ], [ 13.7357813, 53.4814131 ], [ 13.7413728, 53.485807 ], [ 13.7529761, 53.478275599999989 ], [ 13.7789393, 53.474215199999989 ], [ 13.80203, 53.4780271 ], [ 13.8120794, 53.483944 ], [ 13.8271024, 53.498713699999982 ], [ 13.8089747, 53.5018008 ], [ 13.8014597, 53.4979563 ], [ 13.792463, 53.510942 ], [ 13.7776574, 53.5137053 ], [ 13.780431, 53.521553 ], [ 13.7763761, 53.5312901 ], [ 13.7842419, 53.5518363 ], [ 13.7913472, 53.558577899999989 ], [ 13.8005705, 53.558254599999984 ], [ 13.7984633, 53.545689599999989 ], [ 13.823875, 53.521137 ], [ 13.8217285, 53.5181103 ], [ 13.8484047, 53.5143106 ], [ 13.8792681, 53.50414 ], [ 13.8739246, 53.4905949 ], [ 13.8762281, 53.4870145 ], [ 13.8845902, 53.4853367 ], [ 13.8755918, 53.4734662 ], [ 13.9182134, 53.4559985 ], [ 13.9175055, 53.446527 ], [ 13.9062876, 53.4438829 ], [ 13.9113943, 53.4365397 ], [ 13.9028935, 53.432025 ], [ 13.9075537, 53.4262398 ], [ 13.9163733, 53.4222663 ], [ 13.9464928, 53.4308106 ], [ 13.9620797, 53.4298969 ], [ 14.0012169, 53.4349916 ], [ 14.0065911, 53.4304109 ], [ 14.0456041, 53.4294254 ], [ 14.050578, 53.4139879 ], [ 14.0566128, 53.4125152 ], [ 14.0712008, 53.414993699999989 ], [ 14.0822239, 53.410911700000014 ], [ 14.0822858, 53.415575899999986 ], [ 14.0939224, 53.42212 ], [ 14.1054261, 53.4224261 ], [ 14.1218438, 53.4417076 ], [ 14.1340101, 53.4390382 ], [ 14.1367598, 53.4410012 ], [ 14.1710429, 53.4248011 ], [ 14.1842569, 53.4223185 ], [ 14.2059111, 53.4230269 ], [ 14.2246614, 53.434248 ], [ 14.2373565, 53.4276575 ], [ 14.2417905, 53.422437299999984 ], [ 14.237361, 53.4146867 ], [ 14.2432715, 53.39875989999998 ], [ 14.2424968, 53.389316899999983 ], [ 14.2293386, 53.3657173 ], [ 14.2028486, 53.3405844 ], [ 14.1096535, 53.2826383 ], [ 14.0988173, 53.2616719 ], [ 14.1247891, 53.260225199999987 ], [ 14.1602391, 53.2678107 ], [ 14.1759766, 53.2620717 ], [ 14.1864417, 53.2605638 ], [ 14.2001595, 53.2617724 ], [ 14.2110578, 53.2548137 ], [ 14.2660484, 53.259594899999989 ], [ 14.2621887, 53.2766024 ], [ 14.3018543, 53.2862236 ], [ 14.3165694, 53.3123356 ], [ 14.3486605, 53.3099697 ], [ 14.3502448, 53.313756 ], [ 14.361934, 53.315212100000011 ], [ 14.3616427, 53.3175616 ], [ 14.3748171, 53.315592899999984 ], [ 14.3815432, 53.3238869 ], [ 14.3991952, 53.329841 ], [ 14.4076267, 53.3301496 ], [ 14.412381, 53.3295934 ], [ 14.4154976, 53.3242993 ], [ 14.4067745, 53.308711 ], [ 14.4149875, 53.301865799999987 ], [ 14.4212166, 53.2761367 ], [ 14.4452977, 53.274445099999987 ], [ 14.4505703, 53.2622499 ], [ 14.4351898, 53.2487124 ], [ 14.4308084, 53.2391321 ], [ 14.4084957, 53.2232035 ], [ 14.4052168, 53.2102297 ], [ 14.3993217, 53.2068082 ], [ 14.377273, 53.2017483 ], [ 14.3745804, 53.1878191 ], [ 14.366255, 53.1719886 ], [ 14.3711077, 53.157289199999987 ], [ 14.3877373, 53.143025699999988 ], [ 14.3832483, 53.1369749 ], [ 14.3790241, 53.1129041 ], [ 14.3701734, 53.1045975 ], [ 14.3712243, 53.0945633 ], [ 14.3667143, 53.0806096 ], [ 14.3485707, 53.0547183 ], [ 14.3379896, 53.0465812 ], [ 14.3233879, 53.041648 ], [ 14.2916191, 53.020010299999988 ], [ 14.2685506, 53.009951199999989 ], [ 14.2589601, 53.0029833 ], [ 14.2356024, 52.9931883 ], [ 14.2068599, 52.9875408 ], [ 14.1895055, 52.9797508 ], [ 14.1727856, 52.9755848 ], [ 14.1622264, 52.9652726 ], [ 14.1436578, 52.9613654 ], [ 14.1388466, 52.9517792 ], [ 14.1441237, 52.9448973 ], [ 14.142646, 52.9332489 ], [ 14.150204, 52.916279599999989 ], [ 14.1523134, 52.9006436 ], [ 14.1615956, 52.888095 ], [ 14.1577145, 52.8747543 ], [ 14.1298491, 52.8527172 ], [ 14.122985, 52.84402859999998 ], [ 14.1229269, 52.8376571 ], [ 14.1300879, 52.8283152 ], [ 14.1432619, 52.8238513 ], [ 14.2064023, 52.819336399999983 ], [ 14.2174901, 52.8168725 ], [ 14.2300787, 52.805025599999986 ], [ 14.2788103, 52.7744545 ], [ 14.3049919, 52.7655139 ], [ 14.3216813, 52.762638499999987 ], [ 14.3510424, 52.7515072 ], [ 14.360872, 52.7406147 ], [ 14.3734948, 52.7366638 ], [ 14.3837173, 52.7256124 ], [ 14.4048959, 52.711388299999989 ], [ 14.4134887, 52.700836599999988 ], [ 14.4239883, 52.696174199999987 ], [ 14.4330232, 52.6814732 ], [ 14.4500411, 52.6783879 ], [ 14.4577502, 52.673930399999989 ], [ 14.4651046, 52.6613256 ], [ 14.5096763, 52.64160960000001 ], [ 14.5673218, 52.623687299999986 ], [ 14.5961553, 52.610662099999985 ], [ 14.6082252, 52.599568899999987 ], [ 14.6137087, 52.5866124 ], [ 14.6391106, 52.572998899999988 ], [ 14.6372928, 52.5662883 ], [ 14.6157112, 52.5542107 ], [ 14.6133559, 52.5440146 ], [ 14.6039215, 52.5313398 ], [ 14.6127347, 52.5103868 ], [ 14.631681, 52.5018119 ], [ 14.6345412, 52.4923374 ], [ 14.6265268, 52.483821599999985 ], [ 14.6133915, 52.4771739 ], [ 14.6087944, 52.463865600000013 ], [ 14.5792373, 52.4417512 ], [ 14.5593973, 52.4389642 ], [ 14.5495274, 52.433622899999982 ], [ 14.5442114, 52.4259751 ], [ 14.5466385, 52.412851499999988 ], [ 14.5360634, 52.4013813 ], [ 14.5343572, 52.3950078 ], [ 14.5521233, 52.374053699999983 ], [ 14.5521313, 52.3537333 ], [ 14.5624953, 52.3398179 ], [ 14.5610277, 52.3286084 ], [ 14.5762014, 52.321482 ], [ 14.5782266, 52.3131712 ], [ 14.5849219, 52.3064578 ], [ 14.5842477, 52.3024273 ], [ 14.5747516, 52.2955626 ], [ 14.5760396, 52.2883667 ], [ 14.5875399, 52.283498 ], [ 14.5964785, 52.2729327 ], [ 14.6171227, 52.2714679 ], [ 14.6413531, 52.26366 ], [ 14.692154, 52.255946 ], [ 14.7157469, 52.2358836 ], [ 14.7083881, 52.2117467 ], [ 14.6885415, 52.1989034 ], [ 14.6851771, 52.19408439999998 ], [ 14.7012051, 52.180279 ], [ 14.7054155, 52.1696263 ], [ 14.7030869, 52.1642848 ], [ 14.6795849, 52.144929499999989 ], [ 14.6842102, 52.124190799999987 ], [ 14.6815955, 52.1166518 ], [ 14.6878009, 52.1073349 ], [ 14.7003474, 52.0981187 ], [ 14.7243035, 52.0935156 ], [ 14.7412841, 52.085227599999989 ], [ 14.7590426, 52.064762 ], [ 14.7564437, 52.0599734 ], [ 14.7452431, 52.0538499 ], [ 14.7457127, 52.0465442 ], [ 14.749782, 52.0430384 ], [ 14.7482631, 52.031830199999987 ], [ 14.7403655, 52.0290754 ], [ 14.7413104, 52.0234106 ], [ 14.726712, 52.0139288 ], [ 14.7252465, 52.0082326 ], [ 14.7140497, 52.0036922 ], [ 14.7213929, 51.993818499999989 ], [ 14.7162038, 51.9824338 ], [ 14.7069792, 51.9795709 ], [ 14.7047083, 51.9766188 ], [ 14.7079616, 51.9645258 ], [ 14.721231, 51.9511621 ], [ 14.7187987, 51.9413104 ], [ 14.7071573, 51.9358756 ], [ 14.7033683, 51.930847 ], [ 14.7054913, 51.9235549 ], [ 14.6995974, 51.9141857 ], [ 14.6912687, 51.908056699999989 ], [ 14.6942592, 51.901984599999984 ], [ 14.680535, 51.8951265 ], [ 14.6744701, 51.894418699999981 ], [ 14.6743732, 51.889559 ], [ 14.6631175, 51.8905129 ], [ 14.6612333, 51.886610799999978 ], [ 14.6545715, 51.883361199999989 ], [ 14.6526278, 51.8743564 ], [ 14.6467795, 51.872317399999986 ], [ 14.6433574, 51.8668689 ], [ 14.6346355, 51.865380299999984 ], [ 14.6244692, 51.858229099999988 ], [ 14.6110018, 51.8570117 ], [ 14.6071375, 51.8522444 ], [ 14.6118849, 51.8450524 ], [ 14.6041403, 51.8478884 ], [ 14.6051992, 51.840414599999988 ], [ 14.6024203, 51.8394609 ], [ 14.5961373, 51.8422098 ], [ 14.5901576, 51.838145699999984 ], [ 14.5931335, 51.8306462 ], [ 14.5896172, 51.82647 ], [ 14.5901444, 51.82101 ], [ 14.5971531, 51.8173082 ], [ 14.6067136, 51.8040394 ], [ 14.613647, 51.804051099999988 ], [ 14.6227816, 51.8004543 ], [ 14.6331095, 51.8013556 ], [ 14.6360612, 51.7976936 ], [ 14.645118, 51.7958184 ], [ 14.6538235, 51.783566 ], [ 14.6547365, 51.7680906 ], [ 14.6504566, 51.7620777 ], [ 14.6641375, 51.7567047 ], [ 14.6576201, 51.7535369 ], [ 14.6600295, 51.7487579 ], [ 14.6562146, 51.7413053 ], [ 14.6681237, 51.72583 ], [ 14.6777166, 51.722689299999985 ], [ 14.6909148, 51.7082739 ], [ 14.7014413, 51.7047736 ], [ 14.7289542, 51.688511799999986 ], [ 14.7368436, 51.688227399999981 ], [ 14.737768, 51.6785074 ], [ 14.7476149, 51.6752883 ], [ 14.7577515, 51.6610461 ], [ 14.7509788, 51.6522609 ], [ 14.7558891, 51.6457221 ], [ 14.7535315, 51.627397 ], [ 14.7624691, 51.620144799999984 ], [ 14.7656353, 51.6117219 ], [ 14.761028, 51.602507499999987 ], [ 14.7532714, 51.599237 ], [ 14.7514001, 51.595294399999979 ], [ 14.7414842, 51.592587699999989 ], [ 14.7298656, 51.581777 ], [ 14.7206121, 51.5863619 ], [ 14.7111638, 51.5957649 ], [ 14.6966477, 51.5966608 ], [ 14.7064517, 51.5764602 ], [ 14.6927592, 51.5763352 ], [ 14.6957534, 51.5746067 ], [ 14.6911424, 51.5627861 ], [ 14.6740128, 51.5506454 ], [ 14.6638996, 51.5529773 ], [ 14.6639965, 51.5545474 ], [ 14.6396041, 51.554291099999986 ], [ 14.6315815, 51.550825 ], [ 14.6098869, 51.550149799999986 ], [ 14.6037448, 51.555116399999982 ], [ 14.6063665, 51.55722789999998 ], [ 14.6017779, 51.561335600000014 ], [ 14.5990262, 51.5717499 ], [ 14.5940132, 51.574183399999981 ], [ 14.583064, 51.5746353 ], [ 14.5804844, 51.58041 ], [ 14.5696351, 51.5811905 ], [ 14.5605818, 51.5734613 ], [ 14.5538324, 51.571932 ], [ 14.5444383, 51.5736152 ], [ 14.5474872, 51.5636175 ], [ 14.5451851, 51.5617774 ], [ 14.5250761, 51.558630799999989 ], [ 14.5154537, 51.5542348 ], [ 14.508608, 51.5581909 ], [ 14.5064742, 51.556829 ], [ 14.4998569, 51.5594037 ], [ 14.4540703, 51.556372 ], [ 14.4467354, 51.5527276 ], [ 14.4477708, 51.5420689 ], [ 14.441311, 51.5446138 ], [ 14.4094379, 51.5372089 ], [ 14.3988771, 51.541789 ], [ 14.3871585, 51.5417709 ], [ 14.3866887, 51.534020599999984 ], [ 14.3758665, 51.533134 ], [ 14.3536876, 51.5207895 ], [ 14.3399307, 51.5207622 ], [ 14.3393441, 51.5182314 ], [ 14.3435532, 51.5171122 ], [ 14.3421181, 51.5108438 ], [ 14.3381102, 51.5059116 ], [ 14.3323501, 51.5050183 ], [ 14.32736, 51.5073631 ], [ 14.3229184, 51.519426 ], [ 14.3059831, 51.5241792 ], [ 14.2930844, 51.5251101 ], [ 14.2740055, 51.5321304 ], [ 14.2558075, 51.5323154 ], [ 14.2470444, 51.5278424 ], [ 14.2424882, 51.5287595 ], [ 14.2453002, 51.531187 ], [ 14.2421082, 51.5330903 ], [ 14.2289265, 51.5328394 ], [ 14.221189, 51.5380717 ], [ 14.2130179, 51.5398119 ], [ 14.1751362, 51.5391169 ], [ 14.1367089, 51.5433089 ], [ 14.1297301, 51.533861099999989 ], [ 14.1333945, 51.5280283 ], [ 14.1423593, 51.5228045 ], [ 14.1381709, 51.5235194 ], [ 14.1352324, 51.521061 ], [ 14.1169633, 51.5231998 ], [ 14.1077967, 51.5217606 ], [ 14.1005779, 51.514165 ], [ 14.0956696, 51.498717 ], [ 14.0877606, 51.4939638 ], [ 14.0738217, 51.4926675 ], [ 14.0887337, 51.4793794 ], [ 14.0872584, 51.4773967 ], [ 14.0725937, 51.472087299999984 ], [ 14.038742, 51.4799107 ], [ 14.0330057, 51.475102199999981 ], [ 14.0552919, 51.4609482 ], [ 14.0525882, 51.452508099999989 ], [ 14.0628371, 51.4455058 ], [ 14.0430409, 51.4392405 ], [ 14.0381616, 51.4355784 ], [ 14.0462414, 51.4291348 ], [ 14.0382451, 51.4284439 ], [ 14.04364, 51.4245497 ], [ 14.0445899, 51.4187537 ], [ 14.0368497, 51.4167978 ], [ 14.0274389, 51.4083199 ], [ 14.0209363, 51.4081615 ], [ 14.0159037, 51.4051379 ], [ 14.017016, 51.400472 ], [ 14.0257939, 51.400551799999981 ], [ 14.0280912, 51.3959358 ], [ 14.0133251, 51.3983231 ], [ 14.0035637, 51.3956119 ], [ 14.0036069, 51.3931799 ], [ 14.0083151, 51.3919812 ], [ 13.9963184, 51.382607599999986 ], [ 14.0006973, 51.372596 ], [ 13.9702091, 51.3758409 ], [ 13.9723437, 51.393822399999983 ], [ 13.9610323, 51.3971875 ], [ 13.9509188, 51.3958265 ], [ 13.9389885, 51.3891132 ], [ 13.9082047, 51.3832334 ], [ 13.9086707, 51.3785776 ], [ 13.8830681, 51.375117399999986 ], [ 13.8682767, 51.3769117 ], [ 13.8632489, 51.381757099999987 ], [ 13.8331907, 51.383839 ], [ 13.8353132, 51.37679 ], [ 13.8290907, 51.3758095 ], [ 13.8189719, 51.369498899999982 ], [ 13.8078553, 51.3728678 ], [ 13.7879407, 51.370907300000013 ], [ 13.7806249, 51.3688477 ], [ 13.7765244, 51.3619908 ], [ 13.7677359, 51.3630078 ], [ 13.7632526, 51.3590204 ], [ 13.7626846, 51.36541219999998 ], [ 13.768967, 51.369398 ], [ 13.7576917, 51.3714946 ], [ 13.7531555, 51.3659468 ], [ 13.7391113, 51.361202 ], [ 13.7273521, 51.364710299999984 ], [ 13.7133939, 51.3635029 ], [ 13.6912506, 51.3740128 ], [ 13.6827648, 51.3676153 ], [ 13.6684037, 51.3761264 ], [ 13.6614515, 51.3689746 ], [ 13.6320995, 51.3685351 ], [ 13.6172251, 51.3710573 ], [ 13.5940631, 51.369356199999984 ], [ 13.5957567, 51.374528 ], [ 13.5913442, 51.3751446 ], [ 13.5876496, 51.3818256 ], [ 13.5898548, 51.384234899999981 ], [ 13.5699618, 51.385666 ], [ 13.556267, 51.3790356 ], [ 13.5508235, 51.379252099999988 ], [ 13.5461353, 51.3691674 ], [ 13.5426282, 51.3693155 ], [ 13.5377664, 51.3810465 ], [ 13.5231184, 51.3810264 ], [ 13.5212178, 51.4020574 ], [ 13.5027356, 51.404706199999978 ], [ 13.4943915, 51.4029179 ], [ 13.4913531, 51.4076838 ], [ 13.4632819, 51.4117536 ], [ 13.4655333, 51.4217746 ], [ 13.4737861, 51.417881199999989 ], [ 13.4633078, 51.4262619 ], [ 13.4606251, 51.422241399999983 ], [ 13.450344, 51.42283 ], [ 13.4459131, 51.4314497 ], [ 13.4434937, 51.4287651 ], [ 13.4460575, 51.4259565 ], [ 13.4334053, 51.4276165 ], [ 13.4285068, 51.421792499999981 ], [ 13.4214249, 51.421505 ], [ 13.4281497, 51.431245 ], [ 13.4217654, 51.434562899999989 ], [ 13.419705, 51.4388449 ], [ 13.4121914, 51.4393743 ], [ 13.4056342, 51.4459486 ], [ 13.4093202, 51.4497741 ], [ 13.4010504, 51.454171699999989 ], [ 13.3882305, 51.4478089 ], [ 13.3876014, 51.4411242 ], [ 13.3821465, 51.4360464 ], [ 13.3729388, 51.437795699999988 ], [ 13.383076, 51.4280568 ], [ 13.3825054, 51.4259265 ], [ 13.3766478, 51.4246114 ], [ 13.3583496, 51.4339712 ], [ 13.3491989, 51.4333421 ], [ 13.3379485, 51.42916469999998 ], [ 13.3333536, 51.437441199999988 ], [ 13.3203228, 51.4375005 ], [ 13.3257567, 51.433650599999986 ], [ 13.3283436, 51.426642 ], [ 13.3136261, 51.4231836 ], [ 13.3090002, 51.4177122 ], [ 13.2866725, 51.4113832 ], [ 13.2863546, 51.3992882 ], [ 13.2599835, 51.400399 ], [ 13.2590894, 51.3953333 ], [ 13.2637716, 51.394458 ], [ 13.2636642, 51.390994299999988 ], [ 13.2700382, 51.390502 ], [ 13.2685433, 51.3847932 ], [ 13.2637183, 51.3849519 ], [ 13.2626394, 51.3883084 ], [ 13.2506546, 51.3941086 ], [ 13.2434616, 51.3931874 ], [ 13.2142379, 51.3965667 ], [ 13.2021891, 51.416376899999989 ], [ 13.2035294, 51.429447 ], [ 13.1985351, 51.4339446 ], [ 13.1933874, 51.435776899999986 ], [ 13.1894237, 51.4342561 ], [ 13.1883662, 51.4262769 ], [ 13.1846494, 51.423787 ], [ 13.174311, 51.428253899999987 ], [ 13.1750787, 51.4327828 ], [ 13.184761, 51.4385129 ], [ 13.1918406, 51.4369106 ], [ 13.1924816, 51.4417034 ], [ 13.2031217, 51.4510134 ], [ 13.2030804, 51.4587319 ], [ 13.1897151, 51.4648979 ], [ 13.1829224, 51.4713413 ], [ 13.1870461, 51.485753199999984 ], [ 13.1822966, 51.4919593 ], [ 13.1890654, 51.4910685 ], [ 13.192072, 51.4880495 ], [ 13.196903, 51.488299 ], [ 13.2012945, 51.4917175 ], [ 13.1967695, 51.4936077 ], [ 13.2039232, 51.4987791 ], [ 13.2020452, 51.5041157 ], [ 13.2070416, 51.5049373 ], [ 13.207957, 51.524352799999988 ], [ 13.2005228, 51.526035899999989 ], [ 13.1900555, 51.5395903 ], [ 13.1855718, 51.5580752 ], [ 13.1608266, 51.5589693 ], [ 13.1586062, 51.564258699999989 ], [ 13.1467157, 51.563455 ], [ 13.1431692, 51.567461099999989 ], [ 13.141044, 51.571167200000012 ], [ 13.1532078, 51.5824128 ], [ 13.1549065, 51.5893953 ], [ 13.1617723, 51.5921483 ], [ 13.1549549, 51.6001968 ], [ 13.1437769, 51.5978731 ], [ 13.1438356, 51.600458299999985 ], [ 13.1344974, 51.6056689 ], [ 13.1210253, 51.6188875 ], [ 13.1148605, 51.6177275 ], [ 13.1149496, 51.6157451 ], [ 13.1104442, 51.6148366 ], [ 13.1116808, 51.6128353 ], [ 13.106748, 51.6116326 ], [ 13.1039727, 51.6164739 ], [ 13.097098, 51.6163073 ], [ 13.0996691, 51.6114999 ], [ 13.1033787, 51.6123148 ], [ 13.1048726, 51.6096756 ], [ 13.0969229, 51.6092167 ], [ 13.0938421, 51.605883299999988 ], [ 13.0863041, 51.608135099999984 ], [ 13.080662, 51.6177328 ], [ 13.0761828, 51.6196607 ], [ 13.0774129, 51.6211201 ], [ 13.0510252, 51.6476772 ], [ 13.1545287, 51.6867059 ], [ 13.1550797, 51.6890658 ], [ 13.1624595, 51.6918151 ], [ 13.1561448, 51.6947295 ], [ 13.1612646, 51.694986 ], [ 13.1611546, 51.6966819 ], [ 13.1551006, 51.7107869 ], [ 13.1617302, 51.712974599999988 ], [ 13.1701099, 51.7080868 ], [ 13.1712186, 51.7125346 ], [ 13.166378, 51.717890099999984 ], [ 13.1686854, 51.7186692 ], [ 13.1870716, 51.7156245 ], [ 13.1842658, 51.7199101 ], [ 13.1864995, 51.722110799999989 ], [ 13.1795352, 51.7311707 ], [ 13.1671547, 51.7353841 ], [ 13.1684174, 51.7386967 ], [ 13.1641274, 51.741888599999989 ], [ 13.1607519, 51.739869599999984 ], [ 13.1540104, 51.7442479 ], [ 13.1583337, 51.7509576 ], [ 13.1627098, 51.7505433 ], [ 13.1632947, 51.754936 ], [ 13.1498535, 51.7592671 ], [ 13.155834, 51.7645702 ], [ 13.1474818, 51.7666385 ], [ 13.1597986, 51.774590099999983 ], [ 13.1600387, 51.7839285 ], [ 13.1687081, 51.7827704 ], [ 13.1701038, 51.7870237 ], [ 13.1579946, 51.7884482 ], [ 13.1626916, 51.7930686 ], [ 13.1584709, 51.7976101 ], [ 13.1606962, 51.7971821 ], [ 13.1630113, 51.802018 ], [ 13.1536792, 51.8149063 ], [ 13.1475295, 51.8179374 ], [ 13.1485234, 51.8205436 ], [ 13.1420895, 51.8206546 ], [ 13.1391414, 51.82469279999998 ], [ 13.1421633, 51.8285887 ], [ 13.1355521, 51.8328035 ], [ 13.1235358, 51.8545925 ], [ 13.1234776, 51.857820599999989 ], [ 13.1509134, 51.8596104 ], [ 13.1496042, 51.872331499999987 ], [ 13.1422281, 51.8725568 ], [ 13.138951, 51.8795121 ], [ 13.1320268, 51.8795514 ], [ 13.1323352, 51.8824882 ], [ 13.1244651, 51.882948199999987 ], [ 13.1190751, 51.882829 ], [ 13.1189935, 51.8765408 ], [ 13.1136111, 51.876593399999983 ], [ 13.1135598, 51.874897199999985 ], [ 13.0962393, 51.8728802 ], [ 13.0850052, 51.8740164 ], [ 13.0805481, 51.867478099999985 ], [ 13.0392393, 51.8709121 ], [ 13.0291637, 51.8810424 ], [ 13.0372934, 51.880257 ], [ 13.0375661, 51.890881 ], [ 13.0485379, 51.8918604 ], [ 13.0454079, 51.9005151 ], [ 13.0227734, 51.90323 ], [ 13.0217794, 51.8968516 ], [ 13.0098591, 51.9027841 ], [ 12.9860814, 51.904108799999989 ], [ 12.9726649, 51.9008811 ], [ 12.9765359, 51.9198634 ], [ 12.9559743, 51.9226571 ], [ 12.960568, 51.9349105 ], [ 12.9356755, 51.9361488 ], [ 12.9183715, 51.9393595 ], [ 12.9174619, 51.9326914 ], [ 12.8904241, 51.9283802 ], [ 12.8881715, 51.9347692 ], [ 12.8527302, 51.9350053 ], [ 12.8502549, 51.9586985 ], [ 12.8441536, 51.967734 ], [ 12.8112655, 51.9625651 ], [ 12.7776127, 51.964591 ], [ 12.7743251, 51.9783599 ], [ 12.7592462, 51.9821769 ], [ 12.7554761, 51.986391399999988 ], [ 12.7434364, 51.9890476 ], [ 12.7296409, 51.9889639 ], [ 12.7116728, 51.9972706 ], [ 12.7119382, 51.9998658 ], [ 12.6979243, 52.002982399999986 ], [ 12.6825216, 52.003323 ], [ 12.6691867, 52.0128807 ], [ 12.6565025, 52.0129396 ], [ 12.648597, 52.008311099999986 ], [ 12.6447482, 51.9943798 ], [ 12.6143971, 51.9917233 ], [ 12.6151603, 51.9822813 ], [ 12.6030195, 51.9810867 ], [ 12.5393946, 51.9848889 ], [ 12.5363066, 52.00288 ] ], [ [ 13.4967523, 52.6050935 ], [ 13.5058174, 52.625828399999989 ], [ 13.5176987, 52.6296359 ], [ 13.5231001, 52.6454302 ], [ 13.5188732, 52.647470799999986 ], [ 13.5127815, 52.6455619 ], [ 13.4908314, 52.6547287 ], [ 13.4852948, 52.6591313 ], [ 13.4882193, 52.6705512 ], [ 13.4756477, 52.666280699999987 ], [ 13.4793689, 52.6753788 ], [ 13.4753939, 52.674917099999988 ], [ 13.4659654, 52.6671486 ], [ 13.4595114, 52.6689356 ], [ 13.4508409, 52.6627222 ], [ 13.4623332, 52.6574645 ], [ 13.4738941, 52.656613599999979 ], [ 13.4699962, 52.6520748 ], [ 13.4598484, 52.64810319999998 ], [ 13.4539644, 52.6486251 ], [ 13.4545464, 52.6500418 ], [ 13.4409321, 52.649123 ], [ 13.4398985, 52.645332499999988 ], [ 13.4341041, 52.6442855 ], [ 13.4337788, 52.637976 ], [ 13.4243652, 52.6356305 ], [ 13.4128282, 52.6435854 ], [ 13.4069974, 52.642421 ], [ 13.3967121, 52.6483014 ], [ 13.3886827, 52.6376139 ], [ 13.3743753, 52.6315216 ], [ 13.3759929, 52.6292926 ], [ 13.3572961, 52.6231747 ], [ 13.3446134, 52.624765499999988 ], [ 13.3364805, 52.6226711 ], [ 13.3131218, 52.628382699999989 ], [ 13.3024226, 52.627560599999988 ], [ 13.308309, 52.6296915 ], [ 13.3031118, 52.6366692 ], [ 13.3078604, 52.6376207 ], [ 13.3092574, 52.6431404 ], [ 13.3003776, 52.653469799999989 ], [ 13.3100339, 52.657376 ], [ 13.3075654, 52.6593051 ], [ 13.2828847, 52.6607847 ], [ 13.2824407, 52.6412954 ], [ 13.2621563, 52.640753 ], [ 13.2642747, 52.626928 ], [ 13.2206833, 52.6281787 ], [ 13.2169846, 52.6201186 ], [ 13.2016065, 52.606381299999988 ], [ 13.2178195, 52.5932217 ], [ 13.2173364, 52.587455599999984 ], [ 13.2073651, 52.5884536 ], [ 13.2066263, 52.5867425 ], [ 13.1642632, 52.5989003 ], [ 13.1570993, 52.597606199999987 ], [ 13.1439909, 52.5897431 ], [ 13.1289873, 52.5874421 ], [ 13.128097, 52.583097400000014 ], [ 13.1320925, 52.579699 ], [ 13.1496033, 52.583311 ], [ 13.1529531, 52.572781400000011 ], [ 13.1459551, 52.560076599999981 ], [ 13.1456648, 52.5529114 ], [ 13.1362958, 52.5527476 ], [ 13.1306174, 52.556354 ], [ 13.1197331, 52.5310449 ], [ 13.1173929, 52.5169953 ], [ 13.1430102, 52.5196755 ], [ 13.1664576, 52.5101243 ], [ 13.1252846, 52.4802177 ], [ 13.1177983, 52.4789679 ], [ 13.1169168, 52.472445099999987 ], [ 13.1107987, 52.466063 ], [ 13.11258, 52.4592034 ], [ 13.1092233, 52.450619499999988 ], [ 13.1231765, 52.439364499999989 ], [ 13.1046186, 52.4240532 ], [ 13.0995969, 52.4253048 ], [ 13.0883332, 52.4196114 ], [ 13.090636, 52.4118139 ], [ 13.0972943, 52.4093845 ], [ 13.0972215, 52.4124547 ], [ 13.1032251, 52.410222399999988 ], [ 13.1115706, 52.4131366 ], [ 13.1125964, 52.4100191 ], [ 13.1079318, 52.4094775 ], [ 13.1116358, 52.4042233 ], [ 13.1248757, 52.3968796 ], [ 13.1333961, 52.3994379 ], [ 13.1363905, 52.3981813 ], [ 13.1381167, 52.3953927 ], [ 13.1324119, 52.3914233 ], [ 13.1274649, 52.3915946 ], [ 13.1270944, 52.3892809 ], [ 13.1335894, 52.3869159 ], [ 13.1322495, 52.389402 ], [ 13.1426123, 52.3965448 ], [ 13.1588887, 52.3939089 ], [ 13.1715216, 52.3958335 ], [ 13.1713567, 52.397763 ], [ 13.1578275, 52.3963622 ], [ 13.1593458, 52.4028799 ], [ 13.1955668, 52.4150948 ], [ 13.222288, 52.4203567 ], [ 13.2457973, 52.4208011 ], [ 13.249844, 52.404964799999988 ], [ 13.2565632, 52.4065568 ], [ 13.2744576, 52.405137 ], [ 13.2961301, 52.4164513 ], [ 13.3119261, 52.3991855 ], [ 13.3432487, 52.4116199 ], [ 13.3430285, 52.407674199999981 ], [ 13.3721352, 52.3938238 ], [ 13.3704542, 52.3884639 ], [ 13.3872168, 52.3885842 ], [ 13.3885208, 52.377968499999973 ], [ 13.4209849, 52.3762471 ], [ 13.4275854, 52.386824 ], [ 13.4187727, 52.4099174 ], [ 13.4623216, 52.4206244 ], [ 13.4683375, 52.419432 ], [ 13.479885, 52.3959966 ], [ 13.5151651, 52.401434899999984 ], [ 13.5214807, 52.4014743 ], [ 13.5282632, 52.3983962 ], [ 13.5383794, 52.4006791 ], [ 13.5356636, 52.3890105 ], [ 13.5649053, 52.3882858 ], [ 13.5927621, 52.3941697 ], [ 13.5952286, 52.3868241 ], [ 13.6062957, 52.3796433 ], [ 13.6044388, 52.374206199999989 ], [ 13.6279499, 52.381790699999989 ], [ 13.6333914, 52.376283900000011 ], [ 13.6433646, 52.3773909 ], [ 13.641697, 52.3709539 ], [ 13.6468061, 52.370160499999983 ], [ 13.6471054, 52.3668755 ], [ 13.6386375, 52.3601617 ], [ 13.6362911, 52.347037900000011 ], [ 13.6426452, 52.340012299999984 ], [ 13.6507179, 52.338905 ], [ 13.6569756, 52.3515715 ], [ 13.6710804, 52.366355699999986 ], [ 13.6819299, 52.3695675 ], [ 13.691573, 52.367712 ], [ 13.6999973, 52.3751213 ], [ 13.7005076, 52.3779523 ], [ 13.6968755, 52.377554 ], [ 13.6986332, 52.381585 ], [ 13.688062, 52.3829104 ], [ 13.686712, 52.3858184 ], [ 13.6906648, 52.3855705 ], [ 13.6977716, 52.3919074 ], [ 13.6989933, 52.390163200000011 ], [ 13.7164366, 52.3995274 ], [ 13.7233448, 52.398586099999989 ], [ 13.7345377, 52.4019761 ], [ 13.735166, 52.406001 ], [ 13.7387491, 52.407321799999984 ], [ 13.7295135, 52.417393499999989 ], [ 13.7379063, 52.4268747 ], [ 13.7413845, 52.426916 ], [ 13.7379586, 52.434137799999988 ], [ 13.7431181, 52.4339987 ], [ 13.7440602, 52.4380691 ], [ 13.7505361, 52.441459 ], [ 13.7542151, 52.4416115 ], [ 13.7522961, 52.4370815 ], [ 13.7595872, 52.4362719 ], [ 13.7590286, 52.4425794 ], [ 13.7541072, 52.443171699999986 ], [ 13.7532199, 52.447597699999989 ], [ 13.7291122, 52.450596800000014 ], [ 13.7164477, 52.4621943 ], [ 13.7013241, 52.468145499999984 ], [ 13.7053653, 52.4557664 ], [ 13.7044437, 52.4542643 ], [ 13.6984327, 52.4550802 ], [ 13.6968249, 52.4641604 ], [ 13.6825994, 52.4661849 ], [ 13.670661, 52.473062 ], [ 13.6600044, 52.4741164 ], [ 13.648215, 52.478782 ], [ 13.6406131, 52.4794846 ], [ 13.625808, 52.4737134 ], [ 13.6255086, 52.4683565 ], [ 13.6171279, 52.4711932 ], [ 13.6115173, 52.4706273 ], [ 13.6163974, 52.4748935 ], [ 13.6135383, 52.4757506 ], [ 13.6150108, 52.4808251 ], [ 13.6308004, 52.4941201 ], [ 13.6246707, 52.4951843 ], [ 13.6333188, 52.511826199999987 ], [ 13.6585725, 52.525811199999985 ], [ 13.6568956, 52.5298695 ], [ 13.6259068, 52.5301464 ], [ 13.6267324, 52.5377486 ], [ 13.6319412, 52.538144399999979 ], [ 13.6353587, 52.541628799999984 ], [ 13.5853871, 52.5484716 ], [ 13.5874943, 52.555267 ], [ 13.5815397, 52.5708819 ], [ 13.5755629, 52.5737616 ], [ 13.5675695, 52.573740099999981 ], [ 13.5598608, 52.581775099999987 ], [ 13.5471121, 52.5878848 ], [ 13.5224302, 52.5928525 ], [ 13.5081536, 52.5921833 ], [ 13.4967523, 52.6050935 ] ] ], [ [ [ 12.2765462, 52.228295599999981 ], [ 12.2860998, 52.2279556 ], [ 12.286256, 52.2274584 ], [ 12.2765462, 52.228295599999981 ] ] ], [ [ [ 12.2750502, 52.2304568 ], [ 12.2657537, 52.2299308 ], [ 12.2644462, 52.2317134 ], [ 12.2750502, 52.2304568 ] ] ], [ [ [ 12.2223076, 52.8625485 ], [ 12.217115, 52.861992499999978 ], [ 12.2213163, 52.863812599999989 ], [ 12.2223076, 52.8625485 ] ] ] ] } },
{ "type": "Feature", "properties": { "LAN": "Bremen" }, "geometry": { "type": "MultiPolygon", "coordinates": [ [ [ [ 8.4817351, 53.2264495 ], [ 8.5173338, 53.2284965 ], [ 8.5302347, 53.21608950000001 ], [ 8.5407822, 53.2153775 ], [ 8.5536989, 53.207805799999988 ], [ 8.5664054, 53.2135598 ], [ 8.5722818, 53.2107691 ], [ 8.5784779, 53.2172695 ], [ 8.5990391, 53.2125462 ], [ 8.5958128, 53.2064359 ], [ 8.5810977, 53.1987072 ], [ 8.5846535, 53.1960905 ], [ 8.5800976, 53.1931258 ], [ 8.5803521, 53.1900277 ], [ 8.5889622, 53.1899826 ], [ 8.5932514, 53.1836337 ], [ 8.6068917, 53.187662699999983 ], [ 8.6090108, 53.1920114 ], [ 8.627994, 53.198372399999982 ], [ 8.6436664, 53.189224 ], [ 8.6523389, 53.1883932 ], [ 8.6590296, 53.1772817 ], [ 8.6638284, 53.176243799999988 ], [ 8.6747061, 53.1789192 ], [ 8.6770174, 53.175501 ], [ 8.6993577, 53.1854794 ], [ 8.7011961, 53.178196599999985 ], [ 8.7062926, 53.1754211 ], [ 8.7143965, 53.1830024 ], [ 8.7286523, 53.1802245 ], [ 8.7335551, 53.1728956 ], [ 8.7392972, 53.1707485 ], [ 8.7430819, 53.1722775 ], [ 8.7412464, 53.1646355 ], [ 8.7617386, 53.1651352 ], [ 8.7753957, 53.158684 ], [ 8.7762557, 53.1615643 ], [ 8.7824594, 53.1636117 ], [ 8.789137, 53.1607741 ], [ 8.791497, 53.1635764 ], [ 8.7947503, 53.1618505 ], [ 8.7971418, 53.1638439 ], [ 8.7989308, 53.161288399999989 ], [ 8.804109, 53.1624032 ], [ 8.8073627, 53.1606501 ], [ 8.8150911, 53.1639396 ], [ 8.8188293, 53.1624176 ], [ 8.8292273, 53.1643763 ], [ 8.8272217, 53.161238 ], [ 8.8354318, 53.1569443 ], [ 8.8398267, 53.1574177 ], [ 8.8418555, 53.148233699999984 ], [ 8.861771, 53.1376365 ], [ 8.8640232, 53.131723499999985 ], [ 8.8979148, 53.1341684 ], [ 8.9039297, 53.138176199999982 ], [ 8.9121433, 53.1326188 ], [ 8.9210262, 53.1396569 ], [ 8.9209075, 53.1446544 ], [ 8.9367672, 53.1511697 ], [ 8.9450829, 53.152013 ], [ 8.9566311, 53.1472413 ], [ 8.9707101, 53.1340758 ], [ 8.9802144, 53.131578 ], [ 8.9841853, 53.126070899999981 ], [ 8.9470178, 53.1161008 ], [ 8.9593887, 53.110170499999988 ], [ 8.962989, 53.100298599999988 ], [ 8.9704741, 53.1015704 ], [ 8.9794573, 53.099255 ], [ 8.9815238, 53.0964935 ], [ 8.988372, 53.098475499999985 ], [ 8.9909132, 53.0966728 ], [ 8.9656765, 53.0900016 ], [ 8.9613772, 53.0852181 ], [ 8.9657354, 53.0827015 ], [ 8.9635773, 53.071740899999988 ], [ 8.9677141, 53.0635644 ], [ 8.9626761, 53.061146699999988 ], [ 8.9637289, 53.0574262 ], [ 8.9697799, 53.0568482 ], [ 8.9802671, 53.0467471 ], [ 8.9667859, 53.036849599999982 ], [ 8.9456855, 53.030484 ], [ 8.9459351, 53.0248392 ], [ 8.9381304, 53.0249856 ], [ 8.9359155, 53.013667 ], [ 8.9288662, 53.012871599999983 ], [ 8.921862, 53.014876199999989 ], [ 8.9214754, 53.0123355 ], [ 8.9177343, 53.0131412 ], [ 8.915827, 53.0110214 ], [ 8.8911572, 53.015389899999988 ], [ 8.88458, 53.0232539 ], [ 8.867235, 53.033003799999989 ], [ 8.8670062, 53.0408326 ], [ 8.8633784, 53.0404963 ], [ 8.8618671, 53.0361779 ], [ 8.8686065, 53.0249205 ], [ 8.8667561, 53.0221172 ], [ 8.8540257, 53.0207771 ], [ 8.8507924, 53.0166078 ], [ 8.8475352, 53.017677 ], [ 8.8498406, 53.0233712 ], [ 8.8380983, 53.018420899999988 ], [ 8.8310919, 53.0211397 ], [ 8.8220054, 53.021266799999985 ], [ 8.8094842, 53.0309041 ], [ 8.7782977, 53.0396667 ], [ 8.7726994, 53.0451176 ], [ 8.7707048, 53.053407 ], [ 8.7622247, 53.050831699999989 ], [ 8.7631537, 53.0462699 ], [ 8.7547372, 53.0428413 ], [ 8.7562707, 53.038780499999987 ], [ 8.7427616, 53.040734 ], [ 8.7337549, 53.0372853 ], [ 8.7348576, 53.0346935 ], [ 8.7314917, 53.034932499999989 ], [ 8.7098011, 53.0460182 ], [ 8.7068616, 53.0525915 ], [ 8.7091548, 53.07590829999998 ], [ 8.7007627, 53.0822943 ], [ 8.674082, 53.086692 ], [ 8.6664943, 53.0915588 ], [ 8.6649191, 53.0946271 ], [ 8.6698311, 53.1029747 ], [ 8.6548986, 53.108864599999983 ], [ 8.6576805, 53.118491899999981 ], [ 8.6519669, 53.1164454 ], [ 8.6515982, 53.1220508 ], [ 8.6310666, 53.1381756 ], [ 8.6236028, 53.163212299999984 ], [ 8.6194653, 53.1675208 ], [ 8.6116849, 53.170329199999983 ], [ 8.5816799, 53.1735938 ], [ 8.5359546, 53.186526899999983 ], [ 8.5153263, 53.1979793 ], [ 8.5117163, 53.197213399999988 ], [ 8.5047119, 53.2007861 ], [ 8.4817351, 53.2264495 ] ] ], [ [ [ 8.5336511, 53.6076177 ], [ 8.5587688, 53.603907 ], [ 8.592804, 53.5930398 ], [ 8.6127102, 53.6029244 ], [ 8.6232963, 53.6053333 ], [ 8.6402137, 53.6045031 ], [ 8.6456672, 53.601699899999986 ], [ 8.6466403, 53.6033413 ], [ 8.6506324, 53.6025652 ], [ 8.6379557, 53.5950674 ], [ 8.6427158, 53.5925594 ], [ 8.6282639, 53.5832271 ], [ 8.6271256, 53.5791201 ], [ 8.6180111, 53.578716 ], [ 8.6168029, 53.57437 ], [ 8.6251545, 53.567315199999989 ], [ 8.6308604, 53.555689600000015 ], [ 8.6360779, 53.5536921 ], [ 8.6463543, 53.55554570000001 ], [ 8.6452269, 53.540472699999988 ], [ 8.6420518, 53.5416834 ], [ 8.6386558, 53.534953599999987 ], [ 8.6397754, 53.5252895 ], [ 8.6521342, 53.5160171 ], [ 8.6482323, 53.51430329999998 ], [ 8.6505552, 53.5107817 ], [ 8.6366374, 53.505439400000014 ], [ 8.6378625, 53.5032197 ], [ 8.6312721, 53.5015803 ], [ 8.6318759, 53.4988104 ], [ 8.6195324, 53.489289 ], [ 8.6061312, 53.4859382 ], [ 8.6059046, 53.4842338 ], [ 8.5971739, 53.4860762 ], [ 8.5773066, 53.48545330000001 ], [ 8.5737603, 53.4886431 ], [ 8.5381974, 53.4803602 ], [ 8.5297138, 53.4803417 ], [ 8.5186341, 53.4744459 ], [ 8.5116041, 53.4766645 ], [ 8.5057899, 53.4711782 ], [ 8.4926519, 53.4724198 ], [ 8.5016147, 53.4909865 ], [ 8.5146089, 53.5014135 ], [ 8.5526842, 53.5161756 ], [ 8.5609076, 53.5093328 ], [ 8.5762529, 53.5364067 ], [ 8.5643616, 53.5497919 ], [ 8.5691784, 53.5514091 ], [ 8.5643775, 53.5598247 ], [ 8.5701698, 53.5635565 ], [ 8.5773599, 53.5784095 ], [ 8.5695123, 53.5827185 ], [ 8.5642851, 53.583418699999982 ], [ 8.5632779, 53.5812636 ], [ 8.5478832, 53.5836999 ], [ 8.5406917, 53.5928418 ], [ 8.5423845, 53.5958311 ], [ 8.5373563, 53.5973266 ], [ 8.5232937, 53.5915652 ], [ 8.5093668, 53.6031273 ], [ 8.5209879, 53.604390299999984 ], [ 8.5204104, 53.606204899999987 ], [ 8.5241711, 53.606693499999984 ], [ 8.5261589, 53.603839900000011 ], [ 8.5273926, 53.6059719 ], [ 8.5324723, 53.6049293 ], [ 8.5336511, 53.6076177 ] ] ], [ [ [ 8.642628, 53.6092133 ], [ 8.6608843, 53.6070864 ], [ 8.6577171, 53.6029856 ], [ 8.6437692, 53.6054734 ], [ 8.642628, 53.6092133 ] ] ] ] } },
{ "type": "Feature", "properties": { "LAN": "Hamburg" }, "geometry": { "type": "Polygon", "coordinates": [ [ [ 10.193671, 53.7310151 ], [ 10.1714259, 53.7374269 ], [ 10.1628741, 53.7380867 ], [ 10.1615015, 53.7333572 ], [ 10.15116, 53.7299715 ], [ 10.144984, 53.7247676 ], [ 10.1399429, 53.7256823 ], [ 10.1263884, 53.71963 ], [ 10.1210561, 53.7133952 ], [ 10.1159269, 53.7157767 ], [ 10.1040197, 53.7149108 ], [ 10.1023555, 53.7174662 ], [ 10.0818421, 53.72042 ], [ 10.0763394, 53.7152973 ], [ 10.0800166, 53.7140609 ], [ 10.0751092, 53.7109805 ], [ 10.069519, 53.7111678 ], [ 10.0735665, 53.7092232 ], [ 10.0696281, 53.7062446 ], [ 10.0790975, 53.7041568 ], [ 10.0775048, 53.6997489 ], [ 10.0693879, 53.6962533 ], [ 10.0656628, 53.6889945 ], [ 10.0606697, 53.6883973 ], [ 10.0616062, 53.686156 ], [ 10.0671346, 53.6859758 ], [ 10.0692654, 53.6794506 ], [ 10.0504563, 53.676940099999989 ], [ 10.0407787, 53.68199 ], [ 9.9986955, 53.6814675 ], [ 9.9924186, 53.6759251 ], [ 9.9912743, 53.6585127 ], [ 9.9876795, 53.6555185 ], [ 9.9905164, 53.6509029 ], [ 9.985599, 53.6472346 ], [ 9.9689386, 53.650578599999989 ], [ 9.9654514, 53.6488204 ], [ 9.9497899, 53.6507375 ], [ 9.9453762, 53.6529282 ], [ 9.9250786, 53.6531331 ], [ 9.9208104, 53.6554663 ], [ 9.9053664, 53.6521943 ], [ 9.9046914, 53.6417951 ], [ 9.8850798, 53.6235217 ], [ 9.8896852, 53.6223269 ], [ 9.8791472, 53.619808 ], [ 9.868024, 53.6093463 ], [ 9.8619205, 53.6072213 ], [ 9.8581041, 53.5995907 ], [ 9.8447202, 53.5965462 ], [ 9.8454868, 53.59478 ], [ 9.8396701, 53.5948114 ], [ 9.8367072, 53.5875302 ], [ 9.8287819, 53.5852906 ], [ 9.8161573, 53.586219899999989 ], [ 9.7975156, 53.596100899999989 ], [ 9.7895544, 53.6039725 ], [ 9.7981227, 53.607516299999986 ], [ 9.7706335, 53.6162299 ], [ 9.770294, 53.6274624 ], [ 9.7636726, 53.6274951 ], [ 9.7634741, 53.624924 ], [ 9.760126, 53.6244817 ], [ 9.7535354, 53.6129943 ], [ 9.7591012, 53.610925099999989 ], [ 9.7556176, 53.602529399999987 ], [ 9.7484332, 53.6038968 ], [ 9.743436, 53.5975762 ], [ 9.7457588, 53.5890178 ], [ 9.7362634, 53.5818516 ], [ 9.7424875, 53.5782056 ], [ 9.7369603, 53.5773898 ], [ 9.7343649, 53.5652156 ], [ 9.7705674, 53.5630713 ], [ 9.8262745, 53.5525595 ], [ 9.8240554, 53.5477218 ], [ 9.8100092, 53.5409956 ], [ 9.8250444, 53.533484 ], [ 9.8165264, 53.529348399999989 ], [ 9.7901963, 53.5357117 ], [ 9.7720765, 53.5433861 ], [ 9.7654417, 53.5411146 ], [ 9.7783201, 53.5194614 ], [ 9.7740868, 53.5192319 ], [ 9.7715854, 53.5227558 ], [ 9.7637939, 53.508106499999982 ], [ 9.7845248, 53.500011699999988 ], [ 9.7822318, 53.4914641 ], [ 9.7924542, 53.4939226 ], [ 9.8024262, 53.4932515 ], [ 9.7998044, 53.4696375 ], [ 9.8059445, 53.467102 ], [ 9.8074659, 53.4628282 ], [ 9.8136082, 53.462426799999982 ], [ 9.8366495, 53.45091 ], [ 9.8623875, 53.4298766 ], [ 9.8645685, 53.432177 ], [ 9.860013, 53.4365762 ], [ 9.8615431, 53.439543199999989 ], [ 9.8666526, 53.4400631 ], [ 9.8691204, 53.4445841 ], [ 9.8733734, 53.442377799999988 ], [ 9.8959454, 53.457385 ], [ 9.8987932, 53.455112 ], [ 9.9015835, 53.4573227 ], [ 9.9138989, 53.4484291 ], [ 9.9145571, 53.442646499999988 ], [ 9.9214862, 53.436550099999984 ], [ 9.91408, 53.4299985 ], [ 9.9164528, 53.424865700000012 ], [ 9.9065661, 53.4157909 ], [ 9.9164873, 53.4140679 ], [ 9.9245525, 53.4196239 ], [ 9.9420158, 53.4210524 ], [ 9.949212, 53.43095 ], [ 9.9632726, 53.427321 ], [ 9.9610402, 53.4240939 ], [ 9.9643586, 53.4221762 ], [ 9.9709292, 53.42375939999998 ], [ 9.9754555, 53.4214511 ], [ 9.9775578, 53.4192492 ], [ 9.9748888, 53.4147353 ], [ 9.9844329, 53.4154138 ], [ 9.9889759, 53.4205733 ], [ 9.9929834, 53.4200866 ], [ 9.9963895, 53.4261129 ], [ 10.0015801, 53.4248309 ], [ 10.0097735, 53.4294652 ], [ 10.0186404, 53.4293091 ], [ 10.029323, 53.4351565 ], [ 10.0147113, 53.4421243 ], [ 10.0211917, 53.4467863 ], [ 10.0323169, 53.444118 ], [ 10.0358757, 53.447045800000012 ], [ 10.0457389, 53.4467411 ], [ 10.0493221, 53.4497012 ], [ 10.0410975, 53.451549299999989 ], [ 10.0440505, 53.4548653 ], [ 10.0420385, 53.4568076 ], [ 10.0518107, 53.463918899999989 ], [ 10.0846023, 53.4504011 ], [ 10.1087355, 53.426674 ], [ 10.1379138, 53.421547200000013 ], [ 10.1521924, 53.4073298 ], [ 10.1677351, 53.3985025 ], [ 10.1807575, 53.3963531 ], [ 10.1985347, 53.3986082 ], [ 10.2317981, 53.395077600000015 ], [ 10.243786, 53.3995735 ], [ 10.2529576, 53.4133257 ], [ 10.2600414, 53.418524399999988 ], [ 10.2848185, 53.4245914 ], [ 10.3078863, 53.434784299999983 ], [ 10.3181903, 53.435330499999978 ], [ 10.315488, 53.441087499999988 ], [ 10.3259592, 53.449639499999989 ], [ 10.3116462, 53.452323499999984 ], [ 10.3079838, 53.442908800000012 ], [ 10.3016457, 53.4431953 ], [ 10.2956293, 53.4487123 ], [ 10.297844, 53.4515916 ], [ 10.2692901, 53.464108899999985 ], [ 10.2725513, 53.467948299999982 ], [ 10.2651978, 53.4698393 ], [ 10.2643259, 53.4751397 ], [ 10.2597807, 53.474439 ], [ 10.2578925, 53.478146699999989 ], [ 10.2521277, 53.4773085 ], [ 10.2383666, 53.4832641 ], [ 10.2350536, 53.4909232 ], [ 10.2366785, 53.4963545 ], [ 10.2260596, 53.4954596 ], [ 10.218607, 53.499055399999982 ], [ 10.2239452, 53.5057712 ], [ 10.2186099, 53.5080056 ], [ 10.2106013, 53.5200465 ], [ 10.2002765, 53.5142263 ], [ 10.189709, 53.512631 ], [ 10.164643, 53.5199392 ], [ 10.1617003, 53.5259384 ], [ 10.1669034, 53.5373185 ], [ 10.1555717, 53.5364575 ], [ 10.1525827, 53.5397928 ], [ 10.1528811, 53.5505291 ], [ 10.1605387, 53.557683 ], [ 10.1483681, 53.5639749 ], [ 10.152558, 53.5779007 ], [ 10.1617228, 53.585698699999988 ], [ 10.1653054, 53.5823494 ], [ 10.1957604, 53.5847067 ], [ 10.1983218, 53.5821993 ], [ 10.2014497, 53.584075899999988 ], [ 10.1916583, 53.5956791 ], [ 10.1967543, 53.6004002 ], [ 10.1951853, 53.607584599999981 ], [ 10.1889522, 53.613014199999988 ], [ 10.2058032, 53.6215825 ], [ 10.2054189, 53.623718599999989 ], [ 10.2114309, 53.6230334 ], [ 10.2173243, 53.6261225 ], [ 10.2158934, 53.6313413 ], [ 10.2217613, 53.6337225 ], [ 10.1896649, 53.6383806 ], [ 10.1986192, 53.646436199999989 ], [ 10.1960564, 53.6547039 ], [ 10.1874314, 53.656527199999978 ], [ 10.1829028, 53.663738 ], [ 10.1738655, 53.664523099999982 ], [ 10.1724854, 53.669003 ], [ 10.1655626, 53.66813089999998 ], [ 10.1617575, 53.6710586 ], [ 10.1559705, 53.6695024 ], [ 10.1555233, 53.671384 ], [ 10.1603773, 53.6714951 ], [ 10.1541241, 53.6758355 ], [ 10.1432463, 53.675562 ], [ 10.140273, 53.6801267 ], [ 10.1517822, 53.682570199999986 ], [ 10.1523897, 53.6865135 ], [ 10.1594549, 53.690818899999989 ], [ 10.1608227, 53.700381699999987 ], [ 10.1575233, 53.705029099999983 ], [ 10.1687945, 53.7087955 ], [ 10.1661879, 53.7110256 ], [ 10.1739017, 53.712797099999989 ], [ 10.181588, 53.7091974 ], [ 10.191279, 53.7221865 ], [ 10.193671, 53.7310151 ] ] ] } },
{ "type": "Feature", "properties": { "LAN": "Hessen" }, "geometry": { "type": "MultiPolygon", "coordinates": [ [ [ [ 8.3696309, 49.659173 ], [ 8.3561052, 49.679717299999986 ], [ 8.357267, 49.692141599999985 ], [ 8.3614077, 49.69726 ], [ 8.3882928, 49.70928439999998 ], [ 8.4215302, 49.7156948 ], [ 8.4359586, 49.720989399999986 ], [ 8.4551372, 49.741839 ], [ 8.4786327, 49.7582284 ], [ 8.4795732, 49.7629498 ], [ 8.4756942, 49.7675877 ], [ 8.4695541, 49.769179 ], [ 8.4430977, 49.765722699999984 ], [ 8.4291957, 49.7664454 ], [ 8.4162974, 49.773867699999983 ], [ 8.4060769, 49.796569 ], [ 8.3784486, 49.8248201 ], [ 8.3782955, 49.832870899999982 ], [ 8.3850991, 49.8482176 ], [ 8.3835838, 49.855677899999989 ], [ 8.3745614, 49.861621 ], [ 8.3575245, 49.8649015 ], [ 8.3440101, 49.8801093 ], [ 8.343556, 49.8928728 ], [ 8.3547232, 49.9132132 ], [ 8.3409637, 49.9510757 ], [ 8.3223394, 49.9735917 ], [ 8.2902147, 49.9935214 ], [ 8.2645546, 50.015700899999977 ], [ 8.2445577, 50.0276284 ], [ 8.2347065, 50.0305567 ], [ 8.1809491, 50.035206 ], [ 8.1284523, 50.0239781 ], [ 8.0795699, 50.0068987 ], [ 8.036357, 50.0023117 ], [ 7.9674016, 49.9777729 ], [ 7.9380233, 49.9739261 ], [ 7.8872552, 49.9718429 ], [ 7.8780616, 49.9731324 ], [ 7.8660576, 49.9804541 ], [ 7.8578946, 50.007130099999983 ], [ 7.8505572, 50.0139371 ], [ 7.8293583, 50.0219416 ], [ 7.8058844, 50.039342 ], [ 7.7796592, 50.0511066 ], [ 7.7724906, 50.0584688 ], [ 7.7739972, 50.0665401 ], [ 7.7821758, 50.066609 ], [ 7.7875758, 50.0692764 ], [ 7.7870973, 50.072011 ], [ 7.7962089, 50.0765757 ], [ 7.8034611, 50.08458 ], [ 7.8146369, 50.0834208 ], [ 7.8167513, 50.0806795 ], [ 7.8220893, 50.0840099 ], [ 7.8271803, 50.081572199999989 ], [ 7.8371941, 50.084128899999982 ], [ 7.8392302, 50.0874805 ], [ 7.8333351, 50.0922678 ], [ 7.836754, 50.0944272 ], [ 7.8300647, 50.093181699999988 ], [ 7.8300711, 50.0980256 ], [ 7.8372545, 50.0997057 ], [ 7.8352314, 50.1100212 ], [ 7.8430908, 50.111661 ], [ 7.8449181, 50.1234993 ], [ 7.8540161, 50.1283288 ], [ 7.8599793, 50.1276294 ], [ 7.8653895, 50.120851099999982 ], [ 7.8752789, 50.1194468 ], [ 7.8787148, 50.115564299999981 ], [ 7.8813394, 50.1166759 ], [ 7.8847169, 50.1143783 ], [ 7.8974418, 50.121529 ], [ 7.9032236, 50.1215525 ], [ 7.9197634, 50.1089031 ], [ 7.9203636, 50.10368 ], [ 7.9231624, 50.1022296 ], [ 7.9300972, 50.1037401 ], [ 7.925326, 50.1088453 ], [ 7.9245825, 50.1150405 ], [ 7.9277618, 50.1191363 ], [ 7.9231734, 50.1259921 ], [ 7.9224875, 50.1344573 ], [ 7.9329423, 50.1438843 ], [ 7.9196439, 50.147798399999985 ], [ 7.9081672, 50.1562627 ], [ 7.892377, 50.1618008 ], [ 7.8840142, 50.1695686 ], [ 7.8886632, 50.1737081 ], [ 7.8828302, 50.1813175 ], [ 7.9102155, 50.1934945 ], [ 7.9125033, 50.1964333 ], [ 7.9078267, 50.2007565 ], [ 7.911142, 50.2037304 ], [ 7.9207996, 50.2079636 ], [ 7.9473951, 50.210072 ], [ 7.9515598, 50.214261 ], [ 7.9480948, 50.2176229 ], [ 7.9530522, 50.2203981 ], [ 7.9713362, 50.2224776 ], [ 7.9738122, 50.225242 ], [ 7.9865568, 50.2280881 ], [ 7.9902039, 50.2386651 ], [ 7.9910797, 50.2364516 ], [ 7.9970728, 50.2361956 ], [ 7.9935212, 50.231715699999988 ], [ 8.0063681, 50.228701 ], [ 8.0027095, 50.2243811 ], [ 8.0115295, 50.2223764 ], [ 8.0117727, 50.2180335 ], [ 8.0354443, 50.215662 ], [ 8.0369263, 50.2189012 ], [ 8.0328692, 50.220821399999984 ], [ 8.0407833, 50.2256548 ], [ 8.0380506, 50.2269285 ], [ 8.0397183, 50.2285848 ], [ 8.0434549, 50.229592199999985 ], [ 8.044179, 50.2272761 ], [ 8.0466723, 50.2276356 ], [ 8.0589096, 50.234405599999988 ], [ 8.0483951, 50.2406539 ], [ 8.0494373, 50.2443672 ], [ 8.0440893, 50.2424702 ], [ 8.0385314, 50.2461981 ], [ 8.0361379, 50.245089199999988 ], [ 8.0378749, 50.2491068 ], [ 8.0315212, 50.255956 ], [ 8.0249439, 50.254193799999982 ], [ 8.0216505, 50.2583448 ], [ 8.0255865, 50.2617428 ], [ 8.0357746, 50.2645729 ], [ 8.0358918, 50.2711922 ], [ 8.0529458, 50.274132099999981 ], [ 8.0671318, 50.2719852 ], [ 8.0720883, 50.2731525 ], [ 8.0747107, 50.267194499999988 ], [ 8.0829932, 50.265902 ], [ 8.0790316, 50.261002200000014 ], [ 8.0920012, 50.2652453 ], [ 8.1031208, 50.25978880000001 ], [ 8.1067852, 50.2609096 ], [ 8.111065, 50.270724 ], [ 8.1219136, 50.277225 ], [ 8.1197804, 50.2830374 ], [ 8.1227769, 50.290472299999983 ], [ 8.1186007, 50.29968 ], [ 8.1024144, 50.3098265 ], [ 8.107159, 50.3215744 ], [ 8.1025389, 50.3236655 ], [ 8.1026775, 50.3270173 ], [ 8.0935946, 50.328087599999989 ], [ 8.0940697, 50.330348099999981 ], [ 8.0743852, 50.3294389 ], [ 8.0719443, 50.3317729 ], [ 8.0766698, 50.3358698 ], [ 8.0767697, 50.3484032 ], [ 8.0699775, 50.3581444 ], [ 8.0673239, 50.357755099999984 ], [ 8.065891, 50.3672224 ], [ 8.0597568, 50.375311499999981 ], [ 8.0583962, 50.3733201 ], [ 8.0510025, 50.375917099999988 ], [ 8.0535474, 50.3788525 ], [ 8.0509364, 50.3795171 ], [ 8.0460513, 50.3746596 ], [ 8.0484946, 50.3782858 ], [ 8.0425557, 50.3860542 ], [ 8.0336152, 50.3817485 ], [ 8.0145597, 50.384525 ], [ 8.0203036, 50.386143499999989 ], [ 8.0210469, 50.398745299999987 ], [ 8.0237573, 50.4007662 ], [ 7.9871539, 50.398054599999988 ], [ 7.9843, 50.3990095 ], [ 7.989643, 50.4010259 ], [ 7.9824186, 50.4080972 ], [ 7.9715594, 50.406220499999989 ], [ 7.9641917, 50.4122252 ], [ 7.966172, 50.4152128 ], [ 7.9749331, 50.4142171 ], [ 7.9812394, 50.4180015 ], [ 7.9838617, 50.425864299999986 ], [ 7.9877822, 50.4279216 ], [ 7.9843759, 50.4323126 ], [ 7.9890331, 50.433782699999981 ], [ 7.9880951, 50.435508799999987 ], [ 7.9782199, 50.434347499999987 ], [ 7.9751825, 50.437621 ], [ 7.9893915, 50.4397324 ], [ 7.9906328, 50.443936799999982 ], [ 8.0010208, 50.4453061 ], [ 8.0001154, 50.4474831 ], [ 8.0081102, 50.4487998 ], [ 8.010766, 50.4526924 ], [ 8.0104749, 50.460572499999984 ], [ 7.9996171, 50.4631209 ], [ 7.9948211, 50.4705952 ], [ 7.9876679, 50.472726099999988 ], [ 7.9856159, 50.482584399999986 ], [ 7.9791982, 50.484640899999981 ], [ 7.9812352, 50.4937423 ], [ 7.9789029, 50.495383800000013 ], [ 7.9899669, 50.4985693 ], [ 7.9829372, 50.5114611 ], [ 7.9965641, 50.5172316 ], [ 7.9928576, 50.5221116 ], [ 8.0046465, 50.5306499 ], [ 8.0110757, 50.53059970000001 ], [ 8.0282941, 50.5445011 ], [ 8.0283746, 50.550558699999982 ], [ 8.0409957, 50.552568799999982 ], [ 8.0416113, 50.5569933 ], [ 8.046104, 50.5570169 ], [ 8.0493489, 50.5528006 ], [ 8.066422, 50.5489308 ], [ 8.0705215, 50.5379982 ], [ 8.0873036, 50.5385395 ], [ 8.0907147, 50.5353879 ], [ 8.0926058, 50.5366586 ], [ 8.1034272, 50.532628 ], [ 8.1150287, 50.5358483 ], [ 8.1177383, 50.5345089 ], [ 8.1208807, 50.5396601 ], [ 8.1160763, 50.5385796 ], [ 8.1108092, 50.5418645 ], [ 8.118992, 50.5484704 ], [ 8.1379128, 50.5509479 ], [ 8.132189, 50.5579603 ], [ 8.1471419, 50.582113 ], [ 8.1515922, 50.5993708 ], [ 8.1260187, 50.6100931 ], [ 8.137736, 50.618222 ], [ 8.1355589, 50.6195209 ], [ 8.1386816, 50.6200468 ], [ 8.1408849, 50.6302283 ], [ 8.1287557, 50.638503 ], [ 8.1274917, 50.6450869 ], [ 8.1237857, 50.6452989 ], [ 8.1100923, 50.6572508 ], [ 8.1102297, 50.6709012 ], [ 8.1125836, 50.675568 ], [ 8.1197002, 50.677146 ], [ 8.1255171, 50.682838 ], [ 8.1262209, 50.692631599999984 ], [ 8.1312788, 50.6969196 ], [ 8.1374139, 50.6939582 ], [ 8.1426066, 50.6954485 ], [ 8.1503893, 50.705554099999986 ], [ 8.150894, 50.713302299999988 ], [ 8.166829, 50.7357107 ], [ 8.1648903, 50.7421351 ], [ 8.1599526, 50.742710599999988 ], [ 8.1643149, 50.744502499999989 ], [ 8.1579264, 50.7487382 ], [ 8.1548526, 50.7482711 ], [ 8.1525763, 50.7545253 ], [ 8.1486344, 50.755867699999982 ], [ 8.1518338, 50.759853899999989 ], [ 8.1466322, 50.764046 ], [ 8.1433714, 50.7625664 ], [ 8.1356413, 50.7672162 ], [ 8.1416623, 50.771659899999989 ], [ 8.1317089, 50.7770023 ], [ 8.12939, 50.7874635 ], [ 8.1255119, 50.7883559 ], [ 8.1383622, 50.7902813 ], [ 8.1424728, 50.79465 ], [ 8.165807, 50.8034759 ], [ 8.1739227, 50.817331 ], [ 8.1805501, 50.820074299999987 ], [ 8.1828408, 50.8248731 ], [ 8.1961715, 50.8329252 ], [ 8.2087659, 50.8366762 ], [ 8.2313139, 50.850639799999975 ], [ 8.2331495, 50.8552846 ], [ 8.2595709, 50.871323 ], [ 8.2696665, 50.8818756 ], [ 8.2920172, 50.8821358 ], [ 8.2918975, 50.8771561 ], [ 8.3051303, 50.864471699999989 ], [ 8.3054733, 50.8611206 ], [ 8.3197808, 50.8614351 ], [ 8.3367486, 50.8657129 ], [ 8.3526777, 50.865441399999987 ], [ 8.3586002, 50.86069 ], [ 8.3692015, 50.864602499999982 ], [ 8.3665882, 50.8685511 ], [ 8.371917, 50.874265699999988 ], [ 8.385576, 50.8757933 ], [ 8.3880299, 50.891929199999986 ], [ 8.3967241, 50.894516 ], [ 8.4334262, 50.918239 ], [ 8.439768, 50.9161428 ], [ 8.4564411, 50.9165305 ], [ 8.4586757, 50.921088199999986 ], [ 8.4550297, 50.930484199999988 ], [ 8.4504627, 50.9329511 ], [ 8.4493239, 50.9410832 ], [ 8.4622771, 50.9496933 ], [ 8.4595684, 50.9523191 ], [ 8.4596654, 50.9666502 ], [ 8.4778919, 50.969047499999988 ], [ 8.4733682, 50.9750354 ], [ 8.4873693, 50.9855301 ], [ 8.4957574, 50.988096 ], [ 8.5014147, 50.998454 ], [ 8.5165622, 51.005805400000014 ], [ 8.5140757, 51.009237299999988 ], [ 8.5245606, 51.0099376 ], [ 8.5307607, 51.0137778 ], [ 8.5306282, 51.0182399 ], [ 8.5387822, 51.0194484 ], [ 8.5345511, 51.0206282 ], [ 8.5313421, 51.0293227 ], [ 8.5243185, 51.03203 ], [ 8.5251106, 51.0389019 ], [ 8.5206811, 51.043003099999986 ], [ 8.5166027, 51.0432218 ], [ 8.5143353, 51.038826899999989 ], [ 8.5098036, 51.0376426 ], [ 8.5051435, 51.0414332 ], [ 8.5159338, 51.051176 ], [ 8.5204347, 51.050109399999982 ], [ 8.519729, 51.0534998 ], [ 8.5225187, 51.053808 ], [ 8.5275522, 51.0633798 ], [ 8.5222266, 51.069014 ], [ 8.5062355, 51.0724681 ], [ 8.5017333, 51.0794656 ], [ 8.517594, 51.0911398 ], [ 8.522611, 51.090459899999985 ], [ 8.5281227, 51.0969525 ], [ 8.540484, 51.0960086 ], [ 8.5510198, 51.102764199999989 ], [ 8.5583674, 51.1034537 ], [ 8.5646322, 51.1016676 ], [ 8.6014607, 51.102034599999989 ], [ 8.6566325, 51.094903199999983 ], [ 8.6905347, 51.1091586 ], [ 8.7068861, 51.1077908 ], [ 8.7195047, 51.1101529 ], [ 8.7188482, 51.1156958 ], [ 8.7127147, 51.1175281 ], [ 8.7017411, 51.1165766 ], [ 8.7007929, 51.123312 ], [ 8.6963081, 51.123530799999983 ], [ 8.6921618, 51.1328341 ], [ 8.7133139, 51.1516996 ], [ 8.7176746, 51.151528 ], [ 8.736035, 51.1605218 ], [ 8.7369428, 51.1639303 ], [ 8.7484023, 51.1686114 ], [ 8.7485981, 51.1725113 ], [ 8.7582144, 51.1771817 ], [ 8.7500045, 51.1814639 ], [ 8.7495018, 51.1977317 ], [ 8.7574078, 51.2026478 ], [ 8.7650131, 51.203930799999981 ], [ 8.7681944, 51.208873699999984 ], [ 8.7416975, 51.2184233 ], [ 8.7382069, 51.2321583 ], [ 8.7308172, 51.2400925 ], [ 8.7275975, 51.2501027 ], [ 8.7365853, 51.2622197 ], [ 8.7218272, 51.267747500000013 ], [ 8.7219977, 51.2737438 ], [ 8.695834, 51.2743069 ], [ 8.692552, 51.276407299999988 ], [ 8.685451, 51.2738137 ], [ 8.6809327, 51.2683257 ], [ 8.6335127, 51.2620721 ], [ 8.6283405, 51.2605046 ], [ 8.6253911, 51.253311499999988 ], [ 8.6115335, 51.247085899999981 ], [ 8.59729, 51.2471794 ], [ 8.5893573, 51.2500113 ], [ 8.5849505, 51.2546014 ], [ 8.5782181, 51.2674783 ], [ 8.5678151, 51.2702593 ], [ 8.5563478, 51.2774948 ], [ 8.5663776, 51.2877735 ], [ 8.5859653, 51.2982412 ], [ 8.588082, 51.3029763 ], [ 8.5926381, 51.303858 ], [ 8.6032408, 51.3148569 ], [ 8.6050483, 51.3236949 ], [ 8.6174918, 51.3272098 ], [ 8.6210982, 51.3365279 ], [ 8.6377876, 51.343613499999982 ], [ 8.653654, 51.339789499999988 ], [ 8.6555596, 51.3496111 ], [ 8.659662, 51.348389 ], [ 8.6623096, 51.352171 ], [ 8.6669708, 51.3526101 ], [ 8.666599, 51.3556969 ], [ 8.6812089, 51.3597642 ], [ 8.6834765, 51.362177899999978 ], [ 8.6766909, 51.3705324 ], [ 8.6797231, 51.3731173 ], [ 8.7005352, 51.3773798 ], [ 8.7103354, 51.374235699999986 ], [ 8.732851, 51.372416699999988 ], [ 8.7603225, 51.3782714 ], [ 8.7729037, 51.3853938 ], [ 8.8039932, 51.3907979 ], [ 8.8184827, 51.3886934 ], [ 8.8233749, 51.3898252 ], [ 8.8272524, 51.3852459 ], [ 8.8365837, 51.3885011 ], [ 8.8379944, 51.3832926 ], [ 8.8540198, 51.3771378 ], [ 8.8895808, 51.392722 ], [ 8.9159284, 51.3928371 ], [ 8.939502, 51.389499 ], [ 8.9388583, 51.3935741 ], [ 8.9430783, 51.3968715 ], [ 8.9407633, 51.4103219 ], [ 8.9515299, 51.4134928 ], [ 8.9454265, 51.418802899999989 ], [ 8.9481087, 51.428218899999983 ], [ 8.9341556, 51.431291 ], [ 8.9187868, 51.4302854 ], [ 8.9217835, 51.446053799999987 ], [ 8.9139965, 51.4526172 ], [ 8.9106997, 51.461919 ], [ 8.894091, 51.4712363 ], [ 8.8903766, 51.481928299999986 ], [ 8.8969633, 51.4859324 ], [ 8.9133348, 51.491554 ], [ 8.9274749, 51.493499 ], [ 8.9414954, 51.4998036 ], [ 9.0049327, 51.5124056 ], [ 9.0176495, 51.518239 ], [ 9.0228983, 51.5172349 ], [ 9.0239582, 51.5113342 ], [ 9.0392859, 51.50192149999998 ], [ 9.0574769, 51.502514599999984 ], [ 9.0606626, 51.4987035 ], [ 9.0765218, 51.503475099999989 ], [ 9.0923289, 51.494388 ], [ 9.0920841, 51.4873304 ], [ 9.0771854, 51.464871599999988 ], [ 9.0869371, 51.4611648 ], [ 9.0846771, 51.4564405 ], [ 9.0894451, 51.4465727 ], [ 9.1025942, 51.4432022 ], [ 9.1318042, 51.44629 ], [ 9.1357493, 51.4501871 ], [ 9.1492988, 51.442015 ], [ 9.1584077, 51.4430961 ], [ 9.1743504, 51.4629467 ], [ 9.181369, 51.465338 ], [ 9.1851004, 51.4663336 ], [ 9.216466, 51.459594 ], [ 9.2189617, 51.4727314 ], [ 9.2166406, 51.4811652 ], [ 9.2233336, 51.4849933 ], [ 9.2251846, 51.4898373 ], [ 9.2398038, 51.4908574 ], [ 9.2367047, 51.4924348 ], [ 9.2402322, 51.497208199999989 ], [ 9.264333, 51.4979106 ], [ 9.2694305, 51.5071258 ], [ 9.2868803, 51.5154772 ], [ 9.3083247, 51.512643299999986 ], [ 9.3103264, 51.5188873 ], [ 9.3158508, 51.5230193 ], [ 9.3099687, 51.5309106 ], [ 9.3110842, 51.5373496 ], [ 9.3142801, 51.537635799999983 ], [ 9.3200182, 51.546772 ], [ 9.317031, 51.5523655 ], [ 9.3311189, 51.5568248 ], [ 9.3460662, 51.5702613 ], [ 9.3522309, 51.5800747 ], [ 9.3653092, 51.5849608 ], [ 9.3693464, 51.591081799999976 ], [ 9.3735226, 51.5910137 ], [ 9.3706452, 51.594063299999988 ], [ 9.3562682, 51.597676799999988 ], [ 9.3369793, 51.6119922 ], [ 9.3370983, 51.614701599999989 ], [ 9.3580309, 51.6202592 ], [ 9.3712668, 51.6192438 ], [ 9.3719349, 51.6255663 ], [ 9.3782667, 51.6267333 ], [ 9.3984994, 51.6245574 ], [ 9.3989063, 51.6262706 ], [ 9.426669, 51.6308138 ], [ 9.4449244, 51.644199 ], [ 9.4370076, 51.6482127 ], [ 9.440457, 51.650394 ], [ 9.4532764, 51.6457488 ], [ 9.4677144, 51.653847199999987 ], [ 9.4921373, 51.657449799999988 ], [ 9.4970115, 51.6561597 ], [ 9.4986446, 51.6522599 ], [ 9.4919295, 51.6347216 ], [ 9.5088709, 51.6268756 ], [ 9.525136, 51.62675 ], [ 9.5447651, 51.6399739 ], [ 9.5551934, 51.636333 ], [ 9.5645378, 51.6256994 ], [ 9.5707076, 51.6247198 ], [ 9.609645, 51.6295764 ], [ 9.6160812, 51.634645 ], [ 9.6259993, 51.636914 ], [ 9.6316179, 51.6341664 ], [ 9.6270764, 51.6289597 ], [ 9.6322354, 51.6260018 ], [ 9.6304125, 51.6248602 ], [ 9.6366207, 51.6234158 ], [ 9.6378355, 51.608804799999987 ], [ 9.6495289, 51.6062715 ], [ 9.6610559, 51.59302959999998 ], [ 9.6686378, 51.591676299999989 ], [ 9.672257, 51.5873692 ], [ 9.679809, 51.587961199999988 ], [ 9.690948, 51.5763151 ], [ 9.6840037, 51.566532699999989 ], [ 9.6601142, 51.572707899999976 ], [ 9.6493852, 51.5797836 ], [ 9.6448005, 51.5801643 ], [ 9.6448773, 51.5822432 ], [ 9.634004, 51.584485099999988 ], [ 9.6268309, 51.5819761 ], [ 9.6251988, 51.5736688 ], [ 9.6283685, 51.5671964 ], [ 9.6363776, 51.558933 ], [ 9.6450156, 51.5593559 ], [ 9.6477554, 51.552511 ], [ 9.6224434, 51.5486725 ], [ 9.6129, 51.5578681 ], [ 9.6093103, 51.556905399999984 ], [ 9.6143232, 51.5477031 ], [ 9.6219501, 51.5418669 ], [ 9.6188321, 51.5301031 ], [ 9.6080151, 51.5218518 ], [ 9.6009782, 51.5210606 ], [ 9.5924523, 51.5233705 ], [ 9.5862592, 51.5193189 ], [ 9.5861127, 51.5165377 ], [ 9.5970132, 51.5085512 ], [ 9.6195865, 51.4810287 ], [ 9.6281331, 51.4756219 ], [ 9.6399215, 51.4731534 ], [ 9.6438138, 51.46916 ], [ 9.6429653, 51.4659958 ], [ 9.6301486, 51.4582092 ], [ 9.6276205, 51.4442087 ], [ 9.6342971, 51.42608340000001 ], [ 9.6435818, 51.4182607 ], [ 9.6311455, 51.411601399999988 ], [ 9.6305822, 51.406106 ], [ 9.6100171, 51.407822599999989 ], [ 9.6098547, 51.4047661 ], [ 9.5940778, 51.3979874 ], [ 9.588327, 51.4024611 ], [ 9.5793454, 51.4017689 ], [ 9.574045, 51.3921089 ], [ 9.564025, 51.386964 ], [ 9.5596225, 51.380738499999985 ], [ 9.5603172, 51.375588500000013 ], [ 9.5750427, 51.37252920000001 ], [ 9.5769697, 51.3696291 ], [ 9.5675738, 51.361574099999984 ], [ 9.550134, 51.3618842 ], [ 9.5484411, 51.3589553 ], [ 9.5558181, 51.354534 ], [ 9.5588326, 51.3476571 ], [ 9.5680249, 51.3400015 ], [ 9.581657, 51.3421963 ], [ 9.5839601, 51.3383544 ], [ 9.5949227, 51.3345884 ], [ 9.6018371, 51.3276774 ], [ 9.6060013, 51.3277092 ], [ 9.6044346, 51.3255559 ], [ 9.617242, 51.3279293 ], [ 9.6333659, 51.325854 ], [ 9.6385431, 51.322392099999988 ], [ 9.6329332, 51.3244292 ], [ 9.6285241, 51.3119026 ], [ 9.6344553, 51.3116037 ], [ 9.635771, 51.3170722 ], [ 9.6434282, 51.314498599999979 ], [ 9.6456573, 51.3166407 ], [ 9.6622297, 51.3117126 ], [ 9.6642909, 51.3165548 ], [ 9.6693859, 51.3177109 ], [ 9.6752373, 51.315682699999989 ], [ 9.6789109, 51.3109578 ], [ 9.6865149, 51.310407899999973 ], [ 9.6876789, 51.3078967 ], [ 9.7000427, 51.3043557 ], [ 9.7086638, 51.3038473 ], [ 9.7201924, 51.298607 ], [ 9.7303579, 51.297495499999989 ], [ 9.7323044, 51.2952319 ], [ 9.7682004, 51.3067261 ], [ 9.775202, 51.3251962 ], [ 9.7732944, 51.3268669 ], [ 9.7703453, 51.3253821 ], [ 9.7723659, 51.3292815 ], [ 9.7656359, 51.324426 ], [ 9.7635104, 51.3253394 ], [ 9.7706095, 51.330458199999988 ], [ 9.7724563, 51.336291 ], [ 9.7631076, 51.3361607 ], [ 9.7683071, 51.3325493 ], [ 9.7565065, 51.3286512 ], [ 9.7454343, 51.318980299999986 ], [ 9.7382477, 51.3194288 ], [ 9.7368407, 51.3289569 ], [ 9.7273666, 51.3363897 ], [ 9.7206113, 51.3485275 ], [ 9.7129125, 51.3551162 ], [ 9.7039832, 51.3581459 ], [ 9.7021438, 51.3645718 ], [ 9.7232004, 51.3704982 ], [ 9.7316156, 51.368412199999987 ], [ 9.7384587, 51.3692126 ], [ 9.7522838, 51.3746907 ], [ 9.7566032, 51.382284899999988 ], [ 9.7658613, 51.385978 ], [ 9.7839858, 51.3892478 ], [ 9.7942278, 51.388424 ], [ 9.7968909, 51.3860328 ], [ 9.8014501, 51.3869147 ], [ 9.8001274, 51.399188 ], [ 9.7964901, 51.3981406 ], [ 9.7925841, 51.4024088 ], [ 9.7941367, 51.4071596 ], [ 9.8035103, 51.410400499999987 ], [ 9.821486, 51.409956799999989 ], [ 9.8338088, 51.4024697 ], [ 9.8406366, 51.402641599999988 ], [ 9.8401066, 51.383593199999986 ], [ 9.8532126, 51.3722315 ], [ 9.8652759, 51.3716127 ], [ 9.8679912, 51.3748663 ], [ 9.8594207, 51.3791835 ], [ 9.8559203, 51.384805599999986 ], [ 9.8607492, 51.394288 ], [ 9.8505388, 51.4013757 ], [ 9.8538499, 51.4103911 ], [ 9.8507431, 51.4144136 ], [ 9.8685352, 51.4137908 ], [ 9.8783153, 51.4044769 ], [ 9.8846256, 51.410205299999987 ], [ 9.8831518, 51.414966 ], [ 9.8992749, 51.416525 ], [ 9.9060211, 51.4211387 ], [ 9.9133934, 51.4106312 ], [ 9.9128533, 51.4086424 ], [ 9.9071943, 51.4075872 ], [ 9.9272938, 51.3953868 ], [ 9.9278599, 51.3926545 ], [ 9.9311091, 51.392733199999988 ], [ 9.9325815, 51.3795546 ], [ 9.9265963, 51.3763262 ], [ 9.9282887, 51.3723638 ], [ 9.9232933, 51.368043099999987 ], [ 9.9254691, 51.3537933 ], [ 9.9328209, 51.3460376 ], [ 9.9299366, 51.3399685 ], [ 9.9434478, 51.3345091 ], [ 9.944122, 51.3286281 ], [ 9.9475668, 51.3263951 ], [ 9.9490367, 51.3175578 ], [ 9.9402022, 51.3065807 ], [ 9.947163, 51.3029485 ], [ 9.9605471, 51.304772399999983 ], [ 9.9698531, 51.3002711 ], [ 9.9705369, 51.2947007 ], [ 9.9764239, 51.291204 ], [ 9.9729773, 51.2843512 ], [ 9.9834478, 51.2833361 ], [ 9.9913318, 51.286555599999986 ], [ 9.9972611, 51.2849077 ], [ 10.0043313, 51.286983 ], [ 10.0103469, 51.2834605 ], [ 10.0239339, 51.282031899999986 ], [ 10.0299873, 51.2778816 ], [ 10.0414098, 51.280392099999986 ], [ 10.0492939, 51.2776805 ], [ 10.0537177, 51.279000099999983 ], [ 10.0599162, 51.2758655 ], [ 10.0574517, 51.2676563 ], [ 10.0465541, 51.264501 ], [ 10.047104, 51.259504 ], [ 10.0501165, 51.2587158 ], [ 10.0469691, 51.2534257 ], [ 10.0480421, 51.2520519 ], [ 10.0543005, 51.2544754 ], [ 10.0618754, 51.2525615 ], [ 10.0675998, 51.248897700000015 ], [ 10.0690588, 51.2437611 ], [ 10.0789951, 51.2427809 ], [ 10.0727817, 51.2404102 ], [ 10.0676346, 51.2306154 ], [ 10.067095, 51.2277931 ], [ 10.0723818, 51.2247805 ], [ 10.0809579, 51.2239478 ], [ 10.0902827, 51.226669 ], [ 10.0935133, 51.2214526 ], [ 10.106339, 51.2216066 ], [ 10.1131718, 51.2152061 ], [ 10.1292415, 51.2191431 ], [ 10.1362609, 51.2181328 ], [ 10.1384018, 51.220135299999988 ], [ 10.1453978, 51.218079 ], [ 10.1428366, 51.217216 ], [ 10.1438004, 51.2128751 ], [ 10.1497907, 51.2061893 ], [ 10.1684449, 51.2121899 ], [ 10.1877484, 51.2042308 ], [ 10.1970298, 51.196542299999983 ], [ 10.1970137, 51.1920574 ], [ 10.2112531, 51.1904365 ], [ 10.214138, 51.1870442 ], [ 10.2201915, 51.1857448 ], [ 10.2304819, 51.1881287 ], [ 10.235777, 51.186695199999988 ], [ 10.2298458, 51.17491230000001 ], [ 10.2073234, 51.164917 ], [ 10.2077569, 51.1547663 ], [ 10.2003783, 51.1499307 ], [ 10.2106897, 51.1424722 ], [ 10.2037875, 51.1356551 ], [ 10.2057457, 51.1272625 ], [ 10.2107126, 51.125964300000014 ], [ 10.2107174, 51.1229053 ], [ 10.2061903, 51.1221112 ], [ 10.209346, 51.118169299999984 ], [ 10.199959, 51.1129721 ], [ 10.1894548, 51.116767199999977 ], [ 10.1896213, 51.1219784 ], [ 10.1792149, 51.1276473 ], [ 10.1784831, 51.1307615 ], [ 10.185236, 51.1324939 ], [ 10.1849049, 51.1411201 ], [ 10.1774536, 51.141671099999982 ], [ 10.1762627, 51.1472966 ], [ 10.168105, 51.153012499999988 ], [ 10.1576073, 51.1480135 ], [ 10.1526064, 51.1486844 ], [ 10.1465973, 51.144552799999978 ], [ 10.1257254, 51.1463357 ], [ 10.1278274, 51.1437604 ], [ 10.1183216, 51.139573 ], [ 10.1207282, 51.1369301 ], [ 10.1308224, 51.135191299999988 ], [ 10.139985, 51.1247074 ], [ 10.1462304, 51.1257869 ], [ 10.1492455, 51.1203616 ], [ 10.1537916, 51.1184587 ], [ 10.1703044, 51.1189407 ], [ 10.174631, 51.1168675 ], [ 10.1754876, 51.106905399999981 ], [ 10.1720965, 51.1054294 ], [ 10.1672039, 51.1080968 ], [ 10.1604154, 51.1080502 ], [ 10.1591036, 51.1052251 ], [ 10.1656795, 51.0994999 ], [ 10.157115, 51.096317 ], [ 10.1446947, 51.084814 ], [ 10.1480517, 51.083711699999988 ], [ 10.1510438, 51.0728637 ], [ 10.1551883, 51.0704193 ], [ 10.1442594, 51.0660023 ], [ 10.1470218, 51.061404 ], [ 10.140802, 51.060406 ], [ 10.1405902, 51.0584914 ], [ 10.1464705, 51.0550681 ], [ 10.1602164, 51.0533724 ], [ 10.1710726, 51.0491828 ], [ 10.1846714, 51.0490324 ], [ 10.1847655, 51.0456946 ], [ 10.1988466, 51.0400904 ], [ 10.2047469, 51.034789499999988 ], [ 10.2029255, 51.031607299999983 ], [ 10.2151857, 51.0264194 ], [ 10.2085555, 51.0189711 ], [ 10.1953689, 51.020939 ], [ 10.1926219, 51.0185321 ], [ 10.1938162, 51.0159928 ], [ 10.2012117, 51.013898 ], [ 10.2029049, 51.008105900000011 ], [ 10.1969532, 51.006633 ], [ 10.1956739, 51.002057 ], [ 10.1922335, 51.0019908 ], [ 10.1907858, 50.9990679 ], [ 10.1812653, 50.9984214 ], [ 10.1781595, 50.9960015 ], [ 10.174374, 50.9985713 ], [ 10.1710399, 50.9962189 ], [ 10.1695711, 50.998523899999981 ], [ 10.1732771, 51.0000538 ], [ 10.1690817, 51.0019297 ], [ 10.1658444, 50.9974605 ], [ 10.14688, 50.9938235 ], [ 10.1315628, 50.9968976 ], [ 10.1273763, 51.001478799999987 ], [ 10.1330824, 51.0048191 ], [ 10.1208428, 51.0117007 ], [ 10.1082957, 51.0092246 ], [ 10.1034839, 51.0033672 ], [ 10.0942666, 51.0073554 ], [ 10.0735078, 51.011366199999983 ], [ 10.0656663, 51.009415199999985 ], [ 10.0536369, 51.0131543 ], [ 10.0364004, 51.0123762 ], [ 10.0276747, 51.0064567 ], [ 10.02828, 51.0030311 ], [ 10.0211024, 50.993891 ], [ 10.0238154, 50.9853604 ], [ 10.0194702, 50.9807081 ], [ 10.0409491, 50.967526399999983 ], [ 10.0321613, 50.9596354 ], [ 10.0420368, 50.9572343 ], [ 10.0456514, 50.9503205 ], [ 10.0430492, 50.9484819 ], [ 10.0478688, 50.9461189 ], [ 10.0611917, 50.947972699999987 ], [ 10.0623459, 50.9437835 ], [ 10.0536157, 50.9397789 ], [ 10.0294392, 50.938113 ], [ 10.0249009, 50.943751399999989 ], [ 10.0242948, 50.9410843 ], [ 10.0165783, 50.939631899999988 ], [ 10.0175631, 50.9371324 ], [ 10.0135568, 50.9347351 ], [ 10.0033796, 50.9406323 ], [ 9.9992854, 50.936643899999986 ], [ 9.9910059, 50.9435661 ], [ 9.9915609, 50.940896599999988 ], [ 9.9873921, 50.941706699999983 ], [ 9.9820861, 50.939055 ], [ 9.9750738, 50.943423 ], [ 9.968315, 50.9413355 ], [ 9.9500866, 50.9422503 ], [ 9.9565559, 50.9336616 ], [ 9.9496853, 50.9265075 ], [ 9.957144, 50.9226002 ], [ 9.9660677, 50.928755 ], [ 9.9635552, 50.931028899999987 ], [ 9.9655602, 50.9335806 ], [ 9.9721879, 50.9318321 ], [ 9.9919965, 50.9345145 ], [ 9.9886315, 50.9331443 ], [ 9.9818925, 50.9199477 ], [ 9.9696323, 50.913487499999988 ], [ 9.9714637, 50.9074109 ], [ 9.9782198, 50.9052989 ], [ 9.9844916, 50.9069934 ], [ 9.9891407, 50.9132175 ], [ 10.0036639, 50.921551 ], [ 10.0156359, 50.920623899999988 ], [ 10.0162251, 50.917547299999988 ], [ 10.0246668, 50.9144708 ], [ 10.0248507, 50.9117993 ], [ 10.0350303, 50.910022899999987 ], [ 10.0406971, 50.9015344 ], [ 10.0509091, 50.9000889 ], [ 10.0419525, 50.8933404 ], [ 10.0478681, 50.8888499 ], [ 10.0497293, 50.8911496 ], [ 10.0534569, 50.8900713 ], [ 10.0524609, 50.8926088 ], [ 10.0584448, 50.890175299999989 ], [ 10.0562375, 50.8873966 ], [ 10.0598037, 50.8853926 ], [ 10.0570942, 50.8853704 ], [ 10.0588499, 50.8827941 ], [ 10.055981, 50.8797716 ], [ 10.0242821, 50.8672314 ], [ 10.0218931, 50.8644863 ], [ 10.018689, 50.855670799999984 ], [ 10.0219286, 50.8478566 ], [ 10.035993, 50.8538558 ], [ 10.0386203, 50.85311489999998 ], [ 10.0377517, 50.8452954 ], [ 10.0268067, 50.8412833 ], [ 10.0284881, 50.8358083 ], [ 10.0230545, 50.8316314 ], [ 10.0068363, 50.8376821 ], [ 9.998019, 50.8265051 ], [ 9.994646, 50.8257617 ], [ 9.9918763, 50.829627599999981 ], [ 9.9876531, 50.8282648 ], [ 9.9838492, 50.829619199999982 ], [ 9.9842646, 50.8318885 ], [ 9.9768164, 50.833273 ], [ 9.9668323, 50.8266569 ], [ 9.9522528, 50.8213745 ], [ 9.9502339, 50.8151808 ], [ 9.9564174, 50.8160513 ], [ 9.9566771, 50.8096191 ], [ 9.9435699, 50.79769790000001 ], [ 9.9494317, 50.788233199999986 ], [ 9.9551349, 50.7855503 ], [ 9.9497799, 50.7803798 ], [ 9.9540921, 50.779356399999983 ], [ 9.9521339, 50.7732916 ], [ 9.9433181, 50.7712341 ], [ 9.9487496, 50.778692299999989 ], [ 9.9371537, 50.7741017 ], [ 9.9284309, 50.7765942 ], [ 9.925526, 50.7746658 ], [ 9.9289213, 50.7696345 ], [ 9.9201265, 50.759612 ], [ 9.9266498, 50.756559099999983 ], [ 9.9396143, 50.75592 ], [ 9.938634, 50.7436839 ], [ 9.9413716, 50.741837900000014 ], [ 9.9357949, 50.7340065 ], [ 9.937878, 50.7328591 ], [ 9.9351624, 50.724118 ], [ 9.9088907, 50.704532399999984 ], [ 9.9106518, 50.7006914 ], [ 9.9239554, 50.6951305 ], [ 9.91554, 50.6936956 ], [ 9.9062247, 50.6841909 ], [ 9.8989562, 50.6824019 ], [ 9.8946777, 50.6837199 ], [ 9.8885783, 50.6768675 ], [ 9.8812732, 50.6733786 ], [ 9.8795545, 50.6664538 ], [ 9.8842203, 50.650813399999976 ], [ 9.877975, 50.64432 ], [ 9.8773205, 50.6387152 ], [ 9.8785511, 50.634781200000013 ], [ 9.8861088, 50.633936 ], [ 9.9061058, 50.6403823 ], [ 9.9103797, 50.636347799999982 ], [ 9.9220969, 50.6345068 ], [ 9.9296956, 50.6290169 ], [ 9.9459275, 50.6268257 ], [ 9.960722, 50.6294837 ], [ 9.9602523, 50.6355058 ], [ 9.9689015, 50.6412594 ], [ 9.9497109, 50.6558725 ], [ 9.9491078, 50.6641425 ], [ 9.9606899, 50.668443899999986 ], [ 9.9630329, 50.666541100000011 ], [ 9.973603, 50.665946899999987 ], [ 9.9746772, 50.668689499999985 ], [ 9.9895409, 50.6745946 ], [ 10.001995, 50.6766026 ], [ 10.02141, 50.6730431 ], [ 10.0313502, 50.6755478 ], [ 10.0489341, 50.6739325 ], [ 10.0699851, 50.6558778 ], [ 10.0785844, 50.6346882 ], [ 10.0829648, 50.6337053 ], [ 10.0810498, 50.620024799999982 ], [ 10.0722647, 50.6196324 ], [ 10.0672223, 50.6241459 ], [ 10.0575039, 50.6261201 ], [ 10.0454704, 50.6212168 ], [ 10.047775, 50.6194606 ], [ 10.0371911, 50.6129263 ], [ 10.0402717, 50.6045077 ], [ 10.0487976, 50.5986207 ], [ 10.0498078, 50.5847231 ], [ 10.04626, 50.5814819 ], [ 10.0463591, 50.5712549 ], [ 10.0524671, 50.561108600000011 ], [ 10.0618286, 50.556687399999987 ], [ 10.0472191, 50.5455188 ], [ 10.047899, 50.5394479 ], [ 10.0383304, 50.5289996 ], [ 10.0424794, 50.521872 ], [ 10.0397412, 50.5156181 ], [ 10.0421499, 50.5093728 ], [ 10.0371062, 50.500022 ], [ 10.0411881, 50.4951885 ], [ 10.0344453, 50.490133 ], [ 10.0363564, 50.4874387 ], [ 10.0320366, 50.486396899999981 ], [ 10.0334852, 50.4811211 ], [ 10.0220219, 50.4754685 ], [ 10.0183074, 50.4664553 ], [ 9.9974599, 50.460985499999985 ], [ 9.9899849, 50.4471231 ], [ 9.9668113, 50.4345308 ], [ 9.9578368, 50.4232041 ], [ 9.9433994, 50.4232881 ], [ 9.9266937, 50.416502699999981 ], [ 9.919022, 50.4105527 ], [ 9.9100466, 50.4087974 ], [ 9.9010149, 50.403784 ], [ 9.8903939, 50.402890899999981 ], [ 9.8831008, 50.3988934 ], [ 9.8715719, 50.409403499999989 ], [ 9.8600463, 50.397474 ], [ 9.8497826, 50.3987279 ], [ 9.8384119, 50.4054745 ], [ 9.8257075, 50.4068044 ], [ 9.8244866, 50.4052772 ], [ 9.8135232, 50.4129589 ], [ 9.8079884, 50.4124309 ], [ 9.8112654, 50.4171295 ], [ 9.8074677, 50.4225504 ], [ 9.7894249, 50.425144799999984 ], [ 9.7801813, 50.4184309 ], [ 9.771871, 50.4248597 ], [ 9.762064, 50.4258675 ], [ 9.7510624, 50.4135591 ], [ 9.7592927, 50.4024189 ], [ 9.7544705, 50.3869112 ], [ 9.7444412, 50.3717021 ], [ 9.7462039, 50.3661799 ], [ 9.7329144, 50.3561496 ], [ 9.7332151, 50.351787199999983 ], [ 9.7399008, 50.349699099999988 ], [ 9.7474358, 50.3412003 ], [ 9.7442924, 50.3312378 ], [ 9.7488972, 50.3251543 ], [ 9.7442002, 50.321042 ], [ 9.7476797, 50.3143793 ], [ 9.7458811, 50.310408 ], [ 9.7300317, 50.296248499999983 ], [ 9.7196564, 50.295089599999983 ], [ 9.7208172, 50.2919932 ], [ 9.7131528, 50.291734 ], [ 9.7034224, 50.2807523 ], [ 9.6904072, 50.2776185 ], [ 9.680958, 50.2781557 ], [ 9.6649903, 50.2711751 ], [ 9.6558405, 50.271747 ], [ 9.652396, 50.2696701 ], [ 9.6421393, 50.2572982 ], [ 9.643451, 50.2551168 ], [ 9.6368236, 50.2514499 ], [ 9.6390131, 50.248362 ], [ 9.6681759, 50.2394353 ], [ 9.6636191, 50.2337335 ], [ 9.6537266, 50.232320199999982 ], [ 9.6469173, 50.234969099999986 ], [ 9.6358159, 50.2352279 ], [ 9.6204017, 50.2275253 ], [ 9.6232826, 50.2257207 ], [ 9.6215919, 50.223116399999988 ], [ 9.6152458, 50.2227256 ], [ 9.6137631, 50.2247567 ], [ 9.6044061, 50.2219036 ], [ 9.5961731, 50.2226578 ], [ 9.5942797, 50.2248187 ], [ 9.582899, 50.2215284 ], [ 9.5763187, 50.232388900000011 ], [ 9.5504812, 50.2282067 ], [ 9.54203, 50.2243415 ], [ 9.5334908, 50.2344918 ], [ 9.5143782, 50.2340771 ], [ 9.5011746, 50.243473899999984 ], [ 9.4986813, 50.2399698 ], [ 9.5015071, 50.2383748 ], [ 9.4947697, 50.226672199999975 ], [ 9.5025914, 50.2202798 ], [ 9.5053356, 50.2145088 ], [ 9.5020651, 50.2123049 ], [ 9.5036264, 50.2085839 ], [ 9.5162055, 50.1996117 ], [ 9.5130846, 50.193997 ], [ 9.5081227, 50.1953309 ], [ 9.5014791, 50.1930483 ], [ 9.498105, 50.1755439 ], [ 9.5050558, 50.1692636 ], [ 9.5281524, 50.1681393 ], [ 9.5312018, 50.1608497 ], [ 9.5218044, 50.149972 ], [ 9.510234, 50.1481269 ], [ 9.5075713, 50.1455574 ], [ 9.510007, 50.1315594 ], [ 9.5192594, 50.1140389 ], [ 9.5191774, 50.10585 ], [ 9.5126799, 50.0994324 ], [ 9.5124642, 50.094355699999987 ], [ 9.4999683, 50.097252399999988 ], [ 9.4951115, 50.0947533 ], [ 9.4781723, 50.0947741 ], [ 9.4597461, 50.089901799999986 ], [ 9.4449892, 50.0899735 ], [ 9.4359395, 50.0850306 ], [ 9.4131108, 50.0840599 ], [ 9.4049847, 50.087734599999976 ], [ 9.3944635, 50.0974863 ], [ 9.3736207, 50.1309635 ], [ 9.3415843, 50.1312824 ], [ 9.3274284, 50.141059499999983 ], [ 9.3076119, 50.1334079 ], [ 9.2858968, 50.141665 ], [ 9.2739273, 50.1426622 ], [ 9.2659493, 50.1393189 ], [ 9.2525599, 50.139479699999988 ], [ 9.2218661, 50.149417299999989 ], [ 9.2190238, 50.1468119 ], [ 9.2114956, 50.146601399999987 ], [ 9.2102222, 50.1429786 ], [ 9.1832687, 50.1379022 ], [ 9.1915937, 50.1274872 ], [ 9.1745587, 50.1194802 ], [ 9.1749631, 50.114199199999987 ], [ 9.1587468, 50.1001285 ], [ 9.1625457, 50.0981865 ], [ 9.1492109, 50.0906395 ], [ 9.1433666, 50.096983 ], [ 9.1543711, 50.107393 ], [ 9.1564103, 50.1119524 ], [ 9.1536093, 50.1179306 ], [ 9.1449577, 50.114111899999983 ], [ 9.117457, 50.126624 ], [ 9.0982299, 50.126417 ], [ 9.0893061, 50.116804399999985 ], [ 9.0772687, 50.1159263 ], [ 9.0713267, 50.11943789999998 ], [ 9.0653395, 50.117028100000013 ], [ 9.018261, 50.1116042 ], [ 9.0000868, 50.0947189 ], [ 8.9973913, 50.091579899999985 ], [ 8.9992826, 50.0693669 ], [ 8.9933128, 50.0662826 ], [ 8.9905599, 50.0671192 ], [ 8.9766115, 50.0522114 ], [ 8.9764803, 50.047170199999989 ], [ 8.9853748, 50.0417271 ], [ 9.010962, 50.0457816 ], [ 9.0253838, 50.0429618 ], [ 9.0313439, 50.039574099999975 ], [ 9.0310248, 50.0201323 ], [ 9.0398175, 50.0103734 ], [ 9.0361157, 50.0081572 ], [ 9.0355382, 50.0018368 ], [ 9.0488203, 49.9922656 ], [ 9.046074, 49.9900078 ], [ 9.0301902, 49.9906042 ], [ 9.0229871, 49.997054 ], [ 9.0172996, 49.994118899999989 ], [ 9.0157143, 49.989022899999988 ], [ 9.0201137, 49.9858943 ], [ 9.0185749, 49.978417099999987 ], [ 9.0263721, 49.9550915 ], [ 9.0190356, 49.9470504 ], [ 9.0253539, 49.945648 ], [ 9.0322643, 49.924688699999983 ], [ 9.0233599, 49.910136799999989 ], [ 9.0318783, 49.9093613 ], [ 9.0299511, 49.9058793 ], [ 9.0325133, 49.9044627 ], [ 9.031243, 49.9012961 ], [ 9.0355503, 49.899323 ], [ 9.0384288, 49.8762177 ], [ 9.0504525, 49.8675718 ], [ 9.0333361, 49.8664667 ], [ 9.0337872, 49.860444099999988 ], [ 9.0437046, 49.8555431 ], [ 9.0407704, 49.8474771 ], [ 9.0360807, 49.8465041 ], [ 9.037652, 49.8425643 ], [ 9.0414432, 49.8400844 ], [ 9.0432277, 49.844057699999986 ], [ 9.0491917, 49.8424152 ], [ 9.0595157, 49.8470277 ], [ 9.0606607, 49.8450626 ], [ 9.0528391, 49.8400031 ], [ 9.0597973, 49.84072 ], [ 9.0562276, 49.8346178 ], [ 9.0639569, 49.8317595 ], [ 9.0702139, 49.8332511 ], [ 9.0847309, 49.847506399999986 ], [ 9.0900876, 49.8409681 ], [ 9.0810294, 49.83833 ], [ 9.0775325, 49.8346117 ], [ 9.0828242, 49.8329526 ], [ 9.0866653, 49.8264381 ], [ 9.0769928, 49.8182233 ], [ 9.0859337, 49.8071069 ], [ 9.0908796, 49.790655 ], [ 9.0941609, 49.790124299999988 ], [ 9.1081401, 49.7979804 ], [ 9.1316655, 49.794927899999983 ], [ 9.12908, 49.787689199999988 ], [ 9.1344843, 49.7822471 ], [ 9.1272351, 49.7764821 ], [ 9.1133646, 49.773731 ], [ 9.1135763, 49.767893699999988 ], [ 9.106914, 49.758661 ], [ 9.1278338, 49.7552266 ], [ 9.1449289, 49.7476019 ], [ 9.143205, 49.7451176 ], [ 9.1508092, 49.7428507 ], [ 9.1444584, 49.7377971 ], [ 9.1345282, 49.7166798 ], [ 9.1225434, 49.7148419 ], [ 9.1281301, 49.7029872 ], [ 9.1261092, 49.699979599999985 ], [ 9.0942108, 49.695868 ], [ 9.0896384, 49.693345699999981 ], [ 9.0888599, 49.6690232 ], [ 9.1034189, 49.6604306 ], [ 9.0995438, 49.6531394 ], [ 9.102012, 49.642210299999981 ], [ 9.0915511, 49.63515229999998 ], [ 9.0843241, 49.634990099999989 ], [ 9.0649754, 49.616650499999984 ], [ 9.0683554, 49.610787 ], [ 9.0663814, 49.6023651 ], [ 9.0738331, 49.600783199999988 ], [ 9.0829899, 49.601987 ], [ 9.0915184, 49.588599300000013 ], [ 9.1030062, 49.577456 ], [ 9.0989307, 49.5605539 ], [ 9.0826317, 49.5617892 ], [ 9.0780426, 49.5748036 ], [ 9.0730743, 49.574941 ], [ 9.0722056, 49.5652492 ], [ 9.0878709, 49.5506616 ], [ 9.0874454, 49.544933699999987 ], [ 9.0843906, 49.543024 ], [ 9.0952332, 49.5414513 ], [ 9.1044866, 49.5381183 ], [ 9.1052306, 49.5358331 ], [ 9.1137679, 49.5346335 ], [ 9.1177495, 49.5279309 ], [ 9.1264597, 49.5216071 ], [ 9.1236377, 49.5197732 ], [ 9.1264138, 49.5169458 ], [ 9.11953, 49.5122101 ], [ 9.1061274, 49.509796099999988 ], [ 9.1058064, 49.5165493 ], [ 9.0995542, 49.5261894 ], [ 9.0788576, 49.524941099999985 ], [ 9.0649508, 49.529606 ], [ 9.0499507, 49.5193681 ], [ 9.0495755, 49.5136497 ], [ 9.0421818, 49.5065141 ], [ 9.0407569, 49.4990694 ], [ 9.014236, 49.4980584 ], [ 9.0121802, 49.5026676 ], [ 8.9977692, 49.5048972 ], [ 8.9922557, 49.503385099999988 ], [ 8.9875768, 49.5056936 ], [ 8.9858338, 49.5103303 ], [ 8.9791748, 49.5091804 ], [ 8.9774716, 49.5034152 ], [ 8.9680029, 49.501599799999987 ], [ 8.9518325, 49.5056262 ], [ 8.9512221, 49.5027115 ], [ 8.9577274, 49.4954853 ], [ 8.9505996, 49.4877934 ], [ 8.9546397, 49.482009199999986 ], [ 8.9427952, 49.4856885 ], [ 8.9318798, 49.4706368 ], [ 8.9356912, 49.465542899999988 ], [ 8.9414831, 49.464871 ], [ 8.9503487, 49.4549929 ], [ 8.9400692, 49.450317299999988 ], [ 8.9274491, 49.4491422 ], [ 8.9247395, 49.441303299999987 ], [ 8.912567, 49.4376144 ], [ 8.9065105, 49.4392565 ], [ 8.9046518, 49.4432793 ], [ 8.9009489, 49.4433687 ], [ 8.8923893, 49.4209074 ], [ 8.8727456, 49.4124464 ], [ 8.8546445, 49.3966272 ], [ 8.8456744, 49.3965434 ], [ 8.8381825, 49.4053914 ], [ 8.8304135, 49.4083359 ], [ 8.8224209, 49.3955519 ], [ 8.8178425, 49.396077899999987 ], [ 8.8034388, 49.402939 ], [ 8.8082935, 49.406422199999987 ], [ 8.8042918, 49.406893 ], [ 8.801489, 49.4108909 ], [ 8.8074159, 49.4106809 ], [ 8.8065876, 49.4192008 ], [ 8.816641, 49.4231756 ], [ 8.8249924, 49.4218154 ], [ 8.8305019, 49.4232288 ], [ 8.8364529, 49.4302183 ], [ 8.8366535, 49.4343783 ], [ 8.8326177, 49.436716499999982 ], [ 8.8346075, 49.450382700000013 ], [ 8.8291289, 49.4602687 ], [ 8.823876, 49.4625621 ], [ 8.8262867, 49.469487799999989 ], [ 8.8368912, 49.4757812 ], [ 8.840968, 49.4755632 ], [ 8.8519323, 49.4835882 ], [ 8.8600385, 49.4807909 ], [ 8.8663402, 49.4745927 ], [ 8.8629238, 49.466678900000012 ], [ 8.8682448, 49.464893399999987 ], [ 8.876495, 49.466686 ], [ 8.8993548, 49.484549799999982 ], [ 8.8997586, 49.4943724 ], [ 8.8968323, 49.4976061 ], [ 8.8995727, 49.5036557 ], [ 8.892427, 49.5029063 ], [ 8.8826615, 49.5060961 ], [ 8.8567823, 49.5012323 ], [ 8.8485016, 49.5021733 ], [ 8.8445501, 49.4984015 ], [ 8.8394486, 49.4987837 ], [ 8.8390464, 49.4937678 ], [ 8.8338553, 49.4906833 ], [ 8.8169629, 49.505793099999984 ], [ 8.8210204, 49.5139387 ], [ 8.8186586, 49.5212174 ], [ 8.821874, 49.5246365 ], [ 8.8092061, 49.525680099999988 ], [ 8.7981287, 49.51851 ], [ 8.7985906, 49.511688799999988 ], [ 8.7818545, 49.5146637 ], [ 8.7767805, 49.517872 ], [ 8.7642036, 49.515198 ], [ 8.7487087, 49.5224275 ], [ 8.7404285, 49.523189699999982 ], [ 8.737227, 49.5192884 ], [ 8.7277112, 49.5183385 ], [ 8.7248948, 49.5226371 ], [ 8.7355131, 49.5213155 ], [ 8.7359499, 49.524846 ], [ 8.7246093, 49.5258944 ], [ 8.7186926, 49.5330084 ], [ 8.7123396, 49.5317112 ], [ 8.7070088, 49.536351 ], [ 8.7026502, 49.5353279 ], [ 8.7057944, 49.5479655 ], [ 8.7038831, 49.550028399999988 ], [ 8.6986155, 49.5490041 ], [ 8.6907708, 49.5556432 ], [ 8.693104, 49.560728100000013 ], [ 8.6843068, 49.5702225 ], [ 8.6846698, 49.5755621 ], [ 8.6809893, 49.5755479 ], [ 8.6838402, 49.5773665 ], [ 8.683477, 49.5897521 ], [ 8.6963344, 49.5920998 ], [ 8.6979975, 49.5997573 ], [ 8.6905726, 49.6073524 ], [ 8.6821278, 49.6034719 ], [ 8.679996, 49.6070912 ], [ 8.672813, 49.6091622 ], [ 8.6729856, 49.6133405 ], [ 8.677341, 49.6135278 ], [ 8.6777907, 49.608999499999989 ], [ 8.6863686, 49.608480399999983 ], [ 8.6868942, 49.6132072 ], [ 8.6843758, 49.6100525 ], [ 8.6788792, 49.6138675 ], [ 8.6831761, 49.6163213 ], [ 8.6848348, 49.6142242 ], [ 8.6883928, 49.6146232 ], [ 8.6869286, 49.6163455 ], [ 8.693837, 49.6193537 ], [ 8.6923136, 49.6237389 ], [ 8.6866174, 49.6227208 ], [ 8.6779337, 49.625947 ], [ 8.6539795, 49.6183903 ], [ 8.6504235, 49.6208841 ], [ 8.593889, 49.6109466 ], [ 8.5952974, 49.6054743 ], [ 8.5893153, 49.604515199999987 ], [ 8.5909768, 49.5959429 ], [ 8.594074, 49.592771299999988 ], [ 8.6032317, 49.5932942 ], [ 8.6106842, 49.5643707 ], [ 8.6212997, 49.5450099 ], [ 8.6108992, 49.5387171 ], [ 8.606928, 49.5335392 ], [ 8.6080477, 49.528304 ], [ 8.5979126, 49.531462 ], [ 8.5912951, 49.5212804 ], [ 8.5843315, 49.5222334 ], [ 8.5813749, 49.5197804 ], [ 8.5730554, 49.5214934 ], [ 8.5669014, 49.519119599999982 ], [ 8.556351, 49.5216135 ], [ 8.5367754, 49.5324136 ], [ 8.5262603, 49.547997100000011 ], [ 8.4950324, 49.5729967 ], [ 8.4799001, 49.574464199999987 ], [ 8.4799473, 49.5785868 ], [ 8.4743517, 49.5809706 ], [ 8.475796, 49.5844523 ], [ 8.4642847, 49.5895284 ], [ 8.4486283, 49.5904784 ], [ 8.4404648, 49.589412 ], [ 8.4382661, 49.5839001 ], [ 8.4224393, 49.5833854 ], [ 8.4090477, 49.6050441 ], [ 8.3928505, 49.6152825 ], [ 8.383394, 49.625194899999983 ], [ 8.3696309, 49.659173 ] ] ], [ [ [ 8.6859798, 49.6183551 ], [ 8.6718636, 49.615878099999989 ], [ 8.6751126, 49.621105 ], [ 8.677987, 49.6198285 ], [ 8.6805874, 49.622471 ], [ 8.6858679, 49.6216649 ], [ 8.6859798, 49.6183551 ] ], [ [ 8.6800675, 49.6186651 ], [ 8.6837072, 49.6191105 ], [ 8.6840527, 49.620223 ], [ 8.6801165, 49.6202857 ], [ 8.6800675, 49.6186651 ] ] ] ] } },
{ "type": "Feature", "properties": { "LAN": "Mecklenburg-Vorpommern" }, "geometry": { "type": "MultiPolygon", "coordinates": [ [ [ [ 11.1798909, 53.1866772 ], [ 11.1367037, 53.191842299999983 ], [ 11.1449898, 53.197778599999985 ], [ 11.136511, 53.199405 ], [ 11.1384868, 53.202504800000014 ], [ 11.1155203, 53.20451 ], [ 11.0900794, 53.2142573 ], [ 11.0870648, 53.218357499999982 ], [ 11.0801446, 53.22052069999998 ], [ 11.0718534, 53.2302134 ], [ 11.0622583, 53.2354532 ], [ 11.0568182, 53.2459945 ], [ 11.0471335, 53.2577023 ], [ 11.0394504, 53.262454599999984 ], [ 11.027572, 53.2789399 ], [ 11.0210481, 53.2814305 ], [ 11.009456, 53.2814792 ], [ 11.0083588, 53.2917609 ], [ 11.002965, 53.29355 ], [ 11.0087023, 53.3006358 ], [ 11.0022578, 53.305201299999986 ], [ 10.999076, 53.3210239 ], [ 10.9956657, 53.3211455 ], [ 10.9914379, 53.32596920000001 ], [ 10.9885021, 53.3244997 ], [ 10.9826615, 53.327536400000014 ], [ 10.9880006, 53.3334265 ], [ 10.9593608, 53.3385251 ], [ 10.9555392, 53.3334613 ], [ 10.9340057, 53.3392914 ], [ 10.9282452, 53.3481183 ], [ 10.9193613, 53.3484196 ], [ 10.9096789, 53.3376942 ], [ 10.899241, 53.334196399999989 ], [ 10.8947136, 53.3366557 ], [ 10.8926505, 53.334307599999988 ], [ 10.8803212, 53.335527199999987 ], [ 10.8805504, 53.3302298 ], [ 10.8885037, 53.3271936 ], [ 10.8880285, 53.3243819 ], [ 10.880535, 53.3210984 ], [ 10.8660427, 53.326912 ], [ 10.8717023, 53.3215929 ], [ 10.87024, 53.317716499999989 ], [ 10.8534138, 53.3158652 ], [ 10.8507905, 53.3099967 ], [ 10.8397166, 53.308167399999981 ], [ 10.8358057, 53.3049695 ], [ 10.8286478, 53.3069123 ], [ 10.8261975, 53.3123924 ], [ 10.7932626, 53.3155672 ], [ 10.7715906, 53.3253237 ], [ 10.7675687, 53.3304645 ], [ 10.7596538, 53.3299872 ], [ 10.7576573, 53.3326067 ], [ 10.7630847, 53.3388506 ], [ 10.7380865, 53.3423438 ], [ 10.7284621, 53.356674 ], [ 10.7031232, 53.369419599999986 ], [ 10.693048, 53.37042409999998 ], [ 10.6768105, 53.3674631 ], [ 10.6307037, 53.3707734 ], [ 10.5942678, 53.3650066 ], [ 10.5991048, 53.377827599999989 ], [ 10.6169039, 53.3845696 ], [ 10.621397, 53.3985707 ], [ 10.6186127, 53.3988112 ], [ 10.6209746, 53.4040876 ], [ 10.61668, 53.4050904 ], [ 10.618366, 53.4253713 ], [ 10.6227065, 53.4258664 ], [ 10.6214056, 53.4304805 ], [ 10.6253958, 53.4335914 ], [ 10.6244957, 53.4391086 ], [ 10.6293354, 53.440939199999988 ], [ 10.6258345, 53.4433626 ], [ 10.6333205, 53.452348 ], [ 10.6323081, 53.4548029 ], [ 10.6471445, 53.457418 ], [ 10.6520426, 53.461477 ], [ 10.692973, 53.455138099999985 ], [ 10.7016612, 53.478255399999988 ], [ 10.7207363, 53.476066 ], [ 10.726819, 53.4813479 ], [ 10.7312383, 53.479479499999989 ], [ 10.7521907, 53.484327099999987 ], [ 10.7560121, 53.4833936 ], [ 10.7651104, 53.4910744 ], [ 10.7777815, 53.4951815 ], [ 10.7864312, 53.5104566 ], [ 10.810643, 53.516189799999985 ], [ 10.824334, 53.513741200000013 ], [ 10.8246057, 53.5178562 ], [ 10.8145185, 53.5220249 ], [ 10.8216141, 53.5240098 ], [ 10.8184205, 53.526957099999983 ], [ 10.8186908, 53.533924 ], [ 10.8319056, 53.5425825 ], [ 10.8244076, 53.5562718 ], [ 10.8267663, 53.5671443 ], [ 10.8228194, 53.5749202 ], [ 10.842194, 53.574842299999986 ], [ 10.8501449, 53.5652706 ], [ 10.8626475, 53.564606899999987 ], [ 10.8722174, 53.5685156 ], [ 10.8948264, 53.572411 ], [ 10.9103981, 53.571761099999982 ], [ 10.9237953, 53.584186 ], [ 10.9174653, 53.599316 ], [ 10.9222636, 53.6022793 ], [ 10.929563, 53.6287072 ], [ 10.9476465, 53.642444399999981 ], [ 10.9449689, 53.646784899999986 ], [ 10.9503084, 53.645444800000014 ], [ 10.9528267, 53.6493433 ], [ 10.9547035, 53.6585842 ], [ 10.9491569, 53.6582359 ], [ 10.9485685, 53.6613523 ], [ 10.9451634, 53.6590943 ], [ 10.9386273, 53.6658216 ], [ 10.9418794, 53.6687697 ], [ 10.9398017, 53.6731275 ], [ 10.9442645, 53.6741738 ], [ 10.9417667, 53.6845423 ], [ 10.9371175, 53.687299200000012 ], [ 10.9291026, 53.6865096 ], [ 10.9272555, 53.6895528 ], [ 10.9189717, 53.689158899999988 ], [ 10.918476, 53.691128199999987 ], [ 10.9260538, 53.692045799999988 ], [ 10.922142, 53.699469 ], [ 10.914588, 53.6993533 ], [ 10.905289, 53.7032943 ], [ 10.887907, 53.7056587 ], [ 10.8803079, 53.7023303 ], [ 10.8732239, 53.701624599999988 ], [ 10.8629821, 53.7039447 ], [ 10.8509437, 53.7001249 ], [ 10.8521709, 53.7058446 ], [ 10.846011, 53.7043436 ], [ 10.8433433, 53.707855 ], [ 10.8246754, 53.7110038 ], [ 10.8108759, 53.7200723 ], [ 10.8064776, 53.7284452 ], [ 10.8100855, 53.730862 ], [ 10.8093374, 53.7352815 ], [ 10.8059168, 53.7392098 ], [ 10.7719239, 53.749417 ], [ 10.758033, 53.7475175 ], [ 10.7579768, 53.763594 ], [ 10.7702565, 53.775480599999987 ], [ 10.7659154, 53.779901099999982 ], [ 10.7732518, 53.792387399999988 ], [ 10.7723487, 53.7971721 ], [ 10.765026, 53.803234 ], [ 10.7669111, 53.806230499999984 ], [ 10.7631428, 53.810550699999986 ], [ 10.7615911, 53.8226009 ], [ 10.7581473, 53.8279383 ], [ 10.7480367, 53.8340018 ], [ 10.7494366, 53.8450575 ], [ 10.7536501, 53.8485744 ], [ 10.7477112, 53.851511 ], [ 10.7594503, 53.8582604 ], [ 10.7719234, 53.8737354 ], [ 10.7994168, 53.8761548 ], [ 10.8082673, 53.8830053 ], [ 10.8073011, 53.8861158 ], [ 10.8150114, 53.8883782 ], [ 10.8189269, 53.8935334 ], [ 10.8264056, 53.8930379 ], [ 10.8356986, 53.8971004 ], [ 10.8394581, 53.8954868 ], [ 10.8472108, 53.896943099999987 ], [ 10.8482954, 53.905114399999981 ], [ 10.8555337, 53.904788599999989 ], [ 10.859162, 53.9094133 ], [ 10.8747242, 53.9145415 ], [ 10.8825719, 53.9244974 ], [ 10.8863036, 53.9248363 ], [ 10.8960874, 53.917933799999979 ], [ 10.9112936, 53.9152256 ], [ 10.9020966, 53.9062908 ], [ 10.902434, 53.9032984 ], [ 10.9110236, 53.897952499999988 ], [ 10.9367856, 53.9006494 ], [ 10.9431811, 53.9043188 ], [ 10.9498891, 53.9042678 ], [ 10.9589732, 53.9102622 ], [ 10.9629469, 53.9105259 ], [ 10.9598466, 53.9094146 ], [ 10.9670646, 53.9072049 ], [ 10.967634, 53.9106342 ], [ 10.9616015, 53.9142049 ], [ 10.94937, 53.9129022 ], [ 10.9393323, 53.9193338 ], [ 10.9298719, 53.918279899999987 ], [ 10.9245959, 53.9218192 ], [ 10.9130056, 53.924041 ], [ 10.8987902, 53.9222818 ], [ 10.8950976, 53.924548200000011 ], [ 10.896389, 53.93597 ], [ 10.9094627, 53.9462691 ], [ 10.9036617, 53.956821899999987 ], [ 10.9335143, 53.9649327 ], [ 10.9795449, 53.9867904 ], [ 11.0283483, 54.0032684 ], [ 11.0895947, 54.0136568 ], [ 11.1444615, 54.0096443 ], [ 11.1816027, 54.0147918 ], [ 11.1913564, 54.0094215 ], [ 11.1932175, 54.0003813 ], [ 11.2072027, 53.9883754 ], [ 11.2281246, 53.982530399999987 ], [ 11.2411834, 53.9824112 ], [ 11.2532067, 53.987656 ], [ 11.2597218, 53.9835375 ], [ 11.2531546, 53.973675 ], [ 11.2458902, 53.9731571 ], [ 11.2414811, 53.9541451 ], [ 11.2455526, 53.9427929 ], [ 11.2539113, 53.9371491 ], [ 11.2732012, 53.9312646 ], [ 11.288721, 53.931571099999985 ], [ 11.3148345, 53.9420706 ], [ 11.3264236, 53.956894399999982 ], [ 11.3344595, 53.958974799999986 ], [ 11.3495288, 53.943777499999989 ], [ 11.3650382, 53.9351389 ], [ 11.3885982, 53.9391324 ], [ 11.4068366, 53.93520239999998 ], [ 11.4011624, 53.9273327 ], [ 11.4036068, 53.9214932 ], [ 11.4351035, 53.9102373 ], [ 11.4361613, 53.9000854 ], [ 11.4526468, 53.8992876 ], [ 11.4555392, 53.903067 ], [ 11.4472963, 53.904907099999988 ], [ 11.445424, 53.912075099999981 ], [ 11.4589288, 53.9170418 ], [ 11.4728517, 53.9283279 ], [ 11.4758544, 53.9290158 ], [ 11.4786033, 53.925604799999988 ], [ 11.4819893, 53.9282928 ], [ 11.4777564, 53.9344973 ], [ 11.4821885, 53.9470119 ], [ 11.4797791, 53.9616362 ], [ 11.4832964, 53.9674458 ], [ 11.4781075, 53.9690077 ], [ 11.4794902, 53.9645476 ], [ 11.4744039, 53.9649297 ], [ 11.4717214, 53.963220399999983 ], [ 11.4728024, 53.970828399999988 ], [ 11.4830759, 53.9714384 ], [ 11.4881463, 53.9755406 ], [ 11.4879187, 53.9682303 ], [ 11.4939278, 53.970842 ], [ 11.4913067, 53.977370799999989 ], [ 11.4988989, 53.981802 ], [ 11.4998174, 53.985954599999985 ], [ 11.4986218, 53.988567399999987 ], [ 11.4919859, 53.990024 ], [ 11.4905129, 53.993787299999987 ], [ 11.4969126, 53.9952165 ], [ 11.5088969, 54.011377 ], [ 11.5344763, 54.0204829 ], [ 11.5340897, 54.0248499 ], [ 11.5297657, 54.027105899999981 ], [ 11.5286404, 54.0253543 ], [ 11.5173871, 54.026033399999989 ], [ 11.5185274, 54.030286 ], [ 11.5239843, 54.033737699999989 ], [ 11.5291024, 54.0338487 ], [ 11.5344937, 54.0272455 ], [ 11.5461908, 54.024876599999985 ], [ 11.5626059, 54.0282344 ], [ 11.5737298, 54.033589399999983 ], [ 11.5871853, 54.0472907 ], [ 11.5822966, 54.0633596 ], [ 11.5945882, 54.0673612 ], [ 11.610926, 54.0683144 ], [ 11.6137805, 54.0731634 ], [ 11.6244696, 54.0767824 ], [ 11.6262444, 54.0901571 ], [ 11.6137216, 54.1025214 ], [ 11.6079976, 54.103920199999983 ], [ 11.6039851, 54.1024879 ], [ 11.5998328, 54.0995588 ], [ 11.6022844, 54.095762699999987 ], [ 11.5874897, 54.093136199999989 ], [ 11.5792368, 54.0871266 ], [ 11.5768379, 54.080826499999986 ], [ 11.5635262, 54.0781544 ], [ 11.5691428, 54.0786757 ], [ 11.558838, 54.0697764 ], [ 11.548263, 54.066360499999988 ], [ 11.548245, 54.0635148 ], [ 11.5387291, 54.057453 ], [ 11.542653, 54.055473099999986 ], [ 11.5324708, 54.0491169 ], [ 11.5311228, 54.0523634 ], [ 11.5369946, 54.0573177 ], [ 11.5350377, 54.0734207 ], [ 11.531974, 54.0752434 ], [ 11.525593, 54.0682262 ], [ 11.5254044, 54.071541099999983 ], [ 11.5556678, 54.0943076 ], [ 11.5678417, 54.0981884 ], [ 11.5893326, 54.0995308 ], [ 11.6145626, 54.1100294 ], [ 11.6829369, 54.1532712 ], [ 11.7613852, 54.154501899999985 ], [ 11.7975921, 54.1468031 ], [ 11.8497737, 54.1450021 ], [ 11.8879753, 54.1510322 ], [ 11.9468641, 54.165005 ], [ 11.964984, 54.1666957 ], [ 12.0113602, 54.1783363 ], [ 12.0292825, 54.1765029 ], [ 12.0582526, 54.1777621 ], [ 12.0715884, 54.179328 ], [ 12.0867686, 54.1850806 ], [ 12.0963337, 54.170261599999982 ], [ 12.0910256, 54.150933099999982 ], [ 12.0802582, 54.143056 ], [ 12.0849361, 54.143322 ], [ 12.0909322, 54.1329591 ], [ 12.0858696, 54.1232396 ], [ 12.0906709, 54.1109187 ], [ 12.0979894, 54.1022768 ], [ 12.1120742, 54.0944429 ], [ 12.1265618, 54.0925001 ], [ 12.12377, 54.0938479 ], [ 12.1513549, 54.0942593 ], [ 12.1514219, 54.0850766 ], [ 12.1535526, 54.0968843 ], [ 12.1365474, 54.0979161 ], [ 12.1258447, 54.0953751 ], [ 12.1171666, 54.097621499999981 ], [ 12.1015919, 54.1096895 ], [ 12.097686, 54.1208667 ], [ 12.1005171, 54.124968099999982 ], [ 12.0963915, 54.136644399999987 ], [ 12.0970169, 54.151897799999986 ], [ 12.1087919, 54.156517699999974 ], [ 12.1101927, 54.1592511 ], [ 12.1165241, 54.159473 ], [ 12.1190705, 54.1573862 ], [ 12.1427189, 54.159750299999985 ], [ 12.1367753, 54.1627606 ], [ 12.1431786, 54.174233 ], [ 12.1284088, 54.173958699999986 ], [ 12.1230669, 54.1776947 ], [ 12.1079843, 54.175060399999985 ], [ 12.1072721, 54.170863199999985 ], [ 12.1009934, 54.1692882 ], [ 12.0952576, 54.181301399999988 ], [ 12.1082081, 54.1784386 ], [ 12.1290062, 54.1869393 ], [ 12.1512975, 54.203867099999982 ], [ 12.1748987, 54.2291135 ], [ 12.1945657, 54.2418606 ], [ 12.2233777, 54.254328 ], [ 12.3065294, 54.282150299999977 ], [ 12.3349148, 54.2962863 ], [ 12.3645625, 54.3244524 ], [ 12.4059309, 54.376936 ], [ 12.4362951, 54.3916999 ], [ 12.4664086, 54.419857199999988 ], [ 12.4819073, 54.4485578 ], [ 12.5020752, 54.4761597 ], [ 12.5139157, 54.484339299999988 ], [ 12.5284595, 54.4876375 ], [ 12.528833, 54.4851841 ], [ 12.5183934, 54.484605 ], [ 12.5301181, 54.4820754 ], [ 12.5255244, 54.479549199999987 ], [ 12.5271392, 54.473174 ], [ 12.5231333, 54.471826699999987 ], [ 12.5434469, 54.4596811 ], [ 12.5609182, 54.4547273 ], [ 12.676585, 54.442182499999987 ], [ 12.8193647, 54.4400722 ], [ 12.9209895, 54.4450947 ], [ 12.9153944, 54.438829199999979 ], [ 12.9269517, 54.427964 ], [ 12.9115158, 54.419982 ], [ 12.9007884, 54.4205482 ], [ 12.8749483, 54.4137122 ], [ 12.8575392, 54.4207732 ], [ 12.8318644, 54.4230575 ], [ 12.8123994, 54.4173152 ], [ 12.8018471, 54.4086988 ], [ 12.7915452, 54.4162728 ], [ 12.7860294, 54.4173711 ], [ 12.7706329, 54.4171504 ], [ 12.7632379, 54.4125352 ], [ 12.7404716, 54.415111499999988 ], [ 12.7258142, 54.4301408 ], [ 12.7210327, 54.4323746 ], [ 12.7114647, 54.4282439 ], [ 12.69316, 54.432254099999987 ], [ 12.669319, 54.4214397 ], [ 12.6675259, 54.418569499999982 ], [ 12.66804, 54.410138 ], [ 12.6663622, 54.4086469 ], [ 12.6531477, 54.4105074 ], [ 12.647681, 54.4187026 ], [ 12.6380816, 54.4255124 ], [ 12.6285675, 54.420036299999985 ], [ 12.6171911, 54.4179537 ], [ 12.6176263, 54.414804 ], [ 12.6106524, 54.410910199999989 ], [ 12.6175133, 54.4072529 ], [ 12.6026642, 54.409431099999985 ], [ 12.5868488, 54.4078058 ], [ 12.577891, 54.404329 ], [ 12.5774818, 54.3963693 ], [ 12.5978207, 54.3915666 ], [ 12.5922851, 54.3836369 ], [ 12.5918313, 54.3878896 ], [ 12.5870682, 54.389498599999982 ], [ 12.5787408, 54.3882304 ], [ 12.5525029, 54.3901245 ], [ 12.5378287, 54.3849162 ], [ 12.5353951, 54.381676199999987 ], [ 12.525821, 54.3806662 ], [ 12.5177202, 54.3726998 ], [ 12.5038745, 54.3808095 ], [ 12.4956432, 54.3823897 ], [ 12.4361384, 54.3790888 ], [ 12.4334633, 54.3757318 ], [ 12.4184906, 54.3722301 ], [ 12.4147013, 54.365484699999989 ], [ 12.4214082, 54.343496499999986 ], [ 12.4162935, 54.3355186 ], [ 12.4059066, 54.337228 ], [ 12.3988262, 54.3444879 ], [ 12.3845019, 54.340615899999989 ], [ 12.3891045, 54.335223899999988 ], [ 12.3966655, 54.332401099999984 ], [ 12.3960287, 54.3234992 ], [ 12.3836211, 54.3140375 ], [ 12.3856551, 54.312224699999987 ], [ 12.3827315, 54.3100896 ], [ 12.3762776, 54.308752899999988 ], [ 12.3649657, 54.310299499999985 ], [ 12.3580431, 54.301930399999989 ], [ 12.3669867, 54.2885251 ], [ 12.3824557, 54.2781467 ], [ 12.3781613, 54.2724123 ], [ 12.3660709, 54.2692892 ], [ 12.3636474, 54.2658317 ], [ 12.4011442, 54.2501336 ], [ 12.4358063, 54.2448233 ], [ 12.4596697, 54.247950199999984 ], [ 12.4600084, 54.2505759 ], [ 12.4499945, 54.2544857 ], [ 12.417734, 54.258693699999988 ], [ 12.4095963, 54.2681648 ], [ 12.4093558, 54.2800392 ], [ 12.4175794, 54.288999399999987 ], [ 12.4345534, 54.296593599999987 ], [ 12.478728, 54.3039287 ], [ 12.4764781, 54.307493299999983 ], [ 12.4793452, 54.3078011 ], [ 12.4795504, 54.3122573 ], [ 12.4715965, 54.3221581 ], [ 12.4730912, 54.3296098 ], [ 12.4955822, 54.3304741 ], [ 12.4996801, 54.331243099999988 ], [ 12.499402, 54.3335254 ], [ 12.5148641, 54.3354603 ], [ 12.526266, 54.333929699999977 ], [ 12.5357022, 54.3384293 ], [ 12.5398943, 54.3434624 ], [ 12.535465, 54.34501 ], [ 12.5388954, 54.3524937 ], [ 12.5532948, 54.3561415 ], [ 12.5525791, 54.3595539 ], [ 12.5356926, 54.362555 ], [ 12.5343335, 54.365175599999986 ], [ 12.5546824, 54.372512599999986 ], [ 12.5537571, 54.379585499999976 ], [ 12.5558776, 54.375669099999989 ], [ 12.5665064, 54.3715812 ], [ 12.5817045, 54.373384 ], [ 12.574658, 54.3585988 ], [ 12.5858039, 54.356233 ], [ 12.5945711, 54.3581224 ], [ 12.5988161, 54.3618053 ], [ 12.6006589, 54.3691535 ], [ 12.5968528, 54.371811799999989 ], [ 12.6222107, 54.372209699999985 ], [ 12.6290979, 54.376756899999982 ], [ 12.6553155, 54.383607299999987 ], [ 12.6625216, 54.3899002 ], [ 12.6671065, 54.3887662 ], [ 12.6713702, 54.3909457 ], [ 12.6714372, 54.3951651 ], [ 12.6602223, 54.3985803 ], [ 12.6623207, 54.4023941 ], [ 12.6590556, 54.4045318 ], [ 12.6674574, 54.4044161 ], [ 12.6685252, 54.4081334 ], [ 12.6720903, 54.406132899999982 ], [ 12.672687, 54.4082614 ], [ 12.6840325, 54.4063273 ], [ 12.7074894, 54.4118787 ], [ 12.71461, 54.4039685 ], [ 12.7125595, 54.402122399999989 ], [ 12.7027167, 54.4027226 ], [ 12.688808, 54.4002844 ], [ 12.6856258, 54.3936609 ], [ 12.6934849, 54.3860812 ], [ 12.6882034, 54.3816815 ], [ 12.6816229, 54.380897399999981 ], [ 12.6764399, 54.370578699999989 ], [ 12.6829385, 54.3714195 ], [ 12.6884068, 54.3681347 ], [ 12.6864249, 54.3731514 ], [ 12.6825871, 54.3744051 ], [ 12.69649, 54.3851356 ], [ 12.7000878, 54.3984833 ], [ 12.7148485, 54.398962499999982 ], [ 12.7136073, 54.386632599999984 ], [ 12.7196916, 54.3777989 ], [ 12.7195713, 54.3717561 ], [ 12.725477, 54.3725328 ], [ 12.7371547, 54.3695733 ], [ 12.7353881, 54.3726377 ], [ 12.7409815, 54.3728865 ], [ 12.7440563, 54.3840609 ], [ 12.7545107, 54.371012099999987 ], [ 12.7689028, 54.3716092 ], [ 12.774797, 54.388813799999987 ], [ 12.7770857, 54.39142469999998 ], [ 12.7829092, 54.391576 ], [ 12.7864918, 54.396444699999989 ], [ 12.7850012, 54.3794745 ], [ 12.7957086, 54.3777968 ], [ 12.8040074, 54.3704012 ], [ 12.8090641, 54.357986399999987 ], [ 12.8096636, 54.3436011 ], [ 12.8175297, 54.3509645 ], [ 12.8463138, 54.3510772 ], [ 12.8655356, 54.3623254 ], [ 12.8780885, 54.3649979 ], [ 12.8834195, 54.369617 ], [ 12.8852836, 54.3844526 ], [ 12.8961978, 54.3937422 ], [ 12.8977163, 54.401670399999986 ], [ 12.9126932, 54.4063469 ], [ 12.9263727, 54.4139557 ], [ 12.9538086, 54.416590199999987 ], [ 12.9589258, 54.423107099999989 ], [ 12.9894524, 54.4258839 ], [ 12.9954462, 54.4280185 ], [ 13.0014505, 54.437025899999981 ], [ 13.015778, 54.439393199999984 ], [ 13.0280113, 54.436924 ], [ 13.0342735, 54.431689 ], [ 13.0341382, 54.424222 ], [ 13.0247767, 54.422118399999988 ], [ 13.0202222, 54.4123591 ], [ 13.0256661, 54.3965069 ], [ 13.0386068, 54.3902351 ], [ 13.0484604, 54.3801256 ], [ 13.0729045, 54.383051 ], [ 13.0825784, 54.3794304 ], [ 13.0921958, 54.3689945 ], [ 13.09365, 54.364381099999989 ], [ 13.0851734, 54.3598828 ], [ 13.0758318, 54.3458012 ], [ 13.087535, 54.3200559 ], [ 13.0953975, 54.318561799999976 ], [ 13.0949178, 54.3169815 ], [ 13.0992196, 54.3175842 ], [ 13.1014108, 54.3125438 ], [ 13.1119527, 54.305659 ], [ 13.1040968, 54.2925342 ], [ 13.1036356, 54.2834413 ], [ 13.1328325, 54.2690013 ], [ 13.1532456, 54.268738 ], [ 13.166598, 54.2789399 ], [ 13.1769576, 54.271502 ], [ 13.1766456, 54.2664877 ], [ 13.1615287, 54.2679216 ], [ 13.1461005, 54.2603456 ], [ 13.141921, 54.2573526 ], [ 13.1432367, 54.253388 ], [ 13.1619511, 54.2597822 ], [ 13.1625597, 54.264105599999986 ], [ 13.167175, 54.2662328 ], [ 13.172682, 54.263091699999983 ], [ 13.1853369, 54.266342499999986 ], [ 13.1902347, 54.258934499999988 ], [ 13.2023215, 54.2574196 ], [ 13.2106405, 54.2510209 ], [ 13.2162159, 54.249816299999985 ], [ 13.2105015, 54.2449472 ], [ 13.215673, 54.2412122 ], [ 13.2282908, 54.2397117 ], [ 13.2596989, 54.241106599999988 ], [ 13.2912291, 54.2340346 ], [ 13.3063371, 54.2043232 ], [ 13.3189636, 54.1948236 ], [ 13.3266082, 54.1838236 ], [ 13.3474691, 54.1801115 ], [ 13.3366574, 54.1770011 ], [ 13.3406617, 54.173828799999988 ], [ 13.335253, 54.1739513 ], [ 13.3296962, 54.1673552 ], [ 13.316392, 54.1601255 ], [ 13.3217282, 54.1600283 ], [ 13.3372727, 54.167504199999989 ], [ 13.3469955, 54.1652908 ], [ 13.3790029, 54.1771141 ], [ 13.3898125, 54.1743827 ], [ 13.3938098, 54.1708949 ], [ 13.4060513, 54.1692418 ], [ 13.4077837, 54.162593 ], [ 13.396481, 54.1602155 ], [ 13.3802857, 54.1520679 ], [ 13.3832667, 54.1431574 ], [ 13.3896992, 54.1426861 ], [ 13.3989401, 54.1461465 ], [ 13.4053829, 54.1543486 ], [ 13.4108347, 54.1561884 ], [ 13.4067368, 54.1470356 ], [ 13.412089, 54.146346 ], [ 13.430165, 54.1355478 ], [ 13.439969, 54.1230234 ], [ 13.43919, 54.1122738 ], [ 13.4477036, 54.1056313 ], [ 13.4481007, 54.101844 ], [ 13.45788, 54.0972635 ], [ 13.455995, 54.0921315 ], [ 13.4615007, 54.0891221 ], [ 13.4894045, 54.0838458 ], [ 13.50144, 54.0855804 ], [ 13.49979, 54.090643899999982 ], [ 13.4868952, 54.100683599999982 ], [ 13.4837364, 54.110418 ], [ 13.4763148, 54.117610199999987 ], [ 13.4925518, 54.1252085 ], [ 13.52915, 54.1310575 ], [ 13.5597207, 54.130456299999985 ], [ 13.6055642, 54.1365566 ], [ 13.62785, 54.1409483 ], [ 13.6488663, 54.151856 ], [ 13.6592949, 54.1451053 ], [ 13.6616497, 54.1462825 ], [ 13.649285, 54.1530303 ], [ 13.6784439, 54.162963399999988 ], [ 13.6957939, 54.1717732 ], [ 13.7118175, 54.1687563 ], [ 13.7183021, 54.163229599999987 ], [ 13.7107207, 54.159928099999981 ], [ 13.6956196, 54.1579361 ], [ 13.6973892, 54.148922899999988 ], [ 13.7186908, 54.1445848 ], [ 13.7335681, 54.134949 ], [ 13.7317485, 54.136829499999983 ], [ 13.7490661, 54.1397829 ], [ 13.7515739, 54.1347896 ], [ 13.7473147, 54.1345958 ], [ 13.7624637, 54.1279108 ], [ 13.7531151, 54.1226646 ], [ 13.7546065, 54.1201242 ], [ 13.7655417, 54.1193276 ], [ 13.7701149, 54.1137484 ], [ 13.780133, 54.107986 ], [ 13.7969842, 54.1053035 ], [ 13.803993, 54.097146199999983 ], [ 13.79337, 54.0855221 ], [ 13.7953354, 54.0775517 ], [ 13.7894917, 54.0709265 ], [ 13.7901688, 54.064414899999989 ], [ 13.7872114, 54.063279699999981 ], [ 13.7850404, 54.0655727 ], [ 13.7738063, 54.0598021 ], [ 13.7853808, 54.0508508 ], [ 13.7826453, 54.0475429 ], [ 13.7613966, 54.0356537 ], [ 13.7443175, 54.0326265 ], [ 13.7436043, 54.0287174 ], [ 13.7503344, 54.0261992 ], [ 13.7578731, 54.0279671 ], [ 13.7604057, 54.0154032 ], [ 13.7741695, 54.0096418 ], [ 13.7955443, 53.9958086 ], [ 13.8108811, 53.9953022 ], [ 13.8209013, 53.9886049 ], [ 13.8338216, 53.9844286 ], [ 13.8538498, 53.964628899999987 ], [ 13.8526251, 53.9527554 ], [ 13.8565997, 53.9501027 ], [ 13.8657573, 53.9498757 ], [ 13.8697929, 53.9523924 ], [ 13.8813149, 53.949795099999989 ], [ 13.8845664, 53.9444349 ], [ 13.8941519, 53.9426871 ], [ 13.9141062, 53.92185749999998 ], [ 13.910401, 53.9153224 ], [ 13.9032871, 53.910996100000013 ], [ 13.887367, 53.9101553 ], [ 13.8647524, 53.9004607 ], [ 13.8513088, 53.8883279 ], [ 13.8472221, 53.877950500000011 ], [ 13.8337399, 53.8789788 ], [ 13.8248769, 53.8772366 ], [ 13.8219904, 53.871927299999989 ], [ 13.8246899, 53.8646985 ], [ 13.806298, 53.859136299999982 ], [ 13.8100114, 53.8580097 ], [ 13.8082217, 53.8548026 ], [ 13.8161413, 53.8529361 ], [ 13.8144101, 53.846034400000015 ], [ 13.8216653, 53.8469589 ], [ 13.8157109, 53.8436775 ], [ 13.8187296, 53.841902900000015 ], [ 13.8309938, 53.844095499999987 ], [ 13.8498147, 53.8431271 ], [ 13.8677695, 53.835432499999982 ], [ 13.8723016, 53.831196299999988 ], [ 13.874385, 53.820103499999988 ], [ 13.8822812, 53.8179796 ], [ 13.8989641, 53.8035435 ], [ 13.9078976, 53.8021001 ], [ 13.9159489, 53.8063503 ], [ 13.9222197, 53.797658899999988 ], [ 13.9333941, 53.7971599 ], [ 13.9369281, 53.791147699999989 ], [ 13.9659064, 53.7766338 ], [ 13.9687707, 53.7725466 ], [ 13.9709092, 53.7741763 ], [ 13.9742049, 53.771680599999989 ], [ 13.9988922, 53.7664652 ], [ 14.0052001, 53.7671229 ], [ 14.0490607, 53.7528104 ], [ 14.0581061, 53.7534316 ], [ 14.0597566, 53.7553238 ], [ 14.0782566, 53.7462744 ], [ 14.092613, 53.743146 ], [ 14.0980759, 53.744153699999984 ], [ 14.0967018, 53.742099199999984 ], [ 14.1027328, 53.7397821 ], [ 14.1158959, 53.739731899999988 ], [ 14.1244385, 53.737221399999989 ], [ 14.1404509, 53.7389851 ], [ 14.146532, 53.7420737 ], [ 14.1474198, 53.7404666 ], [ 14.1659973, 53.74202649999998 ], [ 14.1742067, 53.7355381 ], [ 14.1812025, 53.7352251 ], [ 14.2101394, 53.7474512 ], [ 14.225896, 53.759342499999988 ], [ 14.233121, 53.7616541 ], [ 14.2531172, 53.7570653 ], [ 14.2659179, 53.749064399999988 ], [ 14.2661704, 53.7445095 ], [ 14.2716628, 53.7392587 ], [ 14.2657773, 53.73547809999998 ], [ 14.2656783, 53.730346199999985 ], [ 14.2588589, 53.728203099999973 ], [ 14.2512163, 53.7194935 ], [ 14.2186219, 53.7090061 ], [ 14.2148067, 53.703142799999988 ], [ 14.2197946, 53.6990334 ], [ 14.2453805, 53.693689 ], [ 14.253968, 53.6939398 ], [ 14.2672767, 53.6985112 ], [ 14.2725491, 53.6893625 ], [ 14.2836813, 53.682504 ], [ 14.2811145, 53.6729522 ], [ 14.2707783, 53.6665839 ], [ 14.2719963, 53.6636067 ], [ 14.2789992, 53.663081399999975 ], [ 14.2846442, 53.6588004 ], [ 14.2838499, 53.634443099999984 ], [ 14.3111105, 53.618454199999981 ], [ 14.3169481, 53.618067 ], [ 14.3118343, 53.5794098 ], [ 14.3139614, 53.5652258 ], [ 14.3025573, 53.553404699999987 ], [ 14.3072813, 53.5513364 ], [ 14.3057667, 53.5439209 ], [ 14.3158529, 53.536932799999988 ], [ 14.3193568, 53.529832799999987 ], [ 14.3157468, 53.5251486 ], [ 14.3268829, 53.503810499999986 ], [ 14.3506479, 53.4960063 ], [ 14.3580302, 53.457314599999989 ], [ 14.3712815, 53.4564396 ], [ 14.3686213, 53.4326126 ], [ 14.3732833, 53.4089507 ], [ 14.3947941, 53.3757194 ], [ 14.3903223, 53.3537094 ], [ 14.405479, 53.347088 ], [ 14.412381, 53.3295934 ], [ 14.3953667, 53.3288833 ], [ 14.3815432, 53.3238869 ], [ 14.3766363, 53.3162824 ], [ 14.3616427, 53.3175616 ], [ 14.361934, 53.315212100000011 ], [ 14.3502448, 53.313756 ], [ 14.3486605, 53.3099697 ], [ 14.3165694, 53.3123356 ], [ 14.3018543, 53.2862236 ], [ 14.2621887, 53.2766024 ], [ 14.2660484, 53.259594899999989 ], [ 14.2110578, 53.2548137 ], [ 14.2001595, 53.2617724 ], [ 14.1864417, 53.2605638 ], [ 14.1759766, 53.2620717 ], [ 14.1602391, 53.2678107 ], [ 14.1247891, 53.260225199999987 ], [ 14.0988173, 53.2616719 ], [ 14.1096535, 53.2826383 ], [ 14.1388092, 53.3023261 ], [ 14.1840223, 53.3276266 ], [ 14.2234066, 53.3585632 ], [ 14.2431442, 53.3923207 ], [ 14.237361, 53.4146867 ], [ 14.2417905, 53.422437299999984 ], [ 14.2377123, 53.427342 ], [ 14.2246614, 53.434248 ], [ 14.2059111, 53.4230269 ], [ 14.1769617, 53.422867300000014 ], [ 14.1367598, 53.4410012 ], [ 14.1340101, 53.4390382 ], [ 14.1218438, 53.4417076 ], [ 14.1054261, 53.4224261 ], [ 14.0939224, 53.42212 ], [ 14.0822858, 53.415575899999986 ], [ 14.0822239, 53.410911700000014 ], [ 14.0712008, 53.414993699999989 ], [ 14.0566128, 53.4125152 ], [ 14.050578, 53.4139879 ], [ 14.0456041, 53.4294254 ], [ 14.0065911, 53.4304109 ], [ 14.0012169, 53.4349916 ], [ 13.9620797, 53.4298969 ], [ 13.9464928, 53.4308106 ], [ 13.9163733, 53.4222663 ], [ 13.9075537, 53.4262398 ], [ 13.9028935, 53.432025 ], [ 13.9113943, 53.4365397 ], [ 13.9062876, 53.4438829 ], [ 13.9175055, 53.446527 ], [ 13.9182134, 53.4559985 ], [ 13.8755918, 53.4734662 ], [ 13.8845902, 53.4853367 ], [ 13.8762281, 53.4870145 ], [ 13.8739246, 53.4905949 ], [ 13.8792681, 53.50414 ], [ 13.8484047, 53.5143106 ], [ 13.8217285, 53.5181103 ], [ 13.823875, 53.521137 ], [ 13.7984633, 53.545689599999989 ], [ 13.8005705, 53.558254599999984 ], [ 13.7913472, 53.558577899999989 ], [ 13.7842419, 53.5518363 ], [ 13.7763761, 53.5312901 ], [ 13.780431, 53.521553 ], [ 13.7776574, 53.5137053 ], [ 13.792463, 53.510942 ], [ 13.8014597, 53.4979563 ], [ 13.8089747, 53.5018008 ], [ 13.8271024, 53.498713699999982 ], [ 13.8120794, 53.483944 ], [ 13.80203, 53.4780271 ], [ 13.7789393, 53.474215199999989 ], [ 13.7529761, 53.478275599999989 ], [ 13.7413728, 53.485807 ], [ 13.7357813, 53.4814131 ], [ 13.7153998, 53.482260899999972 ], [ 13.7029922, 53.473645199999986 ], [ 13.6803628, 53.4652356 ], [ 13.6719564, 53.4595122 ], [ 13.6625623, 53.457739699999983 ], [ 13.6542999, 53.4514034 ], [ 13.65523, 53.4475747 ], [ 13.6512897, 53.4436909 ], [ 13.6405002, 53.4472388 ], [ 13.6338982, 53.4398675 ], [ 13.6388864, 53.4380555 ], [ 13.6372995, 53.4325841 ], [ 13.6288412, 53.4319998 ], [ 13.6360173, 53.4235186 ], [ 13.625217, 53.4093026 ], [ 13.6190497, 53.4089464 ], [ 13.6176072, 53.413012699999982 ], [ 13.6105089, 53.4137591 ], [ 13.6065251, 53.4112873 ], [ 13.596606, 53.410458 ], [ 13.593482, 53.4077842 ], [ 13.5893114, 53.409697 ], [ 13.5736187, 53.4080934 ], [ 13.5640635, 53.4007595 ], [ 13.5501122, 53.3990813 ], [ 13.5462065, 53.394195 ], [ 13.5565871, 53.391562699999987 ], [ 13.5541758, 53.3830686 ], [ 13.5502066, 53.3809364 ], [ 13.5567957, 53.379639399999981 ], [ 13.5563699, 53.3760924 ], [ 13.547431, 53.3718993 ], [ 13.5434245, 53.364032199999983 ], [ 13.5259974, 53.366347 ], [ 13.5168543, 53.3520925 ], [ 13.5252614, 53.3510204 ], [ 13.5248254, 53.3430717 ], [ 13.519634, 53.337967299999988 ], [ 13.5229857, 53.3346916 ], [ 13.5235314, 53.3200846 ], [ 13.5101144, 53.3174494 ], [ 13.5028425, 53.3273332 ], [ 13.5072674, 53.3162329 ], [ 13.496419, 53.306633 ], [ 13.4973273, 53.302231599999985 ], [ 13.4830639, 53.2912034 ], [ 13.4612829, 53.288693 ], [ 13.4565012, 53.2930451 ], [ 13.4561853, 53.297955 ], [ 13.4382081, 53.2997332 ], [ 13.4349498, 53.294723 ], [ 13.4387308, 53.291988 ], [ 13.4341356, 53.2899392 ], [ 13.4424013, 53.286485 ], [ 13.4351297, 53.2827824 ], [ 13.4315102, 53.284551 ], [ 13.4209204, 53.2696436 ], [ 13.4132602, 53.2630202 ], [ 13.4076838, 53.2626309 ], [ 13.4051747, 53.2464182 ], [ 13.3889921, 53.2427351 ], [ 13.3865338, 53.2440546 ], [ 13.38611, 53.2504758 ], [ 13.3822054, 53.250396799999983 ], [ 13.3706324, 53.261759199999979 ], [ 13.3686018, 53.2710378 ], [ 13.3604506, 53.2779989 ], [ 13.3492032, 53.2782585 ], [ 13.3370757, 53.2734278 ], [ 13.2978018, 53.280892499999986 ], [ 13.2881521, 53.275203 ], [ 13.2844156, 53.275674699999982 ], [ 13.2753139, 53.2650608 ], [ 13.2572808, 53.2614473 ], [ 13.2527142, 53.2623054 ], [ 13.2536997, 53.2600707 ], [ 13.2478581, 53.2568379 ], [ 13.2437512, 53.248691099999988 ], [ 13.251243, 53.2473898 ], [ 13.2436425, 53.2394743 ], [ 13.2396514, 53.238943 ], [ 13.2419679, 53.237137199999985 ], [ 13.2369192, 53.2272933 ], [ 13.2388335, 53.225509699999975 ], [ 13.2293919, 53.216586899999989 ], [ 13.202681, 53.2221207 ], [ 13.1905479, 53.2349585 ], [ 13.1903957, 53.240696199999988 ], [ 13.1819143, 53.2507341 ], [ 13.1752039, 53.2471758 ], [ 13.1709151, 53.250033299999984 ], [ 13.1637965, 53.2497599 ], [ 13.1525503, 53.2460382 ], [ 13.1522209, 53.251114 ], [ 13.1374116, 53.2446181 ], [ 13.1329768, 53.2373175 ], [ 13.1290721, 53.236985799999985 ], [ 13.1230201, 53.2405872 ], [ 13.1099256, 53.2402283 ], [ 13.1032622, 53.2355404 ], [ 13.1082777, 53.2255494 ], [ 13.106564, 53.215152599999989 ], [ 13.0974772, 53.212989899999982 ], [ 13.0938091, 53.2170881 ], [ 13.08727, 53.215400199999983 ], [ 13.0857477, 53.2103105 ], [ 13.0820573, 53.2100509 ], [ 13.0784318, 53.204668 ], [ 13.0795329, 53.2001838 ], [ 13.0730873, 53.2003554 ], [ 13.0691295, 53.2036404 ], [ 13.0424145, 53.1964994 ], [ 13.0280112, 53.1855914 ], [ 13.0187275, 53.185246 ], [ 13.0200372, 53.17571 ], [ 13.0132291, 53.172166299999986 ], [ 13.0091333, 53.1728501 ], [ 13.0062036, 53.167284699999982 ], [ 12.9915444, 53.1685551 ], [ 12.9844168, 53.1668725 ], [ 12.9804663, 53.1625266 ], [ 12.9685175, 53.1663663 ], [ 12.965154, 53.1759144 ], [ 12.9615136, 53.1777377 ], [ 12.9472716, 53.1725013 ], [ 12.9419984, 53.174315499999985 ], [ 12.9472269, 53.178447 ], [ 12.9613824, 53.181023 ], [ 12.9623331, 53.1851859 ], [ 12.9794335, 53.1905516 ], [ 12.9768809, 53.1973665 ], [ 12.9642449, 53.200391499999988 ], [ 12.9488665, 53.199274 ], [ 12.9371147, 53.194315499999988 ], [ 12.9439273, 53.1909226 ], [ 12.942431, 53.1859265 ], [ 12.9343979, 53.188227 ], [ 12.9199657, 53.1863768 ], [ 12.9192653, 53.188050499999989 ], [ 12.928832, 53.1907655 ], [ 12.9297375, 53.1944172 ], [ 12.9253158, 53.1959798 ], [ 12.9128419, 53.1951742 ], [ 12.9037111, 53.1936001 ], [ 12.9019253, 53.1899656 ], [ 12.8920399, 53.1879503 ], [ 12.8894923, 53.1804047 ], [ 12.8801096, 53.1796901 ], [ 12.8673656, 53.186813099999988 ], [ 12.8588716, 53.1881773 ], [ 12.8459792, 53.2014022 ], [ 12.8379117, 53.197257799999988 ], [ 12.8246923, 53.197051 ], [ 12.8207875, 53.19342 ], [ 12.8171676, 53.1960605 ], [ 12.8148718, 53.1919762 ], [ 12.8102594, 53.1953997 ], [ 12.8129254, 53.1974088 ], [ 12.8088795, 53.197647 ], [ 12.7990873, 53.1910687 ], [ 12.7902766, 53.191233899999986 ], [ 12.7849204, 53.187844799999986 ], [ 12.7643814, 53.1889305 ], [ 12.7591466, 53.195003499999984 ], [ 12.739493, 53.19960159999998 ], [ 12.7495085, 53.2063281 ], [ 12.757411, 53.2243528 ], [ 12.7468826, 53.225474299999988 ], [ 12.7422715, 53.223048299999988 ], [ 12.7227382, 53.2216688 ], [ 12.7157943, 53.224519299999976 ], [ 12.6958115, 53.227046299999984 ], [ 12.682614, 53.2264607 ], [ 12.6711791, 53.2295046 ], [ 12.663967, 53.234950600000012 ], [ 12.6694388, 53.2371109 ], [ 12.665541, 53.2386185 ], [ 12.6662398, 53.2415556 ], [ 12.6756576, 53.2477192 ], [ 12.6682886, 53.248164499999987 ], [ 12.6656913, 53.2532912 ], [ 12.6605572, 53.2544096 ], [ 12.6284192, 53.2545552 ], [ 12.6241067, 53.251763499999988 ], [ 12.6172822, 53.251502 ], [ 12.6060467, 53.2443955 ], [ 12.6011771, 53.2450786 ], [ 12.5981524, 53.248527699999983 ], [ 12.566319, 53.2559055 ], [ 12.5499134, 53.2619805 ], [ 12.5297683, 53.2647883 ], [ 12.5024006, 53.2621723 ], [ 12.5027858, 53.2577782 ], [ 12.4976309, 53.2552009 ], [ 12.467091, 53.256234199999987 ], [ 12.4453122, 53.2499283 ], [ 12.4315799, 53.262580199999981 ], [ 12.4320641, 53.270813 ], [ 12.4280086, 53.2749876 ], [ 12.4098428, 53.2796799 ], [ 12.4004251, 53.279186199999984 ], [ 12.3918323, 53.2850569 ], [ 12.3982322, 53.294659099999983 ], [ 12.3942478, 53.3018054 ], [ 12.3812506, 53.3023494 ], [ 12.3739742, 53.305862399999988 ], [ 12.3633128, 53.3067113 ], [ 12.3429986, 53.3159152 ], [ 12.3110216, 53.3232182 ], [ 12.3107653, 53.327241699999981 ], [ 12.2913033, 53.3286768 ], [ 12.2795591, 53.3278121 ], [ 12.2718354, 53.3240596 ], [ 12.2602075, 53.3239122 ], [ 12.2574678, 53.325019 ], [ 12.2600074, 53.327722799999989 ], [ 12.2452939, 53.333013499999986 ], [ 12.2364302, 53.341979 ], [ 12.2294353, 53.3581605 ], [ 12.2121851, 53.353161099999987 ], [ 12.1911197, 53.3539511 ], [ 12.1862147, 53.3507017 ], [ 12.1868484, 53.3433349 ], [ 12.1685605, 53.339117 ], [ 12.1565078, 53.3497171 ], [ 12.1519511, 53.3615052 ], [ 12.1412616, 53.359055100000013 ], [ 12.1394413, 53.3614167 ], [ 12.1346853, 53.3485697 ], [ 12.1084613, 53.3499386 ], [ 12.1091731, 53.343806099999988 ], [ 12.0920892, 53.3448564 ], [ 12.0820776, 53.3462987 ], [ 12.0775468, 53.3693868 ], [ 12.0616235, 53.371419399999979 ], [ 12.045285, 53.3709876 ], [ 12.0513716, 53.3668688 ], [ 12.0471572, 53.360953099999989 ], [ 12.0515185, 53.3602209 ], [ 12.0564189, 53.3496575 ], [ 12.0387119, 53.3450821 ], [ 12.0146109, 53.3344236 ], [ 12.0220751, 53.3212887 ], [ 12.0185061, 53.3154347 ], [ 12.0236395, 53.3041431 ], [ 12.0185301, 53.2995947 ], [ 12.0028206, 53.299644299999983 ], [ 11.9970667, 53.293905599999981 ], [ 11.9876955, 53.2956611 ], [ 11.9864702, 53.2998254 ], [ 11.9738579, 53.2991595 ], [ 11.9657086, 53.2852263 ], [ 11.9562175, 53.2787963 ], [ 11.9542488, 53.273809 ], [ 11.948063, 53.2717696 ], [ 11.9454179, 53.2743359 ], [ 11.9047015, 53.2745904 ], [ 11.892603, 53.278981099999989 ], [ 11.8898612, 53.2690511 ], [ 11.866859, 53.2565514 ], [ 11.8617468, 53.2482169 ], [ 11.8166704, 53.2541894 ], [ 11.7960672, 53.2533482 ], [ 11.8035651, 53.246864199999983 ], [ 11.817225, 53.2452514 ], [ 11.8296102, 53.2365081 ], [ 11.8329913, 53.2320356 ], [ 11.8287332, 53.2312256 ], [ 11.8288936, 53.228655 ], [ 11.8183445, 53.229058 ], [ 11.8084703, 53.2264487 ], [ 11.7944804, 53.2262263 ], [ 11.7877035, 53.2286953 ], [ 11.769071, 53.227491099999988 ], [ 11.7483568, 53.219912 ], [ 11.7293298, 53.2171518 ], [ 11.7275267, 53.2316646 ], [ 11.7146254, 53.2305077 ], [ 11.7136258, 53.2328368 ], [ 11.7073716, 53.234237699999987 ], [ 11.7085236, 53.2374964 ], [ 11.7000178, 53.243978 ], [ 11.6954292, 53.244379599999988 ], [ 11.6909519, 53.2417564 ], [ 11.6670111, 53.244218499999988 ], [ 11.6536202, 53.2391677 ], [ 11.6401992, 53.238648 ], [ 11.6292373, 53.2422245 ], [ 11.619701, 53.237683299999986 ], [ 11.6168458, 53.2306038 ], [ 11.5990427, 53.2249828 ], [ 11.5889571, 53.2158411 ], [ 11.5760774, 53.212025699999984 ], [ 11.561554, 53.2124165 ], [ 11.5515865, 53.2084073 ], [ 11.5605799, 53.202673199999978 ], [ 11.5567096, 53.1942432 ], [ 11.5597857, 53.1874104 ], [ 11.5578238, 53.1848586 ], [ 11.5670797, 53.1824949 ], [ 11.5625533, 53.175827 ], [ 11.5689324, 53.1704766 ], [ 11.5693649, 53.1660949 ], [ 11.5558693, 53.154094 ], [ 11.5565248, 53.1504195 ], [ 11.5500833, 53.1510743 ], [ 11.5559618, 53.1387789 ], [ 11.5469428, 53.1347463 ], [ 11.5485109, 53.1308225 ], [ 11.5363723, 53.129242 ], [ 11.5345721, 53.1253183 ], [ 11.5100493, 53.1255433 ], [ 11.5022232, 53.1213861 ], [ 11.5004841, 53.126421099999988 ], [ 11.4840813, 53.1290334 ], [ 11.4734301, 53.127251499999986 ], [ 11.4737075, 53.1346094 ], [ 11.4608352, 53.1402312 ], [ 11.4386726, 53.1366928 ], [ 11.4217642, 53.1409484 ], [ 11.4139032, 53.136698 ], [ 11.4046999, 53.136909199999977 ], [ 11.3956275, 53.140000199999989 ], [ 11.391801, 53.129654199999983 ], [ 11.4005682, 53.1158184 ], [ 11.3937678, 53.110302599999983 ], [ 11.3867927, 53.1125512 ], [ 11.3832978, 53.1109496 ], [ 11.3709084, 53.1115559 ], [ 11.3689923, 53.114363 ], [ 11.3607163, 53.116221199999977 ], [ 11.3366175, 53.1137462 ], [ 11.3303092, 53.1154417 ], [ 11.3293003, 53.1179313 ], [ 11.3172355, 53.120008299999988 ], [ 11.3102478, 53.1162342 ], [ 11.2904174, 53.1169035 ], [ 11.2829671, 53.1214372 ], [ 11.2657319, 53.1219779 ], [ 11.2456973, 53.1364219 ], [ 11.2264071, 53.14328 ], [ 11.2126367, 53.1441431 ], [ 11.1939284, 53.1352268 ], [ 11.1845737, 53.1364212 ], [ 11.1718616, 53.156644199999988 ], [ 11.1794143, 53.1586161 ], [ 11.1890824, 53.1656195 ], [ 11.1953281, 53.1767385 ], [ 11.1941112, 53.181186 ], [ 11.1798909, 53.1866772 ] ] ], [ [ [ 11.4299078, 53.9427258 ], [ 11.4265175, 53.938177399999979 ], [ 11.4236287, 53.94265450000001 ], [ 11.4299078, 53.9427258 ] ] ], [ [ [ 11.4768832, 53.961906099999986 ], [ 11.4750184, 53.9635749 ], [ 11.4751047, 53.9640602 ], [ 11.4774406, 53.9636913 ], [ 11.4768832, 53.961906099999986 ] ] ], [ [ [ 11.4668178, 53.9637097 ], [ 11.4672718, 53.9675616 ], [ 11.4706458, 53.9684671 ], [ 11.4668178, 53.9637097 ] ] ], [ [ [ 11.4692947, 54.0244711 ], [ 11.4954171, 54.020615899999981 ], [ 11.492543, 54.0029649 ], [ 11.488497, 53.9989388 ], [ 11.4874063, 54.003472599999974 ], [ 11.4827766, 54.0014177 ], [ 11.4856138, 54.0069662 ], [ 11.4835542, 54.0086556 ], [ 11.4817961, 53.999448 ], [ 11.4782452, 53.9979739 ], [ 11.4803647, 53.9818338 ], [ 11.472047, 53.979179900000013 ], [ 11.4675306, 53.973377899999981 ], [ 11.4719465, 53.9707093 ], [ 11.4634203, 53.969835099999969 ], [ 11.4638614, 53.966466200000013 ], [ 11.4549572, 53.961895299999988 ], [ 11.4559573, 53.957533499999982 ], [ 11.446825, 53.9586299 ], [ 11.4414741, 53.9646218 ], [ 11.4465211, 53.9757256 ], [ 11.4461541, 53.9973277 ], [ 11.4397211, 53.9953229 ], [ 11.4278685, 53.9858099 ], [ 11.4303363, 53.98505 ], [ 11.4275201, 53.9755642 ], [ 11.4296201, 53.9697113 ], [ 11.4265021, 53.9671677 ], [ 11.4284479, 53.961658199999988 ], [ 11.4342968, 53.965246199999989 ], [ 11.4317684, 53.9616335 ], [ 11.4259461, 53.960764199999986 ], [ 11.4205262, 53.9621353 ], [ 11.409896, 53.9688729 ], [ 11.4021469, 53.968316 ], [ 11.393635, 53.9746517 ], [ 11.3884344, 53.972692499999987 ], [ 11.3870123, 53.9678161 ], [ 11.3928791, 53.9661391 ], [ 11.3966219, 53.9678044 ], [ 11.4111399, 53.9665774 ], [ 11.4000913, 53.964052699999989 ], [ 11.3870853, 53.9666557 ], [ 11.3795743, 53.9731355 ], [ 11.3757232, 53.9820609 ], [ 11.3741821, 53.992347400000014 ], [ 11.3793032, 53.9979307 ], [ 11.4040231, 54.0088006 ], [ 11.4490487, 54.0219275 ], [ 11.4692947, 54.0244711 ] ] ], [ [ [ 11.4983374, 54.029642699999989 ], [ 11.4947891, 54.024195299999981 ], [ 11.486477, 54.025021699999989 ], [ 11.4957632, 54.031450399999983 ], [ 11.4983374, 54.029642699999989 ] ] ], [ [ [ 11.5121412, 54.0418538 ], [ 11.5124197, 54.0559314 ], [ 11.5230017, 54.0684871 ], [ 11.5151865, 54.054501 ], [ 11.5150538, 54.037995599999981 ], [ 11.5121412, 54.0418538 ] ] ], [ [ [ 12.1045766, 54.1653051 ], [ 12.1082301, 54.166781799999988 ], [ 12.1073152, 54.1631795 ], [ 12.1045766, 54.1653051 ] ] ], [ [ [ 12.1023063, 54.1679722 ], [ 12.1043116, 54.1678205 ], [ 12.1023547, 54.1676389 ], [ 12.1023063, 54.1679722 ] ] ], [ [ [ 12.5299745, 54.3455337 ], [ 12.5283518, 54.3498036 ], [ 12.5269203, 54.3522269 ], [ 12.5295859, 54.3500927 ], [ 12.5299745, 54.3455337 ] ] ], [ [ [ 12.5355209, 54.356009199999981 ], [ 12.529274, 54.3546842 ], [ 12.5309612, 54.3499279 ], [ 12.5278413, 54.3536379 ], [ 12.5292208, 54.358725 ], [ 12.5355209, 54.356009199999981 ] ] ], [ [ [ 12.5276638, 54.357633199999988 ], [ 12.5270255, 54.361350599999987 ], [ 12.5283206, 54.3616396 ], [ 12.5276638, 54.357633199999988 ] ] ], [ [ [ 12.5247837, 54.3638582 ], [ 12.5286546, 54.3666078 ], [ 12.525864, 54.362605099999989 ], [ 12.5247837, 54.3638582 ] ] ], [ [ [ 12.5280379, 54.3672753 ], [ 12.5229665, 54.3684738 ], [ 12.5290125, 54.3680913 ], [ 12.5280379, 54.3672753 ] ] ], [ [ [ 12.5245041, 54.370873 ], [ 12.5185848, 54.372227499999987 ], [ 12.5225314, 54.3739227 ], [ 12.5245041, 54.370873 ] ] ], [ [ [ 12.5804901, 54.3768443 ], [ 12.5838516, 54.3801209 ], [ 12.5854762, 54.380668899999989 ], [ 12.5845312, 54.3753378 ], [ 12.5804901, 54.3768443 ] ] ], [ [ [ 12.6609962, 54.4052115 ], [ 12.6625247, 54.40644 ], [ 12.6572671, 54.4059028 ], [ 12.6568572, 54.4078703 ], [ 12.6656078, 54.4068186 ], [ 12.6609962, 54.4052115 ] ] ], [ [ [ 12.6690473, 54.417444699999983 ], [ 12.6704477, 54.4209614 ], [ 12.6710083, 54.4159376 ], [ 12.6690473, 54.417444699999983 ] ] ], [ [ [ 12.6452296, 54.4157844 ], [ 12.640186, 54.4193709 ], [ 12.6384633, 54.4161061 ], [ 12.6363102, 54.4167766 ], [ 12.6377209, 54.4234925 ], [ 12.6452296, 54.4157844 ] ] ], [ [ [ 12.7368083, 54.4088609 ], [ 12.729775, 54.404902899999989 ], [ 12.71813, 54.405268499999984 ], [ 12.7250302, 54.412631699999984 ], [ 12.7350017, 54.4130357 ], [ 12.7368083, 54.4088609 ] ] ], [ [ [ 12.6989024, 54.4303065 ], [ 12.7106447, 54.425633499999989 ], [ 12.7240805, 54.4253734 ], [ 12.7298191, 54.4220876 ], [ 12.7305244, 54.4160628 ], [ 12.7202103, 54.415175500000011 ], [ 12.6996194, 54.4188635 ], [ 12.6834256, 54.414938899999981 ], [ 12.6767082, 54.4162108 ], [ 12.674965, 54.419395899999984 ], [ 12.6786191, 54.4229829 ], [ 12.6910976, 54.424739 ], [ 12.6935892, 54.4288306 ], [ 12.6867014, 54.427239299999982 ], [ 12.6902487, 54.4304571 ], [ 12.6989024, 54.4303065 ] ] ], [ [ [ 12.7255258, 54.42716919999998 ], [ 12.7233388, 54.429552 ], [ 12.7254235, 54.4293535 ], [ 12.7255258, 54.42716919999998 ] ] ], [ [ [ 12.9295322, 54.4276826 ], [ 12.9231797, 54.4321675 ], [ 12.9230635, 54.4330934 ], [ 12.9289033, 54.4308586 ], [ 12.9295322, 54.4276826 ] ] ], [ [ [ 12.9300273, 54.4430605 ], [ 12.960197, 54.440992599999987 ], [ 12.9605675, 54.4372208 ], [ 12.9483677, 54.4403387 ], [ 12.9385298, 54.438561500000013 ], [ 12.9315331, 54.432284 ], [ 12.9239324, 54.4347933 ], [ 12.9300273, 54.4430605 ] ] ], [ [ [ 12.9677637, 54.43802620000001 ], [ 12.9715342, 54.440477799999989 ], [ 12.9701469, 54.4364217 ], [ 12.9677637, 54.43802620000001 ] ] ], [ [ [ 12.9837826, 54.4396796 ], [ 12.9808463, 54.4375563 ], [ 12.9735338, 54.4414881 ], [ 12.9810128, 54.442374299999976 ], [ 12.9837826, 54.4396796 ] ] ], [ [ [ 12.9899502, 54.4445546 ], [ 12.9869844, 54.4440427 ], [ 12.9892485, 54.4451103 ], [ 12.9899502, 54.4445546 ] ] ], [ [ [ 13.2398441, 54.2663041 ], [ 13.217111, 54.2730182 ], [ 13.2170255, 54.2793819 ], [ 13.2153498, 54.2713731 ], [ 13.1995419, 54.2699182 ], [ 13.1961883, 54.284483599999987 ], [ 13.2030247, 54.290274 ], [ 13.2008558, 54.2941719 ], [ 13.1929753, 54.2970902 ], [ 13.181069, 54.2874389 ], [ 13.1665555, 54.2895771 ], [ 13.1436275, 54.2806905 ], [ 13.1407678, 54.2814567 ], [ 13.139702, 54.2963644 ], [ 13.1555336, 54.3033051 ], [ 13.1541123, 54.304642599999987 ], [ 13.1646974, 54.3042522 ], [ 13.1639725, 54.3010821 ], [ 13.1697365, 54.3022673 ], [ 13.1806691, 54.2963767 ], [ 13.1855013, 54.300019 ], [ 13.1696249, 54.3098282 ], [ 13.149562, 54.312791499999982 ], [ 13.1389351, 54.3192908 ], [ 13.1350961, 54.3173586 ], [ 13.1291036, 54.3211408 ], [ 13.1339246, 54.324915 ], [ 13.1145858, 54.3319079 ], [ 13.1142422, 54.3414994 ], [ 13.1220392, 54.351663 ], [ 13.123791, 54.365945599999989 ], [ 13.1299317, 54.3720927 ], [ 13.1576131, 54.3749343 ], [ 13.1716518, 54.371271299999989 ], [ 13.1969501, 54.3759111 ], [ 13.2020174, 54.3713726 ], [ 13.2159005, 54.371498599999988 ], [ 13.2159932, 54.3688569 ], [ 13.2204425, 54.3677292 ], [ 13.2239655, 54.370019599999985 ], [ 13.2379427, 54.3708087 ], [ 13.2355438, 54.376383 ], [ 13.2380318, 54.3779067 ], [ 13.2603374, 54.3804538 ], [ 13.2598383, 54.385622899999987 ], [ 13.2515614, 54.3862592 ], [ 13.2500044, 54.3838658 ], [ 13.2380865, 54.3863342 ], [ 13.2302362, 54.3973725 ], [ 13.2309442, 54.4023489 ], [ 13.2410008, 54.40364229999998 ], [ 13.2443582, 54.40568 ], [ 13.2516906, 54.401840399999983 ], [ 13.2548379, 54.4057107 ], [ 13.24934, 54.4078819 ], [ 13.2324038, 54.403772 ], [ 13.2375252, 54.4098427 ], [ 13.2326395, 54.4136077 ], [ 13.2294541, 54.412735499999989 ], [ 13.2338992, 54.409587 ], [ 13.2205225, 54.4137843 ], [ 13.2118617, 54.4299441 ], [ 13.2068856, 54.4301651 ], [ 13.2027184, 54.4261472 ], [ 13.1916943, 54.4235308 ], [ 13.1804179, 54.4231151 ], [ 13.1716969, 54.4252398 ], [ 13.1583024, 54.4206456 ], [ 13.1501965, 54.422442099999984 ], [ 13.1494234, 54.4281343 ], [ 13.1612892, 54.4372397 ], [ 13.1705862, 54.4537285 ], [ 13.1726642, 54.4525151 ], [ 13.179304, 54.4549267 ], [ 13.1926844, 54.4553206 ], [ 13.1926366, 54.4502078 ], [ 13.1999877, 54.4480256 ], [ 13.2060409, 54.460277599999984 ], [ 13.2176808, 54.4591977 ], [ 13.2229122, 54.4606299 ], [ 13.2244923, 54.4643036 ], [ 13.2305967, 54.464694599999987 ], [ 13.2356606, 54.462208 ], [ 13.2412533, 54.4660797 ], [ 13.2532559, 54.464273399999989 ], [ 13.2540192, 54.4659919 ], [ 13.2481681, 54.4657392 ], [ 13.2482431, 54.467543899999981 ], [ 13.2382997, 54.4658349 ], [ 13.2310456, 54.467893599999989 ], [ 13.2421679, 54.472715 ], [ 13.2533425, 54.4713308 ], [ 13.2540311, 54.473787699999988 ], [ 13.2667743, 54.4767389 ], [ 13.2701311, 54.4801735 ], [ 13.2579177, 54.47838740000001 ], [ 13.2562517, 54.4859821 ], [ 13.2493948, 54.4875292 ], [ 13.2366428, 54.482700899999983 ], [ 13.2285884, 54.4854422 ], [ 13.2261304, 54.492996399999981 ], [ 13.2291507, 54.5036734 ], [ 13.2327797, 54.504479 ], [ 13.2313763, 54.510898 ], [ 13.2096206, 54.5079156 ], [ 13.2004863, 54.5037477 ], [ 13.1706851, 54.5078328 ], [ 13.1675651, 54.511792799999988 ], [ 13.1621378, 54.514193199999987 ], [ 13.1582792, 54.537686699999988 ], [ 13.1497157, 54.541954099999984 ], [ 13.1392036, 54.540510500000011 ], [ 13.1441808, 54.5469657 ], [ 13.1743932, 54.5457096 ], [ 13.2291125, 54.553751899999988 ], [ 13.2421205, 54.5536446 ], [ 13.2437062, 54.5555679 ], [ 13.2451744, 54.5527664 ], [ 13.2562585, 54.5516554 ], [ 13.2765686, 54.5433204 ], [ 13.2864702, 54.5434591 ], [ 13.2894171, 54.5416353 ], [ 13.2952748, 54.536823799999986 ], [ 13.2879387, 54.5221075 ], [ 13.2977229, 54.5192768 ], [ 13.3049048, 54.5141169 ], [ 13.3106684, 54.5173409 ], [ 13.3062649, 54.519325 ], [ 13.3112512, 54.5199747 ], [ 13.3121158, 54.5244238 ], [ 13.3030877, 54.527900499999987 ], [ 13.3074863, 54.5394964 ], [ 13.2972274, 54.5524345 ], [ 13.3250907, 54.568670399999981 ], [ 13.3443752, 54.5737426 ], [ 13.3462437, 54.5782067 ], [ 13.3509321, 54.580040499999974 ], [ 13.368974, 54.578919699999986 ], [ 13.3704386, 54.5766048 ], [ 13.3614523, 54.5692505 ], [ 13.3539778, 54.5514228 ], [ 13.3481714, 54.5533791 ], [ 13.3360916, 54.5485017 ], [ 13.3507119, 54.5473325 ], [ 13.3614369, 54.5433824 ], [ 13.360662, 54.536605500000015 ], [ 13.3442693, 54.5246541 ], [ 13.345708, 54.520486099999985 ], [ 13.3531898, 54.5187201 ], [ 13.3588247, 54.5230707 ], [ 13.3638585, 54.521359399999987 ], [ 13.3715156, 54.5222124 ], [ 13.3739897, 54.5203593 ], [ 13.3746426, 54.524965 ], [ 13.3876698, 54.531256600000013 ], [ 13.3879648, 54.5399776 ], [ 13.3799834, 54.5401882 ], [ 13.378387, 54.5441606 ], [ 13.3543639, 54.5473685 ], [ 13.3540349, 54.549878599999971 ], [ 13.3611278, 54.552766499999983 ], [ 13.3643584, 54.5573138 ], [ 13.3761768, 54.559837 ], [ 13.3803939, 54.546232599999982 ], [ 13.3963237, 54.5377827 ], [ 13.4145817, 54.519875 ], [ 13.4060965, 54.505694 ], [ 13.4125825, 54.4937687 ], [ 13.4416689, 54.487342299999987 ], [ 13.4501903, 54.471836199999977 ], [ 13.4700872, 54.481618600000012 ], [ 13.4841168, 54.4839975 ], [ 13.4935908, 54.4814626 ], [ 13.5008012, 54.4822898 ], [ 13.5020531, 54.478969800000016 ], [ 13.4900675, 54.4771722 ], [ 13.4838227, 54.4737149 ], [ 13.4708009, 54.454042799999982 ], [ 13.4739974, 54.451723 ], [ 13.4918851, 54.4530387 ], [ 13.5061719, 54.4516396 ], [ 13.5000819, 54.444492099999984 ], [ 13.5105313, 54.445185 ], [ 13.5140348, 54.4431916 ], [ 13.5039094, 54.4344063 ], [ 13.4975263, 54.4362906 ], [ 13.4870983, 54.4342727 ], [ 13.4827329, 54.4355976 ], [ 13.4846308, 54.4404168 ], [ 13.4985243, 54.4461949 ], [ 13.4932956, 54.4466301 ], [ 13.4834677, 54.4428652 ], [ 13.4768252, 54.437758400000014 ], [ 13.4776318, 54.4362069 ], [ 13.4822335, 54.4382747 ], [ 13.4752805, 54.4319758 ], [ 13.4762524, 54.424579 ], [ 13.4943081, 54.420775299999988 ], [ 13.5036408, 54.4256839 ], [ 13.5105646, 54.4184627 ], [ 13.5280493, 54.4200045 ], [ 13.52989, 54.416631899999985 ], [ 13.5337798, 54.4163006 ], [ 13.5412505, 54.41933 ], [ 13.5421691, 54.4276761 ], [ 13.5200398, 54.4295634 ], [ 13.520061, 54.4339133 ], [ 13.5449735, 54.4338608 ], [ 13.5539056, 54.435423 ], [ 13.5571621, 54.4385392 ], [ 13.5520382, 54.446733 ], [ 13.5310071, 54.445109199999983 ], [ 13.5239939, 54.4480352 ], [ 13.5254563, 54.4502585 ], [ 13.5379357, 54.4517557 ], [ 13.5468703, 54.456782499999981 ], [ 13.5481006, 54.474909499999988 ], [ 13.526748, 54.4803449 ], [ 13.5090442, 54.479973300000012 ], [ 13.5083376, 54.4769912 ], [ 13.5033146, 54.4793339 ], [ 13.504606, 54.485238499999987 ], [ 13.5000733, 54.492563199999985 ], [ 13.5094398, 54.5086852 ], [ 13.5141268, 54.51029 ], [ 13.5127268, 54.520810399999988 ], [ 13.5080375, 54.5243003 ], [ 13.5136063, 54.525085 ], [ 13.5079529, 54.5252379 ], [ 13.5107956, 54.5288362 ], [ 13.5141864, 54.526871299999989 ], [ 13.5098563, 54.5298675 ], [ 13.5021844, 54.548286 ], [ 13.4973946, 54.5481821 ], [ 13.4929923, 54.5515274 ], [ 13.4971469, 54.5540923 ], [ 13.4912542, 54.558827 ], [ 13.4947752, 54.558589200000014 ], [ 13.4953196, 54.5610988 ], [ 13.498807, 54.5588662 ], [ 13.5102729, 54.5578236 ], [ 13.513319, 54.5610883 ], [ 13.5111335, 54.566114 ], [ 13.4916372, 54.5629187 ], [ 13.4899809, 54.5589789 ], [ 13.484938, 54.558713 ], [ 13.4915175, 54.553327099999983 ], [ 13.4904034, 54.5508185 ], [ 13.4839476, 54.5540194 ], [ 13.446131, 54.5516013 ], [ 13.4324969, 54.559651300000013 ], [ 13.4247919, 54.5688782 ], [ 13.4073948, 54.572905 ], [ 13.3964376, 54.5725788 ], [ 13.3853353, 54.5807256 ], [ 13.3841043, 54.5960262 ], [ 13.3710835, 54.6142763 ], [ 13.3680714, 54.614697499999977 ], [ 13.3539833, 54.6115187 ], [ 13.3532917, 54.60531 ], [ 13.348189, 54.600901 ], [ 13.327577, 54.5934063 ], [ 13.3349237, 54.5850605 ], [ 13.3323965, 54.581940699999983 ], [ 13.3150445, 54.5793121 ], [ 13.3059581, 54.5730008 ], [ 13.2882253, 54.570377 ], [ 13.277842, 54.5644084 ], [ 13.2568873, 54.563102299999983 ], [ 13.2454513, 54.5578326 ], [ 13.243148, 54.5615081 ], [ 13.257083, 54.5900803 ], [ 13.2803571, 54.613216099999988 ], [ 13.2875045, 54.6253144 ], [ 13.288067, 54.6373007 ], [ 13.2829727, 54.645588899999986 ], [ 13.2639302, 54.6431454 ], [ 13.2270969, 54.6251549 ], [ 13.2302077, 54.6091363 ], [ 13.2379391, 54.5941874 ], [ 13.2359131, 54.5971582 ], [ 13.2313295, 54.596651099999988 ], [ 13.2271933, 54.591382499999987 ], [ 13.22836, 54.5874299 ], [ 13.2140992, 54.585521099999987 ], [ 13.1947606, 54.5721509 ], [ 13.1836763, 54.5695585 ], [ 13.1833217, 54.5652171 ], [ 13.1771904, 54.5613545 ], [ 13.1748702, 54.5654436 ], [ 13.1758946, 54.5609066 ], [ 13.1609369, 54.5590834 ], [ 13.1602805, 54.5643017 ], [ 13.1672492, 54.5737321 ], [ 13.1957481, 54.582610099999989 ], [ 13.214809, 54.5955519 ], [ 13.2257406, 54.6123112 ], [ 13.2182336, 54.6357669 ], [ 13.2198785, 54.640779099999989 ], [ 13.2506129, 54.6604592 ], [ 13.2876217, 54.6737954 ], [ 13.3360574, 54.6754422 ], [ 13.3782597, 54.683993499999985 ], [ 13.407984, 54.682224799999986 ], [ 13.4290966, 54.684883 ], [ 13.4390127, 54.676921799999988 ], [ 13.4338933, 54.673666499999982 ], [ 13.4332312, 54.665839399999989 ], [ 13.4285394, 54.660146399999988 ], [ 13.4155179, 54.6550566 ], [ 13.3910833, 54.6513172 ], [ 13.3772384, 54.635558799999984 ], [ 13.3837191, 54.611990299999988 ], [ 13.3933148, 54.598616699999987 ], [ 13.4187365, 54.5808672 ], [ 13.4349868, 54.5745874 ], [ 13.4603857, 54.5706277 ], [ 13.466875, 54.571823299999984 ], [ 13.4696654, 54.5754158 ], [ 13.4908201, 54.5730563 ], [ 13.4970559, 54.5753987 ], [ 13.5090023, 54.574230899999982 ], [ 13.5882593, 54.584399399999974 ], [ 13.6348573, 54.5854676 ], [ 13.6611588, 54.5757895 ], [ 13.6798086, 54.5624855 ], [ 13.67608, 54.5542524 ], [ 13.6816424, 54.5426164 ], [ 13.6786104, 54.5315388 ], [ 13.669978, 54.5216287 ], [ 13.6094097, 54.498861 ], [ 13.5971639, 54.4881021 ], [ 13.601918, 54.48343 ], [ 13.5994889, 54.4807853 ], [ 13.5965266, 54.4842004 ], [ 13.5925066, 54.4832845 ], [ 13.5891053, 54.485884 ], [ 13.5846204, 54.480008299999987 ], [ 13.58121, 54.48142 ], [ 13.5779978, 54.4796146 ], [ 13.5704655, 54.47038 ], [ 13.5714539, 54.454008 ], [ 13.587438, 54.4260235 ], [ 13.6133703, 54.4033735 ], [ 13.6270967, 54.398749099999989 ], [ 13.6331907, 54.400618599999987 ], [ 13.6565996, 54.3995907 ], [ 13.6645284, 54.4032196 ], [ 13.6729372, 54.4012011 ], [ 13.7047919, 54.3805766 ], [ 13.7114351, 54.3680017 ], [ 13.7211778, 54.3591356 ], [ 13.7444971, 54.346409500000014 ], [ 13.766253, 54.342194 ], [ 13.7671736, 54.3401726 ], [ 13.7451029, 54.3369775 ], [ 13.7352047, 54.3314024 ], [ 13.730549, 54.3177236 ], [ 13.7242242, 54.3173438 ], [ 13.7192964, 54.3115064 ], [ 13.7151978, 54.2965162 ], [ 13.7242305, 54.273855499999982 ], [ 13.7076614, 54.2687439 ], [ 13.698914, 54.277642 ], [ 13.6870401, 54.2799414 ], [ 13.6838374, 54.28344689999998 ], [ 13.6908147, 54.2874359 ], [ 13.6986963, 54.2806152 ], [ 13.7094699, 54.279912300000014 ], [ 13.7022179, 54.2956297 ], [ 13.6932564, 54.293875 ], [ 13.6917432, 54.2897131 ], [ 13.6693393, 54.2918979 ], [ 13.6617038, 54.2875248 ], [ 13.6551292, 54.2884728 ], [ 13.645404, 54.2975607 ], [ 13.6566205, 54.304025 ], [ 13.677761, 54.308390499999987 ], [ 13.6813386, 54.3122689 ], [ 13.6817252, 54.3098968 ], [ 13.6854008, 54.3102466 ], [ 13.6859925, 54.3151237 ], [ 13.6998017, 54.3165087 ], [ 13.6967915, 54.3174613 ], [ 13.7033501, 54.3204607 ], [ 13.7041351, 54.3260762 ], [ 13.6952056, 54.3247104 ], [ 13.6827773, 54.3262844 ], [ 13.6722285, 54.3303094 ], [ 13.6561576, 54.3269807 ], [ 13.6372918, 54.319321 ], [ 13.6209, 54.3186276 ], [ 13.6172892, 54.3155149 ], [ 13.6096281, 54.3169886 ], [ 13.6120074, 54.320639 ], [ 13.6423802, 54.325495 ], [ 13.6740489, 54.3373255 ], [ 13.6846031, 54.3463082 ], [ 13.6821486, 54.349892 ], [ 13.6748061, 54.350948099999989 ], [ 13.6540491, 54.3469177 ], [ 13.6515404, 54.3515725 ], [ 13.6510476, 54.3490506 ], [ 13.636044, 54.344388 ], [ 13.6390968, 54.339469099999988 ], [ 13.6298616, 54.3389384 ], [ 13.6305105, 54.337234 ], [ 13.6231937, 54.3345389 ], [ 13.6288597, 54.331330799999989 ], [ 13.6148216, 54.3301814 ], [ 13.6004628, 54.3465469 ], [ 13.5891086, 54.351757 ], [ 13.5775206, 54.3530634 ], [ 13.5715253, 54.351759499999986 ], [ 13.5652218, 54.3449945 ], [ 13.5507639, 54.33968729999998 ], [ 13.5381461, 54.343083599999986 ], [ 13.5308299, 54.339919599999988 ], [ 13.5178768, 54.340421299999988 ], [ 13.5070706, 54.3442067 ], [ 13.5048725, 54.340597 ], [ 13.5016219, 54.3426674 ], [ 13.502694, 54.340422299999986 ], [ 13.4959664, 54.3367979 ], [ 13.4830147, 54.3348472 ], [ 13.4794658, 54.3303141 ], [ 13.4643846, 54.3291271 ], [ 13.4546256, 54.336092699999988 ], [ 13.4505535, 54.3313767 ], [ 13.4571769, 54.3291856 ], [ 13.452526, 54.326073699999988 ], [ 13.4623019, 54.3290272 ], [ 13.4669437, 54.3264163 ], [ 13.4619093, 54.3164067 ], [ 13.4451696, 54.3139396 ], [ 13.4196023, 54.302789 ], [ 13.4124445, 54.296507199999986 ], [ 13.4108597, 54.2861757 ], [ 13.3867214, 54.2665615 ], [ 13.3838759, 54.2662846 ], [ 13.3907557, 54.2794503 ], [ 13.3839374, 54.2773816 ], [ 13.3760064, 54.2790756 ], [ 13.3715338, 54.2778085 ], [ 13.3719274, 54.2764015 ], [ 13.3786238, 54.2773894 ], [ 13.3723628, 54.2756212 ], [ 13.3685256, 54.270716099999987 ], [ 13.3612191, 54.272994100000012 ], [ 13.3580082, 54.2701571 ], [ 13.3508214, 54.269835399999984 ], [ 13.3567083, 54.2637958 ], [ 13.3541986, 54.2612281 ], [ 13.3580195, 54.260057 ], [ 13.3586715, 54.2559337 ], [ 13.3522945, 54.2538248 ], [ 13.3596236, 54.2504625 ], [ 13.3579593, 54.2466773 ], [ 13.3693722, 54.254177299999981 ], [ 13.3658725, 54.2579663 ], [ 13.363362, 54.254657 ], [ 13.3590189, 54.257495 ], [ 13.3617405, 54.2581177 ], [ 13.3603272, 54.2625151 ], [ 13.3644781, 54.2641038 ], [ 13.3703216, 54.262201399999988 ], [ 13.3787931, 54.253333899999987 ], [ 13.3898733, 54.2587 ], [ 13.3915918, 54.2639672 ], [ 13.4015542, 54.265706 ], [ 13.4173719, 54.2558243 ], [ 13.42472, 54.2385455 ], [ 13.4172902, 54.232474599999989 ], [ 13.399297, 54.226831299999986 ], [ 13.3933409, 54.2209294 ], [ 13.3835157, 54.2288699 ], [ 13.3285835, 54.2391401 ], [ 13.323669, 54.2375439 ], [ 13.3089075, 54.247694599999981 ], [ 13.2908486, 54.2512831 ], [ 13.2950376, 54.2554221 ], [ 13.2970265, 54.252287 ], [ 13.3100887, 54.2496177 ], [ 13.3190827, 54.244693599999984 ], [ 13.3216794, 54.2456624 ], [ 13.3268563, 54.258470199999984 ], [ 13.3227814, 54.266179500000014 ], [ 13.3342115, 54.2702586 ], [ 13.3367088, 54.2785615 ], [ 13.3326944, 54.278309799999988 ], [ 13.3242749, 54.270368399999988 ], [ 13.3096882, 54.2657029 ], [ 13.3145872, 54.263852799999988 ], [ 13.3148693, 54.2592246 ], [ 13.3218426, 54.2585545 ], [ 13.3149765, 54.257139499999987 ], [ 13.2874347, 54.259237699999986 ], [ 13.268173, 54.2537297 ], [ 13.2465299, 54.2596828 ], [ 13.2398441, 54.2663041 ] ] ], [ [ [ 13.1287868, 54.3065541 ], [ 13.118548, 54.303284299999987 ], [ 13.1119683, 54.3087351 ], [ 13.1124094, 54.3126482 ], [ 13.1252409, 54.3161189 ], [ 13.1287272, 54.3140873 ], [ 13.1239729, 54.3115991 ], [ 13.129496, 54.3088451 ], [ 13.1287868, 54.3065541 ] ] ], [ [ [ 13.2071669, 54.3990157 ], [ 13.2123486, 54.4023525 ], [ 13.2201968, 54.401429699999987 ], [ 13.2161872, 54.397451399999987 ], [ 13.2089424, 54.3967624 ], [ 13.2071669, 54.3990157 ] ] ], [ [ [ 13.1253461, 54.4271835 ], [ 13.1169395, 54.4273012 ], [ 13.1166178, 54.430844599999986 ], [ 13.1253461, 54.4271835 ] ] ], [ [ [ 13.0508139, 54.457228699999987 ], [ 13.0589893, 54.4511996 ], [ 13.0415584, 54.4424345 ], [ 13.0365625, 54.444346400000015 ], [ 13.027242, 54.442130099999986 ], [ 13.015638, 54.443674 ], [ 12.9984923, 54.43999359999998 ], [ 12.9886289, 54.433992 ], [ 12.9818409, 54.4348145 ], [ 12.9746071, 54.4327921 ], [ 12.9776157, 54.4347173 ], [ 12.97319, 54.4345582 ], [ 12.9761978, 54.436467 ], [ 12.972372, 54.437444 ], [ 12.9732634, 54.4404037 ], [ 12.9848268, 54.4358545 ], [ 12.996421, 54.446891 ], [ 13.0085705, 54.4482281 ], [ 13.0168823, 54.446529699999985 ], [ 13.0253709, 54.448748399999985 ], [ 13.0330478, 54.446805 ], [ 13.045291, 54.4538406 ], [ 13.0472508, 54.460217 ], [ 13.0506771, 54.4602399 ], [ 13.0508139, 54.457228699999987 ] ] ], [ [ [ 13.2083018, 54.4644102 ], [ 13.2027152, 54.4613646 ], [ 13.1986652, 54.457296 ], [ 13.1992197, 54.4617042 ], [ 13.2083018, 54.4644102 ] ] ], [ [ [ 13.2110496, 54.465364099999988 ], [ 13.2103477, 54.463641099999982 ], [ 13.2090707, 54.464382199999989 ], [ 13.2110496, 54.465364099999988 ] ] ], [ [ [ 13.2039775, 54.4654338 ], [ 13.2060225, 54.466696 ], [ 13.2073163, 54.465373499999984 ], [ 13.2065211, 54.4650578 ], [ 13.2039775, 54.4654338 ] ] ], [ [ [ 13.1703985, 54.492590299999989 ], [ 13.1975827, 54.4916987 ], [ 13.1966942, 54.486831799999983 ], [ 13.20067, 54.4855007 ], [ 13.2177773, 54.4849053 ], [ 13.2248416, 54.4866069 ], [ 13.2277167, 54.4840635 ], [ 13.2185488, 54.4832019 ], [ 13.2247815, 54.4818166 ], [ 13.2254926, 54.470677800000011 ], [ 13.2118603, 54.4671191 ], [ 13.2038502, 54.4686773 ], [ 13.1931746, 54.464423399999987 ], [ 13.1873794, 54.465613499999989 ], [ 13.1874736, 54.459427200000015 ], [ 13.1816804, 54.456107 ], [ 13.1698614, 54.456777099999989 ], [ 13.16433, 54.4546159 ], [ 13.1606758, 54.4489815 ], [ 13.1470951, 54.449131 ], [ 13.1330734, 54.443167599999981 ], [ 13.1219771, 54.442490099999979 ], [ 13.1221693, 54.4515311 ], [ 13.148299, 54.481448099999987 ], [ 13.1579233, 54.4881477 ], [ 13.1703985, 54.492590299999989 ] ] ], [ [ [ 13.226971, 54.469680399999987 ], [ 13.2212335, 54.464445 ], [ 13.2134725, 54.4646889 ], [ 13.2132273, 54.467059 ], [ 13.2188105, 54.4669696 ], [ 13.2237551, 54.470103 ], [ 13.226971, 54.469680399999987 ] ] ], [ [ [ 13.0812721, 54.4766782 ], [ 13.0815438, 54.4748337 ], [ 13.0797001, 54.4745761 ], [ 13.0812721, 54.4766782 ] ] ], [ [ [ 13.1668211, 54.5102929 ], [ 13.1690805, 54.505630599999989 ], [ 13.1630657, 54.503846599999989 ], [ 13.1643524, 54.502071199999989 ], [ 13.155171, 54.506655599999988 ], [ 13.1556392, 54.509695099999981 ], [ 13.1589216, 54.513041199999982 ], [ 13.1668211, 54.5102929 ] ] ], [ [ [ 13.1467872, 54.603354299999985 ], [ 13.1483181, 54.593199 ], [ 13.1573142, 54.579151199999984 ], [ 13.1579579, 54.5737194 ], [ 13.1561382, 54.5728736 ], [ 13.1553608, 54.580104800000015 ], [ 13.1528524, 54.5760794 ], [ 13.1507999, 54.575438 ], [ 13.151815, 54.5830879 ], [ 13.1466659, 54.5887279 ], [ 13.1465957, 54.5955163 ], [ 13.1449949, 54.5736489 ], [ 13.1408516, 54.5852278 ], [ 13.1344234, 54.58847 ], [ 13.1394629, 54.5905608 ], [ 13.1413507, 54.5988482 ], [ 13.1294882, 54.5912532 ], [ 13.1252407, 54.5836705 ], [ 13.1114218, 54.5846685 ], [ 13.1102072, 54.5815356 ], [ 13.1191197, 54.5743298 ], [ 13.1101332, 54.572662 ], [ 13.1110918, 54.569876 ], [ 13.1076481, 54.568457399999986 ], [ 13.1123063, 54.565659 ], [ 13.1157424, 54.5576602 ], [ 13.1172358, 54.5512568 ], [ 13.1136298, 54.542833099999989 ], [ 13.1167467, 54.5376639 ], [ 13.1061483, 54.5319511 ], [ 13.1008095, 54.5328596 ], [ 13.1055311, 54.5314791 ], [ 13.1034125, 54.528899 ], [ 13.0924998, 54.5276405 ], [ 13.0929063, 54.5173656 ], [ 13.0846324, 54.5191606 ], [ 13.0886086, 54.515200699999987 ], [ 13.0840929, 54.5157064 ], [ 13.0816987, 54.5136025 ], [ 13.0800589, 54.5034834 ], [ 13.0733103, 54.5004555 ], [ 13.0738454, 54.4914327 ], [ 13.0706821, 54.4917823 ], [ 13.0744748, 54.4896802 ], [ 13.0757809, 54.4828945 ], [ 13.0727265, 54.4817875 ], [ 13.0766994, 54.4786263 ], [ 13.0713478, 54.4792203 ], [ 13.0731368, 54.4692228 ], [ 13.0677938, 54.4705942 ], [ 13.071367, 54.468125799999981 ], [ 13.0642401, 54.457861 ], [ 13.0612376, 54.4608596 ], [ 13.0609653, 54.478760099999981 ], [ 13.0856054, 54.538032699999988 ], [ 13.0939283, 54.5482996 ], [ 13.1004419, 54.565048 ], [ 13.1025184, 54.5773815 ], [ 13.0979734, 54.590620799999989 ], [ 13.1195713, 54.603293 ], [ 13.1329711, 54.6055244 ], [ 13.1467872, 54.603354299999985 ] ] ], [ [ [ 13.1251168, 54.544026599999988 ], [ 13.1190571, 54.5387945 ], [ 13.1169577, 54.5468586 ], [ 13.1233215, 54.549838699999981 ], [ 13.1251168, 54.544026599999988 ] ] ], [ [ [ 13.3343062, 54.1690957 ], [ 13.3320448, 54.1698163 ], [ 13.3343483, 54.1703348 ], [ 13.3343062, 54.1690957 ] ] ], [ [ [ 13.4184698, 54.1730906 ], [ 13.4221704, 54.1674115 ], [ 13.4165181, 54.1650893 ], [ 13.4134586, 54.1607366 ], [ 13.4102098, 54.1598157 ], [ 13.4131545, 54.1631963 ], [ 13.4092623, 54.1687051 ], [ 13.4011693, 54.1709038 ], [ 13.3997515, 54.1789753 ], [ 13.3936183, 54.181086 ], [ 13.4184698, 54.1730906 ] ] ], [ [ [ 13.3489863, 54.1764324 ], [ 13.3518644, 54.1761515 ], [ 13.3515585, 54.175796 ], [ 13.3489863, 54.1764324 ] ] ], [ [ [ 13.3542299, 54.180031099999987 ], [ 13.3553818, 54.181125099999981 ], [ 13.3543684, 54.1791123 ], [ 13.3542299, 54.180031099999987 ] ] ], [ [ [ 13.3711146, 54.1808707 ], [ 13.3574894, 54.183365 ], [ 13.3486507, 54.180533 ], [ 13.3473674, 54.1818473 ], [ 13.3630879, 54.1852595 ], [ 13.3711146, 54.1808707 ] ] ], [ [ [ 13.3623485, 54.251142199999983 ], [ 13.3612832, 54.2527072 ], [ 13.3643021, 54.2512118 ], [ 13.3623485, 54.251142199999983 ] ] ], [ [ [ 13.3897333, 54.265322499999989 ], [ 13.3900985, 54.2642299 ], [ 13.3884707, 54.2646668 ], [ 13.3897333, 54.265322499999989 ] ] ], [ [ [ 13.3003129, 54.5409564 ], [ 13.3028444, 54.537545 ], [ 13.2986312, 54.539098599999981 ], [ 13.3003129, 54.5409564 ] ] ], [ [ [ 13.8095705, 54.0301979 ], [ 13.8012866, 54.018740699999981 ], [ 13.7970135, 54.018088399999989 ], [ 13.7705024, 54.0188286 ], [ 13.7634674, 54.026537699999984 ], [ 13.7728885, 54.0408306 ], [ 13.7773244, 54.0412244 ], [ 13.7812387, 54.0385495 ], [ 13.7845659, 54.0462207 ], [ 13.7905681, 54.0486772 ], [ 13.7880916, 54.0560121 ], [ 13.7979387, 54.0619594 ], [ 13.8007988, 54.0748076 ], [ 13.8070363, 54.078383699999982 ], [ 13.8081656, 54.0905278 ], [ 13.8129737, 54.0987732 ], [ 13.8081747, 54.1064848 ], [ 13.8138394, 54.1078233 ], [ 13.7925, 54.110896499999988 ], [ 13.784165, 54.1188909 ], [ 13.7748316, 54.120106 ], [ 13.7764108, 54.1268291 ], [ 13.7723261, 54.1338431 ], [ 13.7668466, 54.1345769 ], [ 13.7644324, 54.138073599999984 ], [ 13.7613515, 54.137183499999985 ], [ 13.7642152, 54.1340218 ], [ 13.7587001, 54.1342558 ], [ 13.7554591, 54.1376795 ], [ 13.7514991, 54.1490755 ], [ 13.7579857, 54.1505428 ], [ 13.7510051, 54.1498255 ], [ 13.7492967, 54.158474599999984 ], [ 13.7588704, 54.1684013 ], [ 13.7939581, 54.174480800000012 ], [ 13.8045846, 54.1728052 ], [ 13.8089241, 54.169506899999988 ], [ 13.8124525, 54.1694282 ], [ 13.8209473, 54.149546399999977 ], [ 13.8332531, 54.131941 ], [ 13.8578113, 54.1107508 ], [ 13.8747143, 54.1002876 ], [ 13.9267126, 54.0782251 ], [ 13.9672775, 54.0703308 ], [ 14.0162166, 54.0538919 ], [ 14.0499897, 54.0294068 ], [ 14.1421928, 53.976878299999989 ], [ 14.1817938, 53.948421499999988 ], [ 14.226322, 53.9286434 ], [ 14.2076465, 53.9158675 ], [ 14.1853143, 53.9141024 ], [ 14.185316, 53.9119708 ], [ 14.2058678, 53.9105665 ], [ 14.2039479, 53.9066327 ], [ 14.212301, 53.900294699999989 ], [ 14.2153719, 53.881179 ], [ 14.2130775, 53.866479599999984 ], [ 14.2081818, 53.8677974 ], [ 14.2068229, 53.8657541 ], [ 14.1981345, 53.8710997 ], [ 14.1893925, 53.872557099999987 ], [ 14.179064, 53.8707232 ], [ 14.1257984, 53.8718646 ], [ 14.1148918, 53.869126699999988 ], [ 14.0855518, 53.8748308 ], [ 14.0627852, 53.869457900000015 ], [ 14.0409239, 53.8745084 ], [ 14.0273139, 53.8693558 ], [ 14.0197098, 53.8693009 ], [ 14.0088035, 53.8591148 ], [ 13.995956, 53.8541534 ], [ 13.9909893, 53.848447099999987 ], [ 13.9801236, 53.8502129 ], [ 13.9390109, 53.843436699999984 ], [ 13.9217532, 53.847021199999986 ], [ 13.9233133, 53.852088199999983 ], [ 13.9364464, 53.847702499999983 ], [ 13.9499111, 53.8499608 ], [ 13.9550565, 53.8603241 ], [ 13.9344842, 53.868158799999989 ], [ 13.9298394, 53.875113 ], [ 13.9287766, 53.8620623 ], [ 13.9203401, 53.853237899999989 ], [ 13.9200846, 53.8479442 ], [ 13.9134875, 53.8431872 ], [ 13.8982384, 53.839906099999986 ], [ 13.8832857, 53.8412295 ], [ 13.8814751, 53.8397881 ], [ 13.874938, 53.8425052 ], [ 13.8590503, 53.8431419 ], [ 13.8568833, 53.8469786 ], [ 13.8465726, 53.8510255 ], [ 13.8261503, 53.8496852 ], [ 13.821787, 53.8570348 ], [ 13.8297215, 53.8576409 ], [ 13.8341425, 53.871008399999987 ], [ 13.8590238, 53.871652 ], [ 13.8742898, 53.8778625 ], [ 13.8934184, 53.8771707 ], [ 13.9029577, 53.8854469 ], [ 13.9214727, 53.887965399999985 ], [ 13.923702, 53.893557199999989 ], [ 13.9307793, 53.898701399999986 ], [ 13.933312, 53.9068829 ], [ 13.9379728, 53.9089526 ], [ 13.9382602, 53.913798399999983 ], [ 13.9320026, 53.9202809 ], [ 13.9321717, 53.9358649 ], [ 13.9241896, 53.9426226 ], [ 13.9226926, 53.9506292 ], [ 13.8977335, 53.9625608 ], [ 13.8951362, 53.9664857 ], [ 13.8996184, 53.982265099999985 ], [ 13.9059547, 53.9895433 ], [ 13.9121499, 53.9913152 ], [ 13.9304713, 53.9908125 ], [ 13.9451111, 53.994577 ], [ 13.9650299, 53.9897998 ], [ 13.9630914, 53.9734376 ], [ 13.9722285, 53.9696147 ], [ 13.9499695, 53.95887 ], [ 13.9582165, 53.953017 ], [ 13.9513614, 53.945955299999987 ], [ 13.953038, 53.9348026 ], [ 13.9599627, 53.9342678 ], [ 13.9586667, 53.9386435 ], [ 13.9674713, 53.9495049 ], [ 13.9711618, 53.9502587 ], [ 13.9635235, 53.957037899999982 ], [ 13.9836818, 53.962100299999989 ], [ 13.9860605, 53.961577 ], [ 13.9840945, 53.959405 ], [ 13.9952133, 53.9628052 ], [ 14.0043085, 53.9591236 ], [ 14.0232959, 53.9622141 ], [ 14.0245141, 53.960523699999989 ], [ 14.0165826, 53.960034 ], [ 14.0229197, 53.959969199999989 ], [ 14.0234477, 53.958127 ], [ 14.0142375, 53.9567882 ], [ 14.0101381, 53.953991599999988 ], [ 14.0117926, 53.949319599999988 ], [ 14.0393458, 53.94057369999998 ], [ 14.0438253, 53.945642799999987 ], [ 14.0399436, 53.9478946 ], [ 14.03693, 53.9465526 ], [ 14.0350335, 53.9500041 ], [ 14.0432537, 53.9623334 ], [ 14.0488693, 53.9806464 ], [ 14.0475811, 53.9974425 ], [ 14.0430548, 53.999569699999988 ], [ 14.0474175, 54.001358499999988 ], [ 14.041425, 53.9997873 ], [ 14.0413809, 54.00872480000001 ], [ 14.034879, 54.015761199999986 ], [ 14.0287726, 54.018161 ], [ 14.0185619, 54.0177927 ], [ 14.0164375, 54.021478399999985 ], [ 14.0176094, 54.0150217 ], [ 14.0119721, 54.0100702 ], [ 14.0043612, 54.010655399999983 ], [ 14.0046323, 54.022981 ], [ 13.9976935, 54.041504 ], [ 13.968865, 54.059437 ], [ 13.9713373, 54.061823399999987 ], [ 13.9769906, 54.0621229 ], [ 13.9732589, 54.0639966 ], [ 13.9659554, 54.059460699999988 ], [ 13.9513598, 54.0589799 ], [ 13.9414311, 54.0616518 ], [ 13.9111904, 54.0639943 ], [ 13.9172242, 54.060518 ], [ 13.9073489, 54.0431147 ], [ 13.9120905, 54.0438671 ], [ 13.9126586, 54.0472686 ], [ 13.9155057, 54.0467939 ], [ 13.9240678, 54.035803699999981 ], [ 13.9095276, 54.0262643 ], [ 13.8986752, 54.0120726 ], [ 13.8669674, 54.0074666 ], [ 13.8615866, 53.999751700000012 ], [ 13.8533466, 54.0043849 ], [ 13.8532365, 54.0136777 ], [ 13.8636754, 54.0221339 ], [ 13.865968, 54.0330412 ], [ 13.8703521, 54.0364729 ], [ 13.8734021, 54.0320539 ], [ 13.8791668, 54.036511 ], [ 13.8777551, 54.0424801 ], [ 13.8681457, 54.04562379999998 ], [ 13.8758933, 54.0417652 ], [ 13.8730488, 54.039099899999975 ], [ 13.8702833, 54.0434686 ], [ 13.8552512, 54.0485076 ], [ 13.855172, 54.0470217 ], [ 13.8474201, 54.0467409 ], [ 13.8450227, 54.044700599999985 ], [ 13.8477686, 54.0437768 ], [ 13.8408692, 54.040964299999985 ], [ 13.8208554, 54.0375195 ], [ 13.8095705, 54.0301979 ] ] ], [ [ [ 13.780285, 54.0557861 ], [ 13.7825644, 54.0593876 ], [ 13.7852437, 54.0529466 ], [ 13.7831373, 54.0533988 ], [ 13.780285, 54.0557861 ] ] ], [ [ [ 13.8061854, 54.0844299 ], [ 13.8048821, 54.080129799999987 ], [ 13.803894, 54.079071299999988 ], [ 13.8027944, 54.083996299999981 ], [ 13.8061854, 54.0844299 ] ] ], [ [ [ 13.8032156, 54.1051142 ], [ 13.8087508, 54.100452499999989 ], [ 13.8051521, 54.094695499999986 ], [ 13.8027081, 54.102257699999981 ], [ 13.7938421, 54.107246499999981 ], [ 13.8032156, 54.1051142 ] ] ], [ [ [ 13.7682752, 54.1266602 ], [ 13.7719839, 54.1191033 ], [ 13.7899812, 54.108706899999987 ], [ 13.7770129, 54.1104145 ], [ 13.7666953, 54.1213513 ], [ 13.7670463, 54.1187767 ], [ 13.7633155, 54.1207306 ], [ 13.7664277, 54.125408899999989 ], [ 13.7609126, 54.125434599999984 ], [ 13.7682752, 54.1266602 ] ] ], [ [ [ 13.8129149, 54.170263 ], [ 13.8062008, 54.1731057 ], [ 13.8076497, 54.1743088 ], [ 13.8129883, 54.1720282 ], [ 13.8129149, 54.170263 ] ] ], [ [ [ 13.8104204, 54.174805299999989 ], [ 13.8125725, 54.1752563 ], [ 13.8122486, 54.174106 ], [ 13.8104204, 54.174805299999989 ] ] ], [ [ [ 13.8112541, 54.1778062 ], [ 13.8104052, 54.1756672 ], [ 13.8033289, 54.1768837 ], [ 13.8040884, 54.178185299999988 ], [ 13.8112541, 54.1778062 ] ] ], [ [ [ 13.774738, 54.2075671 ], [ 13.7689498, 54.200822 ], [ 13.7697321, 54.2092318 ], [ 13.774738, 54.2075671 ] ] ], [ [ [ 13.537421, 54.322613499999981 ], [ 13.5260925, 54.3168418 ], [ 13.5229458, 54.3096895 ], [ 13.518693, 54.3122407 ], [ 13.5185282, 54.3162628 ], [ 13.5230603, 54.315939899999982 ], [ 13.5303529, 54.3224692 ], [ 13.5303094, 54.326464699999981 ], [ 13.5409221, 54.3321525 ], [ 13.5428444, 54.332296199999988 ], [ 13.5470925, 54.3256548 ], [ 13.5438975, 54.3230455 ], [ 13.537421, 54.322613499999981 ] ] ], [ [ [ 14.2692391, 53.7068844 ], [ 14.255408, 53.7015921 ], [ 14.2503817, 53.7027013 ], [ 14.2485804, 53.706020100000011 ], [ 14.252633, 53.7090209 ], [ 14.2630612, 53.7105899 ], [ 14.2692391, 53.7068844 ] ] ], [ [ [ 13.9579501, 53.9411138 ], [ 13.9594699, 53.943584 ], [ 13.960534, 53.9415559 ], [ 13.9579501, 53.9411138 ] ] ], [ [ [ 14.0310784, 53.9444555 ], [ 14.0341646, 53.9455643 ], [ 14.0322622, 53.9440173 ], [ 14.0310784, 53.9444555 ] ] ], [ [ [ 14.0246939, 53.9496404 ], [ 14.026636, 53.9514984 ], [ 14.0288179, 53.947382299999987 ], [ 14.02842, 53.9472508 ], [ 14.0246939, 53.9496404 ] ] ], [ [ [ 13.9339145, 54.0264721 ], [ 13.923751, 54.0217664 ], [ 13.9259558, 54.01604 ], [ 13.9176278, 54.0192799 ], [ 13.9165054, 54.0235518 ], [ 13.9303715, 54.0311306 ], [ 13.9339145, 54.0264721 ] ] ], [ [ [ 13.9263586, 54.2484991 ], [ 13.9137502, 54.241904899999987 ], [ 13.9066825, 54.240441699999977 ], [ 13.91815, 54.2514617 ], [ 13.9263586, 54.2484991 ] ] ] ] } },
{ "type": "Feature", "properties": { "LAN": "Niedersachsen" }, "geometry": { "type": "MultiPolygon", "coordinates": [ [ [ [ 7.2978898, 52.2639751 ], [ 7.1531683, 52.2665125 ], [ 7.121248, 52.2610782 ], [ 7.1192796, 52.2569981 ], [ 7.1098535, 52.252797 ], [ 7.1090539, 52.2472395 ], [ 7.1018851, 52.2434868 ], [ 7.0658684, 52.241259 ], [ 7.0424449, 52.256103399999986 ], [ 7.0287904, 52.273479099999975 ], [ 7.0263051, 52.287444099999988 ], [ 7.0266873, 52.292200200000011 ], [ 7.041314, 52.3111685 ], [ 7.0387976, 52.312353699999989 ], [ 7.0467594, 52.3161852 ], [ 7.0470997, 52.3239133 ], [ 7.0555509, 52.3321621 ], [ 7.0564253, 52.338057899999981 ], [ 7.0721738, 52.3522664 ], [ 7.0721916, 52.3734124 ], [ 7.0587981, 52.399331599999982 ], [ 7.0358349, 52.4025262 ], [ 7.0221348, 52.4226916 ], [ 7.0108887, 52.4290731 ], [ 6.9918027, 52.4674526 ], [ 6.9879417, 52.469541 ], [ 6.9775631, 52.4654765 ], [ 6.9623815, 52.444046499999985 ], [ 6.9416838, 52.435489600000011 ], [ 6.8618577, 52.4514145 ], [ 6.8526131, 52.449943 ], [ 6.8543076, 52.4595987 ], [ 6.7746326, 52.4596119 ], [ 6.7531035, 52.463797 ], [ 6.69772, 52.4863452 ], [ 6.7053672, 52.520264300000015 ], [ 6.6808683, 52.5533364 ], [ 6.7160805, 52.548571 ], [ 6.726181, 52.563212 ], [ 6.7523433, 52.5591255 ], [ 6.7666215, 52.5615126 ], [ 6.7667151, 52.5635023 ], [ 6.718713, 52.5886843 ], [ 6.7271398, 52.6150511 ], [ 6.714288, 52.6267747 ], [ 6.7100864, 52.6273187 ], [ 6.7261869, 52.6332551 ], [ 6.7419921, 52.6453241 ], [ 6.7526445, 52.6481326 ], [ 6.7535179, 52.6458428 ], [ 6.75886, 52.6488384 ], [ 6.7679554, 52.6468615 ], [ 6.7774293, 52.6516132 ], [ 6.7901249, 52.652689899999984 ], [ 6.7940484, 52.6507235 ], [ 6.8029722, 52.6519403 ], [ 6.818785, 52.6477066 ], [ 6.8373275, 52.6519863 ], [ 6.8515701, 52.6486952 ], [ 6.8644519, 52.6498535 ], [ 6.8731123, 52.653116699999984 ], [ 6.8798408, 52.6505466 ], [ 6.8971214, 52.6513327 ], [ 6.9139532, 52.646675 ], [ 6.9196522, 52.6398413 ], [ 6.9384453, 52.637896 ], [ 6.9530446, 52.6389449 ], [ 6.9593045, 52.6416895 ], [ 6.9680116, 52.6417892 ], [ 6.9758039, 52.6462566 ], [ 6.9925997, 52.6413148 ], [ 7.0021914, 52.6418312 ], [ 7.0128107, 52.6367077 ], [ 7.0418666, 52.6326805 ], [ 7.0555771, 52.643369899999982 ], [ 7.0720448, 52.8108744 ], [ 7.0926919, 52.8382011 ], [ 7.0873239, 52.8499286 ], [ 7.1046559, 52.8641821 ], [ 7.1815698, 52.9413038 ], [ 7.2092951, 53.0002446 ], [ 7.2172813, 53.0069838 ], [ 7.2128025, 53.0109583 ], [ 7.1992549, 53.0810185 ], [ 7.2027944, 53.1132816 ], [ 7.1828654, 53.121709 ], [ 7.1857266, 53.1241913 ], [ 7.1809195, 53.1277046 ], [ 7.1789383, 53.1381426 ], [ 7.1896317, 53.1480264 ], [ 7.1904638, 53.161761799999987 ], [ 7.2037427, 53.1764996 ], [ 7.2270453, 53.1799227 ], [ 7.2079596, 53.1884844 ], [ 7.2176037, 53.198971 ], [ 7.2169266, 53.2144646 ], [ 7.2104973, 53.2284028 ], [ 7.2089352, 53.2430647 ], [ 7.2198782, 53.248990399999983 ], [ 7.2328206, 53.267559 ], [ 7.2367615, 53.2874114 ], [ 7.2290272, 53.294093899999979 ], [ 7.2425489, 53.302703 ], [ 7.2455857, 53.3193191 ], [ 7.2540936, 53.320687 ], [ 7.2534092, 53.322225300000014 ], [ 7.2848504, 53.3173764 ], [ 7.3069311, 53.317422199999982 ], [ 7.3064501, 53.323014199999989 ], [ 7.2695342, 53.325469899999987 ], [ 7.2712713, 53.3322954 ], [ 7.2678673, 53.326466299999986 ], [ 7.2594558, 53.3294406 ], [ 7.2256548, 53.3337681 ], [ 7.1706222, 53.3354506 ], [ 7.0595763, 53.334668799999989 ], [ 7.0491292, 53.3385054 ], [ 7.0275807, 53.336494099999989 ], [ 7.017564, 53.3405472 ], [ 7.0000037, 53.3588797 ], [ 6.9979589, 53.371367199999987 ], [ 7.0078319, 53.3777615 ], [ 7.0110551, 53.3852993 ], [ 7.0080775, 53.393795899999986 ], [ 7.0126303, 53.4112595 ], [ 7.0128916, 53.4238033 ], [ 7.0103223, 53.424076299999982 ], [ 7.025572, 53.476835 ], [ 7.0241075, 53.4823714 ], [ 7.0486884, 53.5080719 ], [ 7.0384711, 53.519921 ], [ 7.0329038, 53.532152799999984 ], [ 7.0373112, 53.5387889 ], [ 7.0687559, 53.5267549 ], [ 7.0767561, 53.5327397 ], [ 7.0874118, 53.5253647 ], [ 7.0859464, 53.521425799999989 ], [ 7.0895224, 53.5249103 ], [ 7.0964928, 53.5219492 ], [ 7.1039662, 53.5275521 ], [ 7.1210411, 53.529377799999985 ], [ 7.130959, 53.5328622 ], [ 7.1315453, 53.539907899999982 ], [ 7.117312, 53.5481731 ], [ 7.1138292, 53.5539324 ], [ 7.1057868, 53.5555916 ], [ 7.1048683, 53.560731 ], [ 7.0872542, 53.5710916 ], [ 7.0903357, 53.5796522 ], [ 7.1124054, 53.5948223 ], [ 7.1401, 53.607168699999988 ], [ 7.1481992, 53.613742899999984 ], [ 7.1462708, 53.6148805 ], [ 7.1522363, 53.6206306 ], [ 7.1523961, 53.6258271 ], [ 7.1565074, 53.6292639 ], [ 7.1557105, 53.6217522 ], [ 7.1568319, 53.626835 ], [ 7.1606018, 53.6241804 ], [ 7.1633968, 53.6254106 ], [ 7.1583298, 53.6293762 ], [ 7.1701773, 53.6288684 ], [ 7.1825988, 53.6408722 ], [ 7.2219276, 53.6570318 ], [ 7.2315429, 53.6639729 ], [ 7.2396391, 53.6655429 ], [ 7.2430647, 53.6685392 ], [ 7.2811232, 53.6742746 ], [ 7.2963267, 53.680098699999988 ], [ 7.3580292, 53.686821699999989 ], [ 7.360492, 53.6868098 ], [ 7.3601479, 53.6829584 ], [ 7.3622298, 53.685497599999984 ], [ 7.3765314, 53.6825003 ], [ 7.4794491, 53.6832784 ], [ 7.5158302, 53.672211 ], [ 7.5271142, 53.671499800000014 ], [ 7.5441195, 53.6755926 ], [ 7.5723023, 53.6773594 ], [ 7.5743279, 53.6751008 ], [ 7.5706013, 53.6804273 ], [ 7.5881475, 53.6802334 ], [ 7.6059214, 53.6865502 ], [ 7.6305391, 53.6888361 ], [ 7.7038388, 53.703518 ], [ 7.7046464, 53.7001376 ], [ 7.705828, 53.7034439 ], [ 7.7175599, 53.699592599999981 ], [ 7.7500007, 53.70040059999998 ], [ 7.7646624, 53.7018433 ], [ 7.7878043, 53.7094205 ], [ 7.8097002, 53.710953299999986 ], [ 7.8096331, 53.7069722 ], [ 7.81168, 53.7114887 ], [ 7.831611, 53.7111108 ], [ 7.9133267, 53.7178389 ], [ 7.9898576, 53.7140479 ], [ 8.0268514, 53.7078837 ], [ 8.0321303, 53.7052775 ], [ 8.0316512, 53.6994791 ], [ 8.0240075, 53.692692199999989 ], [ 8.0231918, 53.6847122 ], [ 8.0202098, 53.6838181 ], [ 8.0235825, 53.6836974 ], [ 8.0270286, 53.678947799999989 ], [ 8.0318966, 53.657742 ], [ 8.0446941, 53.6414085 ], [ 8.0605199, 53.642411599999981 ], [ 8.0711873, 53.647093199999986 ], [ 8.0838427, 53.6441062 ], [ 8.0825914, 53.6414942 ], [ 8.0885999, 53.6408606 ], [ 8.1142871, 53.616122 ], [ 8.1233461, 53.5986089 ], [ 8.1488638, 53.6018323 ], [ 8.1555992, 53.5857528 ], [ 8.154433, 53.5829001 ], [ 8.1423596, 53.5796684 ], [ 8.1543959, 53.563833499999987 ], [ 8.15134, 53.5608278 ], [ 8.1560407, 53.560724899999975 ], [ 8.1618183, 53.5497974 ], [ 8.1694345, 53.543535 ], [ 8.1564159, 53.5316625 ], [ 8.1658568, 53.5300621 ], [ 8.1662893, 53.5267701 ], [ 8.1543302, 53.5135547 ], [ 8.0926319, 53.5019154 ], [ 8.075224, 53.502088099999987 ], [ 8.0623406, 53.5056676 ], [ 8.0618316, 53.484478499999987 ], [ 8.0692464, 53.470151199999975 ], [ 8.0784243, 53.459788599999982 ], [ 8.0989988, 53.4456768 ], [ 8.1066978, 53.4480698 ], [ 8.1089405, 53.4456518 ], [ 8.1194718, 53.451473 ], [ 8.1361455, 53.452674399999985 ], [ 8.1522108, 53.4479766 ], [ 8.1938933, 53.4159461 ], [ 8.1963528, 53.4123286 ], [ 8.1897751, 53.409595299999985 ], [ 8.1954868, 53.4094536 ], [ 8.2014772, 53.4039437 ], [ 8.249573, 53.3983623 ], [ 8.2637487, 53.4031508 ], [ 8.2804686, 53.4133735 ], [ 8.2976497, 53.4306303 ], [ 8.2946901, 53.4348354 ], [ 8.2963436, 53.4415732 ], [ 8.308486, 53.448141299999989 ], [ 8.3155749, 53.4601941 ], [ 8.3168867, 53.5145994 ], [ 8.3094148, 53.5228204 ], [ 8.3000711, 53.525851299999985 ], [ 8.2655476, 53.5185411 ], [ 8.226916, 53.520083699999986 ], [ 8.2308265, 53.520776 ], [ 8.2343181, 53.533762499999987 ], [ 8.2429727, 53.5823979 ], [ 8.2606928, 53.5988467 ], [ 8.2910959, 53.612920699999989 ], [ 8.311608, 53.6162825 ], [ 8.3379813, 53.6115502 ], [ 8.3489787, 53.6061789 ], [ 8.356504, 53.599600599999988 ], [ 8.3539184, 53.59698680000001 ], [ 8.3582191, 53.5979456 ], [ 8.3833889, 53.574458599999986 ], [ 8.3988616, 53.5691249 ], [ 8.4356839, 53.5621211 ], [ 8.4644654, 53.552469699999989 ], [ 8.4764366, 53.553974 ], [ 8.5040775, 53.550687899999986 ], [ 8.5119825, 53.5525041 ], [ 8.5176145, 53.5583007 ], [ 8.5152701, 53.551344 ], [ 8.5207747, 53.54708 ], [ 8.5360412, 53.5404953 ], [ 8.550146, 53.5380183 ], [ 8.5552854, 53.526286899999988 ], [ 8.5481052, 53.5199411 ], [ 8.5526842, 53.5161756 ], [ 8.5321561, 53.509200899999989 ], [ 8.5090381, 53.4976442 ], [ 8.5016147, 53.4909865 ], [ 8.4926519, 53.4724198 ], [ 8.5057899, 53.4711782 ], [ 8.5116041, 53.4766645 ], [ 8.5186341, 53.4744459 ], [ 8.5297138, 53.4803417 ], [ 8.5381974, 53.4803602 ], [ 8.5737603, 53.4886431 ], [ 8.5773066, 53.48545330000001 ], [ 8.5971739, 53.4860762 ], [ 8.6059046, 53.4842338 ], [ 8.6061312, 53.4859382 ], [ 8.6195324, 53.489289 ], [ 8.6318759, 53.4988104 ], [ 8.6312721, 53.5015803 ], [ 8.6378625, 53.5032197 ], [ 8.6366374, 53.505439400000014 ], [ 8.6505552, 53.5107817 ], [ 8.6482323, 53.51430329999998 ], [ 8.6521342, 53.5160171 ], [ 8.6397754, 53.5252895 ], [ 8.6386558, 53.534953599999987 ], [ 8.6420518, 53.5416834 ], [ 8.6452269, 53.540472699999988 ], [ 8.6463543, 53.55554570000001 ], [ 8.6360779, 53.5536921 ], [ 8.6308604, 53.555689600000015 ], [ 8.6251545, 53.567315199999989 ], [ 8.6168029, 53.57437 ], [ 8.6180111, 53.578716 ], [ 8.6271256, 53.5791201 ], [ 8.6282639, 53.5832271 ], [ 8.6427158, 53.5925594 ], [ 8.6379557, 53.5950674 ], [ 8.6506324, 53.6025652 ], [ 8.6466403, 53.6033413 ], [ 8.6456672, 53.601699899999986 ], [ 8.6402137, 53.6045031 ], [ 8.6232963, 53.6053333 ], [ 8.6127102, 53.6029244 ], [ 8.592804, 53.5930398 ], [ 8.5587688, 53.603907 ], [ 8.5336511, 53.6076177 ], [ 8.5324723, 53.6049293 ], [ 8.5273926, 53.6059719 ], [ 8.5261589, 53.603839900000011 ], [ 8.5241711, 53.606693499999984 ], [ 8.5204104, 53.606204899999987 ], [ 8.4837764, 53.6566233 ], [ 8.4833505, 53.694784100000014 ], [ 8.4975768, 53.7137507 ], [ 8.5100312, 53.7377014 ], [ 8.5219532, 53.7505734 ], [ 8.5185006, 53.751471 ], [ 8.5285418, 53.767652 ], [ 8.5327874, 53.7672014 ], [ 8.5289815, 53.768507 ], [ 8.5391777, 53.7888108 ], [ 8.5410127, 53.7860066 ], [ 8.5447162, 53.7888744 ], [ 8.5377222, 53.792592299999981 ], [ 8.5498557, 53.82115 ], [ 8.5660603, 53.8459576 ], [ 8.5746242, 53.8434228 ], [ 8.5897303, 53.8599616 ], [ 8.6046302, 53.870974199999985 ], [ 8.6011422, 53.8742887 ], [ 8.6149139, 53.8821182 ], [ 8.6271085, 53.8821856 ], [ 8.64061, 53.8868093 ], [ 8.6692845, 53.891666099999988 ], [ 8.686461, 53.8920887 ], [ 8.6884397, 53.890345 ], [ 8.6837291, 53.8891352 ], [ 8.6832277, 53.8858481 ], [ 8.6866726, 53.8805699 ], [ 8.6938388, 53.8764688 ], [ 8.7022465, 53.8787112 ], [ 8.7310501, 53.8586402 ], [ 8.7288503, 53.8567004 ], [ 8.7846141, 53.8346569 ], [ 8.8232564, 53.8311188 ], [ 8.8351013, 53.8335128 ], [ 8.8595944, 53.829892 ], [ 8.9061592, 53.828788199999984 ], [ 8.9532611, 53.8369256 ], [ 8.9874727, 53.8399917 ], [ 9.0223824, 53.8336277 ], [ 9.0267041, 53.8250318 ], [ 9.0309782, 53.8257383 ], [ 9.0314648, 53.829769500000012 ], [ 9.0208314, 53.842598 ], [ 9.0889465, 53.862099599999986 ], [ 9.1798774, 53.8667233 ], [ 9.2678898, 53.8588238 ], [ 9.2769741, 53.85666 ], [ 9.3262007, 53.8260024 ], [ 9.3310438, 53.8156951 ], [ 9.4080707, 53.733290900000014 ], [ 9.4205961, 53.7229306 ], [ 9.4770051, 53.6907152 ], [ 9.4929021, 53.6781045 ], [ 9.4995311, 53.6649159 ], [ 9.5065319, 53.6563183 ], [ 9.5105357, 53.6562552 ], [ 9.5181228, 53.636565099999984 ], [ 9.5403005, 53.6129159 ], [ 9.5584044, 53.6068594 ], [ 9.572879, 53.5939017 ], [ 9.5904935, 53.5856721 ], [ 9.6158732, 53.5807792 ], [ 9.6342032, 53.570952299999988 ], [ 9.6492519, 53.567992499999988 ], [ 9.6690786, 53.554071099999987 ], [ 9.6851855, 53.547809399999984 ], [ 9.6927247, 53.5495897 ], [ 9.6984692, 53.5458129 ], [ 9.7091025, 53.545107299999984 ], [ 9.7112259, 53.5504268 ], [ 9.7179598, 53.551527 ], [ 9.7269202, 53.5504505 ], [ 9.7280109, 53.5443395 ], [ 9.7416102, 53.548049199999987 ], [ 9.7681713, 53.5460743 ], [ 9.7720765, 53.5433861 ], [ 9.7654417, 53.5411146 ], [ 9.7783201, 53.5194614 ], [ 9.7740868, 53.5192319 ], [ 9.7715854, 53.5227558 ], [ 9.7637939, 53.508106499999982 ], [ 9.7845248, 53.500011699999988 ], [ 9.7822318, 53.4914641 ], [ 9.7924542, 53.4939226 ], [ 9.8024262, 53.4932515 ], [ 9.7998044, 53.4696375 ], [ 9.8059445, 53.467102 ], [ 9.8074659, 53.4628282 ], [ 9.8136082, 53.462426799999982 ], [ 9.8366495, 53.45091 ], [ 9.8623875, 53.4298766 ], [ 9.8645685, 53.432177 ], [ 9.860013, 53.4365762 ], [ 9.8615431, 53.439543199999989 ], [ 9.8666526, 53.4400631 ], [ 9.8691204, 53.4445841 ], [ 9.8733734, 53.442377799999988 ], [ 9.8959454, 53.457385 ], [ 9.8987932, 53.455112 ], [ 9.9015835, 53.4573227 ], [ 9.9138989, 53.4484291 ], [ 9.9145571, 53.442646499999988 ], [ 9.9214862, 53.436550099999984 ], [ 9.91408, 53.4299985 ], [ 9.9164528, 53.424865700000012 ], [ 9.9065661, 53.4157909 ], [ 9.9164873, 53.4140679 ], [ 9.9245525, 53.4196239 ], [ 9.9420158, 53.4210524 ], [ 9.949212, 53.43095 ], [ 9.9632726, 53.427321 ], [ 9.9610402, 53.4240939 ], [ 9.9643586, 53.4221762 ], [ 9.9709292, 53.42375939999998 ], [ 9.9754555, 53.4214511 ], [ 9.9775578, 53.4192492 ], [ 9.9748888, 53.4147353 ], [ 9.9844329, 53.4154138 ], [ 9.9889759, 53.4205733 ], [ 9.9929834, 53.4200866 ], [ 9.9963895, 53.4261129 ], [ 10.0015801, 53.4248309 ], [ 10.0097735, 53.4294652 ], [ 10.0186404, 53.4293091 ], [ 10.029323, 53.4351565 ], [ 10.0147113, 53.4421243 ], [ 10.0211917, 53.4467863 ], [ 10.0323169, 53.444118 ], [ 10.0358757, 53.447045800000012 ], [ 10.0457389, 53.4467411 ], [ 10.0493221, 53.4497012 ], [ 10.0410975, 53.451549299999989 ], [ 10.0440505, 53.4548653 ], [ 10.0420385, 53.4568076 ], [ 10.0518107, 53.463918899999989 ], [ 10.0846023, 53.4504011 ], [ 10.1087355, 53.426674 ], [ 10.1363955, 53.4222323 ], [ 10.1551869, 53.4052083 ], [ 10.1756886, 53.3965825 ], [ 10.1985347, 53.3986082 ], [ 10.223761, 53.395273799999977 ], [ 10.2365679, 53.3957537 ], [ 10.243786, 53.3995735 ], [ 10.2586464, 53.4177848 ], [ 10.2848185, 53.4245914 ], [ 10.3063264, 53.4330567 ], [ 10.3146068, 53.432188799999977 ], [ 10.3307681, 53.4249673 ], [ 10.3705339, 53.4259191 ], [ 10.4192768, 53.402142 ], [ 10.4989193, 53.3744601 ], [ 10.5173042, 53.3710479 ], [ 10.5567376, 53.3684789 ], [ 10.5743254, 53.3601959 ], [ 10.5843725, 53.3604303 ], [ 10.6119329, 53.3691439 ], [ 10.6307037, 53.3707734 ], [ 10.6768105, 53.3674631 ], [ 10.693048, 53.37042409999998 ], [ 10.7031232, 53.369419599999986 ], [ 10.7284621, 53.356674 ], [ 10.7380865, 53.3423438 ], [ 10.7630847, 53.3388506 ], [ 10.7576573, 53.3326067 ], [ 10.7596538, 53.3299872 ], [ 10.7675687, 53.3304645 ], [ 10.7715906, 53.3253237 ], [ 10.7932626, 53.3155672 ], [ 10.8261975, 53.3123924 ], [ 10.8286478, 53.3069123 ], [ 10.8358057, 53.3049695 ], [ 10.8397166, 53.308167399999981 ], [ 10.8507905, 53.3099967 ], [ 10.8534138, 53.3158652 ], [ 10.87024, 53.317716499999989 ], [ 10.8717023, 53.3215929 ], [ 10.8660427, 53.326912 ], [ 10.880535, 53.3210984 ], [ 10.8880285, 53.3243819 ], [ 10.8885037, 53.3271936 ], [ 10.8805504, 53.3302298 ], [ 10.8803212, 53.335527199999987 ], [ 10.8926505, 53.334307599999988 ], [ 10.8947136, 53.3366557 ], [ 10.899241, 53.334196399999989 ], [ 10.9096789, 53.3376942 ], [ 10.9183657, 53.3479647 ], [ 10.9282452, 53.3481183 ], [ 10.9337426, 53.3430761 ], [ 10.9316932, 53.3408274 ], [ 10.9467624, 53.3356056 ], [ 10.9555392, 53.3334613 ], [ 10.9593608, 53.3385251 ], [ 10.9880006, 53.3334265 ], [ 10.9826615, 53.327536400000014 ], [ 10.9885021, 53.3244997 ], [ 10.9914379, 53.32596920000001 ], [ 10.9956657, 53.3211455 ], [ 10.999076, 53.3210239 ], [ 11.0022578, 53.305201299999986 ], [ 11.0087023, 53.3006358 ], [ 11.002965, 53.29355 ], [ 11.0083588, 53.2917609 ], [ 11.009456, 53.2814792 ], [ 11.0210481, 53.2814305 ], [ 11.027572, 53.2789399 ], [ 11.0394504, 53.262454599999984 ], [ 11.0471335, 53.2577023 ], [ 11.0568182, 53.2459945 ], [ 11.0622583, 53.2354532 ], [ 11.0893238, 53.2146414 ], [ 11.1167581, 53.2041712 ], [ 11.1384868, 53.202504800000014 ], [ 11.136511, 53.199405 ], [ 11.1449898, 53.197778599999985 ], [ 11.1367037, 53.191842299999983 ], [ 11.1798909, 53.1866772 ], [ 11.1941112, 53.181186 ], [ 11.1953281, 53.1767385 ], [ 11.1890824, 53.1656195 ], [ 11.1794143, 53.1586161 ], [ 11.1718616, 53.156644199999988 ], [ 11.1845737, 53.1364212 ], [ 11.1939284, 53.1352268 ], [ 11.208115, 53.142803 ], [ 11.2163188, 53.1444003 ], [ 11.232796, 53.141776699999987 ], [ 11.2456973, 53.1364219 ], [ 11.2670318, 53.1202438 ], [ 11.2677544, 53.1041928 ], [ 11.2731594, 53.0972187 ], [ 11.2876946, 53.0867582 ], [ 11.3097741, 53.077860699999988 ], [ 11.334423, 53.056931099999979 ], [ 11.3428821, 53.054379 ], [ 11.3530548, 53.054732899999983 ], [ 11.4025889, 53.0723727 ], [ 11.4483794, 53.0783816 ], [ 11.4637747, 53.0744223 ], [ 11.5059036, 53.0490448 ], [ 11.5237809, 53.0471359 ], [ 11.5481037, 53.0523934 ], [ 11.5702344, 53.0392402 ], [ 11.5846617, 53.0353067 ], [ 11.5977845, 53.035926400000015 ], [ 11.596424, 53.0327829 ], [ 11.5691309, 53.018550299999987 ], [ 11.5637459, 53.012843399999987 ], [ 11.5592495, 53.0130803 ], [ 11.55209, 53.0047285 ], [ 11.5604439, 53.0037997 ], [ 11.5564166, 52.9986658 ], [ 11.5433804, 52.9994524 ], [ 11.5264285, 53.0082585 ], [ 11.5124906, 53.0074449 ], [ 11.5064282, 52.9997452 ], [ 11.4923425, 52.9596629 ], [ 11.5050268, 52.9410327 ], [ 11.4917633, 52.9416339 ], [ 11.4700617, 52.9389256 ], [ 11.4544444, 52.933396900000012 ], [ 11.4328906, 52.9197498 ], [ 11.4260755, 52.9199235 ], [ 11.4065778, 52.904102199999983 ], [ 11.3924617, 52.901680100000014 ], [ 11.3847782, 52.9035784 ], [ 11.3861106, 52.902338 ], [ 11.3746938, 52.9002358 ], [ 11.3545349, 52.890363 ], [ 11.3371842, 52.8883574 ], [ 11.3368634, 52.886361299999983 ], [ 11.3142501, 52.8782363 ], [ 11.2954107, 52.8749069 ], [ 11.2942135, 52.8871328 ], [ 11.2906621, 52.8891257 ], [ 11.2765695, 52.8875323 ], [ 11.2672389, 52.880140799999985 ], [ 11.2411256, 52.8790183 ], [ 11.2357636, 52.8886139 ], [ 11.2306271, 52.8913491 ], [ 11.2191691, 52.892681199999984 ], [ 11.2206453, 52.8976664 ], [ 11.1552579, 52.9062106 ], [ 11.1546667, 52.9018653 ], [ 11.138906, 52.8983407 ], [ 11.1064055, 52.8962235 ], [ 11.0931873, 52.899471399999982 ], [ 11.0986758, 52.9128767 ], [ 11.0787474, 52.9129642 ], [ 11.0658728, 52.9094511 ], [ 11.0390495, 52.913399299999988 ], [ 11.0130764, 52.9098902 ], [ 11.0020758, 52.9114766 ], [ 10.9925725, 52.906457399999987 ], [ 10.9935615, 52.9035278 ], [ 10.9890538, 52.899053 ], [ 10.990097, 52.8881877 ], [ 10.9855083, 52.882033199999988 ], [ 10.9788144, 52.8781526 ], [ 10.9680823, 52.8793207 ], [ 10.9678958, 52.8757161 ], [ 10.9396335, 52.8533355 ], [ 10.9150246, 52.8531778 ], [ 10.895667, 52.8563728 ], [ 10.8928754, 52.8479825 ], [ 10.8906174, 52.845896299999986 ], [ 10.8846836, 52.845796300000011 ], [ 10.8768419, 52.847747799999986 ], [ 10.8741724, 52.8527041 ], [ 10.8661021, 52.855726 ], [ 10.8592054, 52.853344 ], [ 10.8603706, 52.8516515 ], [ 10.8415559, 52.8522049 ], [ 10.8347746, 52.8474751 ], [ 10.800553, 52.850291799999987 ], [ 10.7961471, 52.8436419 ], [ 10.7666915, 52.842192399999981 ], [ 10.7646972, 52.8404793 ], [ 10.7717288, 52.8339457 ], [ 10.7639858, 52.830208 ], [ 10.7666545, 52.8261931 ], [ 10.7569463, 52.819774699999989 ], [ 10.7617438, 52.8027264 ], [ 10.7553212, 52.784829599999988 ], [ 10.7754829, 52.7623611 ], [ 10.776208, 52.754788799999986 ], [ 10.7876451, 52.752967099999985 ], [ 10.7916658, 52.7481966 ], [ 10.7881761, 52.7331723 ], [ 10.7932824, 52.729968299999989 ], [ 10.7966968, 52.7143264 ], [ 10.8244601, 52.7179746 ], [ 10.8297032, 52.7161352 ], [ 10.8361589, 52.7077014 ], [ 10.8331289, 52.7009389 ], [ 10.8375075, 52.6958096 ], [ 10.8460917, 52.690137599999986 ], [ 10.8596775, 52.6745903 ], [ 10.8777588, 52.6638325 ], [ 10.8790268, 52.6559965 ], [ 10.8968683, 52.6427087 ], [ 10.904378, 52.6274668 ], [ 10.9131032, 52.6240981 ], [ 10.9150529, 52.617635 ], [ 10.9250263, 52.6145969 ], [ 10.9213884, 52.6098706 ], [ 10.9271038, 52.6092306 ], [ 10.9438465, 52.6150602 ], [ 10.9456054, 52.6202143 ], [ 10.9642483, 52.6258547 ], [ 10.976968, 52.6241416 ], [ 10.9756292, 52.6068249 ], [ 10.9716529, 52.6033287 ], [ 10.959519, 52.5998923 ], [ 10.9532598, 52.5928675 ], [ 10.9398175, 52.5895731 ], [ 10.9474355, 52.582550099999985 ], [ 10.9416895, 52.5797447 ], [ 10.9414379, 52.571874799999989 ], [ 10.9375757, 52.5673997 ], [ 10.9430391, 52.5604932 ], [ 10.9423372, 52.5559487 ], [ 10.9589923, 52.535554 ], [ 11.0087817, 52.4967476 ], [ 10.9822616, 52.4969646 ], [ 10.9748404, 52.5013633 ], [ 10.9499937, 52.4956057 ], [ 10.9435559, 52.4923495 ], [ 10.9409811, 52.4766008 ], [ 10.934585, 52.4761744 ], [ 10.9337457, 52.4609521 ], [ 10.9478217, 52.453949099999988 ], [ 10.9487964, 52.448591699999987 ], [ 10.9563948, 52.4447515 ], [ 10.9622611, 52.4347379 ], [ 10.989408, 52.420303 ], [ 10.9946284, 52.41511329999998 ], [ 10.991645, 52.4133349 ], [ 11.0055789, 52.4088715 ], [ 11.0186951, 52.397042 ], [ 11.0151601, 52.3881068 ], [ 11.022946, 52.3926355 ], [ 11.0342082, 52.3885741 ], [ 11.0362998, 52.3852095 ], [ 11.0418673, 52.3863838 ], [ 11.0390041, 52.3889095 ], [ 11.0467528, 52.387870199999981 ], [ 11.0544995, 52.3813862 ], [ 11.0608311, 52.3802147 ], [ 11.0665442, 52.3731998 ], [ 11.0688102, 52.376522099999988 ], [ 11.0698525, 52.374524199999989 ], [ 11.0744798, 52.3744033 ], [ 11.0737412, 52.3717014 ], [ 11.0670002, 52.3698774 ], [ 11.0686843, 52.3554776 ], [ 11.0638076, 52.3541541 ], [ 11.0616139, 52.357453 ], [ 11.0574745, 52.3503331 ], [ 11.0439395, 52.3493387 ], [ 11.0440497, 52.3468824 ], [ 11.0403715, 52.3473274 ], [ 11.0373565, 52.3447424 ], [ 11.0303684, 52.3459072 ], [ 11.0235962, 52.3442321 ], [ 11.0229806, 52.3474329 ], [ 11.0023412, 52.3447512 ], [ 10.996251, 52.342120900000012 ], [ 10.9925515, 52.3443775 ], [ 10.9836739, 52.341686499999987 ], [ 10.9879125, 52.335015899999988 ], [ 11.0020832, 52.3365854 ], [ 11.0047953, 52.330748799999988 ], [ 10.9999829, 52.3297124 ], [ 11.0010767, 52.3274805 ], [ 11.0116167, 52.3282411 ], [ 11.0202288, 52.3191179 ], [ 11.0333553, 52.3100367 ], [ 11.0360152, 52.310396 ], [ 11.0355903, 52.303415 ], [ 11.0392227, 52.301671899999988 ], [ 11.0295772, 52.2973618 ], [ 11.0218375, 52.2965952 ], [ 11.0125065, 52.29132 ], [ 11.0138008, 52.286649 ], [ 11.0290668, 52.270121 ], [ 11.0429439, 52.2720107 ], [ 11.0521677, 52.267363499999988 ], [ 11.0511297, 52.262799299999976 ], [ 11.0563126, 52.258728 ], [ 11.0523673, 52.2537364 ], [ 11.0589072, 52.240651799999988 ], [ 11.0732675, 52.243239699999982 ], [ 11.0862441, 52.2286338 ], [ 11.0788577, 52.2246497 ], [ 11.0771849, 52.2186766 ], [ 11.0448833, 52.215056199999985 ], [ 11.0344556, 52.2103124 ], [ 11.0294484, 52.2114484 ], [ 11.0213946, 52.2049793 ], [ 11.0245799, 52.2010958 ], [ 11.0176863, 52.1982526 ], [ 11.0136466, 52.1995562 ], [ 11.0131692, 52.1858777 ], [ 11.0192446, 52.178087 ], [ 11.0359235, 52.171728400000013 ], [ 11.060337, 52.1723874 ], [ 11.0609576, 52.164818 ], [ 11.0546185, 52.1602561 ], [ 11.0604284, 52.153474 ], [ 11.0450392, 52.1435538 ], [ 11.0441352, 52.133665499999985 ], [ 11.0377821, 52.1340655 ], [ 11.0275673, 52.1293649 ], [ 11.0174701, 52.1282597 ], [ 11.0091632, 52.1199278 ], [ 10.9768775, 52.1057289 ], [ 10.9656681, 52.1071153 ], [ 10.9421598, 52.1030903 ], [ 10.942005, 52.0943628 ], [ 10.958471, 52.0879804 ], [ 10.9670981, 52.088375299999981 ], [ 10.9706528, 52.086264899999989 ], [ 10.9730497, 52.0731239 ], [ 10.9644146, 52.056643199999989 ], [ 10.9359614, 52.059709899999987 ], [ 10.8811604, 52.059323499999984 ], [ 10.8721778, 52.0579561 ], [ 10.8550354, 52.0509023 ], [ 10.8287075, 52.0477486 ], [ 10.8014892, 52.047997 ], [ 10.7828288, 52.0504568 ], [ 10.760241, 52.0461131 ], [ 10.7573534, 52.0482592 ], [ 10.7221143, 52.049659 ], [ 10.6873852, 52.0481382 ], [ 10.6478867, 52.0417208 ], [ 10.6568648, 52.0285238 ], [ 10.655492, 52.024686599999981 ], [ 10.6422168, 52.0229161 ], [ 10.6389722, 52.0153253 ], [ 10.621436, 52.0103343 ], [ 10.6260197, 52.0081978 ], [ 10.6119023, 52.0100468 ], [ 10.6001942, 52.0071657 ], [ 10.6004776, 52.009735799999987 ], [ 10.5958041, 52.0100823 ], [ 10.5966, 52.0143655 ], [ 10.5922802, 52.014203499999986 ], [ 10.5915952, 52.0113422 ], [ 10.5729696, 52.0104458 ], [ 10.5747412, 52.0063609 ], [ 10.561227, 52.004065899999986 ], [ 10.5867788, 51.9827318 ], [ 10.5856896, 51.9762297 ], [ 10.5960559, 51.9749954 ], [ 10.6062329, 51.9772874 ], [ 10.6062373, 51.9686657 ], [ 10.6196171, 51.966936199999985 ], [ 10.6199412, 51.9576786 ], [ 10.6353784, 51.959065299999985 ], [ 10.6417044, 51.962628 ], [ 10.6513037, 51.9575611 ], [ 10.6475466, 51.9536245 ], [ 10.6331665, 51.9486837 ], [ 10.6224776, 51.947541199999982 ], [ 10.6211407, 51.943393 ], [ 10.6132605, 51.9394679 ], [ 10.6181114, 51.9314774 ], [ 10.6133138, 51.921515299999989 ], [ 10.6381594, 51.915965899999982 ], [ 10.6482147, 51.9082448 ], [ 10.6493221, 51.8891049 ], [ 10.6323298, 51.87216489999998 ], [ 10.6160328, 51.8696542 ], [ 10.6026154, 51.8545451 ], [ 10.584469, 51.8530572 ], [ 10.5791005, 51.8482573 ], [ 10.576971, 51.8429873 ], [ 10.5852726, 51.840067 ], [ 10.5884299, 51.8357858 ], [ 10.5787359, 51.8286523 ], [ 10.5778381, 51.8157718 ], [ 10.5741743, 51.8111266 ], [ 10.5839187, 51.798823 ], [ 10.5850876, 51.7876314 ], [ 10.5804373, 51.78275 ], [ 10.5815201, 51.7800055 ], [ 10.5912005, 51.7689877 ], [ 10.6059456, 51.7624444 ], [ 10.6260967, 51.7590169 ], [ 10.6312696, 51.7514711 ], [ 10.6317135, 51.7395331 ], [ 10.6428707, 51.7302813 ], [ 10.6420226, 51.7252895 ], [ 10.6493371, 51.7185516 ], [ 10.6565619, 51.7181068 ], [ 10.6683073, 51.709908 ], [ 10.672617, 51.6969655 ], [ 10.6675492, 51.696676 ], [ 10.66306, 51.6912124 ], [ 10.6673566, 51.684808399999987 ], [ 10.6705071, 51.6669127 ], [ 10.6828802, 51.6606239 ], [ 10.6917025, 51.6465039 ], [ 10.701372, 51.6421876 ], [ 10.6986853, 51.6394843 ], [ 10.6772828, 51.6383759 ], [ 10.6758427, 51.6332116 ], [ 10.6824809, 51.628917 ], [ 10.6671501, 51.6283685 ], [ 10.6567644, 51.6243553 ], [ 10.6420741, 51.6225744 ], [ 10.63821, 51.619437 ], [ 10.6490005, 51.6065142 ], [ 10.6334961, 51.6079029 ], [ 10.6344446, 51.5943057 ], [ 10.6386747, 51.584117 ], [ 10.6583643, 51.5818971 ], [ 10.666307, 51.5780987 ], [ 10.6583838, 51.566657199999987 ], [ 10.6607449, 51.5607524 ], [ 10.6567962, 51.5583016 ], [ 10.6447671, 51.5600173 ], [ 10.645524, 51.5627783 ], [ 10.6365251, 51.562226499999987 ], [ 10.6266003, 51.567757099999987 ], [ 10.6279549, 51.572065 ], [ 10.6216371, 51.575774 ], [ 10.6042643, 51.579575299999981 ], [ 10.5993335, 51.5784608 ], [ 10.5879123, 51.5675856 ], [ 10.577368, 51.565964799999989 ], [ 10.5764917, 51.5626806 ], [ 10.5699851, 51.5633416 ], [ 10.560269, 51.557068 ], [ 10.5454602, 51.555734199999982 ], [ 10.5340524, 51.559358499999988 ], [ 10.5189738, 51.553763499999981 ], [ 10.5095815, 51.5567923 ], [ 10.5078411, 51.5616768 ], [ 10.5060573, 51.5634684 ], [ 10.5034875, 51.5623911 ], [ 10.4956959, 51.5727882 ], [ 10.4670394, 51.5833808 ], [ 10.462914, 51.5821227 ], [ 10.4509737, 51.5840263 ], [ 10.4443825, 51.5896562 ], [ 10.4292, 51.592533 ], [ 10.4063035, 51.5865003 ], [ 10.3978092, 51.5876808 ], [ 10.39026, 51.5860546 ], [ 10.377329, 51.5887089 ], [ 10.3700234, 51.5875365 ], [ 10.378791, 51.579381399999981 ], [ 10.3786243, 51.5627067 ], [ 10.3741261, 51.5586108 ], [ 10.365365, 51.555891 ], [ 10.372185, 51.5529927 ], [ 10.3675562, 51.548663399999988 ], [ 10.367664, 51.5430365 ], [ 10.3481254, 51.5321734 ], [ 10.3422755, 51.5194971 ], [ 10.3180313, 51.5139779 ], [ 10.3088176, 51.5151398 ], [ 10.2998504, 51.5049507 ], [ 10.2996698, 51.4938961 ], [ 10.2926551, 51.4925221 ], [ 10.2844293, 51.4944405 ], [ 10.2732332, 51.491391600000014 ], [ 10.272759, 51.488221 ], [ 10.2446776, 51.4837351 ], [ 10.2436999, 51.478562799999985 ], [ 10.2377594, 51.4774643 ], [ 10.2358779, 51.4714283 ], [ 10.2267113, 51.4738115 ], [ 10.2243961, 51.470892499999984 ], [ 10.2210054, 51.4719128 ], [ 10.216946, 51.470075 ], [ 10.2152714, 51.4771471 ], [ 10.218202, 51.4785396 ], [ 10.2128218, 51.478662899999989 ], [ 10.2143684, 51.4800664 ], [ 10.2057222, 51.487243299999989 ], [ 10.2019751, 51.4865198 ], [ 10.1901935, 51.480664499999989 ], [ 10.183883, 51.4722448 ], [ 10.1782516, 51.4700164 ], [ 10.1791321, 51.4672336 ], [ 10.185834, 51.465083 ], [ 10.1860119, 51.4621742 ], [ 10.177202, 51.457436099999988 ], [ 10.1801945, 51.4557888 ], [ 10.174306, 51.4462561 ], [ 10.1676185, 51.4444451 ], [ 10.1588058, 51.446754899999981 ], [ 10.1558191, 51.443619399999982 ], [ 10.1521501, 51.4471444 ], [ 10.1400045, 51.4426141 ], [ 10.1410982, 51.4371901 ], [ 10.1544703, 51.4315328 ], [ 10.1503988, 51.4294245 ], [ 10.1403938, 51.4297182 ], [ 10.131755, 51.4355305 ], [ 10.1307068, 51.4335874 ], [ 10.1211051, 51.4341567 ], [ 10.1169334, 51.430229799999985 ], [ 10.090838, 51.4356549 ], [ 10.080108, 51.4345602 ], [ 10.0795829, 51.4253061 ], [ 10.0752199, 51.419517399999989 ], [ 10.0691081, 51.4184383 ], [ 10.0645265, 51.4198211 ], [ 10.0656198, 51.4249955 ], [ 10.059694, 51.428287 ], [ 10.058782, 51.434892499999982 ], [ 10.046803, 51.4366734 ], [ 10.0514425, 51.4303214 ], [ 10.0428398, 51.427565699999988 ], [ 10.0378437, 51.4200049 ], [ 10.0093288, 51.4206036 ], [ 10.0076077, 51.4110006 ], [ 10.0007802, 51.407777900000013 ], [ 10.0003755, 51.403655199999989 ], [ 9.9940247, 51.4038851 ], [ 9.9873963, 51.3979226 ], [ 9.9659434, 51.3954769 ], [ 9.9536159, 51.389061299999973 ], [ 9.9419984, 51.3784285 ], [ 9.9283388, 51.3752988 ], [ 9.9265963, 51.3763262 ], [ 9.9328883, 51.3805845 ], [ 9.9311091, 51.392733199999988 ], [ 9.9278599, 51.3926545 ], [ 9.9272938, 51.3953868 ], [ 9.9071943, 51.4075872 ], [ 9.9128533, 51.4086424 ], [ 9.9133934, 51.4106312 ], [ 9.9060211, 51.4211387 ], [ 9.8992749, 51.416525 ], [ 9.8831518, 51.414966 ], [ 9.8846256, 51.410205299999987 ], [ 9.8783153, 51.4044769 ], [ 9.8685352, 51.4137908 ], [ 9.8507431, 51.4144136 ], [ 9.8538499, 51.4103911 ], [ 9.8505388, 51.4013757 ], [ 9.8607492, 51.394288 ], [ 9.8559203, 51.384805599999986 ], [ 9.8594207, 51.3791835 ], [ 9.8679912, 51.3748663 ], [ 9.8652759, 51.3716127 ], [ 9.8532126, 51.3722315 ], [ 9.8401066, 51.383593199999986 ], [ 9.8406366, 51.402641599999988 ], [ 9.8338088, 51.4024697 ], [ 9.823499, 51.4090597 ], [ 9.8162705, 51.4104664 ], [ 9.8035103, 51.410400499999987 ], [ 9.7941367, 51.4071596 ], [ 9.7927869, 51.401384299999989 ], [ 9.7964901, 51.3981406 ], [ 9.8001274, 51.399188 ], [ 9.8014501, 51.3869147 ], [ 9.7968909, 51.3860328 ], [ 9.7942278, 51.388424 ], [ 9.7839858, 51.3892478 ], [ 9.7658613, 51.385978 ], [ 9.7566032, 51.382284899999988 ], [ 9.7522838, 51.3746907 ], [ 9.7384587, 51.3692126 ], [ 9.7316156, 51.368412199999987 ], [ 9.7232004, 51.3704982 ], [ 9.7021438, 51.3645718 ], [ 9.7039832, 51.3581459 ], [ 9.7129125, 51.3551162 ], [ 9.7206113, 51.3485275 ], [ 9.7273666, 51.3363897 ], [ 9.7368407, 51.3289569 ], [ 9.7382477, 51.3194288 ], [ 9.7454343, 51.318980299999986 ], [ 9.7565065, 51.3286512 ], [ 9.7683071, 51.3325493 ], [ 9.7631076, 51.3361607 ], [ 9.7724563, 51.336291 ], [ 9.7706095, 51.330458199999988 ], [ 9.7635104, 51.3253394 ], [ 9.7656359, 51.324426 ], [ 9.7723659, 51.3292815 ], [ 9.7703453, 51.3253821 ], [ 9.7732944, 51.3268669 ], [ 9.775202, 51.3251962 ], [ 9.7682004, 51.3067261 ], [ 9.7323044, 51.2952319 ], [ 9.7303579, 51.297495499999989 ], [ 9.7201924, 51.298607 ], [ 9.7086638, 51.3038473 ], [ 9.7000427, 51.3043557 ], [ 9.6876789, 51.3078967 ], [ 9.6865149, 51.310407899999973 ], [ 9.6789109, 51.3109578 ], [ 9.6752373, 51.315682699999989 ], [ 9.6693859, 51.3177109 ], [ 9.6642909, 51.3165548 ], [ 9.6622297, 51.3117126 ], [ 9.6456573, 51.3166407 ], [ 9.6434282, 51.314498599999979 ], [ 9.635771, 51.3170722 ], [ 9.6344553, 51.3116037 ], [ 9.6285241, 51.3119026 ], [ 9.6329332, 51.3244292 ], [ 9.6385431, 51.322392099999988 ], [ 9.6333659, 51.325854 ], [ 9.617242, 51.3279293 ], [ 9.6044346, 51.3255559 ], [ 9.6060013, 51.3277092 ], [ 9.6018371, 51.3276774 ], [ 9.5949227, 51.3345884 ], [ 9.5839601, 51.3383544 ], [ 9.581657, 51.3421963 ], [ 9.5680249, 51.3400015 ], [ 9.5588326, 51.3476571 ], [ 9.5558181, 51.354534 ], [ 9.5484411, 51.3589553 ], [ 9.550134, 51.3618842 ], [ 9.5675738, 51.361574099999984 ], [ 9.5767464, 51.3692945 ], [ 9.5750427, 51.37252920000001 ], [ 9.561037, 51.374838399999987 ], [ 9.559337, 51.3792336 ], [ 9.5644343, 51.3873451 ], [ 9.574045, 51.3921089 ], [ 9.5785183, 51.4014115 ], [ 9.5875124, 51.4026693 ], [ 9.5940778, 51.3979874 ], [ 9.6098547, 51.4047661 ], [ 9.6100171, 51.407822599999989 ], [ 9.6305822, 51.406106 ], [ 9.6311455, 51.411601399999988 ], [ 9.6435818, 51.4182607 ], [ 9.6342971, 51.42608340000001 ], [ 9.6276205, 51.4442087 ], [ 9.6301486, 51.4582092 ], [ 9.6429653, 51.4659958 ], [ 9.6433076, 51.4700381 ], [ 9.6195865, 51.4810287 ], [ 9.5970132, 51.5085512 ], [ 9.585751, 51.5173176 ], [ 9.5915467, 51.5232196 ], [ 9.6009782, 51.5210606 ], [ 9.6089173, 51.5221826 ], [ 9.6202972, 51.5325136 ], [ 9.6219501, 51.5418669 ], [ 9.6143232, 51.5477031 ], [ 9.6093103, 51.556905399999984 ], [ 9.6129, 51.5578681 ], [ 9.6224434, 51.5486725 ], [ 9.6477554, 51.552511 ], [ 9.6450156, 51.5593559 ], [ 9.6363776, 51.558933 ], [ 9.6264944, 51.5700886 ], [ 9.6258249, 51.580205199999988 ], [ 9.6304634, 51.5838473 ], [ 9.6448773, 51.5822432 ], [ 9.6448005, 51.5801643 ], [ 9.6493852, 51.5797836 ], [ 9.6601142, 51.572707899999976 ], [ 9.6840037, 51.566532699999989 ], [ 9.690948, 51.5763151 ], [ 9.6880814, 51.580002199999988 ], [ 9.679809, 51.587961199999988 ], [ 9.672257, 51.5873692 ], [ 9.6686378, 51.591676299999989 ], [ 9.6610559, 51.59302959999998 ], [ 9.6495289, 51.6062715 ], [ 9.6378355, 51.608804799999987 ], [ 9.6366207, 51.6234158 ], [ 9.6304125, 51.6248602 ], [ 9.6322354, 51.6260018 ], [ 9.6270764, 51.6289597 ], [ 9.6316179, 51.6341664 ], [ 9.6259993, 51.636914 ], [ 9.6160812, 51.634645 ], [ 9.609645, 51.6295764 ], [ 9.5707076, 51.6247198 ], [ 9.5593588, 51.6292317 ], [ 9.5535392, 51.6373184 ], [ 9.5436309, 51.6398667 ], [ 9.5306335, 51.629269399999984 ], [ 9.5239439, 51.6263893 ], [ 9.5163302, 51.626191100000014 ], [ 9.5064754, 51.6273503 ], [ 9.4919295, 51.6347216 ], [ 9.4985766, 51.6514046 ], [ 9.4946128, 51.6573629 ], [ 9.468821, 51.6541627 ], [ 9.4532764, 51.6457488 ], [ 9.4346534, 51.651178599999987 ], [ 9.4173175, 51.6472693 ], [ 9.3863118, 51.6460184 ], [ 9.3746618, 51.6498456 ], [ 9.3793885, 51.6659267 ], [ 9.3956876, 51.6739886 ], [ 9.3945836, 51.681232599999987 ], [ 9.3869235, 51.689822199999988 ], [ 9.399251, 51.6972792 ], [ 9.4016649, 51.701656199999981 ], [ 9.3873182, 51.7193902 ], [ 9.3944155, 51.7319714 ], [ 9.3788776, 51.7380962 ], [ 9.3753652, 51.743614 ], [ 9.3837251, 51.7502339 ], [ 9.3843361, 51.757851 ], [ 9.4026967, 51.759372 ], [ 9.4095508, 51.7710411 ], [ 9.4481569, 51.7947994 ], [ 9.4363674, 51.7970154 ], [ 9.4408174, 51.8034518 ], [ 9.4309014, 51.8048833 ], [ 9.4305474, 51.8106919 ], [ 9.42733, 51.810491899999981 ], [ 9.4280537, 51.814277 ], [ 9.4405213, 51.824933 ], [ 9.4367228, 51.8278139 ], [ 9.4421785, 51.8292212 ], [ 9.4333147, 51.8406664 ], [ 9.4602848, 51.8546702 ], [ 9.4596487, 51.8627974 ], [ 9.4506656, 51.8594053 ], [ 9.4434483, 51.859613599999982 ], [ 9.4373669, 51.8562217 ], [ 9.4049024, 51.855593 ], [ 9.3928523, 51.8603582 ], [ 9.3628655, 51.864879 ], [ 9.3480735, 51.8608139 ], [ 9.3346998, 51.8536107 ], [ 9.3233437, 51.855061 ], [ 9.3357574, 51.8560515 ], [ 9.3401653, 51.8786401 ], [ 9.3443266, 51.8802011 ], [ 9.3422431, 51.8861005 ], [ 9.3451526, 51.8963399 ], [ 9.3408419, 51.9080023 ], [ 9.3321531, 51.9169567 ], [ 9.3184477, 51.9184157 ], [ 9.315183, 51.9226682 ], [ 9.303936, 51.9228889 ], [ 9.2942694, 51.9194415 ], [ 9.2890394, 51.9228095 ], [ 9.2867381, 51.921048399999989 ], [ 9.2839193, 51.92568510000001 ], [ 9.281409, 51.9275422 ], [ 9.2798818, 51.9258891 ], [ 9.272069, 51.932304200000011 ], [ 9.2751323, 51.9368553 ], [ 9.2733727, 51.9400816 ], [ 9.2786407, 51.9401268 ], [ 9.2770703, 51.9438532 ], [ 9.2630877, 51.9464336 ], [ 9.2639128, 51.948053499999986 ], [ 9.2683712, 51.9468493 ], [ 9.2717289, 51.9497359 ], [ 9.2713938, 51.955130299999986 ], [ 9.2863238, 51.9571097 ], [ 9.2846307, 51.9599803 ], [ 9.2775757, 51.9618603 ], [ 9.2743754, 51.973603599999976 ], [ 9.2684088, 51.9701684 ], [ 9.2660838, 51.9715747 ], [ 9.2699971, 51.973909299999988 ], [ 9.2577581, 51.9772098 ], [ 9.216922, 51.9736242 ], [ 9.2171234, 51.9697703 ], [ 9.2133, 51.9708716 ], [ 9.2141458, 51.968767 ], [ 9.2094271, 51.967202 ], [ 9.2112282, 51.9607661 ], [ 9.208896, 51.9598553 ], [ 9.2066339, 51.962567899999989 ], [ 9.201763, 51.9628027 ], [ 9.2027215, 51.964936399999978 ], [ 9.1986158, 51.9623455 ], [ 9.1858202, 51.9661814 ], [ 9.1878132, 51.9728159 ], [ 9.1840918, 51.977578900000012 ], [ 9.1762315, 51.9803527 ], [ 9.1746897, 51.9832594 ], [ 9.1830531, 51.9857633 ], [ 9.1837043, 51.990943499999986 ], [ 9.1967938, 51.9969171 ], [ 9.1792616, 52.0026903 ], [ 9.197353, 52.0116714 ], [ 9.1890393, 52.026277599999986 ], [ 9.176893, 52.033719099999985 ], [ 9.1733195, 52.0406143 ], [ 9.1772588, 52.0412289 ], [ 9.1721691, 52.0473706 ], [ 9.1744325, 52.0604275 ], [ 9.1794327, 52.0621293 ], [ 9.1813476, 52.0678664 ], [ 9.1932808, 52.0703113 ], [ 9.1880545, 52.0723541 ], [ 9.176087, 52.086117 ], [ 9.1546886, 52.0917921 ], [ 9.1556047, 52.097829899999986 ], [ 9.146515, 52.0999222 ], [ 9.1346483, 52.0942814 ], [ 9.1329779, 52.0966295 ], [ 9.136354, 52.0997256 ], [ 9.1358631, 52.1058374 ], [ 9.1469243, 52.109201899999981 ], [ 9.1462044, 52.1132419 ], [ 9.1558449, 52.114340399999989 ], [ 9.1593351, 52.1198402 ], [ 9.1533441, 52.1291467 ], [ 9.1447052, 52.1349104 ], [ 9.1290823, 52.1353299 ], [ 9.1297964, 52.139746099999989 ], [ 9.1160782, 52.1384455 ], [ 9.1070394, 52.1323851 ], [ 9.0991404, 52.1330214 ], [ 9.0971419, 52.1371272 ], [ 9.0940241, 52.1348955 ], [ 9.0849124, 52.13736080000001 ], [ 9.0817833, 52.1411021 ], [ 9.0678031, 52.140251599999985 ], [ 9.0716149, 52.1482588 ], [ 9.0533656, 52.1482282 ], [ 9.0542033, 52.1458094 ], [ 9.0439898, 52.141475199999988 ], [ 9.0443865, 52.1395998 ], [ 9.0362565, 52.1400762 ], [ 9.0177921, 52.1324267 ], [ 9.0110159, 52.13577 ], [ 9.0175387, 52.1477442 ], [ 9.0173098, 52.156062899999981 ], [ 9.0140211, 52.156885599999988 ], [ 9.0126693, 52.1624105 ], [ 9.0161898, 52.1692464 ], [ 9.0200537, 52.1678639 ], [ 9.0216032, 52.171999 ], [ 9.0118156, 52.1729725 ], [ 9.0124227, 52.1779078 ], [ 9.0078125, 52.1783722 ], [ 9.0084163, 52.1809166 ], [ 9.0013321, 52.183158 ], [ 9.0010465, 52.1877965 ], [ 8.9962732, 52.1856494 ], [ 8.9938363, 52.191843099999986 ], [ 8.9858336, 52.1945986 ], [ 8.9940356, 52.196137799999988 ], [ 8.9997315, 52.1908117 ], [ 9.0069907, 52.189517099999982 ], [ 9.0135896, 52.1953747 ], [ 9.0196379, 52.19217519999998 ], [ 9.0174694, 52.1891166 ], [ 9.0211112, 52.183836 ], [ 9.0453492, 52.1837734 ], [ 9.0430857, 52.1904299 ], [ 9.0485238, 52.1956597 ], [ 9.0434047, 52.2041437 ], [ 9.0458557, 52.2107855 ], [ 9.0340645, 52.2176405 ], [ 9.0357599, 52.2245251 ], [ 9.0424289, 52.2262167 ], [ 9.0469028, 52.2210265 ], [ 9.0517478, 52.220212599999989 ], [ 9.0698876, 52.2267878 ], [ 9.0766158, 52.2334372 ], [ 9.0565583, 52.2378845 ], [ 9.03297, 52.249526299999985 ], [ 9.0065084, 52.2528443 ], [ 9.0042213, 52.257492799999987 ], [ 8.9748703, 52.262555299999988 ], [ 8.9723666, 52.2646195 ], [ 8.9785773, 52.274791799999988 ], [ 8.9763043, 52.2761719 ], [ 8.9721075, 52.2734528 ], [ 8.9635367, 52.279027 ], [ 8.9787415, 52.2824484 ], [ 8.9880771, 52.287569 ], [ 8.9852799, 52.2957288 ], [ 8.9915605, 52.307097399999989 ], [ 8.9910363, 52.3147604 ], [ 8.9977724, 52.3184175 ], [ 8.9983208, 52.3262149 ], [ 9.007703, 52.3257222 ], [ 9.0095767, 52.3312147 ], [ 9.018908, 52.3309884 ], [ 9.0253055, 52.336950199999983 ], [ 9.0273572, 52.3456109 ], [ 9.0579248, 52.3395774 ], [ 9.0591751, 52.3468606 ], [ 9.0725412, 52.3482526 ], [ 9.0775428, 52.3540599 ], [ 9.0836604, 52.3547889 ], [ 9.0889266, 52.3662837 ], [ 9.0987994, 52.3729477 ], [ 9.1007211, 52.3806248 ], [ 9.0964984, 52.3816741 ], [ 9.0991337, 52.382475899999989 ], [ 9.0954615, 52.386662 ], [ 9.1020759, 52.3884219 ], [ 9.112374, 52.3976604 ], [ 9.117432, 52.397147499999988 ], [ 9.1215958, 52.4016623 ], [ 9.1252524, 52.411993399999986 ], [ 9.1237667, 52.4215477 ], [ 9.1098093, 52.4218729 ], [ 9.1052154, 52.4273879 ], [ 9.1124149, 52.4275427 ], [ 9.1105232, 52.4354272 ], [ 9.09453, 52.4428239 ], [ 9.1029231, 52.4569264 ], [ 9.1256181, 52.4682959 ], [ 9.123289, 52.474610399999982 ], [ 9.1367087, 52.4755456 ], [ 9.1319737, 52.4839827 ], [ 9.1123755, 52.4857819 ], [ 9.0994204, 52.4974779 ], [ 9.0876904, 52.4956963 ], [ 9.0713372, 52.4986448 ], [ 9.0658453, 52.4962014 ], [ 9.0522937, 52.500113799999987 ], [ 9.046403, 52.494884699999986 ], [ 9.0441715, 52.489708199999981 ], [ 9.0465349, 52.4895298 ], [ 9.0412878, 52.4874888 ], [ 9.0440764, 52.4826462 ], [ 9.0382874, 52.4799047 ], [ 9.0281, 52.4805901 ], [ 9.0229502, 52.477262 ], [ 9.0225203, 52.470185699999988 ], [ 9.0166069, 52.4673285 ], [ 9.0170382, 52.460170399999988 ], [ 9.0131492, 52.459955799999989 ], [ 9.0120891, 52.4573113 ], [ 8.9989197, 52.457563 ], [ 8.991021, 52.452651 ], [ 8.992118, 52.450608499999987 ], [ 8.9872554, 52.452032499999987 ], [ 8.9784183, 52.4507216 ], [ 8.9867271, 52.4455144 ], [ 8.9791757, 52.4362605 ], [ 8.9826264, 52.4368772 ], [ 8.9833915, 52.4333968 ], [ 8.9870562, 52.4325164 ], [ 8.9779865, 52.426996 ], [ 8.9691873, 52.427424 ], [ 8.9621925, 52.424996 ], [ 8.9579623, 52.4161613 ], [ 8.9411284, 52.4163233 ], [ 8.9460651, 52.4135268 ], [ 8.9441392, 52.4083926 ], [ 8.9352092, 52.4046426 ], [ 8.937105, 52.4019062 ], [ 8.9031047, 52.4045802 ], [ 8.9036656, 52.401912599999982 ], [ 8.8977154, 52.401584799999988 ], [ 8.896027, 52.406090299999988 ], [ 8.8924604, 52.4057094 ], [ 8.889183, 52.395981199999987 ], [ 8.8685581, 52.392663899999988 ], [ 8.8669496, 52.396252399999987 ], [ 8.8583768, 52.3937497 ], [ 8.8551011, 52.3892341 ], [ 8.786784, 52.3987065 ], [ 8.7460868, 52.387872199999983 ], [ 8.7249139, 52.4009292 ], [ 8.7152363, 52.3925688 ], [ 8.7074864, 52.39535129999998 ], [ 8.7109021, 52.4082151 ], [ 8.7053748, 52.4129421 ], [ 8.7048337, 52.418694 ], [ 8.7099126, 52.4241013 ], [ 8.7170681, 52.4251164 ], [ 8.7180807, 52.4293629 ], [ 8.7033261, 52.4431948 ], [ 8.7049739, 52.4561212 ], [ 8.7107092, 52.463698 ], [ 8.709323, 52.477035799999989 ], [ 8.698549, 52.486698299999986 ], [ 8.7030089, 52.5004381 ], [ 8.6987534, 52.5016402 ], [ 8.7020618, 52.5034734 ], [ 8.6986528, 52.508807399999988 ], [ 8.6885941, 52.510998499999985 ], [ 8.6841221, 52.5143947 ], [ 8.6903136, 52.5187746 ], [ 8.6714815, 52.5173947 ], [ 8.6525501, 52.5314434 ], [ 8.5568575, 52.4990957 ], [ 8.5165772, 52.5093153 ], [ 8.5088485, 52.5146934 ], [ 8.481629, 52.496976899999986 ], [ 8.4725235, 52.4988481 ], [ 8.4588611, 52.4916723 ], [ 8.459313, 52.4736333 ], [ 8.4542901, 52.461007099999989 ], [ 8.4302922, 52.4477257 ], [ 8.4253207, 52.451730499999989 ], [ 8.4177776, 52.44927 ], [ 8.4181347, 52.4444215 ], [ 8.400104, 52.4509268 ], [ 8.3863662, 52.4477777 ], [ 8.3859072, 52.4450166 ], [ 8.3596873, 52.444031099999989 ], [ 8.3479367, 52.4522908 ], [ 8.334304, 52.4541122 ], [ 8.326131, 52.451670599999986 ], [ 8.3113741, 52.4589516 ], [ 8.3069203, 52.4560544 ], [ 8.3034328, 52.4590048 ], [ 8.2972137, 52.456497899999988 ], [ 8.3083127, 52.4447255 ], [ 8.3039925, 52.4343091 ], [ 8.3094635, 52.4374319 ], [ 8.3121982, 52.4363467 ], [ 8.31336, 52.4317807 ], [ 8.3220372, 52.426162 ], [ 8.3158821, 52.4125234 ], [ 8.3229027, 52.410729599999989 ], [ 8.3140375, 52.4078447 ], [ 8.3140387, 52.405728200000013 ], [ 8.3228576, 52.400723899999988 ], [ 8.3430288, 52.398172099999989 ], [ 8.3629819, 52.3899458 ], [ 8.3930533, 52.384637899999987 ], [ 8.400951, 52.377446699999986 ], [ 8.4324125, 52.366455099999989 ], [ 8.4426149, 52.3590099 ], [ 8.4606485, 52.318732 ], [ 8.4721491, 52.315364099999989 ], [ 8.4649374, 52.3037436 ], [ 8.4598158, 52.3047002 ], [ 8.4579716, 52.3019967 ], [ 8.4611077, 52.298856 ], [ 8.4594069, 52.2816424 ], [ 8.4631408, 52.282119699999988 ], [ 8.4661864, 52.2676138 ], [ 8.4587966, 52.2581849 ], [ 8.4635738, 52.2566197 ], [ 8.462702, 52.252223099999988 ], [ 8.4680632, 52.2471137 ], [ 8.4598477, 52.2428014 ], [ 8.4610918, 52.2291126 ], [ 8.4527742, 52.2253045 ], [ 8.4507385, 52.2180564 ], [ 8.4423918, 52.2133068 ], [ 8.4492959, 52.2097687 ], [ 8.4601883, 52.1959546 ], [ 8.5078896, 52.1883548 ], [ 8.5174373, 52.1849504 ], [ 8.5056033, 52.1793822 ], [ 8.4930952, 52.1668011 ], [ 8.4853957, 52.1658798 ], [ 8.4815372, 52.1598852 ], [ 8.4620921, 52.1531038 ], [ 8.4535338, 52.155387 ], [ 8.4151592, 52.1394434 ], [ 8.404652, 52.1299571 ], [ 8.403805, 52.1242555 ], [ 8.4106275, 52.1157734 ], [ 8.4049371, 52.111488900000012 ], [ 8.3881161, 52.1080251 ], [ 8.3732282, 52.1098125 ], [ 8.3637056, 52.1183529 ], [ 8.3577173, 52.1177481 ], [ 8.3428138, 52.1237218 ], [ 8.34122, 52.1224207 ], [ 8.3239183, 52.125922 ], [ 8.3141377, 52.122288 ], [ 8.3150965, 52.119687 ], [ 8.3112153, 52.118329099999983 ], [ 8.2982953, 52.1206921 ], [ 8.2985487, 52.12269449999998 ], [ 8.2923609, 52.1251719 ], [ 8.2852501, 52.1254878 ], [ 8.2871495, 52.1351718 ], [ 8.2734325, 52.130723599999982 ], [ 8.2667319, 52.132281199999987 ], [ 8.2625391, 52.1203785 ], [ 8.2458962, 52.1213973 ], [ 8.2361284, 52.1123847 ], [ 8.2252256, 52.1085869 ], [ 8.219371, 52.102086 ], [ 8.2089139, 52.096774299999986 ], [ 8.1924945, 52.0726193 ], [ 8.1789656, 52.0718799 ], [ 8.1764389, 52.0735945 ], [ 8.1723217, 52.0718674 ], [ 8.1686683, 52.0744688 ], [ 8.1644339, 52.073431 ], [ 8.1515267, 52.0763644 ], [ 8.1314014, 52.072008199999985 ], [ 8.1290829, 52.068747899999984 ], [ 8.0964482, 52.0571452 ], [ 8.0923985, 52.0634247 ], [ 8.0870083, 52.0645302 ], [ 8.0698986, 52.0651808 ], [ 8.0667031, 52.068121399999988 ], [ 8.0564344, 52.0675242 ], [ 8.0555479, 52.0641915 ], [ 8.0424599, 52.0630526 ], [ 8.0358564, 52.063938599999986 ], [ 8.0327485, 52.0684409 ], [ 8.019258, 52.0622991 ], [ 8.0190981, 52.058606399999988 ], [ 7.9937171, 52.0496361 ], [ 7.9811017, 52.03551 ], [ 7.9169213, 52.0516372 ], [ 7.9207049, 52.0579971 ], [ 7.9118071, 52.0622902 ], [ 7.8887359, 52.0834878 ], [ 7.8851634, 52.0835348 ], [ 7.9017434, 52.0920302 ], [ 7.9460575, 52.1008884 ], [ 7.9580745, 52.1052399 ], [ 7.9717692, 52.115983 ], [ 8.0077961, 52.1153331 ], [ 8.0028067, 52.1376651 ], [ 8.0035049, 52.149658199999983 ], [ 7.9977762, 52.1503393 ], [ 8.000626, 52.1533059 ], [ 7.9973861, 52.15448 ], [ 8.0031467, 52.154555500000015 ], [ 8.0020467, 52.1599575 ], [ 8.0125051, 52.1591784 ], [ 8.0118193, 52.161801 ], [ 8.0174571, 52.159065399999989 ], [ 8.023015, 52.160179699999986 ], [ 8.0251886, 52.1635095 ], [ 8.0151619, 52.1686112 ], [ 8.016978, 52.172050699999978 ], [ 8.0059118, 52.1760411 ], [ 7.9860677, 52.1743655 ], [ 7.9743333, 52.171130299999987 ], [ 7.957452, 52.1779434 ], [ 7.9339868, 52.1769219 ], [ 7.928353, 52.181255699999987 ], [ 7.9151754, 52.1861375 ], [ 7.9129486, 52.1851353 ], [ 7.914246, 52.1878751 ], [ 7.9081091, 52.189863399999986 ], [ 7.9088526, 52.1950274 ], [ 7.9029933, 52.1988693 ], [ 7.9063425, 52.2025239 ], [ 7.8998402, 52.2068286 ], [ 7.9063615, 52.2080591 ], [ 7.9057516, 52.2140847 ], [ 7.9095139, 52.2141393 ], [ 7.9127865, 52.217369 ], [ 7.9145777, 52.222933499999989 ], [ 7.9198213, 52.221696699999988 ], [ 7.9265512, 52.2265124 ], [ 7.9286293, 52.2412263 ], [ 7.923071, 52.252815199999986 ], [ 7.9256237, 52.2628145 ], [ 7.9302145, 52.2653879 ], [ 7.945735, 52.2653106 ], [ 7.956465, 52.2724906 ], [ 7.9350016, 52.2861799 ], [ 7.9307616, 52.2864221 ], [ 7.9317901, 52.3018461 ], [ 7.9495742, 52.305875099999987 ], [ 7.9872404, 52.3035837 ], [ 7.990608, 52.3095396 ], [ 7.9780101, 52.312703899999988 ], [ 7.966584, 52.3234599 ], [ 7.9592975, 52.3262865 ], [ 7.9556681, 52.331923900000014 ], [ 7.9485636, 52.3351276 ], [ 7.9500141, 52.3452898 ], [ 7.9534971, 52.347221 ], [ 7.9477819, 52.3500996 ], [ 7.94201, 52.3475687 ], [ 7.9439243, 52.355589 ], [ 7.93667, 52.3649773 ], [ 7.9216822, 52.36561769999998 ], [ 7.8917704, 52.380513 ], [ 7.8902795, 52.3785818 ], [ 7.8705122, 52.3774987 ], [ 7.8430358, 52.3690276 ], [ 7.8070888, 52.371427 ], [ 7.7254508, 52.3998945 ], [ 7.7138251, 52.4010024 ], [ 7.7023422, 52.434370099999988 ], [ 7.683546, 52.4565654 ], [ 7.6674309, 52.45607 ], [ 7.6677061, 52.4584794 ], [ 7.6565468, 52.4599761 ], [ 7.6558272, 52.4624736 ], [ 7.6471285, 52.46305109999998 ], [ 7.6042305, 52.4750903 ], [ 7.5830344, 52.4548632 ], [ 7.5709655, 52.4323305 ], [ 7.564311, 52.4323122 ], [ 7.6027195, 52.421030699999989 ], [ 7.6011625, 52.4138624 ], [ 7.5827616, 52.403665899999979 ], [ 7.5835835, 52.395539 ], [ 7.5713224, 52.3812351 ], [ 7.5805048, 52.379352499999989 ], [ 7.5821042, 52.3764039 ], [ 7.5750971, 52.3758524 ], [ 7.5704437, 52.378596599999987 ], [ 7.5600859, 52.3721519 ], [ 7.5652363, 52.3726263 ], [ 7.5639645, 52.370652 ], [ 7.5542375, 52.3687562 ], [ 7.5498885, 52.3704252 ], [ 7.5430569, 52.3679775 ], [ 7.5393626, 52.3704525 ], [ 7.5299229, 52.369876399999988 ], [ 7.5114729, 52.361326899999987 ], [ 7.5047274, 52.3608437 ], [ 7.4794051, 52.3476395 ], [ 7.4377765, 52.3333565 ], [ 7.4268231, 52.3181699 ], [ 7.4272243, 52.3140125 ], [ 7.4160108, 52.3119693 ], [ 7.4038718, 52.3129347 ], [ 7.3969638, 52.3061849 ], [ 7.3864803, 52.3093042 ], [ 7.3707526, 52.3002374 ], [ 7.3615545, 52.2883124 ], [ 7.3455949, 52.282690099999982 ], [ 7.3174811, 52.280272200000013 ], [ 7.2978898, 52.2639751 ] ], [ [ 8.5816799, 53.1735938 ], [ 8.6116849, 53.170329199999983 ], [ 8.6194653, 53.1675208 ], [ 8.6236028, 53.163212299999984 ], [ 8.6310666, 53.1381756 ], [ 8.6515982, 53.1220508 ], [ 8.6519669, 53.1164454 ], [ 8.6576805, 53.118491899999981 ], [ 8.6548986, 53.108864599999983 ], [ 8.6698311, 53.1029747 ], [ 8.6649191, 53.0946271 ], [ 8.6664943, 53.0915588 ], [ 8.674082, 53.086692 ], [ 8.7007627, 53.0822943 ], [ 8.7091548, 53.07590829999998 ], [ 8.7068616, 53.0525915 ], [ 8.7098011, 53.0460182 ], [ 8.7314917, 53.034932499999989 ], [ 8.7348576, 53.0346935 ], [ 8.7337549, 53.0372853 ], [ 8.7427616, 53.040734 ], [ 8.7562707, 53.038780499999987 ], [ 8.7547372, 53.0428413 ], [ 8.7631537, 53.0462699 ], [ 8.7622247, 53.050831699999989 ], [ 8.7707048, 53.053407 ], [ 8.7726994, 53.0451176 ], [ 8.7782977, 53.0396667 ], [ 8.8094842, 53.0309041 ], [ 8.8220054, 53.021266799999985 ], [ 8.8310919, 53.0211397 ], [ 8.8380983, 53.018420899999988 ], [ 8.8498406, 53.0233712 ], [ 8.8475352, 53.017677 ], [ 8.8507924, 53.0166078 ], [ 8.8540257, 53.0207771 ], [ 8.8667561, 53.0221172 ], [ 8.8686065, 53.0249205 ], [ 8.8618671, 53.0361779 ], [ 8.8633784, 53.0404963 ], [ 8.8670062, 53.0408326 ], [ 8.867235, 53.033003799999989 ], [ 8.88458, 53.0232539 ], [ 8.8911572, 53.015389899999988 ], [ 8.915827, 53.0110214 ], [ 8.9177343, 53.0131412 ], [ 8.9214754, 53.0123355 ], [ 8.921862, 53.014876199999989 ], [ 8.9288662, 53.012871599999983 ], [ 8.9359155, 53.013667 ], [ 8.9381304, 53.0249856 ], [ 8.9459351, 53.0248392 ], [ 8.9456855, 53.030484 ], [ 8.9667859, 53.036849599999982 ], [ 8.9802671, 53.0467471 ], [ 8.9697799, 53.0568482 ], [ 8.9637289, 53.0574262 ], [ 8.9626761, 53.061146699999988 ], [ 8.9677141, 53.0635644 ], [ 8.9635773, 53.071740899999988 ], [ 8.9657354, 53.0827015 ], [ 8.9613772, 53.0852181 ], [ 8.9656765, 53.0900016 ], [ 8.9909132, 53.0966728 ], [ 8.988372, 53.098475499999985 ], [ 8.9815238, 53.0964935 ], [ 8.9794573, 53.099255 ], [ 8.9704741, 53.1015704 ], [ 8.962989, 53.100298599999988 ], [ 8.9593887, 53.110170499999988 ], [ 8.9470178, 53.1161008 ], [ 8.9841853, 53.126070899999981 ], [ 8.9802144, 53.131578 ], [ 8.9707101, 53.1340758 ], [ 8.9566311, 53.1472413 ], [ 8.9450829, 53.152013 ], [ 8.9367672, 53.1511697 ], [ 8.9209075, 53.1446544 ], [ 8.9210262, 53.1396569 ], [ 8.9121433, 53.1326188 ], [ 8.9039297, 53.138176199999982 ], [ 8.8979148, 53.1341684 ], [ 8.8640232, 53.131723499999985 ], [ 8.861771, 53.1376365 ], [ 8.8418555, 53.148233699999984 ], [ 8.8398267, 53.1574177 ], [ 8.8354318, 53.1569443 ], [ 8.8272217, 53.161238 ], [ 8.8292273, 53.1643763 ], [ 8.8188293, 53.1624176 ], [ 8.8150911, 53.1639396 ], [ 8.8073627, 53.1606501 ], [ 8.804109, 53.1624032 ], [ 8.7989308, 53.161288399999989 ], [ 8.7971418, 53.1638439 ], [ 8.7947503, 53.1618505 ], [ 8.791497, 53.1635764 ], [ 8.789137, 53.1607741 ], [ 8.7824594, 53.1636117 ], [ 8.7762557, 53.1615643 ], [ 8.7753957, 53.158684 ], [ 8.7617386, 53.1651352 ], [ 8.7412464, 53.1646355 ], [ 8.7430819, 53.1722775 ], [ 8.7392972, 53.1707485 ], [ 8.7335551, 53.1728956 ], [ 8.7286523, 53.1802245 ], [ 8.7143965, 53.1830024 ], [ 8.7062926, 53.1754211 ], [ 8.7011961, 53.178196599999985 ], [ 8.6993577, 53.1854794 ], [ 8.6770174, 53.175501 ], [ 8.6747061, 53.1789192 ], [ 8.6638284, 53.176243799999988 ], [ 8.6590296, 53.1772817 ], [ 8.6523389, 53.1883932 ], [ 8.6436664, 53.189224 ], [ 8.627994, 53.198372399999982 ], [ 8.6090108, 53.1920114 ], [ 8.6068917, 53.187662699999983 ], [ 8.5932514, 53.1836337 ], [ 8.5889622, 53.1899826 ], [ 8.5803521, 53.1900277 ], [ 8.5800976, 53.1931258 ], [ 8.5846535, 53.1960905 ], [ 8.5810977, 53.1987072 ], [ 8.5958128, 53.2064359 ], [ 8.5990391, 53.2125462 ], [ 8.5784779, 53.2172695 ], [ 8.5722818, 53.2107691 ], [ 8.5664054, 53.2135598 ], [ 8.5536989, 53.207805799999988 ], [ 8.5407822, 53.2153775 ], [ 8.5302347, 53.21608950000001 ], [ 8.5173338, 53.2284965 ], [ 8.4817351, 53.2264495 ], [ 8.5047119, 53.2007861 ], [ 8.5117163, 53.197213399999988 ], [ 8.5153263, 53.1979793 ], [ 8.5332685, 53.1873469 ], [ 8.5816799, 53.1735938 ] ], [ [ 8.611903, 53.1974423 ], [ 8.6163977, 53.197026 ], [ 8.6130379, 53.1985658 ], [ 8.611903, 53.1974423 ] ], [ [ 8.6608843, 53.6070864 ], [ 8.653535, 53.6100508 ], [ 8.642628, 53.6092133 ], [ 8.6437692, 53.6054734 ], [ 8.6525216, 53.6047057 ], [ 8.6536418, 53.602870899999985 ], [ 8.6577171, 53.6029856 ], [ 8.6608843, 53.6070864 ] ] ], [ [ [ 6.8183124, 53.6022858 ], [ 6.8161581, 53.6000122 ], [ 6.8056252, 53.598348799999989 ], [ 6.7546295, 53.5962429 ], [ 6.7425711, 53.5922106 ], [ 6.7355694, 53.587093499999988 ], [ 6.7181101, 53.5840365 ], [ 6.7166621, 53.582278199999983 ], [ 6.7271904, 53.5812672 ], [ 6.732858, 53.575846 ], [ 6.7385719, 53.5754489 ], [ 6.7410123, 53.5710702 ], [ 6.7580174, 53.5667257 ], [ 6.756644, 53.5612802 ], [ 6.7522731, 53.5590908 ], [ 6.7529723, 53.5629134 ], [ 6.7487759, 53.5632088 ], [ 6.7489847, 53.5578101 ], [ 6.7433762, 53.55727719999998 ], [ 6.7419874, 53.5601444 ], [ 6.7410849, 53.556956 ], [ 6.7406373, 53.559800099999983 ], [ 6.744106, 53.5615351 ], [ 6.7408868, 53.5668444 ], [ 6.7309105, 53.5700334 ], [ 6.708345, 53.5693704 ], [ 6.7075487, 53.5670921 ], [ 6.7253539, 53.5553322 ], [ 6.7178309, 53.5570966 ], [ 6.7054303, 53.5658719 ], [ 6.6973676, 53.5654018 ], [ 6.6646209, 53.577925 ], [ 6.6569737, 53.5836484 ], [ 6.6539682, 53.5984843 ], [ 6.6435978, 53.5951432 ], [ 6.6426773, 53.5910857 ], [ 6.6392551, 53.5933734 ], [ 6.6474668, 53.6046809 ], [ 6.6537556, 53.6074479 ], [ 6.7305035, 53.6133626 ], [ 6.7545374, 53.617432 ], [ 6.7739027, 53.6156551 ], [ 6.8183124, 53.6022858 ] ] ], [ [ [ 7.0859701, 53.6806011 ], [ 7.0425173, 53.678243799999976 ], [ 7.018152, 53.6757803 ], [ 7.016867, 53.6740062 ], [ 6.9959116, 53.6742859 ], [ 6.9959777, 53.6702385 ], [ 6.9897732, 53.674456 ], [ 6.9757494, 53.6693476 ], [ 6.970748, 53.6721587 ], [ 6.9636204, 53.671701399999989 ], [ 6.9184317, 53.665916399999986 ], [ 6.8911506, 53.6646838 ], [ 6.8603266, 53.659561 ], [ 6.8535925, 53.663317199999987 ], [ 6.8570204, 53.6671884 ], [ 6.8633304, 53.668802099999986 ], [ 7.0592997, 53.6887299 ], [ 7.0941904, 53.6879814 ], [ 7.1045824, 53.6842689 ], [ 7.0968154, 53.677102 ], [ 7.0963822, 53.6792392 ], [ 7.0859701, 53.6806011 ] ] ], [ [ [ 7.3472217, 53.7166598 ], [ 7.340804, 53.7182013 ], [ 7.3253269, 53.7125955 ], [ 7.2970694, 53.7085559 ], [ 7.2887644, 53.711538799999985 ], [ 7.2949326, 53.7080278 ], [ 7.2702383, 53.7036903 ], [ 7.2154625, 53.7035902 ], [ 7.2087664, 53.7065994 ], [ 7.2023451, 53.7051785 ], [ 7.1953835, 53.6991472 ], [ 7.1778016, 53.7013331 ], [ 7.1775601, 53.703952 ], [ 7.1703558, 53.7078528 ], [ 7.1650984, 53.7063471 ], [ 7.1694516, 53.7012061 ], [ 7.1636299, 53.6999311 ], [ 7.1639409, 53.7016449 ], [ 7.1675011, 53.7013472 ], [ 7.1666483, 53.7041705 ], [ 7.1617217, 53.7017349 ], [ 7.1646081, 53.6975532 ], [ 7.1527558, 53.6968767 ], [ 7.142038, 53.7006078 ], [ 7.1372961, 53.7069755 ], [ 7.1482085, 53.7126731 ], [ 7.1904204, 53.7230559 ], [ 7.2345138, 53.7224251 ], [ 7.3321815, 53.726782799999988 ], [ 7.3459874, 53.724912099999983 ], [ 7.3472217, 53.7166598 ] ] ], [ [ [ 7.4265996, 53.7202816 ], [ 7.3900828, 53.720193099999989 ], [ 7.3672608, 53.723579699999988 ], [ 7.3634344, 53.7222961 ], [ 7.3594723, 53.7269074 ], [ 7.3825534, 53.7349315 ], [ 7.4008215, 53.7354761 ], [ 7.4339356, 53.7313613 ], [ 7.4354047, 53.7284596 ], [ 7.4265996, 53.7202816 ] ] ], [ [ [ 7.5036496, 53.7309819 ], [ 7.4930685, 53.7226843 ], [ 7.4838541, 53.725841399999986 ], [ 7.4783928, 53.7218265 ], [ 7.4703311, 53.7215375 ], [ 7.4605452, 53.72480059999998 ], [ 7.4692566, 53.746109300000015 ], [ 7.4757596, 53.7524537 ], [ 7.4838207, 53.7554573 ], [ 7.5724379, 53.7593176 ], [ 7.6232168, 53.7577362 ], [ 7.6426931, 53.7543499 ], [ 7.6255489, 53.7471543 ], [ 7.5690785, 53.748093 ], [ 7.5388702, 53.7431644 ], [ 7.5116342, 53.743260199999987 ], [ 7.5020059, 53.7344632 ], [ 7.5036496, 53.7309819 ] ] ], [ [ [ 7.7205747, 53.7822543 ], [ 7.8132768, 53.781006599999984 ], [ 7.821499, 53.779159899999982 ], [ 7.795162, 53.7692502 ], [ 7.7401369, 53.760686299999989 ], [ 7.7072205, 53.763172699999984 ], [ 7.6982078, 53.7620742 ], [ 7.6959237, 53.7656086 ], [ 7.6827194, 53.7509287 ], [ 7.6694714, 53.7544033 ], [ 7.6657576, 53.7601532 ], [ 7.6693123, 53.767013299999988 ], [ 7.6900718, 53.778808 ], [ 7.7205747, 53.7822543 ] ] ], [ [ [ 7.8984451, 53.7945054 ], [ 7.9565567, 53.7865884 ], [ 7.9745082, 53.7815615 ], [ 7.9774019, 53.7771004 ], [ 7.9728309, 53.774494 ], [ 7.9748603, 53.7802106 ], [ 7.9691991, 53.7798723 ], [ 7.9719556, 53.7766044 ], [ 7.9696973, 53.7760111 ], [ 7.9452646, 53.782392099999988 ], [ 7.9350193, 53.779860199999987 ], [ 7.9133241, 53.7804735 ], [ 7.8755576, 53.7885765 ], [ 7.8697681, 53.7839866 ], [ 7.8703657, 53.7760597 ], [ 7.8654912, 53.7721871 ], [ 7.8581383, 53.78125450000001 ], [ 7.8462746, 53.786976199999984 ], [ 7.8534101, 53.791142 ], [ 7.866021, 53.794126 ], [ 7.8984451, 53.7945054 ] ] ], [ [ [ 9.610602, 53.5843577 ], [ 9.5865883, 53.5911609 ], [ 9.5721657, 53.602097799999989 ], [ 9.5901659, 53.5956174 ], [ 9.610602, 53.5843577 ] ] ], [ [ [ 9.521886, 53.6712897 ], [ 9.5263755, 53.66353609999998 ], [ 9.5197474, 53.6743199 ], [ 9.521886, 53.6712897 ] ] ], [ [ [ 9.4769993, 53.7053362 ], [ 9.4788999, 53.6977443 ], [ 9.470903, 53.698795499999981 ], [ 9.4419747, 53.7187596 ], [ 9.4493978, 53.7189202 ], [ 9.465145, 53.713366099999988 ], [ 9.4769993, 53.7053362 ] ] ], [ [ [ 9.7735774, 53.5500608 ], [ 9.7731173, 53.5506859 ], [ 9.7737353, 53.550903299999987 ], [ 9.7735774, 53.5500608 ] ] ], [ [ [ 9.6632411, 53.5642074 ], [ 9.7369816, 53.5562546 ], [ 9.7743888, 53.5543231 ], [ 9.7599158, 53.551155599999987 ], [ 9.7437685, 53.5530073 ], [ 9.7386067, 53.5556625 ], [ 9.6994218, 53.5585509 ], [ 9.6943579, 53.560279799999989 ], [ 9.6774549, 53.5565284 ], [ 9.6632411, 53.5642074 ] ] ] ] } },
{ "type": "Feature", "properties": { "LAN": "Nordrhein-Westfalen" }, "geometry": { "type": "MultiPolygon", "coordinates": [ [ [ [ 6.3850058, 50.3841867 ], [ 6.3918689, 50.3798454 ], [ 6.3890034, 50.3716865 ], [ 6.3972999, 50.3676847 ], [ 6.3954522, 50.361418699999987 ], [ 6.4059773, 50.363822 ], [ 6.3971812, 50.3579119 ], [ 6.404667, 50.3505802 ], [ 6.4046461, 50.3438592 ], [ 6.414995, 50.332660499999982 ], [ 6.4240619, 50.3338268 ], [ 6.42223, 50.330598699999989 ], [ 6.4252948, 50.323012 ], [ 6.4151821, 50.3245447 ], [ 6.4050283, 50.3233087 ], [ 6.4078701, 50.335134 ], [ 6.4005289, 50.3381071 ], [ 6.398321, 50.3456609 ], [ 6.373381, 50.3581674 ], [ 6.3680752, 50.35811180000001 ], [ 6.3694303, 50.3611254 ], [ 6.3606035, 50.3714504 ], [ 6.3422187, 50.3800055 ], [ 6.3568519, 50.3911412 ], [ 6.3575843, 50.3957816 ], [ 6.3698771, 50.4089307 ], [ 6.3667058, 50.419162199999988 ], [ 6.3760276, 50.4316988 ], [ 6.3776234, 50.439389 ], [ 6.3718239, 50.4555824 ], [ 6.3628528, 50.453908299999988 ], [ 6.3501372, 50.456911 ], [ 6.3402317, 50.4625913 ], [ 6.3438365, 50.468750499999985 ], [ 6.3374864, 50.4747483 ], [ 6.3411245, 50.4776736 ], [ 6.3416217, 50.4835313 ], [ 6.351259, 50.488267799999988 ], [ 6.3348188, 50.489035 ], [ 6.3322851, 50.4922688 ], [ 6.3228705, 50.493919299999988 ], [ 6.3090754, 50.5014118 ], [ 6.2975039, 50.4976123 ], [ 6.2850053, 50.4989652 ], [ 6.2815147, 50.5032084 ], [ 6.274785, 50.502303799999979 ], [ 6.2699413, 50.504511799999989 ], [ 6.2618166, 50.4988478 ], [ 6.2546056, 50.4994168 ], [ 6.2517319, 50.5034838 ], [ 6.2413693, 50.498991 ], [ 6.2307115, 50.4974788 ], [ 6.2266317, 50.494368699999988 ], [ 6.2200427, 50.498723 ], [ 6.2225585, 50.5015023 ], [ 6.2091117, 50.5147017 ], [ 6.2125826, 50.515566699999987 ], [ 6.2071515, 50.5189176 ], [ 6.20716, 50.5242728 ], [ 6.1969954, 50.531031899999988 ], [ 6.2004288, 50.5405873 ], [ 6.2081586, 50.5459341 ], [ 6.2119506, 50.553768 ], [ 6.2166866, 50.5554108 ], [ 6.2257945, 50.5544617 ], [ 6.2285508, 50.5615542 ], [ 6.2367606, 50.56625279999998 ], [ 6.2411592, 50.587100399999983 ], [ 6.2496046, 50.598227 ], [ 6.247746, 50.603709 ], [ 6.2599662, 50.6098198 ], [ 6.269077, 50.6191667 ], [ 6.2693996, 50.6254602 ], [ 6.2739827, 50.6282056 ], [ 6.2668954, 50.6415279 ], [ 6.2620999, 50.6438994 ], [ 6.2464115, 50.641511799999982 ], [ 6.2315052, 50.6499826 ], [ 6.2264567, 50.6487708 ], [ 6.2243217, 50.643327199999987 ], [ 6.2197332, 50.6412096 ], [ 6.1876624, 50.6411101 ], [ 6.1839743, 50.647111599999981 ], [ 6.197131, 50.65673730000001 ], [ 6.1955386, 50.6629311 ], [ 6.1880226, 50.6651453 ], [ 6.1652811, 50.6627898 ], [ 6.1624323, 50.67137649999998 ], [ 6.1436426, 50.681662199999984 ], [ 6.143717, 50.6888737 ], [ 6.1232426, 50.7070993 ], [ 6.1247656, 50.7110615 ], [ 6.1152939, 50.722114 ], [ 6.1002541, 50.723339399999986 ], [ 6.0948357, 50.72023 ], [ 6.0915961, 50.722854 ], [ 6.073189, 50.7209523 ], [ 6.0445632, 50.7283602 ], [ 6.041528, 50.718681799999985 ], [ 6.0390296, 50.7183781 ], [ 6.0331514, 50.730985 ], [ 6.0397913, 50.737561 ], [ 6.0404809, 50.7455126 ], [ 6.0213943, 50.753113799999987 ], [ 6.0183237, 50.7631722 ], [ 6.0277987, 50.7737336 ], [ 6.0019431, 50.7841446 ], [ 5.988653, 50.7938005 ], [ 5.9748614, 50.797973 ], [ 5.9758048, 50.8024059 ], [ 5.984027, 50.8100855 ], [ 6.0034843, 50.8013137 ], [ 6.0250506, 50.8141645 ], [ 6.0221469, 50.8168378 ], [ 6.0262734, 50.8199447 ], [ 6.0227806, 50.8265165 ], [ 6.0249908, 50.8276565 ], [ 6.0188021, 50.8292564 ], [ 6.0165278, 50.8338018 ], [ 6.018875, 50.8462744 ], [ 6.0420666, 50.8512619 ], [ 6.05484, 50.8573535 ], [ 6.0567641, 50.8510665 ], [ 6.0739802, 50.8467803 ], [ 6.0772944, 50.8607339 ], [ 6.0881898, 50.872433799999989 ], [ 6.0861866, 50.879665599999989 ], [ 6.0791112, 50.882813099999986 ], [ 6.075313, 50.8934004 ], [ 6.0809804, 50.9086674 ], [ 6.0939248, 50.9213255 ], [ 6.0889981, 50.9186958 ], [ 6.0717368, 50.923148499999989 ], [ 6.0681266, 50.9206589 ], [ 6.0566618, 50.9217723 ], [ 6.0538885, 50.9222882 ], [ 6.0560046, 50.9271449 ], [ 6.0508681, 50.9299952 ], [ 6.0456433, 50.928031 ], [ 6.0181602, 50.9344368 ], [ 6.0167991, 50.9525118 ], [ 6.005264, 50.9568364 ], [ 6.0155694, 50.962722599999985 ], [ 6.026435, 50.983274 ], [ 5.9808458, 50.9831101 ], [ 5.9682038, 50.97947 ], [ 5.9572331, 50.984987 ], [ 5.9551593, 50.988406 ], [ 5.9336411, 50.9852624 ], [ 5.9185977, 50.9777415 ], [ 5.8971981, 50.9748454 ], [ 5.8926684, 50.9803475 ], [ 5.9038128, 50.9874955 ], [ 5.9055181, 51.002159699999986 ], [ 5.8957388, 51.004359 ], [ 5.8958497, 51.011007499999984 ], [ 5.8843252, 51.0133595 ], [ 5.8791508, 51.0175534 ], [ 5.8745944, 51.0293202 ], [ 5.8780255, 51.0375449 ], [ 5.8670966, 51.0466791 ], [ 5.8667554, 51.0514314 ], [ 5.8923451, 51.0532282 ], [ 5.9131705, 51.0667311 ], [ 5.918959, 51.0637818 ], [ 5.9263947, 51.0479913 ], [ 5.9381147, 51.0351407 ], [ 5.9464073, 51.0369798 ], [ 5.9578877, 51.03471 ], [ 5.9578969, 51.040982 ], [ 5.9689714, 51.0466532 ], [ 5.9698473, 51.060605899999985 ], [ 5.9813839, 51.0692471 ], [ 5.9802879, 51.072329 ], [ 5.9885236, 51.074689299999989 ], [ 5.9977872, 51.0842593 ], [ 6.0176552, 51.0945408 ], [ 6.0206178, 51.0928898 ], [ 6.0374687, 51.0970349 ], [ 6.0564913, 51.109623 ], [ 6.0603055, 51.115931899999985 ], [ 6.0757545, 51.1191602 ], [ 6.0804465, 51.1222055 ], [ 6.0808435, 51.126141399999987 ], [ 6.0835046, 51.1239257 ], [ 6.0870613, 51.124628099999988 ], [ 6.0844096, 51.125997 ], [ 6.0886442, 51.1278877 ], [ 6.0869362, 51.129307299999979 ], [ 6.0918683, 51.134974 ], [ 6.1159283, 51.1390704 ], [ 6.1259508, 51.1451225 ], [ 6.1475996, 51.1486394 ], [ 6.1634066, 51.148841399999988 ], [ 6.1627348, 51.1527911 ], [ 6.1754153, 51.1584798 ], [ 6.1388113, 51.173333099999986 ], [ 6.1806989, 51.1864255 ], [ 6.1650183, 51.1943606 ], [ 6.1221892, 51.181181699999989 ], [ 6.1000932, 51.1699706 ], [ 6.0823063, 51.171638400000013 ], [ 6.0733379, 51.1829667 ], [ 6.0679742, 51.2205141 ], [ 6.0857758, 51.2226054 ], [ 6.0726569, 51.2425873 ], [ 6.0850436, 51.2474044 ], [ 6.1244808, 51.2745849 ], [ 6.1298273, 51.2865703 ], [ 6.1540802, 51.307372799999989 ], [ 6.1592941, 51.3194807 ], [ 6.1692861, 51.3296109 ], [ 6.1686226, 51.3329492 ], [ 6.1930707, 51.3347319 ], [ 6.18984, 51.339349899999988 ], [ 6.2261299, 51.3605176 ], [ 6.2144163, 51.3896294 ], [ 6.2263789, 51.399656899999982 ], [ 6.2110827, 51.400905799999983 ], [ 6.2052198, 51.399518299999983 ], [ 6.2148708, 51.4343754 ], [ 6.2139334, 51.4463358 ], [ 6.2205211, 51.4468906 ], [ 6.2231715, 51.468932 ], [ 6.2233957, 51.474942299999988 ], [ 6.2130195, 51.491101099999987 ], [ 6.2120847, 51.5133784 ], [ 6.1992816, 51.527981200000013 ], [ 6.1770484, 51.5386754 ], [ 6.1570223, 51.5666783 ], [ 6.1305973, 51.5810725 ], [ 6.1212802, 51.592780199999986 ], [ 6.0912353, 51.6059093 ], [ 6.0939836, 51.6221325 ], [ 6.0972441, 51.620895 ], [ 6.1000363, 51.6241229 ], [ 6.1113645, 51.645007199999988 ], [ 6.1094801, 51.6468297 ], [ 6.1171059, 51.6508441 ], [ 6.1182402, 51.6560862 ], [ 6.1031802, 51.660313099999989 ], [ 6.0996462, 51.658113399999984 ], [ 6.0880391, 51.659809 ], [ 6.0850774, 51.662881599999977 ], [ 6.0798235, 51.6615047 ], [ 6.0756146, 51.664888 ], [ 6.0724858, 51.663829 ], [ 6.0368675, 51.6728302 ], [ 6.0307226, 51.6771132 ], [ 6.0324822, 51.6840204 ], [ 6.0281609, 51.6896309 ], [ 6.0317711, 51.692729100000015 ], [ 6.0263956, 51.7092781 ], [ 6.031368, 51.7129484 ], [ 6.0420431, 51.7133037 ], [ 6.0449853, 51.7169795 ], [ 6.0379387, 51.7199449 ], [ 6.035431, 51.717716 ], [ 6.0348484, 51.721494199999988 ], [ 6.0290839, 51.725679199999988 ], [ 5.9924631, 51.7385849 ], [ 5.9551234, 51.738065299999988 ], [ 5.9520217, 51.749099099999988 ], [ 5.9905293, 51.766244799999988 ], [ 5.99162, 51.770036499999975 ], [ 5.9823235, 51.773668899999983 ], [ 5.9834471, 51.778669099999988 ], [ 5.9905319, 51.7831877 ], [ 5.9793902, 51.7859523 ], [ 5.9745786, 51.7850459 ], [ 5.9726176, 51.7895367 ], [ 5.976715, 51.794216399999989 ], [ 5.9743752, 51.795629 ], [ 5.9781743, 51.7972318 ], [ 5.9619155, 51.8075313 ], [ 5.9481342, 51.8112927 ], [ 5.9458378, 51.815206200000013 ], [ 5.9481158, 51.8165729 ], [ 5.9527751, 51.8147556 ], [ 5.9578072, 51.817156 ], [ 5.9450296, 51.8236563 ], [ 5.9628904, 51.836791699999985 ], [ 5.9708117, 51.8333174 ], [ 5.9936817, 51.8308301 ], [ 6.0109578, 51.8354454 ], [ 6.0173532, 51.8412434 ], [ 6.0290237, 51.8450939 ], [ 6.0350096, 51.8428652 ], [ 6.0552675, 51.8523039 ], [ 6.0518082, 51.856631799999988 ], [ 6.0595236, 51.8575835 ], [ 6.0633825, 51.865443899999988 ], [ 6.0993422, 51.849485699999988 ], [ 6.136292, 51.8472083 ], [ 6.1664076, 51.8408347 ], [ 6.1636628, 51.853505799999986 ], [ 6.1668152, 51.8609697 ], [ 6.1445101, 51.8698592 ], [ 6.1373771, 51.8855851 ], [ 6.1163478, 51.8922969 ], [ 6.1033413, 51.892617 ], [ 6.1097442, 51.8949356 ], [ 6.1120151, 51.899067599999988 ], [ 6.1149455, 51.8977059 ], [ 6.1180467, 51.901669599999977 ], [ 6.1255232, 51.8983094 ], [ 6.1571745, 51.905222 ], [ 6.1654831, 51.8987781 ], [ 6.169564, 51.901341 ], [ 6.1911215, 51.8916448 ], [ 6.1913745, 51.8873507 ], [ 6.1818979, 51.8859039 ], [ 6.1852427, 51.8815021 ], [ 6.1958983, 51.8746083 ], [ 6.215439, 51.867796 ], [ 6.2340781, 51.8700983 ], [ 6.261766, 51.8681282 ], [ 6.2698224, 51.8740763 ], [ 6.2795175, 51.8740844 ], [ 6.2989362, 51.8678954 ], [ 6.3065608, 51.8492154 ], [ 6.3200814, 51.851449599999988 ], [ 6.3468118, 51.850647199999983 ], [ 6.3601713, 51.845796 ], [ 6.3629402, 51.83623009999998 ], [ 6.3700237, 51.833579 ], [ 6.3791214, 51.8349155 ], [ 6.3895431, 51.833272199999989 ], [ 6.4017525, 51.8272923 ], [ 6.4077797, 51.8280919 ], [ 6.402781, 51.8367389 ], [ 6.408143, 51.8365904 ], [ 6.4024222, 51.8445692 ], [ 6.40919, 51.8523319 ], [ 6.3880568, 51.8619524 ], [ 6.3908158, 51.8739338 ], [ 6.4022468, 51.8691636 ], [ 6.411948, 51.8709046 ], [ 6.4189541, 51.8670696 ], [ 6.427853, 51.8657306 ], [ 6.4324066, 51.8593942 ], [ 6.4510677, 51.8653142 ], [ 6.4623849, 51.8559746 ], [ 6.4725755, 51.8538085 ], [ 6.4778586, 51.856911099999976 ], [ 6.4995785, 51.8617562 ], [ 6.5011237, 51.8681294 ], [ 6.5154406, 51.8734735 ], [ 6.5245847, 51.8737086 ], [ 6.5444635, 51.8846696 ], [ 6.5495643, 51.8831472 ], [ 6.5484505, 51.885326699999986 ], [ 6.5524191, 51.886197599999988 ], [ 6.5561118, 51.8818156 ], [ 6.5604005, 51.882101 ], [ 6.5607468, 51.8841605 ], [ 6.5856235, 51.8939118 ], [ 6.6253782, 51.9018545 ], [ 6.6342524, 51.901042 ], [ 6.6376421, 51.904373599999985 ], [ 6.6842306, 51.917617599999986 ], [ 6.6900267, 51.914879299999981 ], [ 6.6954641, 51.915756599999987 ], [ 6.6975203, 51.9098693 ], [ 6.7036716, 51.909391199999988 ], [ 6.7032813, 51.9064073 ], [ 6.7216641, 51.896174799999983 ], [ 6.7326072, 51.898707099999989 ], [ 6.7370856, 51.904572699999981 ], [ 6.7511793, 51.9071849 ], [ 6.7546624, 51.9130738 ], [ 6.7699978, 51.9162391 ], [ 6.7888948, 51.9296504 ], [ 6.785952, 51.9312266 ], [ 6.793965, 51.935065599999987 ], [ 6.7971904, 51.9425065 ], [ 6.7986442, 51.9588177 ], [ 6.8136175, 51.9635253 ], [ 6.8285131, 51.9640667 ], [ 6.8328772, 51.9718418 ], [ 6.8265739, 51.993532 ], [ 6.8077508, 51.9949989 ], [ 6.8114786, 51.9981456 ], [ 6.7722773, 52.0178885 ], [ 6.7661968, 52.0188414 ], [ 6.752642, 52.0286471 ], [ 6.7146588, 52.0398934 ], [ 6.6877259, 52.0398992 ], [ 6.6869216, 52.0557276 ], [ 6.6959839, 52.0643555 ], [ 6.6946529, 52.0698028 ], [ 6.7355908, 52.0746781 ], [ 6.7512158, 52.0854934 ], [ 6.7445233, 52.0930841 ], [ 6.7501161, 52.095873 ], [ 6.7550721, 52.0948996 ], [ 6.7606302, 52.118723 ], [ 6.8213381, 52.1182128 ], [ 6.8553932, 52.1204343 ], [ 6.8733522, 52.130201 ], [ 6.8804459, 52.1559952 ], [ 6.9058401, 52.169976899999988 ], [ 6.9068022, 52.17517609999998 ], [ 6.9513159, 52.1810068 ], [ 6.9741888, 52.2051708 ], [ 6.9811304, 52.220655799999989 ], [ 6.9891966, 52.226859499999989 ], [ 7.0034615, 52.228516 ], [ 7.0192368, 52.225039699999989 ], [ 7.0389702, 52.227647199999986 ], [ 7.0609955, 52.2347824 ], [ 7.0658684, 52.241259 ], [ 7.1054512, 52.2445839 ], [ 7.1098535, 52.252797 ], [ 7.1192796, 52.2569981 ], [ 7.121248, 52.2610782 ], [ 7.1531683, 52.2665125 ], [ 7.2978898, 52.2639751 ], [ 7.3174811, 52.280272200000013 ], [ 7.3455949, 52.282690099999982 ], [ 7.3615545, 52.2883124 ], [ 7.3707526, 52.3002374 ], [ 7.3864803, 52.3093042 ], [ 7.3969638, 52.3061849 ], [ 7.4038718, 52.3129347 ], [ 7.4160108, 52.3119693 ], [ 7.4272243, 52.3140125 ], [ 7.4268231, 52.3181699 ], [ 7.4377765, 52.3333565 ], [ 7.4794051, 52.3476395 ], [ 7.5047274, 52.3608437 ], [ 7.5114729, 52.361326899999987 ], [ 7.5299229, 52.369876399999988 ], [ 7.5393626, 52.3704525 ], [ 7.5430569, 52.3679775 ], [ 7.5498885, 52.3704252 ], [ 7.5542375, 52.3687562 ], [ 7.5639645, 52.370652 ], [ 7.5652363, 52.3726263 ], [ 7.5600859, 52.3721519 ], [ 7.5704437, 52.378596599999987 ], [ 7.5750971, 52.3758524 ], [ 7.5821042, 52.3764039 ], [ 7.5805048, 52.379352499999989 ], [ 7.5713224, 52.3812351 ], [ 7.5835835, 52.395539 ], [ 7.5827616, 52.403665899999979 ], [ 7.6011625, 52.4138624 ], [ 7.6027195, 52.421030699999989 ], [ 7.564311, 52.4323122 ], [ 7.5709655, 52.4323305 ], [ 7.5830344, 52.4548632 ], [ 7.6042305, 52.4750903 ], [ 7.6471285, 52.46305109999998 ], [ 7.6558272, 52.4624736 ], [ 7.6565468, 52.4599761 ], [ 7.6677061, 52.4584794 ], [ 7.6674309, 52.45607 ], [ 7.683546, 52.4565654 ], [ 7.6883824, 52.4536727 ], [ 7.7023422, 52.434370099999988 ], [ 7.7138251, 52.4010024 ], [ 7.7254508, 52.3998945 ], [ 7.8070888, 52.371427 ], [ 7.8430358, 52.3690276 ], [ 7.8705122, 52.3774987 ], [ 7.8902795, 52.3785818 ], [ 7.8917704, 52.380513 ], [ 7.9216822, 52.36561769999998 ], [ 7.93667, 52.3649773 ], [ 7.9439243, 52.355589 ], [ 7.94201, 52.3475687 ], [ 7.9477819, 52.3500996 ], [ 7.9534971, 52.347221 ], [ 7.9500141, 52.3452898 ], [ 7.9485636, 52.3351276 ], [ 7.9556681, 52.331923900000014 ], [ 7.9592975, 52.3262865 ], [ 7.966584, 52.3234599 ], [ 7.9780101, 52.312703899999988 ], [ 7.990608, 52.3095396 ], [ 7.9872404, 52.3035837 ], [ 7.9495742, 52.305875099999987 ], [ 7.9317901, 52.3018461 ], [ 7.9307616, 52.2864221 ], [ 7.9350016, 52.2861799 ], [ 7.956465, 52.2724906 ], [ 7.945735, 52.2653106 ], [ 7.9302145, 52.2653879 ], [ 7.9256237, 52.2628145 ], [ 7.923071, 52.252815199999986 ], [ 7.9286293, 52.2412263 ], [ 7.9265512, 52.2265124 ], [ 7.9198213, 52.221696699999988 ], [ 7.9145777, 52.222933499999989 ], [ 7.9127865, 52.217369 ], [ 7.9095139, 52.2141393 ], [ 7.9057516, 52.2140847 ], [ 7.9063615, 52.2080591 ], [ 7.8998402, 52.2068286 ], [ 7.9063425, 52.2025239 ], [ 7.9029933, 52.1988693 ], [ 7.9088526, 52.1950274 ], [ 7.9081091, 52.189863399999986 ], [ 7.914246, 52.1878751 ], [ 7.9129486, 52.1851353 ], [ 7.9151754, 52.1861375 ], [ 7.928353, 52.181255699999987 ], [ 7.9339868, 52.1769219 ], [ 7.957452, 52.1779434 ], [ 7.9743333, 52.171130299999987 ], [ 7.9860677, 52.1743655 ], [ 8.0059118, 52.1760411 ], [ 8.016978, 52.172050699999978 ], [ 8.0151619, 52.1686112 ], [ 8.0251886, 52.1635095 ], [ 8.023015, 52.160179699999986 ], [ 8.0174571, 52.159065399999989 ], [ 8.0118193, 52.161801 ], [ 8.0125051, 52.1591784 ], [ 8.0020467, 52.1599575 ], [ 8.0031467, 52.154555500000015 ], [ 7.9973861, 52.15448 ], [ 8.000626, 52.1533059 ], [ 7.9977762, 52.1503393 ], [ 8.0035049, 52.149658199999983 ], [ 8.0028067, 52.1376651 ], [ 8.0077961, 52.1153331 ], [ 7.9717692, 52.115983 ], [ 7.9580745, 52.1052399 ], [ 7.9460575, 52.1008884 ], [ 7.9017434, 52.0920302 ], [ 7.8851634, 52.0835348 ], [ 7.8887359, 52.0834878 ], [ 7.9118071, 52.0622902 ], [ 7.9207049, 52.0579971 ], [ 7.9169213, 52.0516372 ], [ 7.9811017, 52.03551 ], [ 7.9937171, 52.0496361 ], [ 8.0190981, 52.058606399999988 ], [ 8.019258, 52.0622991 ], [ 8.0327485, 52.0684409 ], [ 8.0358564, 52.063938599999986 ], [ 8.0424599, 52.0630526 ], [ 8.0555479, 52.0641915 ], [ 8.0564344, 52.0675242 ], [ 8.0667031, 52.068121399999988 ], [ 8.0698986, 52.0651808 ], [ 8.0870083, 52.0645302 ], [ 8.0923985, 52.0634247 ], [ 8.0964482, 52.0571452 ], [ 8.1290829, 52.068747899999984 ], [ 8.1314014, 52.072008199999985 ], [ 8.1515267, 52.0763644 ], [ 8.1644339, 52.073431 ], [ 8.1686683, 52.0744688 ], [ 8.1723217, 52.0718674 ], [ 8.1764389, 52.0735945 ], [ 8.1789656, 52.0718799 ], [ 8.1924945, 52.0726193 ], [ 8.2089139, 52.096774299999986 ], [ 8.219371, 52.102086 ], [ 8.2252256, 52.1085869 ], [ 8.2361284, 52.1123847 ], [ 8.2458962, 52.1213973 ], [ 8.2625391, 52.1203785 ], [ 8.2667319, 52.132281199999987 ], [ 8.2734325, 52.130723599999982 ], [ 8.2871495, 52.1351718 ], [ 8.2852501, 52.1254878 ], [ 8.2923609, 52.1251719 ], [ 8.2985487, 52.12269449999998 ], [ 8.2982953, 52.1206921 ], [ 8.3112153, 52.118329099999983 ], [ 8.3150965, 52.119687 ], [ 8.3141377, 52.122288 ], [ 8.3239183, 52.125922 ], [ 8.34122, 52.1224207 ], [ 8.3428138, 52.1237218 ], [ 8.3577173, 52.1177481 ], [ 8.3637056, 52.1183529 ], [ 8.3732282, 52.1098125 ], [ 8.3881161, 52.1080251 ], [ 8.4049371, 52.111488900000012 ], [ 8.4106275, 52.1157734 ], [ 8.403805, 52.1242555 ], [ 8.404652, 52.1299571 ], [ 8.4151592, 52.1394434 ], [ 8.4535338, 52.155387 ], [ 8.4620921, 52.1531038 ], [ 8.4815372, 52.1598852 ], [ 8.4853957, 52.1658798 ], [ 8.4930952, 52.1668011 ], [ 8.5056033, 52.1793822 ], [ 8.5174373, 52.1849504 ], [ 8.5078896, 52.1883548 ], [ 8.4601883, 52.1959546 ], [ 8.4492959, 52.2097687 ], [ 8.4423918, 52.2133068 ], [ 8.4507385, 52.2180564 ], [ 8.4527742, 52.2253045 ], [ 8.4610918, 52.2291126 ], [ 8.4598477, 52.2428014 ], [ 8.4680632, 52.2471137 ], [ 8.462702, 52.252223099999988 ], [ 8.4635738, 52.2566197 ], [ 8.4587966, 52.2581849 ], [ 8.4661864, 52.2676138 ], [ 8.4631408, 52.282119699999988 ], [ 8.4594069, 52.2816424 ], [ 8.4611077, 52.298856 ], [ 8.4579716, 52.3019967 ], [ 8.4598158, 52.3047002 ], [ 8.4649374, 52.3037436 ], [ 8.4721491, 52.315364099999989 ], [ 8.4606485, 52.318732 ], [ 8.4426149, 52.3590099 ], [ 8.4324125, 52.366455099999989 ], [ 8.400951, 52.377446699999986 ], [ 8.3930533, 52.384637899999987 ], [ 8.3629819, 52.3899458 ], [ 8.3430288, 52.398172099999989 ], [ 8.3228576, 52.400723899999988 ], [ 8.3140387, 52.405728200000013 ], [ 8.3140375, 52.4078447 ], [ 8.3229027, 52.410729599999989 ], [ 8.3158821, 52.4125234 ], [ 8.3220372, 52.426162 ], [ 8.31336, 52.4317807 ], [ 8.3121982, 52.4363467 ], [ 8.3094635, 52.4374319 ], [ 8.3039925, 52.4343091 ], [ 8.3083127, 52.4447255 ], [ 8.2972137, 52.456497899999988 ], [ 8.3034328, 52.4590048 ], [ 8.3069203, 52.4560544 ], [ 8.3113741, 52.4589516 ], [ 8.326131, 52.451670599999986 ], [ 8.334304, 52.4541122 ], [ 8.3479367, 52.4522908 ], [ 8.3596873, 52.444031099999989 ], [ 8.3859072, 52.4450166 ], [ 8.3863662, 52.4477777 ], [ 8.400104, 52.4509268 ], [ 8.4181347, 52.4444215 ], [ 8.4177776, 52.44927 ], [ 8.4253207, 52.451730499999989 ], [ 8.4302922, 52.4477257 ], [ 8.4542901, 52.461007099999989 ], [ 8.459313, 52.4736333 ], [ 8.4588611, 52.4916723 ], [ 8.4725235, 52.4988481 ], [ 8.481629, 52.496976899999986 ], [ 8.5088485, 52.5146934 ], [ 8.5165772, 52.5093153 ], [ 8.5568575, 52.4990957 ], [ 8.6525501, 52.5314434 ], [ 8.6714815, 52.5173947 ], [ 8.6903136, 52.5187746 ], [ 8.6841221, 52.5143947 ], [ 8.6885941, 52.510998499999985 ], [ 8.6986528, 52.508807399999988 ], [ 8.7020618, 52.5034734 ], [ 8.6987534, 52.5016402 ], [ 8.7030089, 52.5004381 ], [ 8.698549, 52.486698299999986 ], [ 8.709323, 52.477035799999989 ], [ 8.7107092, 52.463698 ], [ 8.7049739, 52.4561212 ], [ 8.7033261, 52.4431948 ], [ 8.7180807, 52.4293629 ], [ 8.7170681, 52.4251164 ], [ 8.7099126, 52.4241013 ], [ 8.7048337, 52.418694 ], [ 8.7053748, 52.4129421 ], [ 8.7109021, 52.4082151 ], [ 8.7074864, 52.39535129999998 ], [ 8.7152363, 52.3925688 ], [ 8.7249139, 52.4009292 ], [ 8.7460868, 52.387872199999983 ], [ 8.786784, 52.3987065 ], [ 8.8551011, 52.3892341 ], [ 8.8583768, 52.3937497 ], [ 8.8669496, 52.396252399999987 ], [ 8.8685581, 52.392663899999988 ], [ 8.889183, 52.395981199999987 ], [ 8.8924604, 52.4057094 ], [ 8.896027, 52.406090299999988 ], [ 8.8977154, 52.401584799999988 ], [ 8.9036656, 52.401912599999982 ], [ 8.9031047, 52.4045802 ], [ 8.937105, 52.4019062 ], [ 8.9352092, 52.4046426 ], [ 8.9441392, 52.4083926 ], [ 8.9460651, 52.4135268 ], [ 8.9411284, 52.4163233 ], [ 8.9579623, 52.4161613 ], [ 8.9621925, 52.424996 ], [ 8.9691873, 52.427424 ], [ 8.9779865, 52.426996 ], [ 8.9870562, 52.4325164 ], [ 8.9833915, 52.4333968 ], [ 8.9826264, 52.4368772 ], [ 8.9791757, 52.4362605 ], [ 8.9867271, 52.4455144 ], [ 8.9784183, 52.4507216 ], [ 8.9872554, 52.452032499999987 ], [ 8.992118, 52.450608499999987 ], [ 8.991021, 52.452651 ], [ 8.9989197, 52.457563 ], [ 9.0120891, 52.4573113 ], [ 9.0131492, 52.459955799999989 ], [ 9.0170382, 52.460170399999988 ], [ 9.0166069, 52.4673285 ], [ 9.0225203, 52.470185699999988 ], [ 9.0229502, 52.477262 ], [ 9.0281, 52.4805901 ], [ 9.0382874, 52.4799047 ], [ 9.0440764, 52.4826462 ], [ 9.0412878, 52.4874888 ], [ 9.0465349, 52.4895298 ], [ 9.0441715, 52.489708199999981 ], [ 9.046403, 52.494884699999986 ], [ 9.0526562, 52.500298 ], [ 9.0658453, 52.4962014 ], [ 9.0713372, 52.4986448 ], [ 9.0876904, 52.4956963 ], [ 9.0994204, 52.4974779 ], [ 9.1123755, 52.4857819 ], [ 9.1319737, 52.4839827 ], [ 9.1367087, 52.4755456 ], [ 9.123289, 52.474610399999982 ], [ 9.1256181, 52.4682959 ], [ 9.1029231, 52.4569264 ], [ 9.09453, 52.4428239 ], [ 9.1105232, 52.4354272 ], [ 9.1124149, 52.4275427 ], [ 9.1052154, 52.4273879 ], [ 9.1059456, 52.4251831 ], [ 9.1120371, 52.4208032 ], [ 9.1237667, 52.4215477 ], [ 9.1252524, 52.411993399999986 ], [ 9.117432, 52.397147499999988 ], [ 9.112374, 52.3976604 ], [ 9.1020759, 52.3884219 ], [ 9.0954615, 52.386662 ], [ 9.0991337, 52.382475899999989 ], [ 9.0964984, 52.3816741 ], [ 9.1007211, 52.3806248 ], [ 9.0987994, 52.3729477 ], [ 9.0889266, 52.3662837 ], [ 9.0851105, 52.355858399999981 ], [ 9.0775428, 52.3540599 ], [ 9.0725412, 52.3482526 ], [ 9.0591751, 52.3468606 ], [ 9.0579248, 52.3395774 ], [ 9.0273572, 52.3456109 ], [ 9.0253055, 52.336950199999983 ], [ 9.018908, 52.3309884 ], [ 9.0095767, 52.3312147 ], [ 9.007703, 52.3257222 ], [ 8.9983208, 52.3262149 ], [ 8.9977724, 52.3184175 ], [ 8.9910363, 52.3147604 ], [ 8.9915605, 52.307097399999989 ], [ 8.9852799, 52.2957288 ], [ 8.9880771, 52.287569 ], [ 8.9787415, 52.2824484 ], [ 8.9635367, 52.279027 ], [ 8.9721075, 52.2734528 ], [ 8.9763043, 52.2761719 ], [ 8.9785773, 52.274791799999988 ], [ 8.9723666, 52.2646195 ], [ 8.9748703, 52.262555299999988 ], [ 9.0042213, 52.257492799999987 ], [ 9.0065084, 52.2528443 ], [ 9.03297, 52.249526299999985 ], [ 9.0565583, 52.2378845 ], [ 9.0766158, 52.2334372 ], [ 9.0698876, 52.2267878 ], [ 9.0517478, 52.220212599999989 ], [ 9.0469028, 52.2210265 ], [ 9.0424289, 52.2262167 ], [ 9.0357599, 52.2245251 ], [ 9.0340645, 52.2176405 ], [ 9.0458557, 52.2107855 ], [ 9.0434047, 52.2041437 ], [ 9.0485238, 52.1956597 ], [ 9.0430857, 52.1904299 ], [ 9.0453492, 52.1837734 ], [ 9.0211112, 52.183836 ], [ 9.0174694, 52.1891166 ], [ 9.0196379, 52.19217519999998 ], [ 9.0135896, 52.1953747 ], [ 9.0069907, 52.189517099999982 ], [ 8.9997315, 52.1908117 ], [ 8.9940356, 52.196137799999988 ], [ 8.9858336, 52.1945986 ], [ 8.9938363, 52.191843099999986 ], [ 8.9962732, 52.1856494 ], [ 9.0010465, 52.1877965 ], [ 9.0013321, 52.183158 ], [ 9.0084163, 52.1809166 ], [ 9.0078125, 52.1783722 ], [ 9.0124227, 52.1779078 ], [ 9.0118156, 52.1729725 ], [ 9.0216032, 52.171999 ], [ 9.0200537, 52.1678639 ], [ 9.0161898, 52.1692464 ], [ 9.0126693, 52.1624105 ], [ 9.0140211, 52.156885599999988 ], [ 9.0173098, 52.156062899999981 ], [ 9.0175387, 52.1477442 ], [ 9.0110159, 52.13577 ], [ 9.0177921, 52.1324267 ], [ 9.0362565, 52.1400762 ], [ 9.0443865, 52.1395998 ], [ 9.0439898, 52.141475199999988 ], [ 9.0542033, 52.1458094 ], [ 9.0533656, 52.1482282 ], [ 9.0716149, 52.1482588 ], [ 9.0678031, 52.140251599999985 ], [ 9.0817833, 52.1411021 ], [ 9.0849124, 52.13736080000001 ], [ 9.0940241, 52.1348955 ], [ 9.0971419, 52.1371272 ], [ 9.0991404, 52.1330214 ], [ 9.1070394, 52.1323851 ], [ 9.1160782, 52.1384455 ], [ 9.1297964, 52.139746099999989 ], [ 9.1290823, 52.1353299 ], [ 9.1447052, 52.1349104 ], [ 9.1533441, 52.1291467 ], [ 9.1593351, 52.1198402 ], [ 9.1558449, 52.114340399999989 ], [ 9.1462044, 52.1132419 ], [ 9.1469243, 52.109201899999981 ], [ 9.1358631, 52.1058374 ], [ 9.136354, 52.0997256 ], [ 9.1329779, 52.0966295 ], [ 9.1346483, 52.0942814 ], [ 9.146515, 52.0999222 ], [ 9.1556047, 52.097829899999986 ], [ 9.1546886, 52.0917921 ], [ 9.176087, 52.086117 ], [ 9.1880545, 52.0723541 ], [ 9.1932808, 52.0703113 ], [ 9.1813476, 52.0678664 ], [ 9.1794327, 52.0621293 ], [ 9.1744325, 52.0604275 ], [ 9.1721691, 52.0473706 ], [ 9.1772588, 52.0412289 ], [ 9.1733195, 52.0406143 ], [ 9.176893, 52.033719099999985 ], [ 9.1890393, 52.026277599999986 ], [ 9.197353, 52.0116714 ], [ 9.1792616, 52.0026903 ], [ 9.1967938, 51.9969171 ], [ 9.1837043, 51.990943499999986 ], [ 9.1830531, 51.9857633 ], [ 9.1746897, 51.9832594 ], [ 9.1762315, 51.9803527 ], [ 9.1840918, 51.977578900000012 ], [ 9.1878132, 51.9728159 ], [ 9.1858202, 51.9661814 ], [ 9.1986158, 51.9623455 ], [ 9.2027215, 51.964936399999978 ], [ 9.201763, 51.9628027 ], [ 9.2066339, 51.962567899999989 ], [ 9.208896, 51.9598553 ], [ 9.2112282, 51.9607661 ], [ 9.2094271, 51.967202 ], [ 9.2141458, 51.968767 ], [ 9.2133, 51.9708716 ], [ 9.2171234, 51.9697703 ], [ 9.216922, 51.9736242 ], [ 9.2577581, 51.9772098 ], [ 9.2699971, 51.973909299999988 ], [ 9.2660838, 51.9715747 ], [ 9.2684088, 51.9701684 ], [ 9.2743754, 51.973603599999976 ], [ 9.2775757, 51.9618603 ], [ 9.2846307, 51.9599803 ], [ 9.2863238, 51.9571097 ], [ 9.2713938, 51.955130299999986 ], [ 9.2717289, 51.9497359 ], [ 9.2683712, 51.9468493 ], [ 9.2639128, 51.948053499999986 ], [ 9.2630877, 51.9464336 ], [ 9.2770703, 51.9438532 ], [ 9.2786407, 51.9401268 ], [ 9.2733727, 51.9400816 ], [ 9.2751323, 51.9368553 ], [ 9.272069, 51.932304200000011 ], [ 9.2798818, 51.9258891 ], [ 9.281409, 51.9275422 ], [ 9.2839193, 51.92568510000001 ], [ 9.2867381, 51.921048399999989 ], [ 9.2890394, 51.9228095 ], [ 9.2942694, 51.9194415 ], [ 9.303936, 51.9228889 ], [ 9.315183, 51.9226682 ], [ 9.3184477, 51.9184157 ], [ 9.3321531, 51.9169567 ], [ 9.3408419, 51.9080023 ], [ 9.3451526, 51.8963399 ], [ 9.3422431, 51.8861005 ], [ 9.3443266, 51.8802011 ], [ 9.3401653, 51.8786401 ], [ 9.3357574, 51.8560515 ], [ 9.3233437, 51.855061 ], [ 9.3346998, 51.8536107 ], [ 9.3480735, 51.8608139 ], [ 9.3628655, 51.864879 ], [ 9.3928523, 51.8603582 ], [ 9.4049024, 51.855593 ], [ 9.4373669, 51.8562217 ], [ 9.4434483, 51.859613599999982 ], [ 9.4506656, 51.8594053 ], [ 9.4596487, 51.8627974 ], [ 9.461436, 51.8577031 ], [ 9.4557376, 51.8514996 ], [ 9.4331495, 51.840278 ], [ 9.4421785, 51.8292212 ], [ 9.4367228, 51.8278139 ], [ 9.4405213, 51.824933 ], [ 9.4280537, 51.814277 ], [ 9.42733, 51.810491899999981 ], [ 9.4305474, 51.8106919 ], [ 9.4309014, 51.8048833 ], [ 9.4408174, 51.8034518 ], [ 9.4363674, 51.7970154 ], [ 9.4481569, 51.7947994 ], [ 9.4095508, 51.7710411 ], [ 9.4026967, 51.759372 ], [ 9.3843361, 51.757851 ], [ 9.3837251, 51.7502339 ], [ 9.3753652, 51.743614 ], [ 9.3788776, 51.7380962 ], [ 9.3944155, 51.7319714 ], [ 9.3873182, 51.7193902 ], [ 9.4016649, 51.701656199999981 ], [ 9.399251, 51.6972792 ], [ 9.3869235, 51.689822199999988 ], [ 9.3945836, 51.681232599999987 ], [ 9.3956876, 51.6739886 ], [ 9.3793885, 51.6659267 ], [ 9.3746618, 51.6498456 ], [ 9.3863118, 51.6460184 ], [ 9.4173175, 51.6472693 ], [ 9.4346534, 51.651178599999987 ], [ 9.440457, 51.650394 ], [ 9.4370076, 51.6482127 ], [ 9.4449244, 51.644199 ], [ 9.426669, 51.6308138 ], [ 9.3989063, 51.6262706 ], [ 9.3984994, 51.6245574 ], [ 9.3782667, 51.6267333 ], [ 9.3719349, 51.6255663 ], [ 9.3712668, 51.6192438 ], [ 9.3580309, 51.6202592 ], [ 9.3370983, 51.614701599999989 ], [ 9.3369793, 51.6119922 ], [ 9.3562682, 51.597676799999988 ], [ 9.3706452, 51.594063299999988 ], [ 9.3735226, 51.5910137 ], [ 9.3693464, 51.591081799999976 ], [ 9.3653092, 51.5849608 ], [ 9.3522309, 51.5800747 ], [ 9.3460662, 51.5702613 ], [ 9.3311189, 51.5568248 ], [ 9.317031, 51.5523655 ], [ 9.3200182, 51.546772 ], [ 9.3142801, 51.537635799999983 ], [ 9.3110842, 51.5373496 ], [ 9.3099687, 51.5309106 ], [ 9.3158508, 51.5230193 ], [ 9.3103264, 51.5188873 ], [ 9.3083247, 51.512643299999986 ], [ 9.2868803, 51.5154772 ], [ 9.2694305, 51.5071258 ], [ 9.264333, 51.4979106 ], [ 9.2402322, 51.497208199999989 ], [ 9.2367047, 51.4924348 ], [ 9.2398038, 51.4908574 ], [ 9.2251846, 51.4898373 ], [ 9.2233336, 51.4849933 ], [ 9.2166406, 51.4811652 ], [ 9.2189617, 51.4727314 ], [ 9.216466, 51.459594 ], [ 9.1851004, 51.4663336 ], [ 9.1743504, 51.4629467 ], [ 9.1626416, 51.4500009 ], [ 9.161645, 51.4441677 ], [ 9.1492988, 51.442015 ], [ 9.1357493, 51.4501871 ], [ 9.1318042, 51.44629 ], [ 9.1025942, 51.4432022 ], [ 9.0943299, 51.444598199999987 ], [ 9.0864159, 51.449082799999985 ], [ 9.0869371, 51.4611648 ], [ 9.0771854, 51.464871599999988 ], [ 9.0920841, 51.4873304 ], [ 9.0923289, 51.494388 ], [ 9.0765218, 51.503475099999989 ], [ 9.0606626, 51.4987035 ], [ 9.0574769, 51.502514599999984 ], [ 9.0392859, 51.50192149999998 ], [ 9.0239582, 51.5113342 ], [ 9.0209764, 51.5186107 ], [ 9.0049327, 51.5124056 ], [ 8.9414954, 51.4998036 ], [ 8.9274749, 51.493499 ], [ 8.9133348, 51.491554 ], [ 8.8969633, 51.4859324 ], [ 8.8903766, 51.481928299999986 ], [ 8.894091, 51.4712363 ], [ 8.9106997, 51.461919 ], [ 8.9139965, 51.4526172 ], [ 8.9217835, 51.446053799999987 ], [ 8.9187868, 51.4302854 ], [ 8.9341556, 51.431291 ], [ 8.9481087, 51.428218899999983 ], [ 8.9454265, 51.418802899999989 ], [ 8.9515299, 51.4134928 ], [ 8.9407633, 51.4103219 ], [ 8.9430783, 51.3968715 ], [ 8.9388583, 51.3935741 ], [ 8.939502, 51.389499 ], [ 8.9159284, 51.3928371 ], [ 8.8895808, 51.392722 ], [ 8.8540198, 51.3771378 ], [ 8.8379944, 51.3832926 ], [ 8.8365837, 51.3885011 ], [ 8.8272524, 51.3852459 ], [ 8.8233749, 51.3898252 ], [ 8.8184827, 51.3886934 ], [ 8.8039932, 51.3907979 ], [ 8.7729037, 51.3853938 ], [ 8.7603225, 51.3782714 ], [ 8.732851, 51.372416699999988 ], [ 8.6938112, 51.3767848 ], [ 8.6774461, 51.371795 ], [ 8.6834765, 51.362177899999978 ], [ 8.6808392, 51.3594965 ], [ 8.666599, 51.3556969 ], [ 8.6669708, 51.3526101 ], [ 8.6623096, 51.352171 ], [ 8.659662, 51.348389 ], [ 8.6555596, 51.3496111 ], [ 8.653654, 51.339789499999988 ], [ 8.6377876, 51.343613499999982 ], [ 8.6210982, 51.3365279 ], [ 8.6174918, 51.3272098 ], [ 8.6050483, 51.3236949 ], [ 8.6032408, 51.3148569 ], [ 8.5926381, 51.303858 ], [ 8.588082, 51.3029763 ], [ 8.5859653, 51.2982412 ], [ 8.5663776, 51.2877735 ], [ 8.5563478, 51.2774948 ], [ 8.5678151, 51.2702593 ], [ 8.5782181, 51.2674783 ], [ 8.5849505, 51.2546014 ], [ 8.5935628, 51.2474968 ], [ 8.6092124, 51.246688399999989 ], [ 8.6253911, 51.253311499999988 ], [ 8.6283405, 51.2605046 ], [ 8.6525929, 51.263454499999987 ], [ 8.6679152, 51.2678807 ], [ 8.6799526, 51.2680765 ], [ 8.6854904, 51.270988299999985 ], [ 8.685451, 51.2738137 ], [ 8.692552, 51.276407299999988 ], [ 8.695834, 51.2743069 ], [ 8.7219977, 51.2737438 ], [ 8.7218272, 51.267747500000013 ], [ 8.7365853, 51.2622197 ], [ 8.7275975, 51.2501027 ], [ 8.7308172, 51.2400925 ], [ 8.7382069, 51.2321583 ], [ 8.7416975, 51.2184233 ], [ 8.7681944, 51.208873699999984 ], [ 8.7650131, 51.203930799999981 ], [ 8.7574078, 51.2026478 ], [ 8.7495018, 51.1977317 ], [ 8.7500045, 51.1814639 ], [ 8.7582144, 51.1771817 ], [ 8.7485981, 51.1725113 ], [ 8.7484023, 51.1686114 ], [ 8.7369428, 51.1639303 ], [ 8.736035, 51.1605218 ], [ 8.7176746, 51.151528 ], [ 8.7133139, 51.1516996 ], [ 8.6921618, 51.1328341 ], [ 8.6963081, 51.123530799999983 ], [ 8.7007929, 51.123312 ], [ 8.7017411, 51.1165766 ], [ 8.7127147, 51.1175281 ], [ 8.7188482, 51.1156958 ], [ 8.7196553, 51.110326199999989 ], [ 8.7068861, 51.1077908 ], [ 8.6905347, 51.1091586 ], [ 8.6566325, 51.094903199999983 ], [ 8.6014607, 51.102034599999989 ], [ 8.5510198, 51.102764199999989 ], [ 8.5453489, 51.097242199999975 ], [ 8.5281227, 51.0969525 ], [ 8.522611, 51.090459899999985 ], [ 8.517594, 51.0911398 ], [ 8.5139749, 51.086884 ], [ 8.5080228, 51.085387499999989 ], [ 8.5017333, 51.0794656 ], [ 8.5032301, 51.0745769 ], [ 8.5222266, 51.069014 ], [ 8.5275729, 51.0628941 ], [ 8.5225187, 51.053808 ], [ 8.519729, 51.0534998 ], [ 8.5204347, 51.050109399999982 ], [ 8.5159338, 51.051176 ], [ 8.5051435, 51.0414332 ], [ 8.5098036, 51.0376426 ], [ 8.5143353, 51.038826899999989 ], [ 8.5166027, 51.0432218 ], [ 8.5206811, 51.043003099999986 ], [ 8.5251106, 51.0389019 ], [ 8.5243185, 51.03203 ], [ 8.5313421, 51.0293227 ], [ 8.5345511, 51.0206282 ], [ 8.5387822, 51.0194484 ], [ 8.5306282, 51.0182399 ], [ 8.5307607, 51.0137778 ], [ 8.5245606, 51.0099376 ], [ 8.5140757, 51.009237299999988 ], [ 8.5165622, 51.005805400000014 ], [ 8.5014147, 50.998454 ], [ 8.4957574, 50.988096 ], [ 8.4873693, 50.9855301 ], [ 8.4733682, 50.9750354 ], [ 8.4778919, 50.969047499999988 ], [ 8.4596654, 50.9666502 ], [ 8.4595684, 50.9523191 ], [ 8.4622771, 50.9496933 ], [ 8.4493239, 50.9410832 ], [ 8.4504627, 50.9329511 ], [ 8.4550297, 50.930484199999988 ], [ 8.4586757, 50.921088199999986 ], [ 8.4564411, 50.9165305 ], [ 8.439768, 50.9161428 ], [ 8.4334262, 50.918239 ], [ 8.3967241, 50.894516 ], [ 8.3880299, 50.891929199999986 ], [ 8.385576, 50.8757933 ], [ 8.371917, 50.874265699999988 ], [ 8.3665882, 50.8685511 ], [ 8.3692015, 50.864602499999982 ], [ 8.3586002, 50.86069 ], [ 8.3526777, 50.865441399999987 ], [ 8.3367486, 50.8657129 ], [ 8.3197808, 50.8614351 ], [ 8.3054733, 50.8611206 ], [ 8.3051303, 50.864471699999989 ], [ 8.2918975, 50.8771561 ], [ 8.2920172, 50.8821358 ], [ 8.2696665, 50.8818756 ], [ 8.2595709, 50.871323 ], [ 8.2331495, 50.8552846 ], [ 8.2313139, 50.850639799999975 ], [ 8.2087659, 50.8366762 ], [ 8.1961715, 50.8329252 ], [ 8.1828408, 50.8248731 ], [ 8.1805501, 50.820074299999987 ], [ 8.1739227, 50.817331 ], [ 8.165807, 50.8034759 ], [ 8.1424728, 50.79465 ], [ 8.1383622, 50.7902813 ], [ 8.1255119, 50.7883559 ], [ 8.12939, 50.7874635 ], [ 8.1317089, 50.7770023 ], [ 8.1416623, 50.771659899999989 ], [ 8.1356413, 50.7672162 ], [ 8.1433714, 50.7625664 ], [ 8.1466322, 50.764046 ], [ 8.1518338, 50.759853899999989 ], [ 8.1486344, 50.755867699999982 ], [ 8.1525763, 50.7545253 ], [ 8.1548526, 50.7482711 ], [ 8.1579264, 50.7487382 ], [ 8.1643149, 50.744502499999989 ], [ 8.1599526, 50.742710599999988 ], [ 8.1648903, 50.7421351 ], [ 8.166829, 50.7357107 ], [ 8.150894, 50.713302299999988 ], [ 8.1503893, 50.705554099999986 ], [ 8.1426066, 50.6954485 ], [ 8.1374139, 50.6939582 ], [ 8.1312788, 50.6969196 ], [ 8.1262209, 50.692631599999984 ], [ 8.1257767, 50.685814 ], [ 8.1210639, 50.685420199999989 ], [ 8.1098201, 50.6980078 ], [ 8.0991733, 50.7035579 ], [ 8.0824795, 50.70290439999998 ], [ 8.0795786, 50.7060846 ], [ 8.071287, 50.7002324 ], [ 8.0642058, 50.699388399999982 ], [ 8.059656, 50.695043299999988 ], [ 8.0396899, 50.6973753 ], [ 8.0430458, 50.7117158 ], [ 8.040326, 50.7256571 ], [ 8.0238197, 50.735121499999984 ], [ 8.0002295, 50.7550808 ], [ 7.9840278, 50.7609901 ], [ 7.9688618, 50.7739211 ], [ 7.9642482, 50.7838225 ], [ 7.9689791, 50.7856184 ], [ 7.9673126, 50.7982491 ], [ 7.9739378, 50.804173399999989 ], [ 7.97196, 50.8146997 ], [ 7.9766493, 50.82493 ], [ 7.9740598, 50.8286458 ], [ 7.9783131, 50.833311799999983 ], [ 7.9680711, 50.8360417 ], [ 7.9669818, 50.8440395 ], [ 7.9576885, 50.848869 ], [ 7.9528961, 50.846009099999982 ], [ 7.9383034, 50.8483799 ], [ 7.9228519, 50.8446618 ], [ 7.9058514, 50.8481094 ], [ 7.8929982, 50.8594806 ], [ 7.8939443, 50.864500299999989 ], [ 7.8871039, 50.8653983 ], [ 7.8824582, 50.8748911 ], [ 7.8687746, 50.877562099999977 ], [ 7.8452695, 50.8783836 ], [ 7.8292636, 50.8823866 ], [ 7.8266999, 50.8908359 ], [ 7.8349648, 50.9018569 ], [ 7.8337097, 50.908346499999986 ], [ 7.8383805, 50.9103353 ], [ 7.8514959, 50.9258324 ], [ 7.8465286, 50.930743 ], [ 7.838307, 50.9262876 ], [ 7.8376268, 50.9290057 ], [ 7.8281985, 50.928994799999984 ], [ 7.8188986, 50.9332966 ], [ 7.813266, 50.940027199999989 ], [ 7.8087884, 50.9388045 ], [ 7.7928108, 50.9423351 ], [ 7.7858981, 50.939914099999982 ], [ 7.7762189, 50.929036599999982 ], [ 7.7572814, 50.920164 ], [ 7.754489, 50.9216197 ], [ 7.7354592, 50.9177654 ], [ 7.7357946, 50.9157205 ], [ 7.7468721, 50.912392 ], [ 7.745064, 50.905199 ], [ 7.7506043, 50.9056633 ], [ 7.7604273, 50.9003939 ], [ 7.7530216, 50.888379199999974 ], [ 7.7587674, 50.8797722 ], [ 7.7483099, 50.8672168 ], [ 7.765974, 50.8568195 ], [ 7.7531871, 50.8513685 ], [ 7.7603352, 50.8485752 ], [ 7.7621875, 50.845134399999985 ], [ 7.7580434, 50.8434824 ], [ 7.7293421, 50.8505228 ], [ 7.7216885, 50.843163699999984 ], [ 7.7142855, 50.840447199999986 ], [ 7.7136139, 50.833615 ], [ 7.7063908, 50.8338556 ], [ 7.7065026, 50.830571799999987 ], [ 7.6994271, 50.8250115 ], [ 7.6746283, 50.8191951 ], [ 7.6610036, 50.820364299999987 ], [ 7.6641092, 50.8153529 ], [ 7.6795105, 50.810046699999987 ], [ 7.6749913, 50.8065331 ], [ 7.6750476, 50.8026693 ], [ 7.6822224, 50.795368499999988 ], [ 7.6759449, 50.7793277 ], [ 7.6684555, 50.7861863 ], [ 7.6589364, 50.784827899999989 ], [ 7.6621614, 50.7731563 ], [ 7.6548141, 50.7697616 ], [ 7.6554507, 50.767869499999989 ], [ 7.6453936, 50.7708814 ], [ 7.6404129, 50.769119 ], [ 7.6181688, 50.7701708 ], [ 7.6049116, 50.7657433 ], [ 7.6010426, 50.766313 ], [ 7.5984549, 50.7604402 ], [ 7.5916167, 50.7561998 ], [ 7.5952972, 50.7509693 ], [ 7.5923749, 50.740545399999981 ], [ 7.5802461, 50.7381375 ], [ 7.5519004, 50.746343100000011 ], [ 7.521534, 50.733655399999982 ], [ 7.5193879, 50.7374066 ], [ 7.5201239, 50.7289969 ], [ 7.5019407, 50.7300133 ], [ 7.4798163, 50.7182539 ], [ 7.4613333, 50.718624600000012 ], [ 7.4538904, 50.7158005 ], [ 7.4489392, 50.7158142 ], [ 7.4486198, 50.71744480000001 ], [ 7.4449762, 50.7161149 ], [ 7.4431509, 50.7111968 ], [ 7.4233966, 50.709951 ], [ 7.407051, 50.7181876 ], [ 7.3972824, 50.7142699 ], [ 7.3876106, 50.7157303 ], [ 7.3875355, 50.7174934 ], [ 7.3789228, 50.7158296 ], [ 7.3740108, 50.7182186 ], [ 7.3671914, 50.7067077 ], [ 7.3571364, 50.6979039 ], [ 7.3683079, 50.6970901 ], [ 7.3651162, 50.6876106 ], [ 7.3720628, 50.6821071 ], [ 7.3661752, 50.680704899999981 ], [ 7.3699871, 50.677971299999989 ], [ 7.3693159, 50.6725497 ], [ 7.3643172, 50.6727024 ], [ 7.355821, 50.665231099999986 ], [ 7.3556571, 50.6553554 ], [ 7.3589765, 50.6494936 ], [ 7.3380498, 50.6422406 ], [ 7.3334808, 50.6383961 ], [ 7.3226163, 50.6418697 ], [ 7.3130974, 50.6370071 ], [ 7.3050995, 50.6375788 ], [ 7.2973231, 50.631815799999977 ], [ 7.2703243, 50.6265582 ], [ 7.2647494, 50.6274316 ], [ 7.2564653, 50.6245876 ], [ 7.2519551, 50.6278388 ], [ 7.2170276, 50.6280669 ], [ 7.2163171, 50.6244446 ], [ 7.2129168, 50.6234533 ], [ 7.211464, 50.6481602 ], [ 7.2033532, 50.650065299999987 ], [ 7.1984857, 50.6482087 ], [ 7.1906355, 50.636041299999981 ], [ 7.1898389, 50.6238954 ], [ 7.1802147, 50.6224484 ], [ 7.173982, 50.6189095 ], [ 7.1730198, 50.612552299999983 ], [ 7.1547174, 50.6147053 ], [ 7.1492168, 50.609484 ], [ 7.1478516, 50.6002933 ], [ 7.13543, 50.6021691 ], [ 7.1193867, 50.6123074 ], [ 7.1151211, 50.6117861 ], [ 7.1037967, 50.5913226 ], [ 7.0952713, 50.5863696 ], [ 7.087431, 50.5860119 ], [ 7.0690257, 50.5927442 ], [ 7.0663474, 50.6006992 ], [ 7.0592528, 50.600370899999987 ], [ 7.0561315, 50.606240799999988 ], [ 7.0514981, 50.6034272 ], [ 7.0491945, 50.6043402 ], [ 6.9980963, 50.5650499 ], [ 6.983577, 50.56573419999998 ], [ 6.9772941, 50.5634463 ], [ 6.9761046, 50.5577757 ], [ 6.9720983, 50.555907399999988 ], [ 6.9565155, 50.5570331 ], [ 6.9561396, 50.560877 ], [ 6.9513821, 50.5633791 ], [ 6.9309713, 50.560452299999987 ], [ 6.9220462, 50.5542809 ], [ 6.925862, 50.5440252 ], [ 6.9289665, 50.542617 ], [ 6.9313699, 50.5355659 ], [ 6.9293497, 50.533143199999984 ], [ 6.9231673, 50.5328525 ], [ 6.9090037, 50.5255027 ], [ 6.8987323, 50.5271281 ], [ 6.9007547, 50.5307856 ], [ 6.8860847, 50.5293176 ], [ 6.8820984, 50.5269494 ], [ 6.8844906, 50.5199438 ], [ 6.8978185, 50.5176947 ], [ 6.8885541, 50.507009 ], [ 6.8975294, 50.506389200000015 ], [ 6.8995362, 50.503803499999982 ], [ 6.9070691, 50.5026423 ], [ 6.8978665, 50.492265599999989 ], [ 6.9017491, 50.4919095 ], [ 6.9003602, 50.4897671 ], [ 6.9055938, 50.4850481 ], [ 6.8992138, 50.478038399999988 ], [ 6.9032088, 50.4752806 ], [ 6.9014816, 50.469092 ], [ 6.8767039, 50.464792399999986 ], [ 6.866738, 50.456253499999988 ], [ 6.8631132, 50.4569588 ], [ 6.8585738, 50.4532658 ], [ 6.8405402, 50.4639456 ], [ 6.8120695, 50.472244 ], [ 6.8061936, 50.4882357 ], [ 6.8009372, 50.491319200000014 ], [ 6.7798619, 50.4865772 ], [ 6.7753851, 50.4824955 ], [ 6.7682817, 50.4842835 ], [ 6.7591286, 50.4745899 ], [ 6.7513624, 50.4751391 ], [ 6.7446033, 50.4726305 ], [ 6.743244, 50.4677481 ], [ 6.7477331, 50.4661557 ], [ 6.7538484, 50.4714213 ], [ 6.7581454, 50.470931699999987 ], [ 6.757073, 50.4630307 ], [ 6.7627365, 50.4626258 ], [ 6.7666243, 50.4586438 ], [ 6.7629359, 50.4556952 ], [ 6.7646252, 50.4507859 ], [ 6.7436989, 50.440924199999984 ], [ 6.7455235, 50.4359296 ], [ 6.7578186, 50.4340509 ], [ 6.7603155, 50.4313933 ], [ 6.7712006, 50.436053099999988 ], [ 6.7706931, 50.425045499999982 ], [ 6.7786663, 50.424143 ], [ 6.785123, 50.4206333 ], [ 6.779233, 50.413606499999986 ], [ 6.7793075, 50.404973 ], [ 6.770481, 50.3977229 ], [ 6.7693117, 50.392748 ], [ 6.7846874, 50.3747506 ], [ 6.8027454, 50.3693046 ], [ 6.8007114, 50.361781299999976 ], [ 6.7955925, 50.359544299999982 ], [ 6.7952038, 50.36197319999998 ], [ 6.7830826, 50.361914899999988 ], [ 6.7776862, 50.364433799999986 ], [ 6.7767665, 50.3580886 ], [ 6.7708856, 50.361213199999987 ], [ 6.753523, 50.3541164 ], [ 6.7520748, 50.3555016 ], [ 6.7324037, 50.352497399999983 ], [ 6.7060344, 50.3427906 ], [ 6.6992446, 50.3360974 ], [ 6.6963564, 50.3463892 ], [ 6.6867675, 50.358378799999983 ], [ 6.6673508, 50.3719678 ], [ 6.6560147, 50.3674354 ], [ 6.657531, 50.3569897 ], [ 6.6522661, 50.3523175 ], [ 6.6542265, 50.3510768 ], [ 6.6499587, 50.3481677 ], [ 6.6362062, 50.3453722 ], [ 6.6298401, 50.351232 ], [ 6.623559, 50.351627 ], [ 6.6222451, 50.353659199999981 ], [ 6.6218067, 50.3599964 ], [ 6.62743, 50.3719172 ], [ 6.6253539, 50.3748836 ], [ 6.6214748, 50.374257099999987 ], [ 6.6162732, 50.377018699999986 ], [ 6.6040881, 50.3751194 ], [ 6.6011967, 50.378382099999989 ], [ 6.6067594, 50.380967399999982 ], [ 6.6030857, 50.38822219999998 ], [ 6.5851706, 50.3825044 ], [ 6.5818501, 50.3775436 ], [ 6.5691887, 50.3766335 ], [ 6.5665206, 50.3724875 ], [ 6.5590158, 50.36941 ], [ 6.5431779, 50.366244099999982 ], [ 6.5446905, 50.3700529 ], [ 6.5421827, 50.3710568 ], [ 6.5304505, 50.3693454 ], [ 6.5166167, 50.362189399999984 ], [ 6.5164045, 50.355388 ], [ 6.5071218, 50.359877299999987 ], [ 6.5034947, 50.355489 ], [ 6.5047894, 50.3523533 ], [ 6.4917823, 50.346998 ], [ 6.4847438, 50.3385611 ], [ 6.4752212, 50.3384528 ], [ 6.4659821, 50.342588899999988 ], [ 6.4516153, 50.336424099999988 ], [ 6.4495906, 50.3383531 ], [ 6.4586678, 50.3439716 ], [ 6.4571525, 50.351767 ], [ 6.4611621, 50.3590269 ], [ 6.4589193, 50.362011699999989 ], [ 6.4494742, 50.363784699999989 ], [ 6.4485612, 50.371338400000013 ], [ 6.435387, 50.3703188 ], [ 6.4300235, 50.3631899 ], [ 6.4208778, 50.368903 ], [ 6.4208428, 50.3732002 ], [ 6.41485, 50.374546199999983 ], [ 6.4220308, 50.3819479 ], [ 6.418244, 50.3827862 ], [ 6.4130429, 50.389486 ], [ 6.3850058, 50.3841867 ] ] ], [ [ [ 6.1872623, 50.5270899 ], [ 6.1952913, 50.530981499999989 ], [ 6.2053286, 50.5209743 ], [ 6.1922007, 50.5210556 ], [ 6.1872623, 50.5270899 ] ] ], [ [ [ 6.2347473, 50.5686699 ], [ 6.2259015, 50.5620097 ], [ 6.2240803, 50.5562539 ], [ 6.2144622, 50.557124099999989 ], [ 6.2090094, 50.5545865 ], [ 6.1966549, 50.536166 ], [ 6.1886465, 50.5403098 ], [ 6.1780323, 50.541606699999988 ], [ 6.1784424, 50.5540152 ], [ 6.1744122, 50.5575143 ], [ 6.1893126, 50.5660941 ], [ 6.2030989, 50.5692945 ], [ 6.2062519, 50.5762612 ], [ 6.2190741, 50.58138 ], [ 6.2251805, 50.590457 ], [ 6.2395482, 50.587454400000013 ], [ 6.2347473, 50.5686699 ] ] ], [ [ [ 6.2621525, 50.6415437 ], [ 6.2713185, 50.6299208 ], [ 6.2674739, 50.6265282 ], [ 6.2608375, 50.6285605 ], [ 6.2354611, 50.6259261 ], [ 6.2169222, 50.6322176 ], [ 6.1995837, 50.6314493 ], [ 6.194321, 50.633906 ], [ 6.1818384, 50.6237598 ], [ 6.1755622, 50.6272744 ], [ 6.1832892, 50.6322864 ], [ 6.1665903, 50.643687299999989 ], [ 6.1785305, 50.6443573 ], [ 6.1823786, 50.64695 ], [ 6.1839327, 50.6413467 ], [ 6.1882292, 50.6392578 ], [ 6.2146506, 50.639210200000015 ], [ 6.2248643, 50.6409213 ], [ 6.2279515, 50.6471176 ], [ 6.231522, 50.6480355 ], [ 6.2430174, 50.64043 ], [ 6.2621525, 50.6415437 ] ] ], [ [ [ 6.1946987, 50.658047699999976 ], [ 6.1838548, 50.648864699999983 ], [ 6.1814373, 50.6497117 ], [ 6.1833539, 50.651982499999988 ], [ 6.1669801, 50.6610205 ], [ 6.1918261, 50.6629636 ], [ 6.1946987, 50.658047699999976 ] ] ] ] } },
{ "type": "Feature", "properties": { "LAN": "Rheinland-Pfalz" }, "geometry": { "type": "Polygon", "coordinates": [ [ [ 6.4302978, 49.5489628 ], [ 6.4143203, 49.543259 ], [ 6.4140554, 49.5463579 ], [ 6.4041017, 49.548592 ], [ 6.3939145, 49.5474475 ], [ 6.3800526, 49.5511048 ], [ 6.3814037, 49.5584073 ], [ 6.3590152, 49.570299299999981 ], [ 6.357852, 49.5738207 ], [ 6.3676812, 49.5786436 ], [ 6.3809625, 49.5771762 ], [ 6.3818861, 49.5808359 ], [ 6.3741846, 49.587776 ], [ 6.3749253, 49.591894 ], [ 6.3858219, 49.5998842 ], [ 6.3998357, 49.602717899999988 ], [ 6.4214345, 49.6200486 ], [ 6.4408029, 49.6559203 ], [ 6.4377877, 49.6599339 ], [ 6.4266005, 49.6612362 ], [ 6.4299604, 49.668857 ], [ 6.4473069, 49.67825 ], [ 6.4602319, 49.6914182 ], [ 6.4803662, 49.696814299999986 ], [ 6.496198, 49.7096782 ], [ 6.5070185, 49.7126403 ], [ 6.5065124, 49.716373 ], [ 6.4961776, 49.7230928 ], [ 6.4959768, 49.7259558 ], [ 6.5025747, 49.7267058 ], [ 6.5116366, 49.7210885 ], [ 6.5165339, 49.7227626 ], [ 6.5162311, 49.7250642 ], [ 6.5021983, 49.7326136 ], [ 6.5004986, 49.7521391 ], [ 6.5186202, 49.7624497 ], [ 6.5220015, 49.7620734 ], [ 6.5235456, 49.7664872 ], [ 6.5353375, 49.7630258 ], [ 6.5296677, 49.7649131 ], [ 6.5270509, 49.775909099999986 ], [ 6.5665883, 49.793551699999981 ], [ 6.5693456, 49.8002208 ], [ 6.5670553, 49.801826199999986 ], [ 6.5623285, 49.7999054 ], [ 6.5707741, 49.8088744 ], [ 6.5675464, 49.8149071 ], [ 6.5693616, 49.826799600000015 ], [ 6.5617963, 49.8250074 ], [ 6.5588765, 49.827949799999985 ], [ 6.5536576, 49.825218799999988 ], [ 6.5451589, 49.828004199999988 ], [ 6.5463557, 49.8307942 ], [ 6.5433789, 49.8327537 ], [ 6.5395736, 49.8302785 ], [ 6.5334852, 49.8323005 ], [ 6.5275762, 49.8412844 ], [ 6.517693, 49.841844 ], [ 6.5094396, 49.8380826 ], [ 6.5040126, 49.83907 ], [ 6.4842918, 49.8266341 ], [ 6.4892066, 49.8250058 ], [ 6.4831672, 49.821927 ], [ 6.469724, 49.822319899999982 ], [ 6.4545023, 49.8115369 ], [ 6.4434864, 49.8116301 ], [ 6.4406987, 49.814248199999987 ], [ 6.431165, 49.8104453 ], [ 6.4255245, 49.815907499999987 ], [ 6.4102537, 49.817647099999981 ], [ 6.3984068, 49.8217113 ], [ 6.3641721, 49.8507674 ], [ 6.3413778, 49.8488194 ], [ 6.3365382, 49.8389144 ], [ 6.3266848, 49.8362639 ], [ 6.3200888, 49.840341599999988 ], [ 6.3227442, 49.8513973 ], [ 6.3145361, 49.8596786 ], [ 6.3110007, 49.8699445 ], [ 6.2965403, 49.8664819 ], [ 6.2915301, 49.8745653 ], [ 6.2865613, 49.8751058 ], [ 6.2819662, 49.8787648 ], [ 6.2735244, 49.8770206 ], [ 6.2620692, 49.8809336 ], [ 6.2467198, 49.895334399999989 ], [ 6.2399567, 49.8962496 ], [ 6.2336427, 49.900376400000013 ], [ 6.2318796, 49.9068436 ], [ 6.2270222, 49.9107625 ], [ 6.2340032, 49.9127891 ], [ 6.2317517, 49.9185227 ], [ 6.2295395, 49.9209434 ], [ 6.2179673, 49.923536599999984 ], [ 6.2261675, 49.929389 ], [ 6.2235491, 49.934131 ], [ 6.2273176, 49.9365855 ], [ 6.2165967, 49.9444329 ], [ 6.2239073, 49.9499394 ], [ 6.211638, 49.9502312 ], [ 6.2052022, 49.9551869 ], [ 6.1975621, 49.9484053 ], [ 6.1909939, 49.9687574 ], [ 6.1854933, 49.9677765 ], [ 6.1817717, 49.9638296 ], [ 6.1878553, 49.9559622 ], [ 6.1820416, 49.9530807 ], [ 6.1777855, 49.9540349 ], [ 6.1755863, 49.9617917 ], [ 6.1698848, 49.9635065 ], [ 6.1649326, 49.9705482 ], [ 6.1691449, 49.98357 ], [ 6.1723731, 49.9848015 ], [ 6.1572508, 49.9872055 ], [ 6.1507281, 49.9941866 ], [ 6.1418753, 49.9948785 ], [ 6.1380161, 49.998222 ], [ 6.1397112, 50.0000611 ], [ 6.1452789, 49.998414 ], [ 6.1496442, 50.0088824 ], [ 6.1382415, 50.0111937 ], [ 6.1297686, 50.018795899999986 ], [ 6.1374201, 50.0157695 ], [ 6.1458835, 50.022732 ], [ 6.1296682, 50.0299811 ], [ 6.1343301, 50.0401182 ], [ 6.1215077, 50.0528761 ], [ 6.1239381, 50.0597516 ], [ 6.1205321, 50.0600501 ], [ 6.1181162, 50.056380199999985 ], [ 6.1123548, 50.0605086 ], [ 6.1137238, 50.065397499999982 ], [ 6.1205756, 50.0648594 ], [ 6.1214489, 50.0688707 ], [ 6.1292859, 50.0735495 ], [ 6.1249293, 50.076902399999987 ], [ 6.1210195, 50.0725458 ], [ 6.1161406, 50.074333 ], [ 6.1219862, 50.081311 ], [ 6.1204867, 50.0922138 ], [ 6.1329806, 50.0932361 ], [ 6.1255287, 50.099733 ], [ 6.1267335, 50.102097099999988 ], [ 6.1355135, 50.1033774 ], [ 6.1310004, 50.1069536 ], [ 6.1349955, 50.1133162 ], [ 6.1288374, 50.1149408 ], [ 6.1296025, 50.121580599999987 ], [ 6.1368009, 50.124603 ], [ 6.138819, 50.1350348 ], [ 6.1484187, 50.1362558 ], [ 6.1546576, 50.1418997 ], [ 6.1528714, 50.150090299999988 ], [ 6.1485283, 50.151888 ], [ 6.1405542, 50.1479808 ], [ 6.1321135, 50.1535532 ], [ 6.1325325, 50.1555431 ], [ 6.1433897, 50.1558582 ], [ 6.1475229, 50.1606304 ], [ 6.1397937, 50.1692679 ], [ 6.1475845, 50.170457 ], [ 6.144272, 50.1735035 ], [ 6.146895, 50.1777765 ], [ 6.15272, 50.1762495 ], [ 6.1560163, 50.1718502 ], [ 6.1603417, 50.1718161 ], [ 6.1613966, 50.1775884 ], [ 6.1653173, 50.179062 ], [ 6.1779984, 50.179902399999989 ], [ 6.183408, 50.1781509 ], [ 6.192752, 50.181874 ], [ 6.1858309, 50.1840376 ], [ 6.1902767, 50.187612099999988 ], [ 6.1838888, 50.1920669 ], [ 6.1864966, 50.1956352 ], [ 6.1852917, 50.202971299999987 ], [ 6.1889141, 50.20528 ], [ 6.1830785, 50.2076647 ], [ 6.1779715, 50.2164939 ], [ 6.1664082, 50.220040399999988 ], [ 6.168185, 50.2245511 ], [ 6.1770808, 50.226816099999986 ], [ 6.1735799, 50.2320466 ], [ 6.1756874, 50.235416 ], [ 6.1975175, 50.2381039 ], [ 6.2066581, 50.2492894 ], [ 6.2053449, 50.2512049 ], [ 6.2119579, 50.2529384 ], [ 6.2157665, 50.2570118 ], [ 6.2184378, 50.2543808 ], [ 6.223625, 50.258659599999987 ], [ 6.2360864, 50.2625276 ], [ 6.2454754, 50.2619403 ], [ 6.2587277, 50.2677759 ], [ 6.2615446, 50.2650683 ], [ 6.2665395, 50.2648197 ], [ 6.2723607, 50.2676849 ], [ 6.2779427, 50.2664307 ], [ 6.2920898, 50.2788292 ], [ 6.2851579, 50.2843203 ], [ 6.288611, 50.2905164 ], [ 6.2858595, 50.2940653 ], [ 6.2915014, 50.2956334 ], [ 6.2946511, 50.3013185 ], [ 6.2980946, 50.3021476 ], [ 6.2961162, 50.309014499999989 ], [ 6.3066231, 50.3097056 ], [ 6.3092316, 50.3117024 ], [ 6.3064664, 50.3201449 ], [ 6.3128024, 50.3218633 ], [ 6.3176644, 50.3211665 ], [ 6.3180057, 50.3190701 ], [ 6.327275, 50.3245355 ], [ 6.3333233, 50.3231602 ], [ 6.3348914, 50.3164221 ], [ 6.3429181, 50.3184435 ], [ 6.3404804, 50.3157688 ], [ 6.3483775, 50.314955399999988 ], [ 6.3513056, 50.3107988 ], [ 6.3633173, 50.305429 ], [ 6.3583437, 50.3098185 ], [ 6.3589625, 50.313499599999986 ], [ 6.3750734, 50.313795299999988 ], [ 6.3759147, 50.3175129 ], [ 6.3825752, 50.322045499999987 ], [ 6.3893867, 50.3210912 ], [ 6.4151821, 50.3245447 ], [ 6.4252948, 50.323012 ], [ 6.42223, 50.330598699999989 ], [ 6.4240619, 50.3338268 ], [ 6.414995, 50.332660499999982 ], [ 6.4046461, 50.3438592 ], [ 6.404667, 50.3505802 ], [ 6.3971812, 50.3579119 ], [ 6.4059773, 50.363822 ], [ 6.3954522, 50.361418699999987 ], [ 6.3972999, 50.3676847 ], [ 6.3890034, 50.3716865 ], [ 6.3918689, 50.3798454 ], [ 6.3850058, 50.3841867 ], [ 6.4130429, 50.389486 ], [ 6.418244, 50.3827862 ], [ 6.4220308, 50.3819479 ], [ 6.41485, 50.374546199999983 ], [ 6.4208428, 50.3732002 ], [ 6.4208778, 50.368903 ], [ 6.4300235, 50.3631899 ], [ 6.435387, 50.3703188 ], [ 6.4485612, 50.371338400000013 ], [ 6.4494742, 50.363784699999989 ], [ 6.4589193, 50.362011699999989 ], [ 6.4611621, 50.3590269 ], [ 6.4571525, 50.351767 ], [ 6.4586678, 50.3439716 ], [ 6.4495906, 50.3383531 ], [ 6.4516153, 50.336424099999988 ], [ 6.4659821, 50.342588899999988 ], [ 6.4752212, 50.3384528 ], [ 6.4847438, 50.3385611 ], [ 6.4917823, 50.346998 ], [ 6.5047894, 50.3523533 ], [ 6.5034947, 50.355489 ], [ 6.5071218, 50.359877299999987 ], [ 6.5164045, 50.355388 ], [ 6.5166167, 50.362189399999984 ], [ 6.5304505, 50.3693454 ], [ 6.5421827, 50.3710568 ], [ 6.5446905, 50.3700529 ], [ 6.5431779, 50.366244099999982 ], [ 6.5590158, 50.36941 ], [ 6.5665206, 50.3724875 ], [ 6.5691887, 50.3766335 ], [ 6.5818501, 50.3775436 ], [ 6.5851706, 50.3825044 ], [ 6.6030857, 50.38822219999998 ], [ 6.6067594, 50.380967399999982 ], [ 6.6011967, 50.378382099999989 ], [ 6.6040881, 50.3751194 ], [ 6.6162732, 50.377018699999986 ], [ 6.6214748, 50.374257099999987 ], [ 6.6253539, 50.3748836 ], [ 6.62743, 50.3719172 ], [ 6.6218067, 50.3599964 ], [ 6.6222451, 50.353659199999981 ], [ 6.623559, 50.351627 ], [ 6.6298401, 50.351232 ], [ 6.6362062, 50.3453722 ], [ 6.6499587, 50.3481677 ], [ 6.6542265, 50.3510768 ], [ 6.6522661, 50.3523175 ], [ 6.657531, 50.3569897 ], [ 6.6560147, 50.3674354 ], [ 6.6673508, 50.3719678 ], [ 6.6867675, 50.358378799999983 ], [ 6.6963564, 50.3463892 ], [ 6.6992446, 50.3360974 ], [ 6.7060344, 50.3427906 ], [ 6.7324037, 50.352497399999983 ], [ 6.7520748, 50.3555016 ], [ 6.753523, 50.3541164 ], [ 6.7708856, 50.361213199999987 ], [ 6.7767665, 50.3580886 ], [ 6.7776862, 50.364433799999986 ], [ 6.7830826, 50.361914899999988 ], [ 6.7952038, 50.36197319999998 ], [ 6.7955925, 50.359544299999982 ], [ 6.8007114, 50.361781299999976 ], [ 6.8027454, 50.3693046 ], [ 6.7846874, 50.3747506 ], [ 6.7693117, 50.392748 ], [ 6.770481, 50.3977229 ], [ 6.7793075, 50.404973 ], [ 6.779233, 50.413606499999986 ], [ 6.785123, 50.4206333 ], [ 6.7786663, 50.424143 ], [ 6.7706931, 50.425045499999982 ], [ 6.7712006, 50.436053099999988 ], [ 6.7603155, 50.4313933 ], [ 6.7578186, 50.4340509 ], [ 6.7455235, 50.4359296 ], [ 6.7436989, 50.440924199999984 ], [ 6.7646252, 50.4507859 ], [ 6.7629359, 50.4556952 ], [ 6.7666243, 50.4586438 ], [ 6.7627365, 50.4626258 ], [ 6.757073, 50.4630307 ], [ 6.7581454, 50.470931699999987 ], [ 6.7538484, 50.4714213 ], [ 6.7477331, 50.4661557 ], [ 6.743244, 50.4677481 ], [ 6.7446033, 50.4726305 ], [ 6.7513624, 50.4751391 ], [ 6.7591286, 50.4745899 ], [ 6.7682817, 50.4842835 ], [ 6.7753851, 50.4824955 ], [ 6.7798619, 50.4865772 ], [ 6.8009372, 50.491319200000014 ], [ 6.8061936, 50.4882357 ], [ 6.8120695, 50.472244 ], [ 6.8405402, 50.4639456 ], [ 6.8585738, 50.4532658 ], [ 6.8631132, 50.4569588 ], [ 6.866738, 50.456253499999988 ], [ 6.8767039, 50.464792399999986 ], [ 6.9014816, 50.469092 ], [ 6.9032088, 50.4752806 ], [ 6.8992138, 50.478038399999988 ], [ 6.9055938, 50.4850481 ], [ 6.9003602, 50.4897671 ], [ 6.9017491, 50.4919095 ], [ 6.8978665, 50.492265599999989 ], [ 6.9070691, 50.5026423 ], [ 6.8995362, 50.503803499999982 ], [ 6.8975294, 50.506389200000015 ], [ 6.8885541, 50.507009 ], [ 6.8978185, 50.5176947 ], [ 6.8844906, 50.5199438 ], [ 6.8820984, 50.5269494 ], [ 6.8860847, 50.5293176 ], [ 6.9007547, 50.5307856 ], [ 6.8987323, 50.5271281 ], [ 6.9090037, 50.5255027 ], [ 6.9231673, 50.5328525 ], [ 6.9293497, 50.533143199999984 ], [ 6.9313699, 50.5355659 ], [ 6.9289665, 50.542617 ], [ 6.925862, 50.5440252 ], [ 6.9220462, 50.5542809 ], [ 6.9309713, 50.560452299999987 ], [ 6.9513821, 50.5633791 ], [ 6.9561396, 50.560877 ], [ 6.9565155, 50.5570331 ], [ 6.9720983, 50.555907399999988 ], [ 6.9761046, 50.5577757 ], [ 6.9772941, 50.5634463 ], [ 6.983577, 50.56573419999998 ], [ 6.9980963, 50.5650499 ], [ 7.0491945, 50.6043402 ], [ 7.0514981, 50.6034272 ], [ 7.0561315, 50.606240799999988 ], [ 7.0592528, 50.600370899999987 ], [ 7.0663474, 50.6006992 ], [ 7.0690257, 50.5927442 ], [ 7.087431, 50.5860119 ], [ 7.0952713, 50.5863696 ], [ 7.1037967, 50.5913226 ], [ 7.1151211, 50.6117861 ], [ 7.1193867, 50.6123074 ], [ 7.13543, 50.6021691 ], [ 7.1478516, 50.6002933 ], [ 7.1492168, 50.609484 ], [ 7.1547174, 50.6147053 ], [ 7.1730198, 50.612552299999983 ], [ 7.173982, 50.6189095 ], [ 7.1802147, 50.6224484 ], [ 7.1898389, 50.6238954 ], [ 7.1906355, 50.636041299999981 ], [ 7.1984857, 50.6482087 ], [ 7.2033532, 50.650065299999987 ], [ 7.211464, 50.6481602 ], [ 7.2129168, 50.6234533 ], [ 7.2163171, 50.6244446 ], [ 7.2170276, 50.6280669 ], [ 7.2519551, 50.6278388 ], [ 7.2564653, 50.6245876 ], [ 7.2647494, 50.6274316 ], [ 7.2703243, 50.6265582 ], [ 7.2973231, 50.631815799999977 ], [ 7.3050995, 50.6375788 ], [ 7.3130974, 50.6370071 ], [ 7.3226163, 50.6418697 ], [ 7.3334808, 50.6383961 ], [ 7.3380498, 50.6422406 ], [ 7.3589765, 50.6494936 ], [ 7.3556571, 50.6553554 ], [ 7.355821, 50.665231099999986 ], [ 7.3643172, 50.6727024 ], [ 7.3693159, 50.6725497 ], [ 7.3699871, 50.677971299999989 ], [ 7.3661752, 50.680704899999981 ], [ 7.3720628, 50.6821071 ], [ 7.3651162, 50.6876106 ], [ 7.3683079, 50.6970901 ], [ 7.3571364, 50.6979039 ], [ 7.3671914, 50.7067077 ], [ 7.3740108, 50.7182186 ], [ 7.3789228, 50.7158296 ], [ 7.3875355, 50.7174934 ], [ 7.3876106, 50.7157303 ], [ 7.3972824, 50.7142699 ], [ 7.407051, 50.7181876 ], [ 7.4233966, 50.709951 ], [ 7.4328183, 50.7098858 ], [ 7.4431509, 50.7111968 ], [ 7.4449762, 50.7161149 ], [ 7.4486198, 50.71744480000001 ], [ 7.4489392, 50.7158142 ], [ 7.4538904, 50.7158005 ], [ 7.4613333, 50.718624600000012 ], [ 7.4798163, 50.7182539 ], [ 7.5019407, 50.7300133 ], [ 7.5201239, 50.7289969 ], [ 7.5193879, 50.7374066 ], [ 7.521534, 50.733655399999982 ], [ 7.5519004, 50.746343100000011 ], [ 7.5802461, 50.7381375 ], [ 7.5923749, 50.740545399999981 ], [ 7.5952972, 50.7509693 ], [ 7.5916167, 50.7561998 ], [ 7.5990264, 50.76106690000001 ], [ 7.5998509, 50.7658419 ], [ 7.6181688, 50.7701708 ], [ 7.6404129, 50.769119 ], [ 7.6453936, 50.7708814 ], [ 7.6554507, 50.767869499999989 ], [ 7.6548141, 50.7697616 ], [ 7.6621614, 50.7731563 ], [ 7.6587435, 50.780537099999989 ], [ 7.6600135, 50.7855656 ], [ 7.6684555, 50.7861863 ], [ 7.6769556, 50.780459799999988 ], [ 7.6822224, 50.795368499999988 ], [ 7.6750476, 50.8026693 ], [ 7.6749913, 50.8065331 ], [ 7.6795105, 50.810046699999987 ], [ 7.6641092, 50.8153529 ], [ 7.6610036, 50.820364299999987 ], [ 7.6746283, 50.8191951 ], [ 7.6994271, 50.8250115 ], [ 7.7065026, 50.830571799999987 ], [ 7.7063908, 50.8338556 ], [ 7.7136139, 50.833615 ], [ 7.7142855, 50.840447199999986 ], [ 7.7216885, 50.843163699999984 ], [ 7.7293421, 50.8505228 ], [ 7.7580434, 50.8434824 ], [ 7.7621875, 50.845134399999985 ], [ 7.7603352, 50.8485752 ], [ 7.7531871, 50.8513685 ], [ 7.765974, 50.8568195 ], [ 7.7483099, 50.8672168 ], [ 7.7587674, 50.8797722 ], [ 7.7530216, 50.888379199999974 ], [ 7.7604273, 50.9003939 ], [ 7.7506043, 50.9056633 ], [ 7.745064, 50.905199 ], [ 7.7468721, 50.912392 ], [ 7.7357946, 50.9157205 ], [ 7.7354592, 50.9177654 ], [ 7.754489, 50.9216197 ], [ 7.7572814, 50.920164 ], [ 7.7762189, 50.929036599999982 ], [ 7.7858981, 50.939914099999982 ], [ 7.7928108, 50.9423351 ], [ 7.8087884, 50.9388045 ], [ 7.813266, 50.940027199999989 ], [ 7.8188986, 50.9332966 ], [ 7.8281985, 50.928994799999984 ], [ 7.8376268, 50.9290057 ], [ 7.838307, 50.9262876 ], [ 7.8465286, 50.930743 ], [ 7.8514959, 50.9258324 ], [ 7.8383805, 50.9103353 ], [ 7.8337097, 50.908346499999986 ], [ 7.8349648, 50.9018569 ], [ 7.8266999, 50.8908359 ], [ 7.8292636, 50.8823866 ], [ 7.8452695, 50.8783836 ], [ 7.8687746, 50.877562099999977 ], [ 7.8830093, 50.8747055 ], [ 7.8871039, 50.8653983 ], [ 7.8939443, 50.864500299999989 ], [ 7.8929982, 50.8594806 ], [ 7.9058514, 50.8481094 ], [ 7.9156112, 50.845221 ], [ 7.9257437, 50.844825 ], [ 7.9383034, 50.8483799 ], [ 7.9528961, 50.846009099999982 ], [ 7.9576885, 50.848869 ], [ 7.9669818, 50.8440395 ], [ 7.9680711, 50.8360417 ], [ 7.9783131, 50.833311799999983 ], [ 7.9740598, 50.8286458 ], [ 7.9766493, 50.82493 ], [ 7.97196, 50.8146997 ], [ 7.9739378, 50.804173399999989 ], [ 7.9673126, 50.7982491 ], [ 7.9689791, 50.7856184 ], [ 7.9642482, 50.7838225 ], [ 7.9688618, 50.7739211 ], [ 7.9840278, 50.7609901 ], [ 8.0002295, 50.7550808 ], [ 8.0238197, 50.735121499999984 ], [ 8.040326, 50.7256571 ], [ 8.0430458, 50.7117158 ], [ 8.0396899, 50.6973753 ], [ 8.059656, 50.695043299999988 ], [ 8.0642058, 50.699388399999982 ], [ 8.071287, 50.7002324 ], [ 8.0795786, 50.7060846 ], [ 8.0824795, 50.70290439999998 ], [ 8.0991733, 50.7035579 ], [ 8.1098201, 50.6980078 ], [ 8.1210639, 50.685420199999989 ], [ 8.1257767, 50.685814 ], [ 8.1197002, 50.677146 ], [ 8.1125836, 50.675568 ], [ 8.1100923, 50.6572508 ], [ 8.1237857, 50.6452989 ], [ 8.1274917, 50.6450869 ], [ 8.1287557, 50.638503 ], [ 8.1408849, 50.6302283 ], [ 8.1386816, 50.6200468 ], [ 8.1355589, 50.6195209 ], [ 8.137736, 50.618222 ], [ 8.1260187, 50.6100931 ], [ 8.1279583, 50.607719 ], [ 8.147508, 50.6021144 ], [ 8.1515922, 50.5993708 ], [ 8.1521609, 50.593675 ], [ 8.1396716, 50.5665127 ], [ 8.1333506, 50.5618191 ], [ 8.1319393, 50.557028 ], [ 8.1379128, 50.5509479 ], [ 8.118992, 50.5484704 ], [ 8.1111696, 50.5436635 ], [ 8.1140818, 50.5391866 ], [ 8.1208807, 50.5396601 ], [ 8.1177383, 50.5345089 ], [ 8.1150287, 50.5358483 ], [ 8.1034272, 50.532628 ], [ 8.0926058, 50.5366586 ], [ 8.0907147, 50.5353879 ], [ 8.0873036, 50.5385395 ], [ 8.0705215, 50.5379982 ], [ 8.066422, 50.5489308 ], [ 8.0493489, 50.5528006 ], [ 8.046104, 50.5570169 ], [ 8.0416113, 50.5569933 ], [ 8.0409957, 50.552568799999982 ], [ 8.0283746, 50.550558699999982 ], [ 8.0282941, 50.5445011 ], [ 8.0128073, 50.5317714 ], [ 8.0090582, 50.529493899999984 ], [ 8.0046465, 50.5306499 ], [ 7.9928576, 50.5221116 ], [ 7.9965641, 50.5172316 ], [ 7.9829372, 50.5114611 ], [ 7.9899669, 50.4985693 ], [ 7.9789029, 50.495383800000013 ], [ 7.9812352, 50.4937423 ], [ 7.9791982, 50.484640899999981 ], [ 7.9856159, 50.482584399999986 ], [ 7.9876679, 50.472726099999988 ], [ 7.9948211, 50.4705952 ], [ 7.9996171, 50.4631209 ], [ 8.0104749, 50.460572499999984 ], [ 8.010766, 50.4526924 ], [ 8.0081102, 50.4487998 ], [ 8.0001154, 50.4474831 ], [ 8.0010208, 50.4453061 ], [ 7.9906328, 50.443936799999982 ], [ 7.9893915, 50.4397324 ], [ 7.9751825, 50.437621 ], [ 7.9782199, 50.434347499999987 ], [ 7.9880951, 50.435508799999987 ], [ 7.9890331, 50.433782699999981 ], [ 7.9843759, 50.4323126 ], [ 7.9877822, 50.4279216 ], [ 7.9838617, 50.425864299999986 ], [ 7.9812394, 50.4180015 ], [ 7.9749331, 50.4142171 ], [ 7.966172, 50.4152128 ], [ 7.9641917, 50.4122252 ], [ 7.9715594, 50.406220499999989 ], [ 7.9824186, 50.4080972 ], [ 7.989643, 50.4010259 ], [ 7.9843, 50.3990095 ], [ 7.9871539, 50.398054599999988 ], [ 8.0237573, 50.4007662 ], [ 8.0210469, 50.398745299999987 ], [ 8.0203036, 50.386143499999989 ], [ 8.0145597, 50.384525 ], [ 8.0336152, 50.3817485 ], [ 8.0425557, 50.3860542 ], [ 8.0484946, 50.3782858 ], [ 8.0460513, 50.3746596 ], [ 8.0509364, 50.3795171 ], [ 8.0535474, 50.3788525 ], [ 8.0510025, 50.375917099999988 ], [ 8.0583962, 50.3733201 ], [ 8.0597568, 50.375311499999981 ], [ 8.065891, 50.3672224 ], [ 8.0673239, 50.357755099999984 ], [ 8.0699775, 50.3581444 ], [ 8.0767697, 50.3484032 ], [ 8.0766698, 50.3358698 ], [ 8.0719443, 50.3317729 ], [ 8.0743852, 50.3294389 ], [ 8.0940697, 50.330348099999981 ], [ 8.0935946, 50.328087599999989 ], [ 8.1026775, 50.3270173 ], [ 8.1025389, 50.3236655 ], [ 8.107159, 50.3215744 ], [ 8.1024144, 50.3098265 ], [ 8.1186007, 50.29968 ], [ 8.1227769, 50.290472299999983 ], [ 8.1197804, 50.2830374 ], [ 8.1219136, 50.277225 ], [ 8.111065, 50.270724 ], [ 8.1067852, 50.2609096 ], [ 8.1031208, 50.25978880000001 ], [ 8.0920012, 50.2652453 ], [ 8.0790316, 50.261002200000014 ], [ 8.0829932, 50.265902 ], [ 8.0747107, 50.267194499999988 ], [ 8.0720883, 50.2731525 ], [ 8.0671318, 50.2719852 ], [ 8.0529458, 50.274132099999981 ], [ 8.0358918, 50.2711922 ], [ 8.0357746, 50.2645729 ], [ 8.0255865, 50.2617428 ], [ 8.0216505, 50.2583448 ], [ 8.0249439, 50.254193799999982 ], [ 8.0315212, 50.255956 ], [ 8.0378749, 50.2491068 ], [ 8.0361379, 50.245089199999988 ], [ 8.0385314, 50.2461981 ], [ 8.0440893, 50.2424702 ], [ 8.0494373, 50.2443672 ], [ 8.0483951, 50.2406539 ], [ 8.0589096, 50.234405599999988 ], [ 8.0466723, 50.2276356 ], [ 8.044179, 50.2272761 ], [ 8.0434549, 50.229592199999985 ], [ 8.0397183, 50.2285848 ], [ 8.0380506, 50.2269285 ], [ 8.0407833, 50.2256548 ], [ 8.0328692, 50.220821399999984 ], [ 8.0369263, 50.2189012 ], [ 8.0354443, 50.215662 ], [ 8.0117727, 50.2180335 ], [ 8.0115295, 50.2223764 ], [ 8.0027095, 50.2243811 ], [ 8.0063681, 50.228701 ], [ 7.9935212, 50.231715699999988 ], [ 7.9970728, 50.2361956 ], [ 7.9910797, 50.2364516 ], [ 7.9902039, 50.2386651 ], [ 7.9865568, 50.2280881 ], [ 7.9738122, 50.225242 ], [ 7.9713362, 50.2224776 ], [ 7.9530522, 50.2203981 ], [ 7.9480948, 50.2176229 ], [ 7.9515598, 50.214261 ], [ 7.9473951, 50.210072 ], [ 7.9207996, 50.2079636 ], [ 7.911142, 50.2037304 ], [ 7.9078267, 50.2007565 ], [ 7.9125033, 50.1964333 ], [ 7.9102155, 50.1934945 ], [ 7.8828302, 50.1813175 ], [ 7.8886632, 50.1737081 ], [ 7.8840142, 50.1695686 ], [ 7.892377, 50.1618008 ], [ 7.9081672, 50.1562627 ], [ 7.9196439, 50.147798399999985 ], [ 7.9329423, 50.1438843 ], [ 7.9224875, 50.1344573 ], [ 7.9231734, 50.1259921 ], [ 7.9277618, 50.1191363 ], [ 7.9245825, 50.1150405 ], [ 7.925326, 50.1088453 ], [ 7.9300972, 50.1037401 ], [ 7.9231624, 50.1022296 ], [ 7.9203636, 50.10368 ], [ 7.9197634, 50.1089031 ], [ 7.9032236, 50.1215525 ], [ 7.8974418, 50.121529 ], [ 7.8847169, 50.1143783 ], [ 7.8813394, 50.1166759 ], [ 7.8787148, 50.115564299999981 ], [ 7.8752789, 50.1194468 ], [ 7.8653895, 50.120851099999982 ], [ 7.8599793, 50.1276294 ], [ 7.8540161, 50.1283288 ], [ 7.8449181, 50.1234993 ], [ 7.8430908, 50.111661 ], [ 7.8352314, 50.1100212 ], [ 7.8372545, 50.0997057 ], [ 7.8300711, 50.0980256 ], [ 7.8300647, 50.093181699999988 ], [ 7.836754, 50.0944272 ], [ 7.8333351, 50.0922678 ], [ 7.8392302, 50.0874805 ], [ 7.8371941, 50.084128899999982 ], [ 7.8271803, 50.081572199999989 ], [ 7.8220893, 50.0840099 ], [ 7.8167513, 50.0806795 ], [ 7.8146369, 50.0834208 ], [ 7.8034611, 50.08458 ], [ 7.7962089, 50.0765757 ], [ 7.7870973, 50.072011 ], [ 7.7875758, 50.0692764 ], [ 7.7821758, 50.066609 ], [ 7.7739972, 50.0665401 ], [ 7.7733598, 50.0568697 ], [ 7.7922053, 50.044183399999987 ], [ 7.8058844, 50.039342 ], [ 7.830051, 50.0215527 ], [ 7.8505572, 50.0139371 ], [ 7.8578946, 50.007130099999983 ], [ 7.8660576, 49.9804541 ], [ 7.8780616, 49.9731324 ], [ 7.8872552, 49.9718429 ], [ 7.9380233, 49.9739261 ], [ 7.9674016, 49.9777729 ], [ 8.036357, 50.0023117 ], [ 8.0795699, 50.0068987 ], [ 8.1284523, 50.0239781 ], [ 8.1809491, 50.035206 ], [ 8.2294666, 50.0314247 ], [ 8.2445577, 50.0276284 ], [ 8.2723503, 50.0102961 ], [ 8.2902147, 49.9935214 ], [ 8.3223394, 49.9735917 ], [ 8.3376343, 49.9560995 ], [ 8.3546045, 49.9158401 ], [ 8.3536188, 49.908277 ], [ 8.343556, 49.8928728 ], [ 8.3440101, 49.8801093 ], [ 8.3575245, 49.8649015 ], [ 8.3745614, 49.861621 ], [ 8.3835838, 49.855677899999989 ], [ 8.3850991, 49.8482176 ], [ 8.3782955, 49.832870899999982 ], [ 8.3784486, 49.8248201 ], [ 8.4060769, 49.796569 ], [ 8.4162974, 49.773867699999983 ], [ 8.4241459, 49.7679249 ], [ 8.4326576, 49.7659656 ], [ 8.4719843, 49.7688895 ], [ 8.47985, 49.761764799999987 ], [ 8.4773981, 49.7571777 ], [ 8.4541736, 49.7409936 ], [ 8.4359586, 49.720989399999986 ], [ 8.4215302, 49.7156948 ], [ 8.3882928, 49.70928439999998 ], [ 8.3633579, 49.6986378 ], [ 8.357267, 49.692141599999985 ], [ 8.3561052, 49.679717299999986 ], [ 8.3696309, 49.659173 ], [ 8.383394, 49.625194899999983 ], [ 8.3928505, 49.6152825 ], [ 8.4090477, 49.6050441 ], [ 8.4230981, 49.5819216 ], [ 8.4227004, 49.574192499999981 ], [ 8.4145834, 49.561983399999988 ], [ 8.4147253, 49.5538968 ], [ 8.4239102, 49.5406009 ], [ 8.4429639, 49.4926956 ], [ 8.4637954, 49.4704027 ], [ 8.4608759, 49.4650223 ], [ 8.4443224, 49.4591873 ], [ 8.4426909, 49.4502392 ], [ 8.4555277, 49.443760399999988 ], [ 8.4988795, 49.442654499999989 ], [ 8.5078306, 49.4359719 ], [ 8.4961888, 49.402136399999989 ], [ 8.4653798, 49.3872521 ], [ 8.4635284, 49.384428899999989 ], [ 8.4645171, 49.3763927 ], [ 8.4732312, 49.3733643 ], [ 8.4937793, 49.387203699999979 ], [ 8.5003975, 49.3890136 ], [ 8.5009167, 49.376361 ], [ 8.4968112, 49.3641805 ], [ 8.4832914, 49.3485915 ], [ 8.4555238, 49.3320903 ], [ 8.4504845, 49.3231415 ], [ 8.4558037, 49.3142098 ], [ 8.4838498, 49.3049481 ], [ 8.4890688, 49.293124399999982 ], [ 8.4822554, 49.2865443 ], [ 8.4581949, 49.279108699999988 ], [ 8.4398033, 49.2623468 ], [ 8.4006865, 49.2441594 ], [ 8.3892943, 49.2339806 ], [ 8.3848038, 49.2196276 ], [ 8.3985351, 49.225752799999988 ], [ 8.4032122, 49.224655899999988 ], [ 8.4052515, 49.2205608 ], [ 8.3984979, 49.207718799999988 ], [ 8.3850155, 49.1983007 ], [ 8.3812106, 49.1856863 ], [ 8.3684311, 49.1680524 ], [ 8.3727084, 49.1519813 ], [ 8.3580913, 49.0977842 ], [ 8.3459074, 49.0846198 ], [ 8.3205377, 49.0649598 ], [ 8.3116867, 49.0543072 ], [ 8.3041368, 49.0406517 ], [ 8.2973741, 49.0135052 ], [ 8.2841938, 48.9949888 ], [ 8.2326328, 48.9665714 ], [ 8.2266543, 48.9740095 ], [ 8.2218207, 48.9759386 ], [ 8.2151289, 48.9751923 ], [ 8.1994806, 48.9668976 ], [ 8.1953916, 48.969052299999987 ], [ 8.1974521, 48.972602599999988 ], [ 8.1943935, 48.977131700000015 ], [ 8.1725581, 48.9790215 ], [ 8.169904, 48.9764519 ], [ 8.1608604, 48.978577 ], [ 8.1526424, 48.977090299999986 ], [ 8.1399024, 48.9784503 ], [ 8.1238012, 48.986365899999988 ], [ 8.1195304, 48.984788099999989 ], [ 8.1153082, 48.986927699999988 ], [ 8.1081697, 48.986432199999989 ], [ 8.1063457, 48.9890788 ], [ 8.0876838, 48.9898202 ], [ 8.0855179, 48.993202 ], [ 8.0701225, 48.9962968 ], [ 8.0649434, 48.9999841 ], [ 8.0639256, 49.0055334 ], [ 8.0573593, 49.0074187 ], [ 8.048976, 49.0142925 ], [ 8.0310194, 49.0188688 ], [ 8.0228053, 49.018087 ], [ 8.0191104, 49.021519499999982 ], [ 8.0131696, 49.0213018 ], [ 8.0112148, 49.0255156 ], [ 8.0080849, 49.024703 ], [ 7.9963302, 49.0290526 ], [ 7.9823411, 49.0259292 ], [ 7.9747889, 49.026799499999989 ], [ 7.9720186, 49.0358908 ], [ 7.966849, 49.036398 ], [ 7.9665254, 49.0415407 ], [ 7.9568622, 49.043056 ], [ 7.9573688, 49.0448765 ], [ 7.9453157, 49.0496596 ], [ 7.9451386, 49.0554061 ], [ 7.9407093, 49.0542095 ], [ 7.9356481, 49.0576551 ], [ 7.9317515, 49.0580517 ], [ 7.9234456, 49.0440639 ], [ 7.9169829, 49.0408825 ], [ 7.9131122, 49.0401143 ], [ 7.9106896, 49.0451064 ], [ 7.9025417, 49.0445432 ], [ 7.8891316, 49.0490408 ], [ 7.8812805, 49.046045199999988 ], [ 7.866826, 49.0329167 ], [ 7.854654, 49.0354823 ], [ 7.8498608, 49.0440089 ], [ 7.8457084, 49.042587399999988 ], [ 7.8423433, 49.0455225 ], [ 7.8305129, 49.0472747 ], [ 7.8259417, 49.052187599999989 ], [ 7.8126318, 49.0571068 ], [ 7.8104833, 49.0612583 ], [ 7.7944025, 49.065685699999982 ], [ 7.7894334, 49.058722299999985 ], [ 7.7800168, 49.058315 ], [ 7.7692657, 49.0475761 ], [ 7.7610875, 49.0455152 ], [ 7.7515432, 49.0478635 ], [ 7.7407456, 49.0473068 ], [ 7.7322701, 49.043960899999988 ], [ 7.7314272, 49.0555309 ], [ 7.7211681, 49.0512711 ], [ 7.7177163, 49.0539035 ], [ 7.7082397, 49.0524792 ], [ 7.7056308, 49.0561493 ], [ 7.6980456, 49.0558785 ], [ 7.6959484, 49.057797199999982 ], [ 7.6924506, 49.054118 ], [ 7.6976217, 49.049701 ], [ 7.6809482, 49.0489532 ], [ 7.6733679, 49.045086399999988 ], [ 7.6312013, 49.0548857 ], [ 7.6325487, 49.063795499999983 ], [ 7.6293114, 49.0735508 ], [ 7.6201397, 49.0741072 ], [ 7.6009717, 49.083234599999983 ], [ 7.5636195, 49.0802261 ], [ 7.5356932, 49.0935954 ], [ 7.5377956, 49.0964147 ], [ 7.5286778, 49.097091899999988 ], [ 7.5294567, 49.1020538 ], [ 7.521983, 49.1078595 ], [ 7.51551, 49.1209561 ], [ 7.5055197, 49.1223727 ], [ 7.4975731, 49.1345739 ], [ 7.4895659, 49.1364744 ], [ 7.4898611, 49.142277299999989 ], [ 7.495258, 49.1413444 ], [ 7.4976588, 49.146198 ], [ 7.5059791, 49.150515399999989 ], [ 7.5064087, 49.154707 ], [ 7.4960546, 49.155073 ], [ 7.4925238, 49.1642809 ], [ 7.4939843, 49.169364099999989 ], [ 7.4722119, 49.1685167 ], [ 7.4597464, 49.162822299999988 ], [ 7.4481882, 49.1687513 ], [ 7.4396976, 49.1645421 ], [ 7.4344611, 49.1647678 ], [ 7.4328818, 49.1681228 ], [ 7.4417132, 49.1720257 ], [ 7.435884, 49.179664 ], [ 7.4456467, 49.184151 ], [ 7.3651426, 49.171836299999988 ], [ 7.3688648, 49.161800199999988 ], [ 7.3626679, 49.158388599999988 ], [ 7.3611742, 49.161299799999988 ], [ 7.3501484, 49.1628382 ], [ 7.3431221, 49.1730097 ], [ 7.3358781, 49.1758666 ], [ 7.3384852, 49.184432099999988 ], [ 7.3212086, 49.1885172 ], [ 7.3057375, 49.2010412 ], [ 7.3035381, 49.205768899999981 ], [ 7.2980308, 49.2039538 ], [ 7.2957568, 49.2053468 ], [ 7.3012848, 49.209478099999984 ], [ 7.2982774, 49.2140232 ], [ 7.3026515, 49.216492 ], [ 7.3040043, 49.222113099999987 ], [ 7.2889582, 49.230595099999988 ], [ 7.2945036, 49.234708 ], [ 7.2891324, 49.2378211 ], [ 7.3034639, 49.245498 ], [ 7.30293, 49.2510035 ], [ 7.3065151, 49.2561404 ], [ 7.312189, 49.2570276 ], [ 7.3158983, 49.2514876 ], [ 7.3245542, 49.2481417 ], [ 7.3277854, 49.2545612 ], [ 7.3248581, 49.257463 ], [ 7.3390814, 49.2639283 ], [ 7.3440193, 49.2704417 ], [ 7.3435059, 49.2742807 ], [ 7.3344632, 49.2782849 ], [ 7.3558232, 49.2837197 ], [ 7.3549586, 49.2822099 ], [ 7.3653266, 49.2781241 ], [ 7.3670123, 49.283087 ], [ 7.3716955, 49.2809126 ], [ 7.3854272, 49.294124 ], [ 7.3799843, 49.2976013 ], [ 7.3807267, 49.3066834 ], [ 7.384016, 49.3099524 ], [ 7.3918836, 49.309597199999985 ], [ 7.3902222, 49.3122447 ], [ 7.3944941, 49.3163521 ], [ 7.392083, 49.3208491 ], [ 7.3855381, 49.320452900000014 ], [ 7.3808129, 49.3168062 ], [ 7.3777263, 49.3203936 ], [ 7.384046, 49.321838299999989 ], [ 7.3928011, 49.3282618 ], [ 7.396447, 49.3359704 ], [ 7.4005261, 49.3376979 ], [ 7.400936, 49.3445472 ], [ 7.4037732, 49.346115399999988 ], [ 7.398338, 49.3478981 ], [ 7.3986679, 49.350493799999988 ], [ 7.3898889, 49.3498346 ], [ 7.3908873, 49.3534393 ], [ 7.4026251, 49.3562093 ], [ 7.3933519, 49.3634792 ], [ 7.4020753, 49.3677187 ], [ 7.3998381, 49.3717386 ], [ 7.3958987, 49.3720461 ], [ 7.3663796, 49.3634104 ], [ 7.3691066, 49.3739826 ], [ 7.3548437, 49.3744217 ], [ 7.355817, 49.3797701 ], [ 7.3406879, 49.3808321 ], [ 7.3313583, 49.3788501 ], [ 7.317753, 49.381396800000012 ], [ 7.3161976, 49.3843289 ], [ 7.3029718, 49.3874206 ], [ 7.3019835, 49.3893098 ], [ 7.291848, 49.388714799999988 ], [ 7.2921444, 49.3928489 ], [ 7.289656, 49.3932938 ], [ 7.2989413, 49.398519399999984 ], [ 7.2942429, 49.4010117 ], [ 7.2972192, 49.404581 ], [ 7.2885328, 49.4164353 ], [ 7.2823986, 49.4175124 ], [ 7.2727889, 49.424213099999989 ], [ 7.2609584, 49.4236222 ], [ 7.2502463, 49.4351779 ], [ 7.2538283, 49.4361409 ], [ 7.2553283, 49.44059739999998 ], [ 7.2464377, 49.4455184 ], [ 7.2734681, 49.4518152 ], [ 7.2748112, 49.4556625 ], [ 7.2869274, 49.4576894 ], [ 7.2862697, 49.4600778 ], [ 7.3010929, 49.4666854 ], [ 7.3048257, 49.4724459 ], [ 7.2968412, 49.4835497 ], [ 7.2927516, 49.4821071 ], [ 7.2781357, 49.4842748 ], [ 7.2819152, 49.4860305 ], [ 7.2797692, 49.4871128 ], [ 7.283068, 49.4954642 ], [ 7.2870668, 49.4990628 ], [ 7.2827391, 49.501947 ], [ 7.2854332, 49.504653099999985 ], [ 7.2809444, 49.5055248 ], [ 7.2827717, 49.5105113 ], [ 7.2886926, 49.5132091 ], [ 7.2856886, 49.5169066 ], [ 7.2971144, 49.5228932 ], [ 7.2988217, 49.5206212 ], [ 7.3016453, 49.5216304 ], [ 7.2988168, 49.5191347 ], [ 7.3010485, 49.5179683 ], [ 7.3078314, 49.519951 ], [ 7.3098719, 49.5232205 ], [ 7.2997061, 49.529558 ], [ 7.3027622, 49.5345474 ], [ 7.2761115, 49.53742339999998 ], [ 7.274862, 49.5605677 ], [ 7.2674812, 49.563877600000012 ], [ 7.267723, 49.5680808 ], [ 7.2621009, 49.5736109 ], [ 7.268704, 49.5840834 ], [ 7.2613417, 49.5831793 ], [ 7.2525763, 49.5739859 ], [ 7.2407751, 49.5732229 ], [ 7.2408294, 49.5689741 ], [ 7.2244011, 49.5648339 ], [ 7.2133525, 49.5658458 ], [ 7.2097587, 49.5681726 ], [ 7.2140066, 49.574455699999987 ], [ 7.2099992, 49.5771487 ], [ 7.1967773, 49.5778368 ], [ 7.1883738, 49.575661499999988 ], [ 7.1821411, 49.5826559 ], [ 7.173454, 49.5850842 ], [ 7.1710985, 49.5878785 ], [ 7.1750887, 49.5946329 ], [ 7.1737131, 49.5990682 ], [ 7.1654439, 49.5970505 ], [ 7.1543432, 49.6032245 ], [ 7.1493091, 49.6036788 ], [ 7.1386575, 49.5973198 ], [ 7.1184036, 49.5959828 ], [ 7.1047988, 49.5990277 ], [ 7.1001589, 49.6056829 ], [ 7.1006352, 49.6024329 ], [ 7.0929917, 49.6035891 ], [ 7.0876748, 49.5995838 ], [ 7.0796298, 49.6120841 ], [ 7.0590799, 49.6304796 ], [ 7.0279801, 49.6394383 ], [ 7.0123977, 49.628358399999982 ], [ 7.0010236, 49.6308802 ], [ 6.9859637, 49.620731299999989 ], [ 6.9915348, 49.635467899999981 ], [ 6.9888922, 49.632936099999981 ], [ 6.9776766, 49.6327135 ], [ 6.9783991, 49.635888299999984 ], [ 6.9750787, 49.6354066 ], [ 6.9668105, 49.6303932 ], [ 6.9602231, 49.6290974 ], [ 6.9588362, 49.6307833 ], [ 6.9513952, 49.625119 ], [ 6.9486123, 49.6351283 ], [ 6.9451597, 49.6358665 ], [ 6.932763, 49.6310268 ], [ 6.9370459, 49.6251092 ], [ 6.9345228, 49.6200939 ], [ 6.9377763, 49.617737599999984 ], [ 6.9350126, 49.6159739 ], [ 6.9276919, 49.6182941 ], [ 6.929578, 49.6124352 ], [ 6.9262069, 49.612198799999987 ], [ 6.9214295, 49.616663 ], [ 6.9063152, 49.6141391 ], [ 6.8914453, 49.616286599999988 ], [ 6.8914538, 49.6134226 ], [ 6.8865942, 49.6131998 ], [ 6.885481, 49.6109479 ], [ 6.889808, 49.606283 ], [ 6.8825995, 49.608438 ], [ 6.8795607, 49.601171 ], [ 6.8724706, 49.6045646 ], [ 6.870614, 49.608387099999987 ], [ 6.8664352, 49.6086597 ], [ 6.8572058, 49.6051817 ], [ 6.8460063, 49.589615899999984 ], [ 6.8391243, 49.592635799999989 ], [ 6.8416528, 49.5888228 ], [ 6.835421, 49.5829319 ], [ 6.8242632, 49.5884063 ], [ 6.8223008, 49.586360799999987 ], [ 6.813442, 49.591999099999981 ], [ 6.7982083, 49.586348799999982 ], [ 6.7781558, 49.570224 ], [ 6.7675, 49.5690437 ], [ 6.7479818, 49.557908 ], [ 6.7379029, 49.557954 ], [ 6.7339883, 49.5602069 ], [ 6.7085823, 49.5533081 ], [ 6.6999635, 49.5411998 ], [ 6.6936437, 49.5395546 ], [ 6.6904467, 49.5352039 ], [ 6.6841825, 49.5481537 ], [ 6.6641149, 49.542737099999989 ], [ 6.6582086, 49.5439473 ], [ 6.6528198, 49.550935499999987 ], [ 6.6504283, 49.5495118 ], [ 6.6514844, 49.5439626 ], [ 6.6459507, 49.539143 ], [ 6.641349, 49.5377529 ], [ 6.6411043, 49.5402389 ], [ 6.632775, 49.541903399999988 ], [ 6.6169719, 49.5355224 ], [ 6.6196583, 49.5305613 ], [ 6.6070206, 49.527398299999987 ], [ 6.6103181, 49.5210842 ], [ 6.6046794, 49.5172592 ], [ 6.5953374, 49.518810099999989 ], [ 6.5884313, 49.5174718 ], [ 6.5797287, 49.5221877 ], [ 6.5782887, 49.530128499999989 ], [ 6.5639631, 49.5405576 ], [ 6.5547506, 49.535963599999988 ], [ 6.5385539, 49.5394525 ], [ 6.52521, 49.5294427 ], [ 6.517437, 49.527547 ], [ 6.5149268, 49.5350802 ], [ 6.5075603, 49.5352704 ], [ 6.499292, 49.530355799999988 ], [ 6.4941206, 49.5306228 ], [ 6.4856755, 49.5337733 ], [ 6.4767467, 49.5416721 ], [ 6.4679216, 49.544366399999987 ], [ 6.4520719, 49.5382772 ], [ 6.4493205, 49.5439437 ], [ 6.4440615, 49.542935 ], [ 6.4302978, 49.5489628 ] ] ] } },
{ "type": "Feature", "properties": { "LAN": "Saarland" }, "geometry": { "type": "Polygon", "coordinates": [ [ [ 6.8362915, 49.2112598 ], [ 6.8519714, 49.2002612 ], [ 6.8504968, 49.193413099999987 ], [ 6.8583586, 49.1868609 ], [ 6.8617675, 49.1788393 ], [ 6.8589959, 49.1746156 ], [ 6.8443973, 49.173057099999987 ], [ 6.8475177, 49.1571579 ], [ 6.8340566, 49.1510804 ], [ 6.7827241, 49.1681589 ], [ 6.7610931, 49.1647448 ], [ 6.7498148, 49.166718599999989 ], [ 6.7386005, 49.1636751 ], [ 6.7203241, 49.1753196 ], [ 6.7112084, 49.1883418 ], [ 6.7314447, 49.2059567 ], [ 6.7197389, 49.2211085 ], [ 6.7063078, 49.2163587 ], [ 6.695825, 49.2152743 ], [ 6.6897043, 49.2204524 ], [ 6.6906191, 49.231089 ], [ 6.6852234, 49.2415869 ], [ 6.6899989, 49.2495555 ], [ 6.6756313, 49.2575878 ], [ 6.6643052, 49.254453899999987 ], [ 6.6614154, 49.258075199999986 ], [ 6.660424, 49.261184899999982 ], [ 6.6677643, 49.2709655 ], [ 6.6659259, 49.2769287 ], [ 6.670166, 49.280253699999989 ], [ 6.6601149, 49.283665899999988 ], [ 6.6533697, 49.2812372 ], [ 6.6503898, 49.2885303 ], [ 6.6441439, 49.289829300000015 ], [ 6.6387988, 49.2956808 ], [ 6.6320145, 49.295780699999973 ], [ 6.6223588, 49.303131399999984 ], [ 6.6151057, 49.3013495 ], [ 6.6048086, 49.3121447 ], [ 6.5891213, 49.3220582 ], [ 6.5955955, 49.3300573 ], [ 6.5896703, 49.3346076 ], [ 6.5911636, 49.3362449 ], [ 6.5783933, 49.334962399999988 ], [ 6.5756946, 49.3416694 ], [ 6.565664, 49.3476517 ], [ 6.5636214, 49.3559129 ], [ 6.5740564, 49.3586649 ], [ 6.5816005, 49.3562976 ], [ 6.5884166, 49.3498833 ], [ 6.5919556, 49.3581803 ], [ 6.5966401, 49.3592528 ], [ 6.6021589, 49.3671088 ], [ 6.5995918, 49.3665438 ], [ 6.59452, 49.3715745 ], [ 6.5831483, 49.368422599999988 ], [ 6.5866533, 49.3851469 ], [ 6.5802819, 49.3854981 ], [ 6.5767933, 49.3897942 ], [ 6.5635874, 49.3881012 ], [ 6.5601064, 49.3925083 ], [ 6.552251, 49.3942149 ], [ 6.5521001, 49.399903099999982 ], [ 6.5408192, 49.4012507 ], [ 6.5386758, 49.4122046 ], [ 6.5485712, 49.4178303 ], [ 6.5525755, 49.416928 ], [ 6.5563714, 49.4187907 ], [ 6.5559402, 49.4210097 ], [ 6.5525479, 49.421287299999989 ], [ 6.5508158, 49.4253795 ], [ 6.5394135, 49.433723899999983 ], [ 6.5248459, 49.4353977 ], [ 6.4993674, 49.4503835 ], [ 6.486288, 49.451621099999983 ], [ 6.4646067, 49.4663698 ], [ 6.4556567, 49.4626794 ], [ 6.4431463, 49.4681716 ], [ 6.4405497, 49.4667097 ], [ 6.4291311, 49.4762405 ], [ 6.4204405, 49.4764203 ], [ 6.4036005, 49.465921599999987 ], [ 6.3934054, 49.464050099999987 ], [ 6.3799069, 49.4662154 ], [ 6.3750133, 49.4641262 ], [ 6.3714052, 49.4686163 ], [ 6.3670835, 49.469512 ], [ 6.3675201, 49.5027303 ], [ 6.3570058, 49.5300422 ], [ 6.360601, 49.5360038 ], [ 6.3824987, 49.551342 ], [ 6.3939145, 49.5474475 ], [ 6.4041017, 49.548592 ], [ 6.4140554, 49.5463579 ], [ 6.4143203, 49.543259 ], [ 6.4302978, 49.5489628 ], [ 6.4440615, 49.542935 ], [ 6.4493205, 49.5439437 ], [ 6.4520719, 49.5382772 ], [ 6.4679216, 49.544366399999987 ], [ 6.4767467, 49.5416721 ], [ 6.4856755, 49.5337733 ], [ 6.4941206, 49.5306228 ], [ 6.499292, 49.530355799999988 ], [ 6.5075603, 49.5352704 ], [ 6.5149268, 49.5350802 ], [ 6.517437, 49.527547 ], [ 6.52521, 49.5294427 ], [ 6.5385539, 49.5394525 ], [ 6.5547506, 49.535963599999988 ], [ 6.5639631, 49.5405576 ], [ 6.5782887, 49.530128499999989 ], [ 6.5797287, 49.5221877 ], [ 6.5884313, 49.5174718 ], [ 6.5953374, 49.518810099999989 ], [ 6.6046794, 49.5172592 ], [ 6.6103181, 49.5210842 ], [ 6.6070206, 49.527398299999987 ], [ 6.6196583, 49.5305613 ], [ 6.6169719, 49.5355224 ], [ 6.632775, 49.541903399999988 ], [ 6.6411043, 49.5402389 ], [ 6.641349, 49.5377529 ], [ 6.6459507, 49.539143 ], [ 6.6514844, 49.5439626 ], [ 6.6504283, 49.5495118 ], [ 6.6528198, 49.550935499999987 ], [ 6.6582086, 49.5439473 ], [ 6.6641149, 49.542737099999989 ], [ 6.6841825, 49.5481537 ], [ 6.6904467, 49.5352039 ], [ 6.6936437, 49.5395546 ], [ 6.6999635, 49.5411998 ], [ 6.7085823, 49.5533081 ], [ 6.7339883, 49.5602069 ], [ 6.7379029, 49.557954 ], [ 6.7479818, 49.557908 ], [ 6.7675, 49.5690437 ], [ 6.7781558, 49.570224 ], [ 6.7982083, 49.586348799999982 ], [ 6.813442, 49.591999099999981 ], [ 6.8223008, 49.586360799999987 ], [ 6.8242632, 49.5884063 ], [ 6.835421, 49.5829319 ], [ 6.8416528, 49.5888228 ], [ 6.8391243, 49.592635799999989 ], [ 6.8460063, 49.589615899999984 ], [ 6.8572058, 49.6051817 ], [ 6.8664352, 49.6086597 ], [ 6.870614, 49.608387099999987 ], [ 6.8724706, 49.6045646 ], [ 6.8795607, 49.601171 ], [ 6.8825995, 49.608438 ], [ 6.889808, 49.606283 ], [ 6.885481, 49.6109479 ], [ 6.8865942, 49.6131998 ], [ 6.8914538, 49.6134226 ], [ 6.8914453, 49.616286599999988 ], [ 6.9063152, 49.6141391 ], [ 6.9214295, 49.616663 ], [ 6.9262069, 49.612198799999987 ], [ 6.929578, 49.6124352 ], [ 6.9276919, 49.6182941 ], [ 6.9350126, 49.6159739 ], [ 6.9377763, 49.617737599999984 ], [ 6.9345228, 49.6200939 ], [ 6.9370459, 49.6251092 ], [ 6.932763, 49.6310268 ], [ 6.9451597, 49.6358665 ], [ 6.9486123, 49.6351283 ], [ 6.9513952, 49.625119 ], [ 6.9588362, 49.6307833 ], [ 6.9602231, 49.6290974 ], [ 6.9668105, 49.6303932 ], [ 6.9750787, 49.6354066 ], [ 6.9783991, 49.635888299999984 ], [ 6.9776766, 49.6327135 ], [ 6.9888922, 49.632936099999981 ], [ 6.9915348, 49.635467899999981 ], [ 6.9859637, 49.620731299999989 ], [ 7.0010236, 49.6308802 ], [ 7.0123977, 49.628358399999982 ], [ 7.0279801, 49.6394383 ], [ 7.0590799, 49.6304796 ], [ 7.0796298, 49.6120841 ], [ 7.0876748, 49.5995838 ], [ 7.0929917, 49.6035891 ], [ 7.1006352, 49.6024329 ], [ 7.1001589, 49.6056829 ], [ 7.1047988, 49.5990277 ], [ 7.1184036, 49.5959828 ], [ 7.1386575, 49.5973198 ], [ 7.1493091, 49.6036788 ], [ 7.1543432, 49.6032245 ], [ 7.1654439, 49.5970505 ], [ 7.1737131, 49.5990682 ], [ 7.1750887, 49.5946329 ], [ 7.1710985, 49.5878785 ], [ 7.173454, 49.5850842 ], [ 7.1821411, 49.5826559 ], [ 7.1883738, 49.575661499999988 ], [ 7.1967773, 49.5778368 ], [ 7.2099992, 49.5771487 ], [ 7.2140066, 49.574455699999987 ], [ 7.2097587, 49.5681726 ], [ 7.2133525, 49.5658458 ], [ 7.2244011, 49.5648339 ], [ 7.2408294, 49.5689741 ], [ 7.2407751, 49.5732229 ], [ 7.2525763, 49.5739859 ], [ 7.2613417, 49.5831793 ], [ 7.268704, 49.5840834 ], [ 7.2621009, 49.5736109 ], [ 7.267723, 49.5680808 ], [ 7.2674812, 49.563877600000012 ], [ 7.274862, 49.5605677 ], [ 7.2761115, 49.53742339999998 ], [ 7.3027622, 49.5345474 ], [ 7.2997061, 49.529558 ], [ 7.3098719, 49.5232205 ], [ 7.3078314, 49.519951 ], [ 7.3010485, 49.5179683 ], [ 7.2988168, 49.5191347 ], [ 7.3016453, 49.5216304 ], [ 7.2988217, 49.5206212 ], [ 7.2971144, 49.5228932 ], [ 7.2856886, 49.5169066 ], [ 7.2886926, 49.5132091 ], [ 7.2827717, 49.5105113 ], [ 7.2809444, 49.5055248 ], [ 7.2854332, 49.504653099999985 ], [ 7.2827391, 49.501947 ], [ 7.2870668, 49.4990628 ], [ 7.283068, 49.4954642 ], [ 7.2797692, 49.4871128 ], [ 7.2819152, 49.4860305 ], [ 7.2781357, 49.4842748 ], [ 7.2927516, 49.4821071 ], [ 7.2968412, 49.4835497 ], [ 7.3048257, 49.4724459 ], [ 7.3010929, 49.4666854 ], [ 7.2862697, 49.4600778 ], [ 7.2869274, 49.4576894 ], [ 7.2748112, 49.4556625 ], [ 7.2734681, 49.4518152 ], [ 7.2464377, 49.4455184 ], [ 7.2553283, 49.44059739999998 ], [ 7.2538283, 49.4361409 ], [ 7.2502463, 49.4351779 ], [ 7.2609584, 49.4236222 ], [ 7.2727889, 49.424213099999989 ], [ 7.2823986, 49.4175124 ], [ 7.2885328, 49.4164353 ], [ 7.2972192, 49.404581 ], [ 7.2942429, 49.4010117 ], [ 7.2989413, 49.398519399999984 ], [ 7.289656, 49.3932938 ], [ 7.2921444, 49.3928489 ], [ 7.291848, 49.388714799999988 ], [ 7.3019835, 49.3893098 ], [ 7.3029718, 49.3874206 ], [ 7.3161976, 49.3843289 ], [ 7.317753, 49.381396800000012 ], [ 7.3313583, 49.3788501 ], [ 7.3406879, 49.3808321 ], [ 7.355817, 49.3797701 ], [ 7.3548437, 49.3744217 ], [ 7.3691066, 49.3739826 ], [ 7.3663796, 49.3634104 ], [ 7.3958987, 49.3720461 ], [ 7.3998381, 49.3717386 ], [ 7.4020753, 49.3677187 ], [ 7.3933519, 49.3634792 ], [ 7.4026251, 49.3562093 ], [ 7.3908873, 49.3534393 ], [ 7.3898889, 49.3498346 ], [ 7.3986679, 49.350493799999988 ], [ 7.398338, 49.3478981 ], [ 7.4037732, 49.346115399999988 ], [ 7.400936, 49.3445472 ], [ 7.4005261, 49.3376979 ], [ 7.396447, 49.3359704 ], [ 7.3928011, 49.3282618 ], [ 7.384046, 49.321838299999989 ], [ 7.3777263, 49.3203936 ], [ 7.3808129, 49.3168062 ], [ 7.3855381, 49.320452900000014 ], [ 7.392083, 49.3208491 ], [ 7.3944941, 49.3163521 ], [ 7.3902222, 49.3122447 ], [ 7.3918836, 49.309597199999985 ], [ 7.384016, 49.3099524 ], [ 7.3807267, 49.3066834 ], [ 7.3799843, 49.2976013 ], [ 7.3854272, 49.294124 ], [ 7.3716955, 49.2809126 ], [ 7.3670123, 49.283087 ], [ 7.3653266, 49.2781241 ], [ 7.3549586, 49.2822099 ], [ 7.3558232, 49.2837197 ], [ 7.3344632, 49.2782849 ], [ 7.3435059, 49.2742807 ], [ 7.3440193, 49.2704417 ], [ 7.3390814, 49.2639283 ], [ 7.3248581, 49.257463 ], [ 7.3277854, 49.2545612 ], [ 7.3245542, 49.2481417 ], [ 7.3158983, 49.2514876 ], [ 7.312189, 49.2570276 ], [ 7.3065151, 49.2561404 ], [ 7.30293, 49.2510035 ], [ 7.3034639, 49.245498 ], [ 7.2891324, 49.2378211 ], [ 7.2945036, 49.234708 ], [ 7.2889582, 49.230595099999988 ], [ 7.3040043, 49.222113099999987 ], [ 7.3026515, 49.216492 ], [ 7.2982774, 49.2140232 ], [ 7.3012848, 49.209478099999984 ], [ 7.2957568, 49.2053468 ], [ 7.2980308, 49.2039538 ], [ 7.3035381, 49.205768899999981 ], [ 7.3057375, 49.2010412 ], [ 7.3212086, 49.1885172 ], [ 7.3384852, 49.184432099999988 ], [ 7.3358781, 49.1758666 ], [ 7.3431221, 49.1730097 ], [ 7.3501484, 49.1628382 ], [ 7.3611742, 49.161299799999988 ], [ 7.3626679, 49.158388599999988 ], [ 7.3665434, 49.1619092 ], [ 7.3687554, 49.1614579 ], [ 7.3613794, 49.153419 ], [ 7.3627265, 49.1431483 ], [ 7.3298497, 49.1447705 ], [ 7.3213583, 49.1413878 ], [ 7.3138559, 49.1371772 ], [ 7.3102103, 49.1294388 ], [ 7.2931769, 49.1149073 ], [ 7.2823591, 49.1169107 ], [ 7.2838025, 49.1234435 ], [ 7.281587, 49.124370199999987 ], [ 7.2782323, 49.122468100000013 ], [ 7.2716348, 49.12426379999998 ], [ 7.2656796, 49.1226514 ], [ 7.2450542, 49.1301107 ], [ 7.2054822, 49.1236126 ], [ 7.1980413, 49.1151666 ], [ 7.1963078, 49.1216522 ], [ 7.1854703, 49.131236 ], [ 7.1774162, 49.130241 ], [ 7.1767041, 49.12823 ], [ 7.165058, 49.128595 ], [ 7.1594058, 49.1204671 ], [ 7.1356, 49.128405 ], [ 7.1257848, 49.1418955 ], [ 7.1040574, 49.1383899 ], [ 7.1036035, 49.1454551 ], [ 7.1132351, 49.151962499999982 ], [ 7.1010688, 49.15599779999998 ], [ 7.0948194, 49.152706199999983 ], [ 7.0821815, 49.152064 ], [ 7.084288, 49.143866 ], [ 7.0820774, 49.141854499999987 ], [ 7.0896895, 49.1334241 ], [ 7.0893959, 49.130184599999978 ], [ 7.0718196, 49.124330299999983 ], [ 7.0666052, 49.1142466 ], [ 7.0550312, 49.1120901 ], [ 7.0442318, 49.1201944 ], [ 7.0465025, 49.1373371 ], [ 7.0322733, 49.1565267 ], [ 7.0330339, 49.163626300000011 ], [ 7.027733, 49.1701332 ], [ 7.0350127, 49.1914161 ], [ 7.0233263, 49.1891899 ], [ 7.0214646, 49.1931405 ], [ 7.0107527, 49.187953099999987 ], [ 7.0089012, 49.193973799999988 ], [ 6.9994811, 49.1944635 ], [ 6.9925737, 49.2008214 ], [ 6.975231, 49.2094539 ], [ 6.9596038, 49.2030902 ], [ 6.9398801, 49.2166853 ], [ 6.9381082, 49.222434 ], [ 6.9187137, 49.2227207 ], [ 6.9187688, 49.2199487 ], [ 6.9115303, 49.215061399999982 ], [ 6.9005271, 49.213664099999981 ], [ 6.8933454, 49.2091467 ], [ 6.8731657, 49.2148269 ], [ 6.8704321, 49.218809199999988 ], [ 6.8588733, 49.222757399999985 ], [ 6.8362915, 49.2112598 ] ] ] } },
{ "type": "Feature", "properties": { "LAN": "Sachsen" }, "geometry": { "type": "Polygon", "coordinates": [ [ [ 12.3501053, 50.253534 ], [ 12.3592995, 50.242317799999988 ], [ 12.3511439, 50.2392508 ], [ 12.3551649, 50.2376557 ], [ 12.349036, 50.2364969 ], [ 12.3417142, 50.2406725 ], [ 12.3310845, 50.242714 ], [ 12.3324346, 50.2384534 ], [ 12.327895, 50.2346558 ], [ 12.3326924, 50.2342552 ], [ 12.3290488, 50.2253312 ], [ 12.3352997, 50.2208999 ], [ 12.3345142, 50.2168827 ], [ 12.3265211, 50.218654199999989 ], [ 12.3279262, 50.2124308 ], [ 12.3230547, 50.2074534 ], [ 12.3260091, 50.2018983 ], [ 12.3321436, 50.2006303 ], [ 12.33822, 50.1924778 ], [ 12.3360119, 50.1884878 ], [ 12.3237162, 50.181321499999989 ], [ 12.3275145, 50.179636099999989 ], [ 12.3276451, 50.175982599999983 ], [ 12.3375325, 50.1733815 ], [ 12.3227506, 50.1718152 ], [ 12.3034955, 50.1752728 ], [ 12.2949383, 50.174678299999989 ], [ 12.2898036, 50.1769301 ], [ 12.2919343, 50.178402899999988 ], [ 12.2893375, 50.1860516 ], [ 12.2862379, 50.1854794 ], [ 12.2847218, 50.1898681 ], [ 12.2822034, 50.1885123 ], [ 12.2774315, 50.191709499999988 ], [ 12.2746693, 50.196687 ], [ 12.2884666, 50.2039757 ], [ 12.2851276, 50.2060258 ], [ 12.2886817, 50.2104452 ], [ 12.2818233, 50.2082028 ], [ 12.2828732, 50.2136659 ], [ 12.2938778, 50.221270099999984 ], [ 12.2793205, 50.222478100000011 ], [ 12.2794013, 50.2246189 ], [ 12.2863278, 50.2254829 ], [ 12.2745768, 50.233288299999984 ], [ 12.2668964, 50.2319187 ], [ 12.2627675, 50.2336848 ], [ 12.2658769, 50.2344347 ], [ 12.2551219, 50.2367311 ], [ 12.2511327, 50.241974299999988 ], [ 12.2396273, 50.2461689 ], [ 12.2415549, 50.2508802 ], [ 12.2459086, 50.2509729 ], [ 12.249597, 50.2542916 ], [ 12.245669, 50.2564138 ], [ 12.24754, 50.257790199999988 ], [ 12.2550144, 50.2512479 ], [ 12.2594055, 50.2523146 ], [ 12.2660365, 50.2502146 ], [ 12.266016, 50.2587016 ], [ 12.2537031, 50.2710859 ], [ 12.2478311, 50.2702796 ], [ 12.2470407, 50.2682626 ], [ 12.2300604, 50.2712109 ], [ 12.2132284, 50.270204199999988 ], [ 12.2014569, 50.2727818 ], [ 12.2023208, 50.2877537 ], [ 12.1956187, 50.293171799999989 ], [ 12.2013447, 50.3089516 ], [ 12.1982753, 50.307354 ], [ 12.1867923, 50.3116785 ], [ 12.1825839, 50.3176182 ], [ 12.1844531, 50.3223247 ], [ 12.1468166, 50.3218034 ], [ 12.1304998, 50.3188931 ], [ 12.1253971, 50.3154413 ], [ 12.1163392, 50.3159026 ], [ 12.1137947, 50.3167967 ], [ 12.115481, 50.3204719 ], [ 12.1064709, 50.3225332 ], [ 12.1009004, 50.318028200000015 ], [ 12.0979821, 50.323031 ], [ 12.0940804, 50.325114 ], [ 12.0903466, 50.32425139999998 ], [ 12.0913434, 50.3326097 ], [ 12.0825114, 50.3301601 ], [ 12.0798928, 50.3268347 ], [ 12.0642162, 50.3330395 ], [ 12.0616246, 50.328931599999983 ], [ 12.055872, 50.3316534 ], [ 12.0577747, 50.3262729 ], [ 12.0518544, 50.3309068 ], [ 12.0464355, 50.3311509 ], [ 12.0490634, 50.3285506 ], [ 12.0468519, 50.3249987 ], [ 12.0458473, 50.3299349 ], [ 12.0389085, 50.336579699999987 ], [ 12.0418281, 50.330970599999986 ], [ 12.0321569, 50.3300714 ], [ 12.0308843, 50.3393147 ], [ 12.019412, 50.3404127 ], [ 12.0146405, 50.343606799999989 ], [ 12.0147756, 50.3475601 ], [ 12.0082385, 50.3456979 ], [ 11.9972507, 50.346894499999983 ], [ 11.9969711, 50.354016699999988 ], [ 11.9881695, 50.3506222 ], [ 11.9771709, 50.3514831 ], [ 11.9825546, 50.3566666 ], [ 11.9806821, 50.361598199999989 ], [ 11.9765123, 50.3619446 ], [ 11.9795589, 50.3647984 ], [ 11.9847732, 50.3646955 ], [ 11.9789609, 50.3694947 ], [ 11.9846917, 50.3754144 ], [ 11.9785988, 50.3800045 ], [ 11.9839432, 50.3887071 ], [ 11.980664, 50.3878315 ], [ 11.9782273, 50.3913636 ], [ 11.9746964, 50.390545 ], [ 11.9645721, 50.399934599999973 ], [ 11.96025, 50.3954179 ], [ 11.9572328, 50.3970781 ], [ 11.9493769, 50.394808499999982 ], [ 11.9480703, 50.4003775 ], [ 11.9543741, 50.4070745 ], [ 11.9441624, 50.4115768 ], [ 11.9456451, 50.4162828 ], [ 11.9391462, 50.4183891 ], [ 11.9347297, 50.4236638 ], [ 11.9297798, 50.4211696 ], [ 11.9198845, 50.424403399999981 ], [ 11.926768, 50.4286764 ], [ 11.9278005, 50.4325152 ], [ 11.9162074, 50.4330634 ], [ 11.9081552, 50.4365819 ], [ 11.9060085, 50.4342556 ], [ 11.9038382, 50.436715 ], [ 11.899641, 50.4352475 ], [ 11.8885095, 50.4436059 ], [ 11.8947061, 50.4440548 ], [ 11.8949968, 50.4494579 ], [ 11.9049395, 50.454376599999989 ], [ 11.9098338, 50.452895299999987 ], [ 11.9190337, 50.4543208 ], [ 11.9203435, 50.4600521 ], [ 11.9276597, 50.4592474 ], [ 11.9318951, 50.464222799999988 ], [ 11.9362931, 50.4590829 ], [ 11.950798, 50.454069 ], [ 11.9518012, 50.455514199999989 ], [ 11.9427913, 50.4595773 ], [ 11.9483928, 50.465360199999985 ], [ 11.9436644, 50.4644481 ], [ 11.9410575, 50.4682932 ], [ 11.9439964, 50.4711057 ], [ 11.9389034, 50.4699979 ], [ 11.937693, 50.471691899999989 ], [ 11.9429496, 50.4734617 ], [ 11.9464894, 50.479360499999984 ], [ 11.9592311, 50.4786746 ], [ 11.9646547, 50.483897399999989 ], [ 11.9642285, 50.4869626 ], [ 11.9603528, 50.491729199999988 ], [ 11.9510335, 50.4958858 ], [ 11.9438133, 50.5056148 ], [ 11.9399367, 50.5029905 ], [ 11.9339764, 50.5060345 ], [ 11.9302286, 50.5129365 ], [ 11.9329317, 50.5212563 ], [ 11.9252513, 50.526319099999988 ], [ 11.9189159, 50.5223867 ], [ 11.9183381, 50.5255083 ], [ 11.9158511, 50.524518 ], [ 11.9184605, 50.5169806 ], [ 11.8994488, 50.516061 ], [ 11.8940805, 50.5182678 ], [ 11.8882179, 50.5166786 ], [ 11.8714626, 50.5398227 ], [ 11.8852092, 50.5519417 ], [ 11.9013233, 50.5533216 ], [ 11.906647, 50.5558948 ], [ 11.9139272, 50.5550654 ], [ 11.9177068, 50.5606633 ], [ 11.9204621, 50.5555538 ], [ 11.9260107, 50.5568443 ], [ 11.9269384, 50.558083699999983 ], [ 11.9224465, 50.557635199999986 ], [ 11.9231494, 50.5607763 ], [ 11.9336762, 50.568525 ], [ 11.923566, 50.585708 ], [ 11.9359611, 50.587440399999977 ], [ 11.9497155, 50.5938975 ], [ 11.9599651, 50.604454700000012 ], [ 11.9662049, 50.59982560000001 ], [ 11.9867498, 50.609484799999976 ], [ 11.9887798, 50.6107322 ], [ 11.9792688, 50.6214102 ], [ 11.9987247, 50.627135599999988 ], [ 12.0033786, 50.630189 ], [ 12.0008865, 50.633218199999988 ], [ 12.003938, 50.6348255 ], [ 12.010397, 50.6354612 ], [ 12.0221175, 50.6255398 ], [ 12.0124385, 50.620702299999984 ], [ 12.0054819, 50.6120187 ], [ 12.0209703, 50.598552899999987 ], [ 12.0312947, 50.598207099999989 ], [ 12.0361376, 50.593949899999984 ], [ 12.0310688, 50.5842307 ], [ 12.0311102, 50.581903399999987 ], [ 12.0356343, 50.5813654 ], [ 12.0175355, 50.567840799999985 ], [ 12.0309899, 50.5577762 ], [ 12.0322042, 50.5550011 ], [ 12.0283474, 50.5538605 ], [ 12.0336519, 50.5532141 ], [ 12.0302719, 50.549397799999987 ], [ 12.0412162, 50.5535382 ], [ 12.049219, 50.5532222 ], [ 12.0520682, 50.550961 ], [ 12.0573806, 50.5531213 ], [ 12.0603218, 50.552167 ], [ 12.0654944, 50.5558194 ], [ 12.0726897, 50.5551186 ], [ 12.0769684, 50.559263 ], [ 12.0746733, 50.566830599999989 ], [ 12.0791408, 50.569259 ], [ 12.0781174, 50.5765897 ], [ 12.0835943, 50.578566699999989 ], [ 12.1015178, 50.5789404 ], [ 12.1157728, 50.5669483 ], [ 12.122792, 50.5675357 ], [ 12.1276541, 50.574129 ], [ 12.1560243, 50.5734915 ], [ 12.1606739, 50.580052699999989 ], [ 12.1560922, 50.5855791 ], [ 12.1515986, 50.5834458 ], [ 12.1448323, 50.58574 ], [ 12.1351911, 50.5821337 ], [ 12.1263699, 50.5840013 ], [ 12.1326491, 50.5877417 ], [ 12.124724, 50.5844245 ], [ 12.1101509, 50.58872 ], [ 12.1149015, 50.5969817 ], [ 12.1472221, 50.606097899999988 ], [ 12.145227, 50.609737 ], [ 12.1508261, 50.6156022 ], [ 12.1457108, 50.6214282 ], [ 12.1498897, 50.6288025 ], [ 12.15364, 50.630505 ], [ 12.1632901, 50.6300234 ], [ 12.1652391, 50.6279344 ], [ 12.1704419, 50.6292347 ], [ 12.1759689, 50.6245123 ], [ 12.1735053, 50.621299 ], [ 12.1781354, 50.6186489 ], [ 12.1747216, 50.6145139 ], [ 12.1827665, 50.6121106 ], [ 12.1907516, 50.6144233 ], [ 12.1921224, 50.6193269 ], [ 12.1881911, 50.623119 ], [ 12.1996902, 50.6329319 ], [ 12.1981975, 50.6413148 ], [ 12.2075449, 50.639935099999988 ], [ 12.2075503, 50.636596 ], [ 12.2172387, 50.63374349999998 ], [ 12.2167588, 50.6314646 ], [ 12.2264483, 50.6298353 ], [ 12.2308251, 50.6326319 ], [ 12.2328123, 50.627067 ], [ 12.2446417, 50.633304499999987 ], [ 12.2655184, 50.6307933 ], [ 12.2642863, 50.6433854 ], [ 12.2813181, 50.6445531 ], [ 12.2796927, 50.6477783 ], [ 12.2896249, 50.647882499999987 ], [ 12.2988949, 50.6516821 ], [ 12.3035437, 50.6622561 ], [ 12.3177178, 50.6633642 ], [ 12.3142336, 50.669587199999988 ], [ 12.3220484, 50.6814338 ], [ 12.3188963, 50.684003199999985 ], [ 12.3148106, 50.685244499999989 ], [ 12.308537, 50.6826088 ], [ 12.2993877, 50.6837685 ], [ 12.2968878, 50.6865434 ], [ 12.2836258, 50.685009399999977 ], [ 12.2781088, 50.6877805 ], [ 12.2747618, 50.6861173 ], [ 12.2627623, 50.6952765 ], [ 12.2649007, 50.7036992 ], [ 12.2533821, 50.7157045 ], [ 12.2734302, 50.7282021 ], [ 12.2647567, 50.7375469 ], [ 12.2379138, 50.7330258 ], [ 12.2314423, 50.7382091 ], [ 12.2269846, 50.7382185 ], [ 12.2302431, 50.7435134 ], [ 12.2267043, 50.7415945 ], [ 12.228688, 50.7574528 ], [ 12.2406897, 50.767240099999988 ], [ 12.2639209, 50.760456 ], [ 12.2840497, 50.7734677 ], [ 12.2901608, 50.7834271 ], [ 12.2876444, 50.7896433 ], [ 12.267572, 50.7873278 ], [ 12.2531537, 50.7888348 ], [ 12.254849, 50.7950592 ], [ 12.2501767, 50.7991017 ], [ 12.2534836, 50.799509 ], [ 12.2428354, 50.8090605 ], [ 12.2509427, 50.8150135 ], [ 12.2504953, 50.8185376 ], [ 12.2597581, 50.811451099999985 ], [ 12.2673351, 50.814363899999982 ], [ 12.2685654, 50.812316299999978 ], [ 12.2750355, 50.813638799999978 ], [ 12.2726595, 50.816389799999989 ], [ 12.2769819, 50.8178596 ], [ 12.2798629, 50.8097044 ], [ 12.2860748, 50.811873899999988 ], [ 12.2857405, 50.820311599999989 ], [ 12.2911329, 50.8221145 ], [ 12.2897153, 50.8239652 ], [ 12.2927072, 50.823808 ], [ 12.2956687, 50.8169008 ], [ 12.2997769, 50.815553299999976 ], [ 12.3023561, 50.817197199999988 ], [ 12.2959082, 50.8283306 ], [ 12.2985836, 50.8299002 ], [ 12.306948, 50.818763 ], [ 12.3206426, 50.8216271 ], [ 12.3338784, 50.8204182 ], [ 12.3330206, 50.8220442 ], [ 12.3475767, 50.8236315 ], [ 12.3483169, 50.8375349 ], [ 12.3623053, 50.842297 ], [ 12.3648919, 50.8465397 ], [ 12.374856, 50.8488257 ], [ 12.3741327, 50.8532492 ], [ 12.3783885, 50.8537115 ], [ 12.3770317, 50.8490478 ], [ 12.3868011, 50.8506326 ], [ 12.4029496, 50.849226099999989 ], [ 12.4061171, 50.8505172 ], [ 12.4072832, 50.8569764 ], [ 12.412985, 50.856873 ], [ 12.4180556, 50.855407299999982 ], [ 12.4115855, 50.8473825 ], [ 12.4202065, 50.8395897 ], [ 12.4293276, 50.844161299999982 ], [ 12.4374529, 50.8424174 ], [ 12.4425018, 50.84402739999998 ], [ 12.4411272, 50.849394499999981 ], [ 12.4482496, 50.856169799999989 ], [ 12.4441521, 50.8625839 ], [ 12.448357, 50.867448300000014 ], [ 12.4640255, 50.8701252 ], [ 12.4592543, 50.8804486 ], [ 12.4821906, 50.8886763 ], [ 12.4802356, 50.89051 ], [ 12.486666, 50.893897 ], [ 12.5111204, 50.8940989 ], [ 12.5130292, 50.896109 ], [ 12.5078627, 50.903729 ], [ 12.5213224, 50.9075985 ], [ 12.5252614, 50.902655599999989 ], [ 12.5381912, 50.9006864 ], [ 12.5602275, 50.9061373 ], [ 12.5734261, 50.9010781 ], [ 12.5847353, 50.9040208 ], [ 12.5920155, 50.9026738 ], [ 12.6061961, 50.905844599999988 ], [ 12.6148009, 50.904805099999983 ], [ 12.6200617, 50.9093815 ], [ 12.6254207, 50.90575459999998 ], [ 12.640121, 50.9030738 ], [ 12.6412744, 50.911423799999987 ], [ 12.6541151, 50.9190627 ], [ 12.6528657, 50.9236779 ], [ 12.6416626, 50.928807099999986 ], [ 12.6422328, 50.9331678 ], [ 12.6376301, 50.933102899999987 ], [ 12.6314436, 50.9401473 ], [ 12.6243573, 50.9397099 ], [ 12.6255409, 50.9422297 ], [ 12.6301127, 50.942503 ], [ 12.6221329, 50.9634297 ], [ 12.6212888, 50.9757706 ], [ 12.6164314, 50.9852819 ], [ 12.6073107, 50.99082 ], [ 12.607534, 50.9967318 ], [ 12.6016877, 50.995352399999987 ], [ 12.6011936, 50.992731 ], [ 12.5915987, 50.9928465 ], [ 12.5810215, 50.9892351 ], [ 12.5792931, 50.9851421 ], [ 12.5829866, 50.98196189999998 ], [ 12.577197, 50.9841894 ], [ 12.5727802, 50.9902394 ], [ 12.5557588, 50.9974855 ], [ 12.5387729, 50.996383699999988 ], [ 12.5275499, 50.9988981 ], [ 12.5264516, 51.0014855 ], [ 12.5401804, 51.0057326 ], [ 12.5347715, 51.0156293 ], [ 12.5388521, 51.024252 ], [ 12.5314859, 51.0254316 ], [ 12.5189038, 51.0228648 ], [ 12.5181564, 51.0273492 ], [ 12.5143686, 51.0268766 ], [ 12.5163328, 51.018219899999984 ], [ 12.5128351, 51.0164675 ], [ 12.5073882, 51.017275899999987 ], [ 12.5093257, 51.025451499999988 ], [ 12.5124515, 51.0264191 ], [ 12.5028939, 51.034899699999983 ], [ 12.5047429, 51.044890899999984 ], [ 12.5019256, 51.051725899999973 ], [ 12.5085759, 51.0530628 ], [ 12.5015223, 51.064075799999983 ], [ 12.4963579, 51.0662466 ], [ 12.4694677, 51.0642175 ], [ 12.4679891, 51.0678431 ], [ 12.4629147, 51.0668998 ], [ 12.4583829, 51.0845507 ], [ 12.4530976, 51.0834614 ], [ 12.4507447, 51.0773058 ], [ 12.4209755, 51.078142499999984 ], [ 12.4128048, 51.0758192 ], [ 12.4104482, 51.07285479999998 ], [ 12.3980821, 51.0785171 ], [ 12.392958, 51.0841155 ], [ 12.3855827, 51.083491899999984 ], [ 12.3847219, 51.0802925 ], [ 12.3753201, 51.0771139 ], [ 12.3610261, 51.0797997 ], [ 12.3536176, 51.0846067 ], [ 12.3565801, 51.0943428 ], [ 12.3315987, 51.1037825 ], [ 12.3220298, 51.0975316 ], [ 12.3215742, 51.0946153 ], [ 12.3114627, 51.0937106 ], [ 12.3048284, 51.0974845 ], [ 12.2907504, 51.0909848 ], [ 12.2786358, 51.094966899999989 ], [ 12.2785747, 51.0992826 ], [ 12.2627747, 51.100293699999987 ], [ 12.2613712, 51.0979482 ], [ 12.2530842, 51.097267900000013 ], [ 12.2525369, 51.0995906 ], [ 12.2439384, 51.1002337 ], [ 12.2411539, 51.1028939 ], [ 12.2303589, 51.103607499999988 ], [ 12.2214403, 51.1097773 ], [ 12.2245904, 51.1193229 ], [ 12.2205555, 51.1230389 ], [ 12.2238923, 51.1235477 ], [ 12.225492, 51.1203669 ], [ 12.2290736, 51.1202282 ], [ 12.2416376, 51.130704699999981 ], [ 12.230143, 51.136198899999989 ], [ 12.1961924, 51.141907499999988 ], [ 12.1971925, 51.1591343 ], [ 12.2016735, 51.161393 ], [ 12.2062613, 51.171297699999982 ], [ 12.2115689, 51.1723631 ], [ 12.2121314, 51.1751807 ], [ 12.2084909, 51.176232899999988 ], [ 12.2130841, 51.1835004 ], [ 12.1934039, 51.185307900000012 ], [ 12.1748442, 51.1813273 ], [ 12.1737374, 51.1900822 ], [ 12.1871847, 51.1914634 ], [ 12.1855977, 51.1942851 ], [ 12.1917952, 51.1957346 ], [ 12.1895904, 51.203983 ], [ 12.2047419, 51.2142025 ], [ 12.2034321, 51.2167217 ], [ 12.1981091, 51.216702 ], [ 12.1924774, 51.2350705 ], [ 12.1920764, 51.2369323 ], [ 12.199492, 51.2384189 ], [ 12.1949625, 51.2387708 ], [ 12.1931538, 51.2413964 ], [ 12.1893893, 51.2576227 ], [ 12.1737394, 51.258186 ], [ 12.1733765, 51.2660461 ], [ 12.1662421, 51.2659337 ], [ 12.1722551, 51.285680799999987 ], [ 12.1697493, 51.2856879 ], [ 12.1689479, 51.2937569 ], [ 12.1574034, 51.2922769 ], [ 12.155326, 51.3012265 ], [ 12.1576268, 51.302082899999988 ], [ 12.1476536, 51.3199671 ], [ 12.1647788, 51.3208351 ], [ 12.1668257, 51.3268076 ], [ 12.1943472, 51.330567699999989 ], [ 12.1902557, 51.3513593 ], [ 12.1905325, 51.353926900000012 ], [ 12.1955237, 51.354397799999987 ], [ 12.1960769, 51.3603995 ], [ 12.1860853, 51.3621291 ], [ 12.1856325, 51.365964299999987 ], [ 12.1936404, 51.3692745 ], [ 12.1928792, 51.3714768 ], [ 12.1817563, 51.3685106 ], [ 12.1827679, 51.374519799999987 ], [ 12.1894995, 51.375514 ], [ 12.1899636, 51.3794503 ], [ 12.1777445, 51.3751676 ], [ 12.1747106, 51.3794067 ], [ 12.1774436, 51.380482 ], [ 12.1721439, 51.3841577 ], [ 12.1848279, 51.3875841 ], [ 12.1781394, 51.3891467 ], [ 12.1748633, 51.4002983 ], [ 12.1777521, 51.403964 ], [ 12.1735328, 51.410257 ], [ 12.1832025, 51.4107711 ], [ 12.1829591, 51.4141095 ], [ 12.1865587, 51.4142484 ], [ 12.189822, 51.420853699999988 ], [ 12.1858581, 51.4207941 ], [ 12.1824823, 51.4323792 ], [ 12.1710323, 51.434234299999986 ], [ 12.1695509, 51.4303137 ], [ 12.1572135, 51.432711 ], [ 12.1576317, 51.4443048 ], [ 12.1542192, 51.4443853 ], [ 12.1543237, 51.4460396 ], [ 12.158391, 51.4459823 ], [ 12.1582566, 51.4512431 ], [ 12.1531392, 51.452461199999988 ], [ 12.1489134, 51.4631068 ], [ 12.175521, 51.4696804 ], [ 12.175705, 51.482222299999989 ], [ 12.2030818, 51.4851411 ], [ 12.2009953, 51.490291699999979 ], [ 12.2070176, 51.4920641 ], [ 12.2048648, 51.497830799999988 ], [ 12.2083348, 51.4980956 ], [ 12.2078966, 51.5025924 ], [ 12.1973476, 51.5028612 ], [ 12.1963462, 51.506732799999988 ], [ 12.1903952, 51.5077673 ], [ 12.1938437, 51.5083973 ], [ 12.1927657, 51.5312986 ], [ 12.2019406, 51.5313312 ], [ 12.2014692, 51.5345686 ], [ 12.2071652, 51.5352511 ], [ 12.2101267, 51.5419214 ], [ 12.2221708, 51.5444457 ], [ 12.2190182, 51.5465142 ], [ 12.2313459, 51.5473457 ], [ 12.2300495, 51.5528253 ], [ 12.2360455, 51.5529712 ], [ 12.2329039, 51.5611254 ], [ 12.2411655, 51.5661348 ], [ 12.2464001, 51.5663527 ], [ 12.2504779, 51.5589491 ], [ 12.2534283, 51.560597099999981 ], [ 12.2931793, 51.5605574 ], [ 12.2932135, 51.5649034 ], [ 12.2972237, 51.5666674 ], [ 12.3012037, 51.5653588 ], [ 12.3132596, 51.568496 ], [ 12.3205594, 51.5746715 ], [ 12.319375, 51.577578499999987 ], [ 12.3409128, 51.5798092 ], [ 12.3436184, 51.5825806 ], [ 12.3364144, 51.5847787 ], [ 12.3374981, 51.5864095 ], [ 12.3480325, 51.5839973 ], [ 12.3483689, 51.5866493 ], [ 12.3676812, 51.5830872 ], [ 12.3688962, 51.5850117 ], [ 12.3745145, 51.5845177 ], [ 12.3668564, 51.588013800000013 ], [ 12.3816007, 51.5854128 ], [ 12.3922563, 51.585629399999981 ], [ 12.391781, 51.5877609 ], [ 12.4114196, 51.5820088 ], [ 12.4254192, 51.5821314 ], [ 12.4238669, 51.5880971 ], [ 12.4273289, 51.5992989 ], [ 12.4333852, 51.597624900000014 ], [ 12.4368232, 51.5993055 ], [ 12.4381584, 51.602467 ], [ 12.4333128, 51.6058336 ], [ 12.4383867, 51.605174399999989 ], [ 12.4439624, 51.6098704 ], [ 12.460576, 51.6032601 ], [ 12.4711223, 51.6051903 ], [ 12.4863736, 51.6042777 ], [ 12.4871854, 51.6010062 ], [ 12.4771399, 51.5962792 ], [ 12.4829881, 51.5931842 ], [ 12.4900975, 51.5982025 ], [ 12.4974586, 51.5965638 ], [ 12.4976579, 51.6029874 ], [ 12.4950242, 51.6041319 ], [ 12.5035404, 51.6045456 ], [ 12.507007, 51.6084556 ], [ 12.5157641, 51.605786499999986 ], [ 12.5344797, 51.6060864 ], [ 12.5374696, 51.602470899999972 ], [ 12.5414452, 51.6025012 ], [ 12.5446381, 51.6037133 ], [ 12.5417123, 51.607436299999989 ], [ 12.5599796, 51.6085191 ], [ 12.5628315, 51.6137556 ], [ 12.5702706, 51.6168829 ], [ 12.5747032, 51.6154335 ], [ 12.5802628, 51.6260653 ], [ 12.5859363, 51.625492099999988 ], [ 12.5864025, 51.622371 ], [ 12.5912845, 51.622485399999988 ], [ 12.5918568, 51.6183585 ], [ 12.5954928, 51.618381 ], [ 12.6045303, 51.626249799999989 ], [ 12.6241688, 51.6279842 ], [ 12.629229, 51.625235599999982 ], [ 12.6239283, 51.621816399999986 ], [ 12.6223601, 51.6164462 ], [ 12.6119802, 51.6142563 ], [ 12.6083322, 51.610602 ], [ 12.6227694, 51.615636399999985 ], [ 12.6491127, 51.6204463 ], [ 12.6487322, 51.6250539 ], [ 12.657887, 51.6303163 ], [ 12.6658453, 51.6315994 ], [ 12.6665237, 51.6422254 ], [ 12.677021, 51.6498406 ], [ 12.6786857, 51.656236 ], [ 12.6866756, 51.6619928 ], [ 12.7168432, 51.6613135 ], [ 12.7310139, 51.6563307 ], [ 12.7401645, 51.655554599999981 ], [ 12.7499363, 51.650058799999989 ], [ 12.7600903, 51.6496942 ], [ 12.7646078, 51.6465653 ], [ 12.7727062, 51.647509100000015 ], [ 12.7925335, 51.6655008 ], [ 12.8177399, 51.6704037 ], [ 12.831807, 51.6760224 ], [ 12.8278823, 51.6822472 ], [ 12.8418968, 51.682222499999988 ], [ 12.8438623, 51.6849737 ], [ 12.8590296, 51.6761949 ], [ 12.8567807, 51.6726962 ], [ 12.8622274, 51.6737817 ], [ 12.8608717, 51.6647078 ], [ 12.8665151, 51.6639572 ], [ 12.8638643, 51.6615115 ], [ 12.8657938, 51.6550267 ], [ 12.8803939, 51.6590602 ], [ 12.8891948, 51.6668839 ], [ 12.8951686, 51.6637657 ], [ 12.8908107, 51.653967899999984 ], [ 12.8975247, 51.6474263 ], [ 12.9134141, 51.6441185 ], [ 12.9152309, 51.6484608 ], [ 12.928109, 51.649565 ], [ 12.935981, 51.6457755 ], [ 12.9421636, 51.6380059 ], [ 12.9523553, 51.6435887 ], [ 12.949528, 51.649433899999984 ], [ 12.9582641, 51.6512816 ], [ 12.9715026, 51.6502487 ], [ 12.9668213, 51.665664799999988 ], [ 12.9794178, 51.6632006 ], [ 12.98176, 51.6648662 ], [ 12.9771995, 51.6663622 ], [ 12.9777967, 51.6682476 ], [ 12.9962918, 51.6692472 ], [ 13.0014285, 51.6675593 ], [ 13.0052524, 51.6618578 ], [ 13.0115725, 51.6645488 ], [ 13.0171922, 51.6596317 ], [ 13.0204663, 51.6533869 ], [ 13.0178586, 51.6443468 ], [ 13.0234671, 51.6373034 ], [ 13.0510252, 51.6476772 ], [ 13.0774129, 51.6211201 ], [ 13.0761828, 51.6196607 ], [ 13.080662, 51.6177328 ], [ 13.0863041, 51.608135099999984 ], [ 13.0938421, 51.605883299999988 ], [ 13.0969229, 51.6092167 ], [ 13.1048726, 51.6096756 ], [ 13.1033787, 51.6123148 ], [ 13.0996691, 51.6114999 ], [ 13.097098, 51.6163073 ], [ 13.1039727, 51.6164739 ], [ 13.106748, 51.6116326 ], [ 13.1116808, 51.6128353 ], [ 13.1104442, 51.6148366 ], [ 13.1149496, 51.6157451 ], [ 13.1148605, 51.6177275 ], [ 13.1210253, 51.6188875 ], [ 13.1344974, 51.6056689 ], [ 13.1438356, 51.600458299999985 ], [ 13.1437769, 51.5978731 ], [ 13.1549549, 51.6001968 ], [ 13.1617723, 51.5921483 ], [ 13.1549065, 51.5893953 ], [ 13.1532078, 51.5824128 ], [ 13.141044, 51.571167200000012 ], [ 13.1431692, 51.567461099999989 ], [ 13.1467157, 51.563455 ], [ 13.1586062, 51.564258699999989 ], [ 13.1608266, 51.5589693 ], [ 13.1855718, 51.5580752 ], [ 13.1900555, 51.5395903 ], [ 13.2005228, 51.526035899999989 ], [ 13.207957, 51.524352799999988 ], [ 13.2070416, 51.5049373 ], [ 13.2020452, 51.5041157 ], [ 13.2039232, 51.4987791 ], [ 13.1967695, 51.4936077 ], [ 13.2012945, 51.4917175 ], [ 13.196903, 51.488299 ], [ 13.192072, 51.4880495 ], [ 13.1890654, 51.4910685 ], [ 13.1822966, 51.4919593 ], [ 13.1870461, 51.485753199999984 ], [ 13.1829224, 51.4713413 ], [ 13.1897151, 51.4648979 ], [ 13.2030804, 51.4587319 ], [ 13.2031217, 51.4510134 ], [ 13.1924816, 51.4417034 ], [ 13.1918406, 51.4369106 ], [ 13.184761, 51.4385129 ], [ 13.1750787, 51.4327828 ], [ 13.174311, 51.428253899999987 ], [ 13.1846494, 51.423787 ], [ 13.1883662, 51.4262769 ], [ 13.1894237, 51.4342561 ], [ 13.1933874, 51.435776899999986 ], [ 13.1997505, 51.4332259 ], [ 13.2037018, 51.4284903 ], [ 13.2021891, 51.416376899999989 ], [ 13.2173089, 51.3950556 ], [ 13.2506546, 51.3941086 ], [ 13.2626394, 51.3883084 ], [ 13.2637183, 51.3849519 ], [ 13.2685433, 51.3847932 ], [ 13.2700382, 51.390502 ], [ 13.2636642, 51.390994299999988 ], [ 13.2637716, 51.394458 ], [ 13.2590894, 51.3953333 ], [ 13.2599835, 51.400399 ], [ 13.2863546, 51.3992882 ], [ 13.2866725, 51.4113832 ], [ 13.3090002, 51.4177122 ], [ 13.3136261, 51.4231836 ], [ 13.3283436, 51.426642 ], [ 13.3257567, 51.433650599999986 ], [ 13.3203228, 51.4375005 ], [ 13.3333536, 51.437441199999988 ], [ 13.3379485, 51.42916469999998 ], [ 13.3491989, 51.4333421 ], [ 13.3583496, 51.4339712 ], [ 13.3766478, 51.4246114 ], [ 13.3825054, 51.4259265 ], [ 13.383076, 51.4280568 ], [ 13.3729388, 51.437795699999988 ], [ 13.3821465, 51.4360464 ], [ 13.3876014, 51.4411242 ], [ 13.3882305, 51.4478089 ], [ 13.4010504, 51.454171699999989 ], [ 13.4093202, 51.4497741 ], [ 13.4056342, 51.4459486 ], [ 13.4121914, 51.4393743 ], [ 13.419705, 51.4388449 ], [ 13.4217654, 51.434562899999989 ], [ 13.4281497, 51.431245 ], [ 13.4214249, 51.421505 ], [ 13.4285068, 51.421792499999981 ], [ 13.4334053, 51.4276165 ], [ 13.4460575, 51.4259565 ], [ 13.4434937, 51.4287651 ], [ 13.4459131, 51.4314497 ], [ 13.450344, 51.42283 ], [ 13.4606251, 51.422241399999983 ], [ 13.4633078, 51.4262619 ], [ 13.4737861, 51.417881199999989 ], [ 13.4655333, 51.4217746 ], [ 13.4632819, 51.4117536 ], [ 13.4913531, 51.4076838 ], [ 13.4943915, 51.4029179 ], [ 13.5027356, 51.404706199999978 ], [ 13.5212178, 51.4020574 ], [ 13.5231184, 51.3810264 ], [ 13.5377664, 51.3810465 ], [ 13.5426282, 51.3693155 ], [ 13.5461353, 51.3691674 ], [ 13.5508235, 51.379252099999988 ], [ 13.556267, 51.3790356 ], [ 13.5699618, 51.385666 ], [ 13.5898548, 51.384234899999981 ], [ 13.5876496, 51.3818256 ], [ 13.5913442, 51.3751446 ], [ 13.5957567, 51.374528 ], [ 13.5940631, 51.369356199999984 ], [ 13.6172251, 51.3710573 ], [ 13.6320995, 51.3685351 ], [ 13.6614515, 51.3689746 ], [ 13.6684037, 51.3761264 ], [ 13.6827648, 51.3676153 ], [ 13.6912506, 51.3740128 ], [ 13.7133939, 51.3635029 ], [ 13.7273521, 51.364710299999984 ], [ 13.7391113, 51.361202 ], [ 13.7531555, 51.3659468 ], [ 13.7576917, 51.3714946 ], [ 13.768967, 51.369398 ], [ 13.7626846, 51.36541219999998 ], [ 13.7632526, 51.3590204 ], [ 13.7677359, 51.3630078 ], [ 13.7765244, 51.3619908 ], [ 13.7806249, 51.3688477 ], [ 13.7879407, 51.370907300000013 ], [ 13.8078553, 51.3728678 ], [ 13.8189719, 51.369498899999982 ], [ 13.8290907, 51.3758095 ], [ 13.8353132, 51.37679 ], [ 13.8331907, 51.383839 ], [ 13.8632489, 51.381757099999987 ], [ 13.8682767, 51.3769117 ], [ 13.8830681, 51.375117399999986 ], [ 13.9099943, 51.3789681 ], [ 13.9082047, 51.3832334 ], [ 13.9389885, 51.3891132 ], [ 13.9562236, 51.3970717 ], [ 13.9723437, 51.393822399999983 ], [ 13.9702091, 51.3758409 ], [ 14.0006973, 51.372596 ], [ 13.9963184, 51.382607599999986 ], [ 14.0083151, 51.3919812 ], [ 14.0036069, 51.3931799 ], [ 14.0035637, 51.3956119 ], [ 14.0133251, 51.3983231 ], [ 14.0280912, 51.3959358 ], [ 14.0257939, 51.400551799999981 ], [ 14.017016, 51.400472 ], [ 14.0159037, 51.4051379 ], [ 14.0209363, 51.4081615 ], [ 14.0274389, 51.4083199 ], [ 14.0368497, 51.4167978 ], [ 14.0445899, 51.4187537 ], [ 14.04364, 51.4245497 ], [ 14.0382451, 51.4284439 ], [ 14.0462414, 51.4291348 ], [ 14.0381616, 51.4355784 ], [ 14.0430409, 51.4392405 ], [ 14.0628371, 51.4455058 ], [ 14.0525882, 51.452508099999989 ], [ 14.0552919, 51.4609482 ], [ 14.0330057, 51.475102199999981 ], [ 14.038742, 51.4799107 ], [ 14.0725937, 51.472087299999984 ], [ 14.0872584, 51.4773967 ], [ 14.0887337, 51.4793794 ], [ 14.0738217, 51.4926675 ], [ 14.0877606, 51.4939638 ], [ 14.0956696, 51.498717 ], [ 14.1005779, 51.514165 ], [ 14.1077967, 51.5217606 ], [ 14.1169633, 51.5231998 ], [ 14.1352324, 51.521061 ], [ 14.1381709, 51.5235194 ], [ 14.1423593, 51.5228045 ], [ 14.1333945, 51.5280283 ], [ 14.1297301, 51.533861099999989 ], [ 14.1367089, 51.5433089 ], [ 14.1751362, 51.5391169 ], [ 14.2130179, 51.5398119 ], [ 14.221189, 51.5380717 ], [ 14.2289265, 51.5328394 ], [ 14.2421082, 51.5330903 ], [ 14.2453002, 51.531187 ], [ 14.2424882, 51.5287595 ], [ 14.2470444, 51.5278424 ], [ 14.2558075, 51.5323154 ], [ 14.2740055, 51.5321304 ], [ 14.2930844, 51.5251101 ], [ 14.3059831, 51.5241792 ], [ 14.3229184, 51.519426 ], [ 14.32736, 51.5073631 ], [ 14.3323501, 51.5050183 ], [ 14.3381102, 51.5059116 ], [ 14.3421181, 51.5108438 ], [ 14.3435532, 51.5171122 ], [ 14.3393441, 51.5182314 ], [ 14.3399307, 51.5207622 ], [ 14.3536876, 51.5207895 ], [ 14.3758665, 51.533134 ], [ 14.3866887, 51.534020599999984 ], [ 14.3871585, 51.5417709 ], [ 14.3988771, 51.541789 ], [ 14.4094379, 51.5372089 ], [ 14.441311, 51.5446138 ], [ 14.4477708, 51.5420689 ], [ 14.4467354, 51.5527276 ], [ 14.4540703, 51.556372 ], [ 14.4998569, 51.5594037 ], [ 14.5064742, 51.556829 ], [ 14.508608, 51.5581909 ], [ 14.5154537, 51.5542348 ], [ 14.5250761, 51.558630799999989 ], [ 14.5451851, 51.5617774 ], [ 14.5474872, 51.5636175 ], [ 14.5444383, 51.5736152 ], [ 14.5538324, 51.571932 ], [ 14.5605818, 51.5734613 ], [ 14.5696351, 51.5811905 ], [ 14.5804844, 51.58041 ], [ 14.583064, 51.5746353 ], [ 14.5940132, 51.574183399999981 ], [ 14.5990262, 51.5717499 ], [ 14.6017779, 51.561335600000014 ], [ 14.6063665, 51.55722789999998 ], [ 14.6037448, 51.555116399999982 ], [ 14.6098869, 51.550149799999986 ], [ 14.6315815, 51.550825 ], [ 14.6396041, 51.554291099999986 ], [ 14.6639965, 51.5545474 ], [ 14.6638996, 51.5529773 ], [ 14.6740128, 51.5506454 ], [ 14.6911424, 51.5627861 ], [ 14.6957534, 51.5746067 ], [ 14.6927592, 51.5763352 ], [ 14.7064517, 51.5764602 ], [ 14.6983406, 51.5897252 ], [ 14.6966477, 51.5966608 ], [ 14.7001731, 51.5972382 ], [ 14.7111638, 51.5957649 ], [ 14.7206121, 51.5863619 ], [ 14.7298656, 51.581777 ], [ 14.7271898, 51.5753579 ], [ 14.711241, 51.562655299999982 ], [ 14.7163943, 51.55519 ], [ 14.7235852, 51.553851099999981 ], [ 14.7293492, 51.5497424 ], [ 14.7314415, 51.5443866 ], [ 14.7263054, 51.539002 ], [ 14.7291186, 51.5314396 ], [ 14.7357634, 51.5259562 ], [ 14.7518178, 51.5217999 ], [ 14.7609936, 51.52323 ], [ 14.7652656, 51.5189975 ], [ 14.7959707, 51.517872 ], [ 14.805404, 51.514193 ], [ 14.8117769, 51.5060922 ], [ 14.8194178, 51.5076415 ], [ 14.8324135, 51.5038023 ], [ 14.8350751, 51.4994145 ], [ 14.8516389, 51.4895564 ], [ 14.8644731, 51.4904684 ], [ 14.871631, 51.4846875 ], [ 14.88754, 51.4878714 ], [ 14.8977948, 51.4820539 ], [ 14.9157806, 51.4837669 ], [ 14.9247403, 51.4803673 ], [ 14.9261111, 51.4734839 ], [ 14.946986, 51.4720565 ], [ 14.9524648, 51.4684332 ], [ 14.9564464, 51.4633701 ], [ 14.9558595, 51.4585163 ], [ 14.9668454, 51.4459855 ], [ 14.9742165, 51.441674 ], [ 14.9700723, 51.43217150000001 ], [ 14.96329, 51.434196 ], [ 14.9586341, 51.4312452 ], [ 14.9660861, 51.4267709 ], [ 14.9641833, 51.4233641 ], [ 14.9670701, 51.417323599999989 ], [ 14.9644668, 51.4121948 ], [ 14.958724, 51.4097541 ], [ 14.9678402, 51.4027197 ], [ 14.9689255, 51.39773 ], [ 14.9582831, 51.3953447 ], [ 14.9658852, 51.391356 ], [ 14.9646946, 51.3868135 ], [ 14.9693009, 51.3790759 ], [ 14.9837409, 51.3735496 ], [ 14.9777867, 51.3696397 ], [ 14.9771665, 51.365490099999981 ], [ 14.9652435, 51.3610833 ], [ 14.9762185, 51.356936399999981 ], [ 14.9777721, 51.3416982 ], [ 14.9861467, 51.329290799999988 ], [ 14.9935464, 51.3282551 ], [ 14.9931418, 51.322983699999988 ], [ 15.0092462, 51.3162988 ], [ 15.0066474, 51.3117927 ], [ 15.0126318, 51.3085788 ], [ 15.0120056, 51.301310699999988 ], [ 15.0217444, 51.300619700000013 ], [ 15.0334815, 51.2939332 ], [ 15.034368, 51.2774425 ], [ 15.0418145, 51.272602399999982 ], [ 15.0367601, 51.270454699999988 ], [ 15.0377922, 51.2580292 ], [ 15.0251761, 51.254015 ], [ 15.0233527, 51.250307699999986 ], [ 15.0263755, 51.249046 ], [ 15.0294814, 51.2514158 ], [ 15.0376187, 51.2442031 ], [ 15.0338438, 51.2410581 ], [ 15.0283303, 51.241557799999988 ], [ 15.0286173, 51.2370534 ], [ 15.0235135, 51.2352188 ], [ 15.0267825, 51.23369 ], [ 15.0255421, 51.2317346 ], [ 15.0162025, 51.227602200000014 ], [ 15.0168752, 51.2149263 ], [ 15.0098047, 51.2134534 ], [ 15.013055, 51.2089492 ], [ 15.007603, 51.2045077 ], [ 15.0076529, 51.1998275 ], [ 15.0141385, 51.1982702 ], [ 15.0142986, 51.196090399999989 ], [ 15.0047371, 51.1908808 ], [ 15.0087791, 51.182332799999983 ], [ 15.001541, 51.1723809 ], [ 15.005043, 51.1677118 ], [ 14.9932071, 51.1624606 ], [ 15.0007131, 51.1494807 ], [ 14.9958762, 51.1438073 ], [ 14.9904276, 51.142152 ], [ 14.995373, 51.1368687 ], [ 14.9949098, 51.1239013 ], [ 14.997767, 51.1224175 ], [ 14.9892002, 51.1166228 ], [ 14.9830989, 51.1179449 ], [ 14.9809148, 51.1160541 ], [ 14.9824957, 51.1131314 ], [ 14.9782563, 51.1078565 ], [ 14.9839869, 51.1022559 ], [ 14.9839272, 51.097421499999982 ], [ 14.9802487, 51.096046 ], [ 14.9840075, 51.09075 ], [ 14.9763288, 51.0870096 ], [ 14.9792751, 51.07708 ], [ 14.9676934, 51.0709992 ], [ 14.9713318, 51.069527 ], [ 14.9713051, 51.0660702 ], [ 14.9630094, 51.0578957 ], [ 14.9646968, 51.0503621 ], [ 14.95381, 51.0466847 ], [ 14.9517219, 51.0423108 ], [ 14.9489636, 51.0428311 ], [ 14.9482179, 51.0391805 ], [ 14.9517271, 51.03780159999998 ], [ 14.9464356, 51.0315861 ], [ 14.9490608, 51.0306006 ], [ 14.9456407, 51.0264921 ], [ 14.9402937, 51.0260943 ], [ 14.9424303, 51.024131699999984 ], [ 14.9391224, 51.023483299999988 ], [ 14.9401056, 51.0209286 ], [ 14.9377754, 51.022123099999988 ], [ 14.9352089, 51.020174699999984 ], [ 14.9392848, 51.0170233 ], [ 14.9379807, 51.0114665 ], [ 14.9290471, 50.9979796 ], [ 14.9203642, 50.99785 ], [ 14.917198, 50.9952031 ], [ 14.9202892, 50.9879288 ], [ 14.9194319, 50.9753422 ], [ 14.9030831, 50.9717168 ], [ 14.9040378, 50.9674893 ], [ 14.8996018, 50.9633127 ], [ 14.9038709, 50.9612222 ], [ 14.8976175, 50.9593947 ], [ 14.8929633, 50.9495836 ], [ 14.8965535, 50.9406417 ], [ 14.8908238, 50.9352364 ], [ 14.8768548, 50.9323536 ], [ 14.8680919, 50.9179014 ], [ 14.8516344, 50.9105693 ], [ 14.8434078, 50.9006562 ], [ 14.8195513, 50.885061 ], [ 14.817375, 50.8795809 ], [ 14.8247489, 50.8669675 ], [ 14.8187565, 50.856449699999985 ], [ 14.8102465, 50.8508059 ], [ 14.8028459, 50.8367991 ], [ 14.8018095, 50.8248643 ], [ 14.7968652, 50.821147 ], [ 14.7928769, 50.8199474 ], [ 14.7904962, 50.8240848 ], [ 14.7792582, 50.819992199999987 ], [ 14.7664376, 50.819348700000013 ], [ 14.7587297, 50.8247113 ], [ 14.7498674, 50.8243234 ], [ 14.7449518, 50.8294515 ], [ 14.722323, 50.8220816 ], [ 14.7163747, 50.8243606 ], [ 14.7200667, 50.8323458 ], [ 14.7087066, 50.840889 ], [ 14.690199, 50.8379991 ], [ 14.6647876, 50.8493682 ], [ 14.6482599, 50.8487234 ], [ 14.6324779, 50.8552832 ], [ 14.6188685, 50.857710299999987 ], [ 14.6187292, 50.8645568 ], [ 14.6243372, 50.8687013 ], [ 14.6362338, 50.8974486 ], [ 14.6528963, 50.905486 ], [ 14.6502154, 50.9315346 ], [ 14.6385209, 50.929954 ], [ 14.6281183, 50.9253856 ], [ 14.6171104, 50.9255418 ], [ 14.6126064, 50.922502099999988 ], [ 14.6026929, 50.921320599999987 ], [ 14.5832098, 50.914257 ], [ 14.5648108, 50.918353 ], [ 14.560662, 50.925374 ], [ 14.5723872, 50.937949 ], [ 14.5806763, 50.9418756 ], [ 14.5856185, 50.9521643 ], [ 14.5960738, 50.9628084 ], [ 14.592154, 50.9667649 ], [ 14.5967414, 50.9689127 ], [ 14.6006759, 50.9795157 ], [ 14.5991775, 50.987111 ], [ 14.5813405, 50.9935412 ], [ 14.5787041, 51.0003095 ], [ 14.5687229, 51.0043304 ], [ 14.5645312, 51.010137699999987 ], [ 14.5609103, 51.006985799999988 ], [ 14.5346982, 51.0037142 ], [ 14.5350582, 51.008935 ], [ 14.5398889, 51.010376799999975 ], [ 14.532146, 51.016529399999989 ], [ 14.4985576, 51.0220589 ], [ 14.508212, 51.0431546 ], [ 14.4997857, 51.0465438 ], [ 14.491221, 51.0435306 ], [ 14.4942286, 51.0363091 ], [ 14.4926584, 51.023404 ], [ 14.4743654, 51.0255 ], [ 14.475291, 51.029498299999979 ], [ 14.4654531, 51.0353071 ], [ 14.4538197, 51.0358932 ], [ 14.4217858, 51.019569399999988 ], [ 14.4084421, 51.0187716 ], [ 14.384764, 51.026958399999984 ], [ 14.3825655, 51.0385699 ], [ 14.3740225, 51.0386064 ], [ 14.361987, 51.0454255 ], [ 14.3466445, 51.0412751 ], [ 14.3451004, 51.0390733 ], [ 14.3366302, 51.0390193 ], [ 14.3169239, 51.0554239 ], [ 14.3018583, 51.0550462 ], [ 14.2921889, 51.0465374 ], [ 14.2883901, 51.0391197 ], [ 14.2737924, 51.0397721 ], [ 14.2735919, 51.0377763 ], [ 14.2853437, 51.0322099 ], [ 14.286315, 51.0269619 ], [ 14.2776716, 51.018839299999989 ], [ 14.2819722, 51.015589100000014 ], [ 14.2802222, 51.0140964 ], [ 14.2651579, 51.0081608 ], [ 14.2606425, 51.0088292 ], [ 14.2622416, 51.0040748 ], [ 14.2688022, 51.0000406 ], [ 14.2585439, 50.9921318 ], [ 14.2586473, 50.9875375 ], [ 14.2761263, 50.9827598 ], [ 14.2857749, 50.9769957 ], [ 14.2989005, 50.9792167 ], [ 14.3114078, 50.984664 ], [ 14.3235542, 50.9853637 ], [ 14.3297282, 50.9822 ], [ 14.3260588, 50.97782239999998 ], [ 14.3284234, 50.9735064 ], [ 14.3129571, 50.9722611 ], [ 14.3025591, 50.9653321 ], [ 14.3169122, 50.9606713 ], [ 14.3172423, 50.9579215 ], [ 14.3107485, 50.9552785 ], [ 14.3117079, 50.9537604 ], [ 14.3253675, 50.9497171 ], [ 14.3457965, 50.9485658 ], [ 14.3493206, 50.9451426 ], [ 14.3558833, 50.944654899999989 ], [ 14.3605224, 50.9414466 ], [ 14.3694758, 50.9421783 ], [ 14.3691583, 50.939492799999989 ], [ 14.3731751, 50.938241800000014 ], [ 14.3873224, 50.9418138 ], [ 14.3967281, 50.9364907 ], [ 14.4009781, 50.933275699999982 ], [ 14.4021437, 50.9240732 ], [ 14.3918002, 50.9208295 ], [ 14.3941486, 50.9181515 ], [ 14.3888755, 50.9188663 ], [ 14.3897048, 50.9166604 ], [ 14.3856426, 50.91649 ], [ 14.387635, 50.899088 ], [ 14.3741463, 50.896231899999982 ], [ 14.3492734, 50.9007258 ], [ 14.3482132, 50.892571 ], [ 14.3193647, 50.8887391 ], [ 14.3048451, 50.883981099999986 ], [ 14.2896637, 50.8858898 ], [ 14.2822, 50.892559 ], [ 14.2675046, 50.895304499999988 ], [ 14.2522532, 50.8879175 ], [ 14.2331502, 50.887524 ], [ 14.2360199, 50.8764496 ], [ 14.2232923, 50.8592367 ], [ 14.2165046, 50.8602331 ], [ 14.2010279, 50.8513362 ], [ 14.1614648, 50.8475372 ], [ 14.1328725, 50.8339951 ], [ 14.0895256, 50.8258496 ], [ 14.0790461, 50.8186696 ], [ 14.0783782, 50.8124199 ], [ 14.0635857, 50.8099474 ], [ 14.0576798, 50.8119162 ], [ 14.041137, 50.8108019 ], [ 14.0306648, 50.804161799999989 ], [ 14.0164461, 50.8111123 ], [ 14.0034603, 50.810267099999983 ], [ 14.0033908, 50.8143549 ], [ 13.990311, 50.820005 ], [ 13.9708801, 50.811093699999986 ], [ 13.9537793, 50.8072897 ], [ 13.9558407, 50.8005898 ], [ 13.9391805, 50.789979 ], [ 13.9183704, 50.7891174 ], [ 13.9010549, 50.7934294 ], [ 13.8964204, 50.788656 ], [ 13.8999441, 50.7848037 ], [ 13.8875309, 50.7704605 ], [ 13.8895876, 50.762998499999988 ], [ 13.9027516, 50.7529086 ], [ 13.8981903, 50.7444857 ], [ 13.8802314, 50.7378146 ], [ 13.8681573, 50.7426379 ], [ 13.8617779, 50.7429094 ], [ 13.8615729, 50.7353156 ], [ 13.8551926, 50.7271097 ], [ 13.8439741, 50.725245399999977 ], [ 13.8346498, 50.7268955 ], [ 13.8270692, 50.7242211 ], [ 13.8153486, 50.727774599999989 ], [ 13.8073316, 50.733264399999982 ], [ 13.796922, 50.7344064 ], [ 13.7908771, 50.7325529 ], [ 13.7901139, 50.7350409 ], [ 13.7848113, 50.7335949 ], [ 13.777308, 50.7363573 ], [ 13.7689778, 50.7329714 ], [ 13.7583417, 50.7358146 ], [ 13.750751, 50.7295344 ], [ 13.7404036, 50.727173799999989 ], [ 13.7281758, 50.7336514 ], [ 13.7136564, 50.7251219 ], [ 13.7082173, 50.7253171 ], [ 13.7123898, 50.7196638 ], [ 13.7064676, 50.716923799999982 ], [ 13.6880058, 50.7196072 ], [ 13.6814997, 50.7248885 ], [ 13.6643086, 50.7319286 ], [ 13.6426343, 50.7293413 ], [ 13.6368149, 50.7253869 ], [ 13.6250367, 50.7228463 ], [ 13.626913, 50.7159152 ], [ 13.6022532, 50.7100587 ], [ 13.5893324, 50.712912 ], [ 13.5686492, 50.7125066 ], [ 13.5563268, 50.7145462 ], [ 13.5452164, 50.7113131 ], [ 13.5384794, 50.7060142 ], [ 13.5268204, 50.705016799999974 ], [ 13.5275454, 50.6990156 ], [ 13.5404264, 50.6897536 ], [ 13.5443729, 50.6774476 ], [ 13.5384913, 50.6728745 ], [ 13.5402437, 50.6680106 ], [ 13.5306216, 50.6682285 ], [ 13.5128068, 50.6537125 ], [ 13.5169768, 50.6483501 ], [ 13.5261097, 50.6494217 ], [ 13.5241931, 50.6392647 ], [ 13.4970285, 50.631423599999984 ], [ 13.4941553, 50.6244647 ], [ 13.4775343, 50.6154307 ], [ 13.4647676, 50.6018926 ], [ 13.44109, 50.6111324 ], [ 13.4288899, 50.6107562 ], [ 13.4251516, 50.6127665 ], [ 13.4254717, 50.616446499999988 ], [ 13.4153089, 50.6163318 ], [ 13.4053787, 50.6345769 ], [ 13.3926585, 50.641745900000011 ], [ 13.3921078, 50.6463184 ], [ 13.3854273, 50.6466778 ], [ 13.3829765, 50.6448521 ], [ 13.3754829, 50.6502134 ], [ 13.370983, 50.6505459 ], [ 13.3776999, 50.627675100000012 ], [ 13.3698817, 50.6245697 ], [ 13.3666576, 50.6184412 ], [ 13.3604161, 50.6192535 ], [ 13.3588419, 50.6162906 ], [ 13.3518327, 50.614091 ], [ 13.3374494, 50.612529799999983 ], [ 13.3345479, 50.606911899999986 ], [ 13.3247324, 50.6080386 ], [ 13.3258729, 50.604608699999986 ], [ 13.3193997, 50.6021663 ], [ 13.3236781, 50.5816486 ], [ 13.3015124, 50.5789011 ], [ 13.2909127, 50.5750176 ], [ 13.2787706, 50.5929949 ], [ 13.2604598, 50.592195299999986 ], [ 13.2551039, 50.5953011 ], [ 13.2484383, 50.592053299999989 ], [ 13.2474964, 50.587069899999982 ], [ 13.2400452, 50.5847901 ], [ 13.2373938, 50.580081 ], [ 13.2336331, 50.5791257 ], [ 13.2355113, 50.5703745 ], [ 13.2228616, 50.562903399999989 ], [ 13.229077, 50.549737099999987 ], [ 13.2220894, 50.546219699999966 ], [ 13.2218704, 50.541966 ], [ 13.2096095, 50.5300547 ], [ 13.2073395, 50.521572599999985 ], [ 13.1946895, 50.515260299999987 ], [ 13.1952703, 50.503262899999989 ], [ 13.1781134, 50.502883 ], [ 13.1710878, 50.5059958 ], [ 13.1541194, 50.5085126 ], [ 13.1436179, 50.505809799999987 ], [ 13.1367366, 50.5064245 ], [ 13.1386445, 50.511758 ], [ 13.1326711, 50.518278 ], [ 13.1198601, 50.513933099999988 ], [ 13.1014719, 50.5029245 ], [ 13.0853456, 50.500271399999988 ], [ 13.0559966, 50.5012592 ], [ 13.042811, 50.5113821 ], [ 13.0317458, 50.5097318 ], [ 13.0324379, 50.5009698 ], [ 13.0225394, 50.4869234 ], [ 13.0201742, 50.4754272 ], [ 13.0196543, 50.460746299999983 ], [ 13.0238631, 50.4540798 ], [ 13.0198654, 50.446732399999988 ], [ 12.9959833, 50.4337756 ], [ 12.9834512, 50.419715099999983 ], [ 12.9418976, 50.411493399999983 ], [ 12.9404893, 50.4077062 ], [ 12.943777, 50.4060124 ], [ 12.947454, 50.4071966 ], [ 12.9479728, 50.404279699999989 ], [ 12.9373083, 50.4063283 ], [ 12.9364107, 50.411636800000011 ], [ 12.9123918, 50.4237291 ], [ 12.9029607, 50.422828200000012 ], [ 12.894704, 50.429752 ], [ 12.8193809, 50.459795299999975 ], [ 12.8171382, 50.4501038 ], [ 12.8066518, 50.4438913 ], [ 12.8106187, 50.4310571 ], [ 12.79493, 50.4494469 ], [ 12.7346134, 50.432198 ], [ 12.7298009, 50.421669299999984 ], [ 12.7076069, 50.4078298 ], [ 12.7070567, 50.3973175 ], [ 12.6965852, 50.4010556 ], [ 12.6957118, 50.4037637 ], [ 12.6815294, 50.409839499999975 ], [ 12.6731215, 50.4168758 ], [ 12.6622682, 50.4121655 ], [ 12.6491731, 50.4107457 ], [ 12.6266761, 50.416312499999989 ], [ 12.6169521, 50.4156097 ], [ 12.6001866, 50.40580869999998 ], [ 12.5803492, 50.407249300000011 ], [ 12.5748483, 50.4032442 ], [ 12.5584416, 50.3993985 ], [ 12.5460297, 50.4008891 ], [ 12.5429323, 50.3983159 ], [ 12.5339391, 50.3997354 ], [ 12.5289355, 50.3970245 ], [ 12.5120479, 50.3972582 ], [ 12.5087532, 50.3910061 ], [ 12.4865283, 50.3708434 ], [ 12.4875262, 50.362951099999989 ], [ 12.4925001, 50.3562731 ], [ 12.4893069, 50.3498166 ], [ 12.4815834, 50.3470137 ], [ 12.4694267, 50.3549904 ], [ 12.441802, 50.3411585 ], [ 12.4355262, 50.3332179 ], [ 12.4371492, 50.3275562 ], [ 12.4312004, 50.322724 ], [ 12.4256409, 50.324355 ], [ 12.4214774, 50.3225181 ], [ 12.4165385, 50.3244818 ], [ 12.4034272, 50.3239522 ], [ 12.398015, 50.3211533 ], [ 12.4007524, 50.315833700000013 ], [ 12.3983661, 50.3078988 ], [ 12.403037, 50.3007201 ], [ 12.4005662, 50.2952077 ], [ 12.3942567, 50.2895968 ], [ 12.3815973, 50.288851 ], [ 12.3708628, 50.2852734 ], [ 12.3690647, 50.2813785 ], [ 12.364907, 50.2803121 ], [ 12.3594965, 50.2734787 ], [ 12.3611264, 50.269768 ], [ 12.352117, 50.2617459 ], [ 12.3501053, 50.253534 ] ] ] } },
{ "type": "Feature", "properties": { "LAN": "Sachsen-Anhalt" }, "geometry": { "type": "MultiPolygon", "coordinates": [ [ [ [ 11.2021361, 51.4056742 ], [ 11.1968566, 51.4080321 ], [ 11.1924112, 51.4028753 ], [ 11.1835966, 51.402869699999989 ], [ 11.1834133, 51.4058988 ], [ 11.1768879, 51.4063079 ], [ 11.1529342, 51.4016443 ], [ 11.1486286, 51.403982 ], [ 11.1417546, 51.4026327 ], [ 11.135051, 51.4063414 ], [ 11.1322848, 51.404471 ], [ 11.1311074, 51.4085336 ], [ 11.1256613, 51.4081177 ], [ 11.1275728, 51.413253799999985 ], [ 11.1163922, 51.411000699999988 ], [ 11.1165557, 51.4156873 ], [ 11.1019963, 51.4169054 ], [ 11.103466, 51.4192551 ], [ 11.0952042, 51.4189759 ], [ 11.0714761, 51.42863449999998 ], [ 11.0613905, 51.429792 ], [ 11.0569308, 51.427476 ], [ 11.051845, 51.4295312 ], [ 11.0460411, 51.4262702 ], [ 11.0498524, 51.420196499999982 ], [ 11.0402297, 51.424591899999989 ], [ 11.0354065, 51.4219328 ], [ 11.0252407, 51.4213945 ], [ 11.0235602, 51.418259799999987 ], [ 11.0187496, 51.4170528 ], [ 10.9920331, 51.4178532 ], [ 10.9999949, 51.4232185 ], [ 11.0102379, 51.4239743 ], [ 11.0079204, 51.4292689 ], [ 10.9894677, 51.4257765 ], [ 10.9781132, 51.4268851 ], [ 10.9796802, 51.4319237 ], [ 10.9667339, 51.4323532 ], [ 10.9709286, 51.4420288 ], [ 10.9667236, 51.4455223 ], [ 10.972703, 51.453666 ], [ 10.9682908, 51.454419 ], [ 10.9697018, 51.458935499999988 ], [ 10.962994, 51.4603869 ], [ 10.9608172, 51.4712249 ], [ 10.9729437, 51.4819609 ], [ 10.9520763, 51.495417699999983 ], [ 10.9537608, 51.4981462 ], [ 10.9486491, 51.5016296 ], [ 10.9466343, 51.4990102 ], [ 10.9397211, 51.500725599999988 ], [ 10.9452387, 51.5037297 ], [ 10.9450867, 51.506189600000013 ], [ 10.9362406, 51.511515199999984 ], [ 10.9346608, 51.5177681 ], [ 10.9313453, 51.518125399999988 ], [ 10.9337516, 51.519219899999989 ], [ 10.9273353, 51.5208537 ], [ 10.9282145, 51.52235289999998 ], [ 10.9328504, 51.5215173 ], [ 10.9351513, 51.533222 ], [ 10.9397541, 51.5356043 ], [ 10.947839, 51.5333459 ], [ 10.9479718, 51.5375729 ], [ 10.9399979, 51.5419161 ], [ 10.9160574, 51.5473867 ], [ 10.9111906, 51.5556329 ], [ 10.9044731, 51.5496414 ], [ 10.900496, 51.5506547 ], [ 10.8951905, 51.5570424 ], [ 10.9002497, 51.5644234 ], [ 10.8949145, 51.5675549 ], [ 10.8938584, 51.576382099999982 ], [ 10.8820516, 51.580508099999982 ], [ 10.8888342, 51.596396 ], [ 10.8938525, 51.598635899999984 ], [ 10.8944763, 51.6018329 ], [ 10.8964242, 51.596838399999982 ], [ 10.9033313, 51.5938282 ], [ 10.907169, 51.5949576 ], [ 10.9305382, 51.591680900000014 ], [ 10.9370637, 51.603487299999983 ], [ 10.9140914, 51.6101635 ], [ 10.920959, 51.6136525 ], [ 10.9220126, 51.6184474 ], [ 10.9015251, 51.6118722 ], [ 10.8866006, 51.6121109 ], [ 10.8832338, 51.617694099999987 ], [ 10.8794971, 51.6180446 ], [ 10.8586153, 51.6328998 ], [ 10.8337343, 51.6306876 ], [ 10.8225675, 51.6235396 ], [ 10.8182158, 51.6390264 ], [ 10.7854212, 51.6418796 ], [ 10.7712964, 51.644602699999986 ], [ 10.7645112, 51.6490083 ], [ 10.7556812, 51.6450623 ], [ 10.7561218, 51.641748 ], [ 10.7493657, 51.6403343 ], [ 10.7370874, 51.6450725 ], [ 10.7262515, 51.6448938 ], [ 10.7091153, 51.6406988 ], [ 10.6960111, 51.6429883 ], [ 10.6828802, 51.6606239 ], [ 10.6705071, 51.6669127 ], [ 10.6673566, 51.684808399999987 ], [ 10.66306, 51.6912124 ], [ 10.6675492, 51.696676 ], [ 10.672617, 51.6969655 ], [ 10.6683073, 51.709908 ], [ 10.6565619, 51.7181068 ], [ 10.6493371, 51.7185516 ], [ 10.6420226, 51.7252895 ], [ 10.6428707, 51.7302813 ], [ 10.6317135, 51.7395331 ], [ 10.6312696, 51.7514711 ], [ 10.6260967, 51.7590169 ], [ 10.6059456, 51.7624444 ], [ 10.5930247, 51.767663799999987 ], [ 10.5804373, 51.78275 ], [ 10.5850876, 51.7876314 ], [ 10.5841634, 51.797779299999988 ], [ 10.5741743, 51.8111266 ], [ 10.5778381, 51.8157718 ], [ 10.5787359, 51.8286523 ], [ 10.5884299, 51.8357858 ], [ 10.5852726, 51.840067 ], [ 10.576971, 51.8429873 ], [ 10.5791005, 51.8482573 ], [ 10.584469, 51.8530572 ], [ 10.6026154, 51.8545451 ], [ 10.616353, 51.8698428 ], [ 10.6323298, 51.87216489999998 ], [ 10.6504372, 51.8913027 ], [ 10.6488947, 51.9071735 ], [ 10.640422, 51.9147166 ], [ 10.6133138, 51.921515299999989 ], [ 10.6181114, 51.9314774 ], [ 10.6132605, 51.9394679 ], [ 10.6211407, 51.943393 ], [ 10.6224776, 51.947541199999982 ], [ 10.6331665, 51.9486837 ], [ 10.6475466, 51.9536245 ], [ 10.6513037, 51.9575611 ], [ 10.6417044, 51.962628 ], [ 10.6353784, 51.959065299999985 ], [ 10.6199412, 51.9576786 ], [ 10.6196171, 51.966936199999985 ], [ 10.6062373, 51.9686657 ], [ 10.6062329, 51.9772874 ], [ 10.5960559, 51.9749954 ], [ 10.5856896, 51.9762297 ], [ 10.5867788, 51.9827318 ], [ 10.561227, 52.004065899999986 ], [ 10.5747412, 52.0063609 ], [ 10.5729696, 52.0104458 ], [ 10.5915952, 52.0113422 ], [ 10.5922802, 52.014203499999986 ], [ 10.5966, 52.0143655 ], [ 10.5958041, 52.0100823 ], [ 10.6004776, 52.009735799999987 ], [ 10.6001942, 52.0071657 ], [ 10.6119023, 52.0100468 ], [ 10.6260197, 52.0081978 ], [ 10.621436, 52.0103343 ], [ 10.6389722, 52.0153253 ], [ 10.6422168, 52.0229161 ], [ 10.655492, 52.024686599999981 ], [ 10.6568648, 52.0285238 ], [ 10.6478867, 52.0417208 ], [ 10.6873852, 52.0481382 ], [ 10.7221143, 52.049659 ], [ 10.7573534, 52.0482592 ], [ 10.760241, 52.0461131 ], [ 10.7828288, 52.0504568 ], [ 10.8014892, 52.047997 ], [ 10.8287075, 52.0477486 ], [ 10.8550354, 52.0509023 ], [ 10.8721778, 52.0579561 ], [ 10.8811604, 52.059323499999984 ], [ 10.9359614, 52.059709899999987 ], [ 10.9644146, 52.056643199999989 ], [ 10.9730497, 52.0731239 ], [ 10.9706528, 52.086264899999989 ], [ 10.9670981, 52.088375299999981 ], [ 10.958471, 52.0879804 ], [ 10.942005, 52.0943628 ], [ 10.9421598, 52.1030903 ], [ 10.9656681, 52.1071153 ], [ 10.9768775, 52.1057289 ], [ 11.0091632, 52.1199278 ], [ 11.0174701, 52.1282597 ], [ 11.0275673, 52.1293649 ], [ 11.0377821, 52.1340655 ], [ 11.0441352, 52.133665499999985 ], [ 11.0450392, 52.1435538 ], [ 11.0604284, 52.153474 ], [ 11.0546185, 52.1602561 ], [ 11.0609576, 52.164818 ], [ 11.060337, 52.1723874 ], [ 11.0359235, 52.171728400000013 ], [ 11.0192446, 52.178087 ], [ 11.0131692, 52.1858777 ], [ 11.0136466, 52.1995562 ], [ 11.0176863, 52.1982526 ], [ 11.0245799, 52.2010958 ], [ 11.0213946, 52.2049793 ], [ 11.0294484, 52.2114484 ], [ 11.0344556, 52.2103124 ], [ 11.0448833, 52.215056199999985 ], [ 11.0771849, 52.2186766 ], [ 11.0788577, 52.2246497 ], [ 11.0862441, 52.2286338 ], [ 11.0732675, 52.243239699999982 ], [ 11.0589072, 52.240651799999988 ], [ 11.0523673, 52.2537364 ], [ 11.0563126, 52.258728 ], [ 11.0511297, 52.262799299999976 ], [ 11.0521677, 52.267363499999988 ], [ 11.0429439, 52.2720107 ], [ 11.0290668, 52.270121 ], [ 11.0138008, 52.286649 ], [ 11.0125065, 52.29132 ], [ 11.0218375, 52.2965952 ], [ 11.0295772, 52.2973618 ], [ 11.0392227, 52.301671899999988 ], [ 11.0355903, 52.303415 ], [ 11.0360152, 52.310396 ], [ 11.0333553, 52.3100367 ], [ 11.0202288, 52.3191179 ], [ 11.0116167, 52.3282411 ], [ 11.0010767, 52.3274805 ], [ 10.9999829, 52.3297124 ], [ 11.0047953, 52.330748799999988 ], [ 11.0020832, 52.3365854 ], [ 10.9879125, 52.335015899999988 ], [ 10.9836739, 52.341686499999987 ], [ 10.9925515, 52.3443775 ], [ 10.996251, 52.342120900000012 ], [ 11.0023412, 52.3447512 ], [ 11.0229806, 52.3474329 ], [ 11.0235962, 52.3442321 ], [ 11.0303684, 52.3459072 ], [ 11.0373565, 52.3447424 ], [ 11.0403715, 52.3473274 ], [ 11.0440497, 52.3468824 ], [ 11.0439395, 52.3493387 ], [ 11.0574745, 52.3503331 ], [ 11.0616139, 52.357453 ], [ 11.0638076, 52.3541541 ], [ 11.0686843, 52.3554776 ], [ 11.0670002, 52.3698774 ], [ 11.0737412, 52.3717014 ], [ 11.0744798, 52.3744033 ], [ 11.0698525, 52.374524199999989 ], [ 11.0688102, 52.376522099999988 ], [ 11.0665442, 52.3731998 ], [ 11.0608311, 52.3802147 ], [ 11.0544995, 52.3813862 ], [ 11.0467528, 52.387870199999981 ], [ 11.0390041, 52.3889095 ], [ 11.0418673, 52.3863838 ], [ 11.0362998, 52.3852095 ], [ 11.0342082, 52.3885741 ], [ 11.022946, 52.3926355 ], [ 11.0151601, 52.3881068 ], [ 11.0186951, 52.397042 ], [ 11.0055789, 52.4088715 ], [ 10.991645, 52.4133349 ], [ 10.9946284, 52.41511329999998 ], [ 10.989408, 52.420303 ], [ 10.9622611, 52.4347379 ], [ 10.9563948, 52.4447515 ], [ 10.9487964, 52.448591699999987 ], [ 10.9478217, 52.453949099999988 ], [ 10.9337457, 52.4609521 ], [ 10.934585, 52.4761744 ], [ 10.9409811, 52.4766008 ], [ 10.9435559, 52.4923495 ], [ 10.9499937, 52.4956057 ], [ 10.9748404, 52.5013633 ], [ 10.9822616, 52.4969646 ], [ 11.0087817, 52.4967476 ], [ 10.9589923, 52.535554 ], [ 10.9423372, 52.5559487 ], [ 10.9430391, 52.5604932 ], [ 10.9375757, 52.5673997 ], [ 10.9414379, 52.571874799999989 ], [ 10.9416895, 52.5797447 ], [ 10.9474355, 52.582550099999985 ], [ 10.9398175, 52.5895731 ], [ 10.9532598, 52.5928675 ], [ 10.959519, 52.5998923 ], [ 10.9716529, 52.6033287 ], [ 10.9756292, 52.6068249 ], [ 10.976968, 52.6241416 ], [ 10.9642483, 52.6258547 ], [ 10.9456054, 52.6202143 ], [ 10.9438465, 52.6150602 ], [ 10.9271038, 52.6092306 ], [ 10.9213884, 52.6098706 ], [ 10.9250263, 52.6145969 ], [ 10.9150529, 52.617635 ], [ 10.9131032, 52.6240981 ], [ 10.904378, 52.6274668 ], [ 10.8968683, 52.6427087 ], [ 10.8790268, 52.6559965 ], [ 10.8777588, 52.6638325 ], [ 10.8596775, 52.6745903 ], [ 10.8460917, 52.690137599999986 ], [ 10.8375075, 52.6958096 ], [ 10.8331289, 52.7009389 ], [ 10.8361589, 52.7077014 ], [ 10.8297032, 52.7161352 ], [ 10.8244601, 52.7179746 ], [ 10.7966968, 52.7143264 ], [ 10.7932824, 52.729968299999989 ], [ 10.7881761, 52.7331723 ], [ 10.7916658, 52.7481966 ], [ 10.7876451, 52.752967099999985 ], [ 10.776208, 52.754788799999986 ], [ 10.7754829, 52.7623611 ], [ 10.7553212, 52.784829599999988 ], [ 10.7617438, 52.8027264 ], [ 10.7569463, 52.819774699999989 ], [ 10.7666545, 52.8261931 ], [ 10.7639858, 52.830208 ], [ 10.7717288, 52.8339457 ], [ 10.7646972, 52.8404793 ], [ 10.7666915, 52.842192399999981 ], [ 10.7961471, 52.8436419 ], [ 10.800553, 52.850291799999987 ], [ 10.8347746, 52.8474751 ], [ 10.8415559, 52.8522049 ], [ 10.8603706, 52.8516515 ], [ 10.8592054, 52.853344 ], [ 10.8661021, 52.855726 ], [ 10.8741724, 52.8527041 ], [ 10.8768419, 52.847747799999986 ], [ 10.8906174, 52.845896299999986 ], [ 10.895667, 52.8563728 ], [ 10.9150246, 52.8531778 ], [ 10.9396335, 52.8533355 ], [ 10.9678958, 52.8757161 ], [ 10.9680823, 52.8793207 ], [ 10.9788144, 52.8781526 ], [ 10.9855083, 52.882033199999988 ], [ 10.990097, 52.8881877 ], [ 10.9890538, 52.899053 ], [ 10.9935615, 52.9035278 ], [ 10.9925725, 52.906457399999987 ], [ 11.0020758, 52.9114766 ], [ 11.0130764, 52.9098902 ], [ 11.0390495, 52.913399299999988 ], [ 11.0658728, 52.9094511 ], [ 11.0787474, 52.9129642 ], [ 11.0986758, 52.9128767 ], [ 11.0931873, 52.899471399999982 ], [ 11.1064055, 52.8962235 ], [ 11.138906, 52.8983407 ], [ 11.1546667, 52.9018653 ], [ 11.1552579, 52.9062106 ], [ 11.2206453, 52.8976664 ], [ 11.2191691, 52.892681199999984 ], [ 11.2306271, 52.8913491 ], [ 11.2357636, 52.8886139 ], [ 11.2411256, 52.8790183 ], [ 11.2672389, 52.880140799999985 ], [ 11.2765695, 52.8875323 ], [ 11.2906621, 52.8891257 ], [ 11.2942135, 52.8871328 ], [ 11.2954107, 52.8749069 ], [ 11.3142501, 52.8782363 ], [ 11.3368634, 52.886361299999983 ], [ 11.3371842, 52.8883574 ], [ 11.3545349, 52.890363 ], [ 11.3746938, 52.9002358 ], [ 11.3861106, 52.902338 ], [ 11.3847782, 52.9035784 ], [ 11.3924617, 52.901680100000014 ], [ 11.4065778, 52.904102199999983 ], [ 11.4260755, 52.9199235 ], [ 11.4328906, 52.9197498 ], [ 11.4544444, 52.933396900000012 ], [ 11.4700617, 52.9389256 ], [ 11.4917633, 52.9416339 ], [ 11.5050268, 52.9410327 ], [ 11.4923425, 52.9596629 ], [ 11.5064282, 52.9997452 ], [ 11.5124906, 53.0074449 ], [ 11.5264285, 53.0082585 ], [ 11.5433804, 52.9994524 ], [ 11.5564166, 52.9986658 ], [ 11.5604439, 53.0037997 ], [ 11.55209, 53.0047285 ], [ 11.5592495, 53.0130803 ], [ 11.5637459, 53.012843399999987 ], [ 11.5691309, 53.018550299999987 ], [ 11.596424, 53.0327829 ], [ 11.5977845, 53.035926400000015 ], [ 11.6185485, 53.0413209 ], [ 11.6296121, 53.0417134 ], [ 11.6393656, 53.0387188 ], [ 11.6418859, 53.034065 ], [ 11.6270295, 53.0216613 ], [ 11.626327, 53.0126474 ], [ 11.6332671, 53.007892299999988 ], [ 11.6457531, 53.005384 ], [ 11.6677402, 53.009679 ], [ 11.6771651, 53.0081372 ], [ 11.6840578, 52.9997402 ], [ 11.6830248, 52.9861558 ], [ 11.6902409, 52.9791264 ], [ 11.7025693, 52.9778095 ], [ 11.7320196, 52.9885654 ], [ 11.7437898, 52.9885447 ], [ 11.764193, 52.981411399999985 ], [ 11.7863039, 52.9609583 ], [ 11.8111208, 52.9570951 ], [ 11.8289013, 52.9572734 ], [ 11.84603, 52.9515998 ], [ 11.8493817, 52.9472556 ], [ 11.8479275, 52.9410315 ], [ 11.8295159, 52.9305968 ], [ 11.8230921, 52.9232576 ], [ 11.8250114, 52.9157735 ], [ 11.8339975, 52.910361099999989 ], [ 11.8715084, 52.9088738 ], [ 11.8973354, 52.8933624 ], [ 11.932253, 52.8915789 ], [ 11.9489842, 52.8876758 ], [ 11.9594447, 52.8799275 ], [ 11.9619236, 52.8809902 ], [ 11.9815503, 52.8760288 ], [ 11.9872514, 52.8767325 ], [ 11.9904784, 52.8812162 ], [ 12.0053183, 52.8817976 ], [ 12.0061195, 52.8874619 ], [ 12.0226142, 52.8903703 ], [ 12.0292252, 52.8881459 ], [ 12.0429996, 52.888853199999986 ], [ 12.0481526, 52.8859136 ], [ 12.0554651, 52.8889512 ], [ 12.0608661, 52.8881682 ], [ 12.0675448, 52.8861408 ], [ 12.0662799, 52.8837302 ], [ 12.0764751, 52.8863964 ], [ 12.0811505, 52.8824812 ], [ 12.0813833, 52.8770819 ], [ 12.1126231, 52.8757291 ], [ 12.1246013, 52.8935859 ], [ 12.1284854, 52.8926488 ], [ 12.1226217, 52.8885015 ], [ 12.1202131, 52.875513899999987 ], [ 12.1331164, 52.8657761 ], [ 12.1237147, 52.8537958 ], [ 12.1721895, 52.864702 ], [ 12.1969365, 52.877978 ], [ 12.1999502, 52.8708763 ], [ 12.2083872, 52.8664953 ], [ 12.2099555, 52.8624169 ], [ 12.2140563, 52.861667 ], [ 12.2173912, 52.8659845 ], [ 12.2340568, 52.8593777 ], [ 12.2318753, 52.8506673 ], [ 12.2396835, 52.8436758 ], [ 12.2372566, 52.8392872 ], [ 12.2436696, 52.820685399999988 ], [ 12.2575364, 52.804908499999989 ], [ 12.2524889, 52.8037314 ], [ 12.2555811, 52.798596299999986 ], [ 12.2477241, 52.7965153 ], [ 12.2492033, 52.7918622 ], [ 12.2438854, 52.7865304 ], [ 12.2305275, 52.789812399999988 ], [ 12.2207994, 52.7897414 ], [ 12.2235585, 52.7870491 ], [ 12.2235073, 52.7756965 ], [ 12.2131325, 52.773607399999989 ], [ 12.2118474, 52.7660169 ], [ 12.2148686, 52.7639956 ], [ 12.208377, 52.7636735 ], [ 12.2059584, 52.760910499999987 ], [ 12.2091603, 52.7531804 ], [ 12.2194471, 52.7509149 ], [ 12.2212905, 52.7452243 ], [ 12.2184242, 52.7435292 ], [ 12.2231687, 52.7397473 ], [ 12.2205533, 52.7364837 ], [ 12.2094355, 52.7352021 ], [ 12.2093618, 52.732044099999982 ], [ 12.2012943, 52.7290038 ], [ 12.2059569, 52.726514 ], [ 12.2027718, 52.7259873 ], [ 12.2047062, 52.7249703 ], [ 12.1975485, 52.718375 ], [ 12.1998551, 52.717200399999989 ], [ 12.204803, 52.719824799999984 ], [ 12.2098436, 52.7176222 ], [ 12.2101818, 52.7154657 ], [ 12.203919, 52.7133526 ], [ 12.2241855, 52.702785399999982 ], [ 12.2175419, 52.699821899999989 ], [ 12.220879, 52.690439199999986 ], [ 12.2227737, 52.688450799999984 ], [ 12.2328767, 52.689044 ], [ 12.2268123, 52.6837972 ], [ 12.2353815, 52.6803646 ], [ 12.2393521, 52.671736 ], [ 12.2392993, 52.6658185 ], [ 12.2345791, 52.6643645 ], [ 12.2379424, 52.662501099999986 ], [ 12.2337942, 52.6596734 ], [ 12.2355144, 52.65445 ], [ 12.2325238, 52.653611399999988 ], [ 12.2378901, 52.6455563 ], [ 12.2366771, 52.6409775 ], [ 12.2310016, 52.6398896 ], [ 12.2308459, 52.629755 ], [ 12.2368726, 52.628877 ], [ 12.2126485, 52.625099899999988 ], [ 12.203537, 52.6187461 ], [ 12.1719702, 52.625946600000013 ], [ 12.1691333, 52.616753899999985 ], [ 12.1755684, 52.6173304 ], [ 12.1702878, 52.6076985 ], [ 12.1765653, 52.606469199999985 ], [ 12.1733978, 52.5995963 ], [ 12.1733847, 52.5822549 ], [ 12.1767278, 52.576496899999988 ], [ 12.1810781, 52.5751771 ], [ 12.1593096, 52.5609903 ], [ 12.1494385, 52.5405466 ], [ 12.1434878, 52.5368676 ], [ 12.1418114, 52.5283942 ], [ 12.1546364, 52.5296964 ], [ 12.1581982, 52.534216699999988 ], [ 12.1738884, 52.5386924 ], [ 12.1796039, 52.533663499999989 ], [ 12.1886895, 52.5324228 ], [ 12.1854668, 52.5270203 ], [ 12.1672948, 52.5149854 ], [ 12.170367, 52.5069748 ], [ 12.1847042, 52.4957761 ], [ 12.1905848, 52.498866 ], [ 12.2039744, 52.4978768 ], [ 12.2115, 52.5031312 ], [ 12.2174613, 52.500212899999987 ], [ 12.2216795, 52.500665399999988 ], [ 12.2277641, 52.505948499999988 ], [ 12.2239982, 52.5115255 ], [ 12.2316399, 52.5162283 ], [ 12.2310469, 52.521876799999987 ], [ 12.2355594, 52.523781799999988 ], [ 12.2449836, 52.5215229 ], [ 12.2467675, 52.518861499999979 ], [ 12.2582162, 52.5178854 ], [ 12.2599217, 52.5042326 ], [ 12.2700834, 52.5009984 ], [ 12.262452, 52.495470199999986 ], [ 12.2700052, 52.4936711 ], [ 12.2714453, 52.4874808 ], [ 12.2784445, 52.487183699999989 ], [ 12.2853037, 52.492604 ], [ 12.294374, 52.4924641 ], [ 12.2971431, 52.4961408 ], [ 12.3106883, 52.4908731 ], [ 12.3207562, 52.4955136 ], [ 12.3303839, 52.496367299999989 ], [ 12.327666, 52.4914128 ], [ 12.3158726, 52.4905927 ], [ 12.3093612, 52.4862648 ], [ 12.3087287, 52.4789789 ], [ 12.316335, 52.4751425 ], [ 12.3274569, 52.4794869 ], [ 12.3307815, 52.4785557 ], [ 12.325259, 52.472090699999988 ], [ 12.3251162, 52.4642306 ], [ 12.3150812, 52.4604602 ], [ 12.3166837, 52.4523848 ], [ 12.3043427, 52.450501499999987 ], [ 12.3032474, 52.4459571 ], [ 12.3075683, 52.444309 ], [ 12.3022877, 52.438811799999989 ], [ 12.3026752, 52.4344931 ], [ 12.2892524, 52.430694899999985 ], [ 12.2969896, 52.4237781 ], [ 12.2744697, 52.4160619 ], [ 12.2748424, 52.412267599999986 ], [ 12.2923364, 52.4075371 ], [ 12.2994013, 52.4091138 ], [ 12.302326, 52.405012799999987 ], [ 12.3032916, 52.3975497 ], [ 12.2953662, 52.392423699999981 ], [ 12.2918074, 52.3861436 ], [ 12.2942655, 52.38142 ], [ 12.3059895, 52.3774332 ], [ 12.3006483, 52.3710868 ], [ 12.2860944, 52.368876299999989 ], [ 12.2838114, 52.364254499999987 ], [ 12.2979774, 52.3532786 ], [ 12.2977461, 52.3507991 ], [ 12.3081276, 52.3446965 ], [ 12.2900557, 52.3230023 ], [ 12.2815303, 52.3184163 ], [ 12.2627652, 52.2950716 ], [ 12.2510807, 52.2724349 ], [ 12.2511034, 52.264227299999988 ], [ 12.2546718, 52.2618851 ], [ 12.2446481, 52.248438199999981 ], [ 12.2615415, 52.246087599999989 ], [ 12.258008, 52.243153 ], [ 12.2706807, 52.2417225 ], [ 12.2752638, 52.2362739 ], [ 12.2642382, 52.2368895 ], [ 12.2617455, 52.2360985 ], [ 12.2645325, 52.2335474 ], [ 12.2837804, 52.2345128 ], [ 12.2868834, 52.2301025 ], [ 12.2956806, 52.229404699999989 ], [ 12.2972769, 52.2275454 ], [ 12.2930207, 52.224037499999987 ], [ 12.2889157, 52.2254394 ], [ 12.2788278, 52.2170428 ], [ 12.2676682, 52.2145087 ], [ 12.2602647, 52.216450699999989 ], [ 12.2489211, 52.2117372 ], [ 12.2452493, 52.2073889 ], [ 12.2536752, 52.2056463 ], [ 12.2418001, 52.194277 ], [ 12.2482918, 52.18422289999998 ], [ 12.2415604, 52.181981900000018 ], [ 12.2285852, 52.1859848 ], [ 12.2167831, 52.1700686 ], [ 12.2204663, 52.1666673 ], [ 12.2340038, 52.1627936 ], [ 12.2313043, 52.154951399999987 ], [ 12.24532, 52.138733 ], [ 12.2651101, 52.130659799999989 ], [ 12.2767243, 52.104018 ], [ 12.292239, 52.1013838 ], [ 12.3001422, 52.0962174 ], [ 12.3158235, 52.092371899999989 ], [ 12.3290302, 52.0696316 ], [ 12.3480851, 52.0592966 ], [ 12.3597774, 52.046500099999989 ], [ 12.3895994, 52.0435658 ], [ 12.3982167, 52.0356472 ], [ 12.4092885, 52.029071 ], [ 12.4202037, 52.0265245 ], [ 12.4302279, 52.0183061 ], [ 12.4500024, 52.0162129 ], [ 12.4530189, 52.0260483 ], [ 12.4607576, 52.0347205 ], [ 12.4806154, 52.0333351 ], [ 12.4849557, 52.0171498 ], [ 12.4988265, 52.008922899999988 ], [ 12.5363066, 52.00288 ], [ 12.5393946, 51.9848889 ], [ 12.6030195, 51.9810867 ], [ 12.6151603, 51.9822813 ], [ 12.6143971, 51.9917233 ], [ 12.6447482, 51.9943798 ], [ 12.648597, 52.008311099999986 ], [ 12.6565025, 52.0129396 ], [ 12.6672587, 52.013230099999987 ], [ 12.6727024, 52.0118452 ], [ 12.6756617, 52.006934099999988 ], [ 12.6825216, 52.003323 ], [ 12.6979243, 52.002982399999986 ], [ 12.7119382, 51.9998658 ], [ 12.7116728, 51.9972706 ], [ 12.7296409, 51.9889639 ], [ 12.7434364, 51.9890476 ], [ 12.7554761, 51.986391399999988 ], [ 12.7592462, 51.9821769 ], [ 12.7743251, 51.9783599 ], [ 12.7776127, 51.964591 ], [ 12.8112655, 51.9625651 ], [ 12.8441536, 51.967734 ], [ 12.8502549, 51.9586985 ], [ 12.8527302, 51.9350053 ], [ 12.8881715, 51.9347692 ], [ 12.8904241, 51.9283802 ], [ 12.9174619, 51.9326914 ], [ 12.9183715, 51.9393595 ], [ 12.9356755, 51.9361488 ], [ 12.960568, 51.9349105 ], [ 12.9559743, 51.9226571 ], [ 12.9765359, 51.9198634 ], [ 12.9726649, 51.9008811 ], [ 12.9860814, 51.904108799999989 ], [ 13.0098591, 51.9027841 ], [ 13.0217794, 51.8968516 ], [ 13.0227734, 51.90323 ], [ 13.0454079, 51.9005151 ], [ 13.0485379, 51.8918604 ], [ 13.0375661, 51.890881 ], [ 13.0372934, 51.880257 ], [ 13.0291637, 51.8810424 ], [ 13.0392393, 51.8709121 ], [ 13.0805481, 51.867478099999985 ], [ 13.0850052, 51.8740164 ], [ 13.0962393, 51.8728802 ], [ 13.1135598, 51.874897199999985 ], [ 13.1136111, 51.876593399999983 ], [ 13.1189935, 51.8765408 ], [ 13.1190751, 51.882829 ], [ 13.1323352, 51.8824882 ], [ 13.1320268, 51.8795514 ], [ 13.138951, 51.8795121 ], [ 13.1422281, 51.8725568 ], [ 13.1496042, 51.872331499999987 ], [ 13.1509134, 51.8596104 ], [ 13.1234776, 51.857820599999989 ], [ 13.1235358, 51.8545925 ], [ 13.1355521, 51.8328035 ], [ 13.1421633, 51.8285887 ], [ 13.1391414, 51.82469279999998 ], [ 13.1420895, 51.8206546 ], [ 13.1485234, 51.8205436 ], [ 13.1475295, 51.8179374 ], [ 13.1536792, 51.8149063 ], [ 13.1630113, 51.802018 ], [ 13.1606962, 51.7971821 ], [ 13.1584709, 51.7976101 ], [ 13.1626916, 51.7930686 ], [ 13.1579946, 51.7884482 ], [ 13.1701038, 51.7870237 ], [ 13.1687081, 51.7827704 ], [ 13.1600387, 51.7839285 ], [ 13.1597986, 51.774590099999983 ], [ 13.1474818, 51.7666385 ], [ 13.155834, 51.7645702 ], [ 13.1498535, 51.7592671 ], [ 13.1632947, 51.754936 ], [ 13.1627098, 51.7505433 ], [ 13.1583337, 51.7509576 ], [ 13.1540104, 51.7442479 ], [ 13.1607519, 51.739869599999984 ], [ 13.1641274, 51.741888599999989 ], [ 13.1684174, 51.7386967 ], [ 13.1671547, 51.7353841 ], [ 13.1795352, 51.7311707 ], [ 13.1864995, 51.722110799999989 ], [ 13.1842658, 51.7199101 ], [ 13.1870716, 51.7156245 ], [ 13.1686854, 51.7186692 ], [ 13.166378, 51.717890099999984 ], [ 13.1712186, 51.7125346 ], [ 13.1701099, 51.7080868 ], [ 13.1617302, 51.712974599999988 ], [ 13.1551006, 51.7107869 ], [ 13.1611546, 51.6966819 ], [ 13.1612646, 51.694986 ], [ 13.1561448, 51.6947295 ], [ 13.1624595, 51.6918151 ], [ 13.1550797, 51.6890658 ], [ 13.1545287, 51.6867059 ], [ 13.0234671, 51.6373034 ], [ 13.0178586, 51.6443468 ], [ 13.0204663, 51.6533869 ], [ 13.0171922, 51.6596317 ], [ 13.0115725, 51.6645488 ], [ 13.0052524, 51.6618578 ], [ 13.0014285, 51.6675593 ], [ 12.9962918, 51.6692472 ], [ 12.9777967, 51.6682476 ], [ 12.9771995, 51.6663622 ], [ 12.98176, 51.6648662 ], [ 12.9794178, 51.6632006 ], [ 12.9668213, 51.665664799999988 ], [ 12.9715026, 51.6502487 ], [ 12.9582641, 51.6512816 ], [ 12.949528, 51.649433899999984 ], [ 12.9523553, 51.6435887 ], [ 12.9421636, 51.6380059 ], [ 12.935981, 51.6457755 ], [ 12.928109, 51.649565 ], [ 12.9152309, 51.6484608 ], [ 12.9134141, 51.6441185 ], [ 12.8975247, 51.6474263 ], [ 12.8908107, 51.653967899999984 ], [ 12.8951686, 51.6637657 ], [ 12.8891948, 51.6668839 ], [ 12.8803939, 51.6590602 ], [ 12.8657938, 51.6550267 ], [ 12.8638643, 51.6615115 ], [ 12.8665151, 51.6639572 ], [ 12.8608717, 51.6647078 ], [ 12.8622274, 51.6737817 ], [ 12.8567807, 51.6726962 ], [ 12.8590296, 51.6761949 ], [ 12.8438623, 51.6849737 ], [ 12.8418968, 51.682222499999988 ], [ 12.8278823, 51.6822472 ], [ 12.831807, 51.6760224 ], [ 12.8177399, 51.6704037 ], [ 12.7925335, 51.6655008 ], [ 12.7727062, 51.647509100000015 ], [ 12.7646078, 51.6465653 ], [ 12.7600903, 51.6496942 ], [ 12.7499363, 51.650058799999989 ], [ 12.7401645, 51.655554599999981 ], [ 12.7310139, 51.6563307 ], [ 12.7168432, 51.6613135 ], [ 12.6866756, 51.6619928 ], [ 12.6786857, 51.656236 ], [ 12.677021, 51.6498406 ], [ 12.6665237, 51.6422254 ], [ 12.6658453, 51.6315994 ], [ 12.657887, 51.6303163 ], [ 12.6487322, 51.6250539 ], [ 12.6491127, 51.6204463 ], [ 12.6227694, 51.615636399999985 ], [ 12.6083322, 51.610602 ], [ 12.6119802, 51.6142563 ], [ 12.6223601, 51.6164462 ], [ 12.6239283, 51.621816399999986 ], [ 12.629229, 51.625235599999982 ], [ 12.6241688, 51.6279842 ], [ 12.6045303, 51.626249799999989 ], [ 12.5954928, 51.618381 ], [ 12.5918568, 51.6183585 ], [ 12.5912845, 51.622485399999988 ], [ 12.5864025, 51.622371 ], [ 12.5859363, 51.625492099999988 ], [ 12.5802628, 51.6260653 ], [ 12.5747032, 51.6154335 ], [ 12.5702706, 51.6168829 ], [ 12.5628315, 51.6137556 ], [ 12.5599796, 51.6085191 ], [ 12.5417123, 51.607436299999989 ], [ 12.5446381, 51.6037133 ], [ 12.5414452, 51.6025012 ], [ 12.5374696, 51.602470899999972 ], [ 12.5344797, 51.6060864 ], [ 12.5157641, 51.605786499999986 ], [ 12.507007, 51.6084556 ], [ 12.5035404, 51.6045456 ], [ 12.4950242, 51.6041319 ], [ 12.4976579, 51.6029874 ], [ 12.4974586, 51.5965638 ], [ 12.4900975, 51.5982025 ], [ 12.4829881, 51.5931842 ], [ 12.4771399, 51.5962792 ], [ 12.4871854, 51.6010062 ], [ 12.4863736, 51.6042777 ], [ 12.4711223, 51.6051903 ], [ 12.460576, 51.6032601 ], [ 12.4439624, 51.6098704 ], [ 12.4383867, 51.605174399999989 ], [ 12.4333128, 51.6058336 ], [ 12.4381584, 51.602467 ], [ 12.4368232, 51.5993055 ], [ 12.4333852, 51.597624900000014 ], [ 12.4273289, 51.5992989 ], [ 12.4238669, 51.5880971 ], [ 12.4254192, 51.5821314 ], [ 12.4114196, 51.5820088 ], [ 12.391781, 51.5877609 ], [ 12.3922563, 51.585629399999981 ], [ 12.3816007, 51.5854128 ], [ 12.3668564, 51.588013800000013 ], [ 12.3745145, 51.5845177 ], [ 12.3688962, 51.5850117 ], [ 12.3676812, 51.5830872 ], [ 12.3483689, 51.5866493 ], [ 12.3480325, 51.5839973 ], [ 12.3374981, 51.5864095 ], [ 12.3364144, 51.5847787 ], [ 12.3436184, 51.5825806 ], [ 12.3409128, 51.5798092 ], [ 12.319375, 51.577578499999987 ], [ 12.3205594, 51.5746715 ], [ 12.3132596, 51.568496 ], [ 12.3012037, 51.5653588 ], [ 12.2972237, 51.5666674 ], [ 12.2932135, 51.5649034 ], [ 12.2931793, 51.5605574 ], [ 12.2534283, 51.560597099999981 ], [ 12.2504779, 51.5589491 ], [ 12.2464001, 51.5663527 ], [ 12.2432109, 51.566876 ], [ 12.2329039, 51.5611254 ], [ 12.2360455, 51.5529712 ], [ 12.2300495, 51.5528253 ], [ 12.2313459, 51.5473457 ], [ 12.2190182, 51.5465142 ], [ 12.2221708, 51.5444457 ], [ 12.2101267, 51.5419214 ], [ 12.2071652, 51.5352511 ], [ 12.2014692, 51.5345686 ], [ 12.2019406, 51.5313312 ], [ 12.1927657, 51.5312986 ], [ 12.1938437, 51.5083973 ], [ 12.1903952, 51.5077673 ], [ 12.1963462, 51.506732799999988 ], [ 12.1973476, 51.5028612 ], [ 12.2078966, 51.5025924 ], [ 12.2083348, 51.4980956 ], [ 12.2048648, 51.497830799999988 ], [ 12.2070176, 51.4920641 ], [ 12.2009953, 51.490291699999979 ], [ 12.2030818, 51.4851411 ], [ 12.175705, 51.482222299999989 ], [ 12.175521, 51.4696804 ], [ 12.1489134, 51.4631068 ], [ 12.1486726, 51.459494799999987 ], [ 12.1530391, 51.457543799999989 ], [ 12.1531392, 51.452461199999988 ], [ 12.1582566, 51.4512431 ], [ 12.158391, 51.4459823 ], [ 12.1543237, 51.4460396 ], [ 12.1542192, 51.4443853 ], [ 12.1576317, 51.4443048 ], [ 12.1572135, 51.432711 ], [ 12.1695509, 51.4303137 ], [ 12.1710323, 51.434234299999986 ], [ 12.1824823, 51.4323792 ], [ 12.1858581, 51.4207941 ], [ 12.189822, 51.420853699999988 ], [ 12.1865587, 51.4142484 ], [ 12.1829591, 51.4141095 ], [ 12.1832025, 51.4107711 ], [ 12.1735328, 51.410257 ], [ 12.1777521, 51.403964 ], [ 12.1748633, 51.4002983 ], [ 12.1781394, 51.3891467 ], [ 12.1848279, 51.3875841 ], [ 12.1721439, 51.3841577 ], [ 12.1774436, 51.380482 ], [ 12.1747106, 51.3794067 ], [ 12.1777445, 51.3751676 ], [ 12.1899636, 51.3794503 ], [ 12.1894995, 51.375514 ], [ 12.1827679, 51.374519799999987 ], [ 12.1817563, 51.3685106 ], [ 12.1928792, 51.3714768 ], [ 12.1936404, 51.3692745 ], [ 12.1856325, 51.365964299999987 ], [ 12.1860853, 51.3621291 ], [ 12.1960769, 51.3603995 ], [ 12.1955237, 51.354397799999987 ], [ 12.1905325, 51.353926900000012 ], [ 12.1902557, 51.3513593 ], [ 12.1943472, 51.330567699999989 ], [ 12.1668257, 51.3268076 ], [ 12.1647788, 51.3208351 ], [ 12.1476536, 51.3199671 ], [ 12.1576268, 51.302082899999988 ], [ 12.155326, 51.3012265 ], [ 12.1574034, 51.2922769 ], [ 12.1689479, 51.2937569 ], [ 12.1697493, 51.2856879 ], [ 12.1722551, 51.285680799999987 ], [ 12.1662421, 51.2659337 ], [ 12.1733765, 51.2660461 ], [ 12.1737394, 51.258186 ], [ 12.1893893, 51.2576227 ], [ 12.1931538, 51.2413964 ], [ 12.1949625, 51.2387708 ], [ 12.199492, 51.2384189 ], [ 12.1920764, 51.2369323 ], [ 12.1955892, 51.223617799999985 ], [ 12.1981091, 51.216702 ], [ 12.2034321, 51.2167217 ], [ 12.2047419, 51.2142025 ], [ 12.1895904, 51.203983 ], [ 12.1917952, 51.1957346 ], [ 12.1855977, 51.1942851 ], [ 12.1871847, 51.1914634 ], [ 12.1737374, 51.1900822 ], [ 12.1748442, 51.1813273 ], [ 12.1934039, 51.185307900000012 ], [ 12.2130841, 51.1835004 ], [ 12.2084909, 51.176232899999988 ], [ 12.2121314, 51.1751807 ], [ 12.2115689, 51.1723631 ], [ 12.2062613, 51.171297699999982 ], [ 12.2016735, 51.161393 ], [ 12.1971925, 51.1591343 ], [ 12.1961924, 51.141907499999988 ], [ 12.230143, 51.136198899999989 ], [ 12.2416376, 51.130704699999981 ], [ 12.2290736, 51.1202282 ], [ 12.225492, 51.1203669 ], [ 12.2238923, 51.1235477 ], [ 12.2205555, 51.1230389 ], [ 12.2245904, 51.1193229 ], [ 12.2214403, 51.1097773 ], [ 12.2303589, 51.103607499999988 ], [ 12.2411539, 51.1028939 ], [ 12.2439384, 51.1002337 ], [ 12.2525369, 51.0995906 ], [ 12.2530842, 51.097267900000013 ], [ 12.2613712, 51.0979482 ], [ 12.2627747, 51.100293699999987 ], [ 12.2785747, 51.0992826 ], [ 12.2786358, 51.094966899999989 ], [ 12.2803067, 51.0958893 ], [ 12.284799, 51.0888199 ], [ 12.2882794, 51.0882424 ], [ 12.2732078, 51.0750596 ], [ 12.2675059, 51.078033499999982 ], [ 12.2655968, 51.076984299999985 ], [ 12.2693074, 51.0718123 ], [ 12.2584926, 51.0661439 ], [ 12.2622067, 51.049610699999988 ], [ 12.2562809, 51.049248399999989 ], [ 12.2567893, 51.0453348 ], [ 12.2504604, 51.0444669 ], [ 12.2502684, 51.0378729 ], [ 12.2542875, 51.0391624 ], [ 12.264558, 51.037513499999989 ], [ 12.2730565, 51.040633599999985 ], [ 12.2805804, 51.0404784 ], [ 12.2824676, 51.0377541 ], [ 12.2870454, 51.037639 ], [ 12.2894831, 51.0304502 ], [ 12.2939145, 51.03133 ], [ 12.2917479, 51.0186995 ], [ 12.2819258, 51.0106776 ], [ 12.2835179, 51.006436 ], [ 12.2778948, 51.0057974 ], [ 12.2621852, 50.9891612 ], [ 12.2477011, 50.982283099999982 ], [ 12.239892, 50.97568 ], [ 12.2363715, 50.9645064 ], [ 12.2323488, 50.9613534 ], [ 12.2416705, 50.9615137 ], [ 12.2387175, 50.9515281 ], [ 12.2145801, 50.9380321 ], [ 12.211074, 50.949571 ], [ 12.215347, 50.9532701 ], [ 12.2138186, 50.9584361 ], [ 12.1979794, 50.9567839 ], [ 12.1825081, 50.975866 ], [ 12.1632078, 50.9664852 ], [ 12.166079, 50.9590396 ], [ 12.1635295, 50.9585998 ], [ 12.1583527, 50.9631312 ], [ 12.1500498, 50.964151 ], [ 12.1321339, 50.9612626 ], [ 12.1349865, 50.96497549999998 ], [ 12.0921576, 50.9765305 ], [ 12.0726504, 50.9741205 ], [ 12.0553568, 50.9686133 ], [ 12.0374848, 50.972936399999988 ], [ 12.0141264, 50.9686709 ], [ 12.0109628, 50.9699989 ], [ 12.0106595, 50.9746914 ], [ 12.0170645, 50.9765723 ], [ 12.0171882, 50.9790612 ], [ 12.0143098, 50.9839043 ], [ 12.0086652, 50.9839416 ], [ 12.0065712, 50.9910241 ], [ 11.9993359, 50.9886337 ], [ 11.9965019, 50.9931608 ], [ 11.9742378, 50.9903219 ], [ 11.972911, 50.9943434 ], [ 11.9698731, 50.9943277 ], [ 11.9685288, 50.9991593 ], [ 11.9757739, 50.999166699999989 ], [ 11.9786439, 51.0036961 ], [ 11.9747043, 51.0098258 ], [ 11.9763038, 51.0122358 ], [ 11.9803102, 51.0123454 ], [ 11.9771372, 51.0164549 ], [ 11.965227, 51.0183421 ], [ 11.9627432, 51.022183199999986 ], [ 11.9606887, 51.02019319999998 ], [ 11.9583128, 51.0210386 ], [ 11.9430662, 51.0324412 ], [ 11.9214626, 51.0262939 ], [ 11.9118956, 51.0281793 ], [ 11.91539, 51.0379369 ], [ 11.9107346, 51.0416109 ], [ 11.9108669, 51.045019899999986 ], [ 11.8974528, 51.0452954 ], [ 11.8946675, 51.0471367 ], [ 11.8966631, 51.050472899999988 ], [ 11.8888074, 51.0558404 ], [ 11.8747379, 51.0570619 ], [ 11.8630958, 51.0511456 ], [ 11.8602613, 51.054764 ], [ 11.8522558, 51.0518601 ], [ 11.8338889, 51.0522609 ], [ 11.8171497, 51.047874 ], [ 11.8038936, 51.047210799999981 ], [ 11.7971015, 51.0504081 ], [ 11.7873994, 51.050110599999982 ], [ 11.7868657, 51.0526284 ], [ 11.7746343, 51.053157399999989 ], [ 11.7704068, 51.0491803 ], [ 11.7720941, 51.045007499999983 ], [ 11.75969, 51.042857899999987 ], [ 11.7597537, 51.0477758 ], [ 11.7521076, 51.0486204 ], [ 11.7513163, 51.0518424 ], [ 11.7461971, 51.0519544 ], [ 11.7455312, 51.0541614 ], [ 11.7532504, 51.0569885 ], [ 11.7371469, 51.063137399999981 ], [ 11.7322999, 51.0684172 ], [ 11.7235234, 51.0679951 ], [ 11.7211682, 51.0710198 ], [ 11.7098466, 51.0681378 ], [ 11.7008104, 51.069402599999989 ], [ 11.7018325, 51.0784151 ], [ 11.6975978, 51.0842447 ], [ 11.7015819, 51.085823499999989 ], [ 11.693399, 51.0926203 ], [ 11.6923825, 51.0998516 ], [ 11.689216, 51.100554599999988 ], [ 11.6891656, 51.0985935 ], [ 11.6753081, 51.104138299999988 ], [ 11.6724397, 51.1029019 ], [ 11.6665396, 51.107464699999987 ], [ 11.6669501, 51.1107855 ], [ 11.6470796, 51.107302 ], [ 11.63824, 51.1111228 ], [ 11.6349879, 51.1073301 ], [ 11.6243556, 51.104481499999984 ], [ 11.620212, 51.0974487 ], [ 11.6161516, 51.097964499999989 ], [ 11.6200437, 51.1046669 ], [ 11.6075034, 51.1116072 ], [ 11.5716599, 51.1193651 ], [ 11.558241, 51.1089513 ], [ 11.5552087, 51.1093215 ], [ 11.5565057, 51.1112608 ], [ 11.5478197, 51.1117022 ], [ 11.5456428, 51.1024504 ], [ 11.5120775, 51.107974 ], [ 11.5105941, 51.1029738 ], [ 11.4852189, 51.1025335 ], [ 11.4839143, 51.1078627 ], [ 11.4789326, 51.107322 ], [ 11.4633618, 51.112760400000013 ], [ 11.4654539, 51.1273821 ], [ 11.4625863, 51.1268743 ], [ 11.4628251, 51.1302231 ], [ 11.4598754, 51.1301631 ], [ 11.4586497, 51.137559799999984 ], [ 11.4510043, 51.1466701 ], [ 11.4719292, 51.14818360000001 ], [ 11.4792847, 51.15877829999998 ], [ 11.4725604, 51.16092 ], [ 11.4749477, 51.1658263 ], [ 11.4852601, 51.1655928 ], [ 11.4855483, 51.1680173 ], [ 11.4708176, 51.169838499999983 ], [ 11.4713962, 51.1768709 ], [ 11.4701049, 51.1803099 ], [ 11.4672384, 51.1804549 ], [ 11.4703161, 51.18385760000001 ], [ 11.4685677, 51.1926541 ], [ 11.4558366, 51.195377199999982 ], [ 11.452403, 51.1924775 ], [ 11.4450536, 51.204489599999988 ], [ 11.4460451, 51.2081438 ], [ 11.4309486, 51.2124758 ], [ 11.4053302, 51.2073977 ], [ 11.4080671, 51.203691 ], [ 11.4058875, 51.2027028 ], [ 11.399357, 51.206373099999986 ], [ 11.3914201, 51.203533299999989 ], [ 11.3879757, 51.208873099999984 ], [ 11.3910649, 51.2105677 ], [ 11.3898249, 51.2175152 ], [ 11.3648326, 51.2213592 ], [ 11.3691011, 51.2306121 ], [ 11.3764471, 51.2340712 ], [ 11.3763774, 51.2393954 ], [ 11.3845671, 51.245641199999987 ], [ 11.400613, 51.2429096 ], [ 11.3977953, 51.2367377 ], [ 11.4015717, 51.2362714 ], [ 11.4126323, 51.241062 ], [ 11.4199675, 51.2463645 ], [ 11.4218059, 51.2532362 ], [ 11.425782, 51.2555982 ], [ 11.4292909, 51.2546797 ], [ 11.4395223, 51.2633787 ], [ 11.4412803, 51.266964099999988 ], [ 11.4370309, 51.268654499999982 ], [ 11.4417445, 51.273313599999987 ], [ 11.4467775, 51.2711226 ], [ 11.4561124, 51.2772013 ], [ 11.4523252, 51.279985399999987 ], [ 11.4598774, 51.294050299999988 ], [ 11.4677851, 51.2883869 ], [ 11.4738594, 51.294567099999988 ], [ 11.4725792, 51.2978763 ], [ 11.475226, 51.298054299999983 ], [ 11.449779, 51.313783499999985 ], [ 11.4459943, 51.3119606 ], [ 11.4474138, 51.3160611 ], [ 11.4342355, 51.3204226 ], [ 11.4347854, 51.322046799999988 ], [ 11.4278287, 51.3245764 ], [ 11.4257639, 51.327293599999983 ], [ 11.4280539, 51.327912699999985 ], [ 11.4135947, 51.3331278 ], [ 11.4262966, 51.3362224 ], [ 11.4288146, 51.342828599999983 ], [ 11.4120421, 51.3424884 ], [ 11.4089921, 51.3400827 ], [ 11.3994372, 51.344836199999975 ], [ 11.4009751, 51.349437199999983 ], [ 11.3969398, 51.3496148 ], [ 11.3929667, 51.3541016 ], [ 11.3928308, 51.3652559 ], [ 11.3898365, 51.3679868 ], [ 11.3911466, 51.3725476 ], [ 11.3959411, 51.372934 ], [ 11.3976135, 51.377148399999989 ], [ 11.3932502, 51.383904399999984 ], [ 11.3783166, 51.387238099999983 ], [ 11.3701214, 51.3850845 ], [ 11.3684046, 51.38777959999998 ], [ 11.3653615, 51.3830752 ], [ 11.3617395, 51.383056899999985 ], [ 11.3574258, 51.3897746 ], [ 11.3503938, 51.3881094 ], [ 11.3476681, 51.384557 ], [ 11.3405421, 51.39241759999998 ], [ 11.3307957, 51.390266399999987 ], [ 11.3290538, 51.400019900000011 ], [ 11.3212598, 51.4103723 ], [ 11.3068658, 51.4056305 ], [ 11.2849751, 51.4022079 ], [ 11.275246, 51.4048435 ], [ 11.2743188, 51.4007545 ], [ 11.2527689, 51.4006532 ], [ 11.2485062, 51.3951328 ], [ 11.2441229, 51.39695480000001 ], [ 11.2478972, 51.4054206 ], [ 11.2301674, 51.4057426 ], [ 11.2309071, 51.4083269 ], [ 11.223883, 51.4131862 ], [ 11.2095375, 51.4117429 ], [ 11.2101179, 51.4079116 ], [ 11.2021361, 51.4056742 ] ], [ [ 12.2812445, 52.2274341 ], [ 12.2863256, 52.2277363 ], [ 12.2765462, 52.228295599999981 ], [ 12.2812445, 52.2274341 ] ], [ [ 12.2646486, 52.2312696 ], [ 12.2663356, 52.2298232 ], [ 12.2748513, 52.229689399999984 ], [ 12.2730063, 52.2311489 ], [ 12.2646486, 52.2312696 ] ], [ [ 12.217115, 52.861992499999978 ], [ 12.2223076, 52.8625485 ], [ 12.2213163, 52.863812599999989 ], [ 12.217115, 52.861992499999978 ] ] ], [ [ [ 11.4402736, 51.1997593 ], [ 11.4466145, 51.1988803 ], [ 11.4467681, 51.1944971 ], [ 11.4396725, 51.197667599999974 ], [ 11.4402736, 51.1997593 ] ] ] ] } },
{ "type": "Feature", "properties": { "LAN": "Schleswig-Holstein" }, "geometry": { "type": "MultiPolygon", "coordinates": [ [ [ [ 8.9238706, 53.9220419 ], [ 8.9197901, 53.9264417 ], [ 8.9175875, 53.925765 ], [ 8.8976585, 53.9506855 ], [ 8.9014762, 53.956907199999989 ], [ 8.8966458, 53.9624379 ], [ 8.8893017, 53.9639802 ], [ 8.883244, 53.971336099999988 ], [ 8.8903516, 53.9762024 ], [ 8.8892449, 53.9779614 ], [ 8.8986324, 53.980674 ], [ 8.9019714, 53.9796948 ], [ 8.9007019, 53.9855068 ], [ 8.8804548, 53.9871574 ], [ 8.8699857, 53.994728 ], [ 8.8639543, 53.9950583 ], [ 8.8588963, 54.000243499999982 ], [ 8.8622592, 54.003152199999981 ], [ 8.8366631, 54.030495599999988 ], [ 8.8464408, 54.0386306 ], [ 8.871148, 54.042567899999973 ], [ 8.8802782, 54.0413777 ], [ 8.8817776, 54.04304029999998 ], [ 8.9153195, 54.0355329 ], [ 8.9180183, 54.0327577 ], [ 8.9230847, 54.0340716 ], [ 8.9261628, 54.0287909 ], [ 8.9585827, 54.034 ], [ 8.9774286, 54.0412333 ], [ 8.9854902, 54.0601273 ], [ 8.9808325, 54.0632213 ], [ 8.9586603, 54.063393 ], [ 8.9587062, 54.0661887 ], [ 8.9763579, 54.0688865 ], [ 8.9766149, 54.0712284 ], [ 8.9478162, 54.0911457 ], [ 8.9500958, 54.0930731 ], [ 8.9477039, 54.092977399999981 ], [ 8.9267684, 54.131569299999988 ], [ 8.9093984, 54.135104899999988 ], [ 8.8929738, 54.1332356 ], [ 8.8603742, 54.1194937 ], [ 8.8596036, 54.122816900000011 ], [ 8.8692885, 54.1254434 ], [ 8.8602069, 54.1234283 ], [ 8.8666676, 54.1272195 ], [ 8.8599916, 54.1252802 ], [ 8.8655227, 54.128773499999987 ], [ 8.8584591, 54.128399899999984 ], [ 8.8578655, 54.1191926 ], [ 8.8547326, 54.1282691 ], [ 8.8358473, 54.1341092 ], [ 8.8263649, 54.1447772 ], [ 8.8167733, 54.1677499 ], [ 8.8088676, 54.171037299999981 ], [ 8.8118376, 54.1907843 ], [ 8.8217306, 54.205302200000013 ], [ 8.8289017, 54.205707399999987 ], [ 8.8401083, 54.221688599999986 ], [ 8.8408738, 54.233096199999984 ], [ 8.8356579, 54.2410961 ], [ 8.8448404, 54.263805299999987 ], [ 8.840593, 54.266524499999981 ], [ 8.8440547, 54.2701916 ], [ 8.8395088, 54.281728099999988 ], [ 8.8290292, 54.2901439 ], [ 8.8220378, 54.2913102 ], [ 8.7917045, 54.2818477 ], [ 8.7722696, 54.281593299999983 ], [ 8.7686928, 54.2885675 ], [ 8.7602021, 54.2903197 ], [ 8.7483878, 54.2891225 ], [ 8.7383774, 54.29378 ], [ 8.7235847, 54.2887876 ], [ 8.7053036, 54.2880288 ], [ 8.6868982, 54.278131 ], [ 8.6884684, 54.2739393 ], [ 8.6834757, 54.2718423 ], [ 8.6880539, 54.2668923 ], [ 8.6835717, 54.2655131 ], [ 8.6780411, 54.2716923 ], [ 8.6381182, 54.2897337 ], [ 8.6083114, 54.3087882 ], [ 8.6015565, 54.315795 ], [ 8.599887, 54.333826 ], [ 8.6052366, 54.3313245 ], [ 8.6013831, 54.339071299999986 ], [ 8.6088916, 54.3438513 ], [ 8.6190549, 54.344048799999982 ], [ 8.6341642, 54.3373403 ], [ 8.6440005, 54.3379254 ], [ 8.6527662, 54.3429017 ], [ 8.6464373, 54.3451987 ], [ 8.6521964, 54.3484201 ], [ 8.6580384, 54.348701199999986 ], [ 8.6590838, 54.3469674 ], [ 8.69213, 54.3561856 ], [ 8.6929238, 54.3680182 ], [ 8.6895848, 54.3728441 ], [ 8.6737569, 54.3725472 ], [ 8.6640325, 54.3695278 ], [ 8.6473967, 54.3805 ], [ 8.6460555, 54.3701233 ], [ 8.6386785, 54.3692882 ], [ 8.6409938, 54.3702822 ], [ 8.6344181, 54.378774299999989 ], [ 8.6464437, 54.3925374 ], [ 8.649486, 54.3927549 ], [ 8.6507762, 54.389236 ], [ 8.6599943, 54.395722799999987 ], [ 8.6732698, 54.4005329 ], [ 8.6989015, 54.3977005 ], [ 8.6988111, 54.399199 ], [ 8.7247383, 54.401139 ], [ 8.723868, 54.3995385 ], [ 8.7404903, 54.399866699999983 ], [ 8.8092134, 54.4106681 ], [ 8.8168008, 54.4079796 ], [ 8.8333725, 54.4084543 ], [ 8.8557884, 54.4025308 ], [ 8.8712389, 54.4048071 ], [ 8.9114357, 54.4177357 ], [ 8.9315195, 54.4330812 ], [ 8.9475856, 54.438903899999985 ], [ 8.9589474, 54.4538601 ], [ 9.0011324, 54.4630714 ], [ 9.0031356, 54.4644469 ], [ 8.9993064, 54.4653268 ], [ 9.0049877, 54.473735299999987 ], [ 9.0102419, 54.4724259 ], [ 9.0145374, 54.4747015 ], [ 9.0254728, 54.472835 ], [ 9.0035861, 54.47895759999998 ], [ 9.0156074, 54.4843146 ], [ 9.0124597, 54.484357699999983 ], [ 9.0105438, 54.493137 ], [ 8.994516, 54.512993099999981 ], [ 8.9909379, 54.5228777 ], [ 8.9845986, 54.5240702 ], [ 8.9454545, 54.512425499999978 ], [ 8.9487852, 54.500717 ], [ 8.930528, 54.4911257 ], [ 8.9207852, 54.4701065 ], [ 8.9156866, 54.4710583 ], [ 8.9205721, 54.469519399999974 ], [ 8.8946124, 54.4594588 ], [ 8.8417722, 54.4606157 ], [ 8.828218, 54.462430299999987 ], [ 8.8070155, 54.470159 ], [ 8.8069179, 54.473863899999976 ], [ 8.8192468, 54.4865158 ], [ 8.8092599, 54.4901742 ], [ 8.806437, 54.498341499999988 ], [ 8.8083006, 54.497366 ], [ 8.8136719, 54.5039976 ], [ 8.8281372, 54.5079599 ], [ 8.8356938, 54.5077484 ], [ 8.8714531, 54.528293 ], [ 8.8691357, 54.529671799999981 ], [ 8.8759597, 54.536054899999989 ], [ 8.8778904, 54.5454632 ], [ 8.8686094, 54.5618094 ], [ 8.8929678, 54.596776899999988 ], [ 8.8858218, 54.6089397 ], [ 8.8653396, 54.615497499999975 ], [ 8.8465306, 54.625463599999989 ], [ 8.8278164, 54.6498448 ], [ 8.8017874, 54.6605354 ], [ 8.7796988, 54.6664053 ], [ 8.7528316, 54.681254 ], [ 8.7494748, 54.690279 ], [ 8.7515768, 54.6990013 ], [ 8.7410941, 54.716367700000013 ], [ 8.7194745, 54.7257255 ], [ 8.71005, 54.7234864 ], [ 8.6957397, 54.7244876 ], [ 8.6917842, 54.7292126 ], [ 8.6862098, 54.7303408 ], [ 8.7154509, 54.737716 ], [ 8.7087655, 54.743582399999987 ], [ 8.7082627, 54.751097799999989 ], [ 8.6976276, 54.759943 ], [ 8.6922965, 54.7775881 ], [ 8.6812187, 54.7904805 ], [ 8.6774378, 54.793079299999988 ], [ 8.6591496, 54.7954066 ], [ 8.644229, 54.8190828 ], [ 8.6077616, 54.8410547 ], [ 8.6126144, 54.8784678 ], [ 8.6033691, 54.8857078 ], [ 8.5468549, 54.883351499999989 ], [ 8.5469894, 54.8814351 ], [ 8.5401081, 54.8811371 ], [ 8.5399378, 54.883059 ], [ 8.5101818, 54.881395 ], [ 8.4882619, 54.874558699999973 ], [ 8.489898, 54.8728853 ], [ 8.483272, 54.8707608 ], [ 8.4817439, 54.8721058 ], [ 8.4611606, 54.861207399999984 ], [ 8.4351586, 54.8553254 ], [ 8.4242042, 54.8552447 ], [ 8.4194847, 54.8517878 ], [ 8.4225529, 54.8494262 ], [ 8.414381, 54.8472407 ], [ 8.4020258, 54.848769199999985 ], [ 8.3779185, 54.858598 ], [ 8.3642634, 54.875908 ], [ 8.3479081, 54.8759831 ], [ 8.3455247, 54.8742566 ], [ 8.3405614, 54.880574599999989 ], [ 8.3332282, 54.8728193 ], [ 8.3328274, 54.8632577 ], [ 8.3081387, 54.8591161 ], [ 8.2992493, 54.8494079 ], [ 8.2934171, 54.8269259 ], [ 8.3005458, 54.81797479999998 ], [ 8.2969039, 54.8111139 ], [ 8.299841, 54.8034508 ], [ 8.2944484, 54.7985336 ], [ 8.2920481, 54.785986 ], [ 8.2969665, 54.7767398 ], [ 8.299655, 54.7762412 ], [ 8.3005771, 54.7787904 ], [ 8.3017623, 54.7730388 ], [ 8.3009668, 54.763757599999977 ], [ 8.2937457, 54.7575716 ], [ 8.2970696, 54.7576293 ], [ 8.2944796, 54.7531819 ], [ 8.2964955, 54.745433 ], [ 8.2865823, 54.7471211 ], [ 8.2785556, 54.7522082 ], [ 8.2878443, 54.8767301 ], [ 8.297903, 54.9106566 ], [ 8.3181828, 54.9447647 ], [ 8.383113, 55.0373157 ], [ 8.3975562, 55.0532603 ], [ 8.4099553, 55.0576944 ], [ 8.422428, 55.0583012 ], [ 8.442789, 55.050382 ], [ 8.4641957, 55.0457148 ], [ 8.4482261, 55.0423506 ], [ 8.4324421, 55.048924199999981 ], [ 8.3962354, 55.0461547 ], [ 8.399176, 55.0353044 ], [ 8.4243158, 55.0336631 ], [ 8.4312983, 55.0253588 ], [ 8.4404007, 55.0231206 ], [ 8.440029, 55.0158702 ], [ 8.4171196, 55.00758159999998 ], [ 8.3954874, 55.0040539 ], [ 8.3799023, 54.9967761 ], [ 8.3528218, 54.967857 ], [ 8.3616718, 54.957818199999984 ], [ 8.3582654, 54.9516947 ], [ 8.3628667, 54.9433082 ], [ 8.3598552, 54.9334796 ], [ 8.361941, 54.9241531 ], [ 8.3667863, 54.9241059 ], [ 8.3609201, 54.917916299999987 ], [ 8.3663017, 54.9038998 ], [ 8.3806389, 54.892019699999985 ], [ 8.4258397, 54.877662199999975 ], [ 8.4864903, 54.8767431 ], [ 8.4873702, 54.8792896 ], [ 8.4912326, 54.8784364 ], [ 8.511492, 54.884211699999987 ], [ 8.6102857, 54.888390499999979 ], [ 8.6351446, 54.894151699999988 ], [ 8.6380034, 54.9112519 ], [ 8.6600345, 54.908675900000013 ], [ 8.6685244, 54.911278599999982 ], [ 8.680346, 54.9104909 ], [ 8.7279959, 54.8927067 ], [ 8.7550572, 54.8968479 ], [ 8.7596843, 54.8945365 ], [ 8.7769117, 54.8926691 ], [ 8.7763434, 54.895499 ], [ 8.7989497, 54.9025029 ], [ 8.7989599, 54.904576199999987 ], [ 8.811304, 54.9059158 ], [ 8.8187958, 54.9039506 ], [ 8.8240176, 54.906833 ], [ 8.8370052, 54.9054637 ], [ 8.8486939, 54.8972783 ], [ 8.8594456, 54.896638199999984 ], [ 8.8658658, 54.899872099999982 ], [ 8.8727494, 54.8993823 ], [ 8.8920358, 54.9049126 ], [ 8.9136195, 54.9021556 ], [ 8.9479386, 54.9025634 ], [ 8.977435, 54.895676 ], [ 8.9841972, 54.8920682 ], [ 9.0147557, 54.8864061 ], [ 9.0294747, 54.8803396 ], [ 9.0290817, 54.8782082 ], [ 9.04824, 54.8718766 ], [ 9.0576372, 54.8729155 ], [ 9.0632693, 54.8710507 ], [ 9.090455, 54.870184699999989 ], [ 9.110217, 54.8739134 ], [ 9.1433305, 54.873022599999985 ], [ 9.1861468, 54.8631088 ], [ 9.1946116, 54.8591907 ], [ 9.2050866, 54.8590103 ], [ 9.2401385, 54.849983799999983 ], [ 9.2448298, 54.8438649 ], [ 9.2353199, 54.8352812 ], [ 9.2357553, 54.8311035 ], [ 9.2500811, 54.8097153 ], [ 9.2733293, 54.8117543 ], [ 9.2840502, 54.8096135 ], [ 9.286091, 54.8044733 ], [ 9.2947765, 54.801872599999982 ], [ 9.2934853, 54.808983899999987 ], [ 9.3293458, 54.8055689 ], [ 9.3436101, 54.800248 ], [ 9.3431333, 54.807065599999987 ], [ 9.3465311, 54.8066322 ], [ 9.3562144, 54.8151375 ], [ 9.3635124, 54.8153464 ], [ 9.3738484, 54.8211279 ], [ 9.3746303, 54.833258799999989 ], [ 9.3787548, 54.8330798 ], [ 9.3826807, 54.8392014 ], [ 9.3918156, 54.8383315 ], [ 9.4027432, 54.8405037 ], [ 9.4035571, 54.8388596 ], [ 9.407184, 54.84231879999998 ], [ 9.4111308, 54.842297 ], [ 9.4180445, 54.838189 ], [ 9.416203, 54.8337807 ], [ 9.4204006, 54.83195 ], [ 9.4273059, 54.8163098 ], [ 9.4375582, 54.808913399999987 ], [ 9.4285115, 54.800088 ], [ 9.4371498, 54.78872 ], [ 9.4381687, 54.8027631 ], [ 9.4527299, 54.807548499999989 ], [ 9.457996, 54.8174802 ], [ 9.4650363, 54.8224837 ], [ 9.4990967, 54.8233103 ], [ 9.5167313, 54.8388681 ], [ 9.5232149, 54.8368361 ], [ 9.54013, 54.848299699999984 ], [ 9.5637921, 54.854351 ], [ 9.5691912, 54.857970699999981 ], [ 9.5718766, 54.8571249 ], [ 9.5736774, 54.8637086 ], [ 9.5857936, 54.8661679 ], [ 9.5892394, 54.87644 ], [ 9.5936786, 54.8783329 ], [ 9.5930577, 54.876562199999988 ], [ 9.6049351, 54.8756394 ], [ 9.6131691, 54.8772354 ], [ 9.6133243, 54.8745395 ], [ 9.5971766, 54.86411279999998 ], [ 9.5897512, 54.851068299999987 ], [ 9.5933434, 54.8400964 ], [ 9.6044335, 54.830772699999983 ], [ 9.6127128, 54.829786 ], [ 9.6235301, 54.8317413 ], [ 9.6536325, 54.8204633 ], [ 9.6542148, 54.8224472 ], [ 9.6626348, 54.8234761 ], [ 9.711763, 54.80859419999998 ], [ 9.7606895, 54.8014229 ], [ 9.772299, 54.7958103 ], [ 9.7918773, 54.79781 ], [ 9.8077678, 54.779083299999982 ], [ 9.8314334, 54.7615619 ], [ 9.8414376, 54.7571976 ], [ 9.874559, 54.7523548 ], [ 9.8823448, 54.763899699999989 ], [ 9.8944886, 54.771141199999988 ], [ 9.893059, 54.7677153 ], [ 9.9021617, 54.7669606 ], [ 9.9053743, 54.7633429 ], [ 9.9066881, 54.769237499999988 ], [ 9.9035503, 54.7733542 ], [ 9.8996976, 54.77279 ], [ 9.9042578, 54.7817794 ], [ 9.9016238, 54.787964 ], [ 9.9092386, 54.7999883 ], [ 9.9130909, 54.795483399999988 ], [ 9.9572339, 54.7798558 ], [ 9.9769058, 54.756835599999988 ], [ 9.9814061, 54.733033799999987 ], [ 9.9889942, 54.7183152 ], [ 10.0352823, 54.689608 ], [ 10.0367263, 54.682582799999985 ], [ 10.0336906, 54.672262599999989 ], [ 10.033206, 54.678146 ], [ 10.0273816, 54.6786231 ], [ 10.0350236, 54.6843267 ], [ 10.0244343, 54.6820078 ], [ 10.0305633, 54.6873973 ], [ 10.0262116, 54.684341599999989 ], [ 10.0215794, 54.6844192 ], [ 10.027176, 54.6860787 ], [ 10.0302434, 54.6903881 ], [ 10.0265795, 54.6917992 ], [ 10.0243358, 54.687160399999989 ], [ 10.0203459, 54.6884039 ], [ 10.0232952, 54.688581199999987 ], [ 10.0231731, 54.6921664 ], [ 10.0165131, 54.6938509 ], [ 10.0116004, 54.6897003 ], [ 9.9998634, 54.687375 ], [ 9.9960977, 54.6821259 ], [ 9.992955, 54.681978799999989 ], [ 9.9880553, 54.6849934 ], [ 9.9943082, 54.689217 ], [ 9.9918124, 54.6991329 ], [ 9.9833439, 54.700998299999981 ], [ 9.9818391, 54.696623 ], [ 9.9742181, 54.6935193 ], [ 9.9727373, 54.6899514 ], [ 9.9789528, 54.687920099999985 ], [ 9.9780429, 54.6824789 ], [ 9.9678445, 54.6832992 ], [ 9.9626055, 54.6788495 ], [ 9.9486162, 54.6782594 ], [ 9.9421687, 54.673374099999982 ], [ 9.9379029, 54.6732089 ], [ 9.940151, 54.671756 ], [ 9.9297668, 54.6338095 ], [ 9.9317611, 54.6316105 ], [ 9.9343507, 54.6346648 ], [ 9.9370362, 54.6328278 ], [ 9.931477, 54.6280576 ], [ 9.9137892, 54.628925699999989 ], [ 9.9090702, 54.634468 ], [ 9.9056391, 54.6309848 ], [ 9.9094259, 54.6278553 ], [ 9.8914903, 54.6228338 ], [ 9.8809778, 54.6160242 ], [ 9.8766624, 54.6096382 ], [ 9.8594262, 54.602213899999988 ], [ 9.8442286, 54.600924899999988 ], [ 9.8338319, 54.5974151 ], [ 9.8338314, 54.594826399999988 ], [ 9.839523, 54.594405 ], [ 9.8259484, 54.591554799999983 ], [ 9.8224627, 54.5847743 ], [ 9.8190118, 54.5836957 ], [ 9.8118609, 54.587655399999981 ], [ 9.8240823, 54.5943167 ], [ 9.8140324, 54.5924883 ], [ 9.811118, 54.5880788 ], [ 9.8049436, 54.588045099999988 ], [ 9.8022579, 54.5797179 ], [ 9.8094985, 54.5870725 ], [ 9.8154722, 54.584666 ], [ 9.8119871, 54.5798187 ], [ 9.7978596, 54.5776597 ], [ 9.7933193, 54.5738496 ], [ 9.7728548, 54.575277400000012 ], [ 9.7813776, 54.5789836 ], [ 9.7735373, 54.5784163 ], [ 9.7701093, 54.5804391 ], [ 9.7632987, 54.567574599999986 ], [ 9.7666721, 54.5663117 ], [ 9.7689122, 54.5681315 ], [ 9.7690227, 54.565090299999987 ], [ 9.7533355, 54.557636 ], [ 9.7378799, 54.542082 ], [ 9.7348691, 54.5322783 ], [ 9.7258296, 54.5307744 ], [ 9.7201707, 54.5342786 ], [ 9.7137397, 54.533075 ], [ 9.7198733, 54.530298 ], [ 9.7121818, 54.520096899999984 ], [ 9.7028036, 54.5194205 ], [ 9.6972229, 54.527437 ], [ 9.6584826, 54.522601 ], [ 9.6465769, 54.52378 ], [ 9.6501499, 54.5206926 ], [ 9.6391523, 54.521402 ], [ 9.6338899, 54.5131002 ], [ 9.6258748, 54.521762099999989 ], [ 9.6331157, 54.5262857 ], [ 9.6270734, 54.531057399999987 ], [ 9.6036943, 54.5263655 ], [ 9.6055496, 54.5213039 ], [ 9.5966108, 54.5184174 ], [ 9.5867207, 54.5120851 ], [ 9.5873816, 54.5101897 ], [ 9.5731458, 54.5124481 ], [ 9.5578272, 54.5109344 ], [ 9.556717, 54.5129999 ], [ 9.5450989, 54.5088458 ], [ 9.5603662, 54.5018203 ], [ 9.5751913, 54.501331099999987 ], [ 9.6245688, 54.5117914 ], [ 9.6314832, 54.5116775 ], [ 9.636056, 54.5083245 ], [ 9.6424609, 54.51079 ], [ 9.663996, 54.5072102 ], [ 9.6740397, 54.4962854 ], [ 9.6842964, 54.495398399999985 ], [ 9.6915605, 54.492465 ], [ 9.6909125, 54.4905535 ], [ 9.708471, 54.4917061 ], [ 9.712742, 54.4965087 ], [ 9.7119968, 54.5013916 ], [ 9.7082512, 54.5089973 ], [ 9.6985525, 54.5149441 ], [ 9.6970218, 54.518576299999985 ], [ 9.7018801, 54.5163982 ], [ 9.7150944, 54.5171222 ], [ 9.721693, 54.5291814 ], [ 9.7270146, 54.5284778 ], [ 9.7225666, 54.5215625 ], [ 9.7258211, 54.5199674 ], [ 9.7269518, 54.522919500000015 ], [ 9.7355307, 54.5249668 ], [ 9.7398827, 54.5236392 ], [ 9.7449437, 54.5237646 ], [ 9.7547617, 54.527409299999988 ], [ 9.7665792, 54.526480899999989 ], [ 9.7665487, 54.528262100000013 ], [ 9.759066, 54.5288122 ], [ 9.739953, 54.5242809 ], [ 9.7347567, 54.5271473 ], [ 9.7425484, 54.5299019 ], [ 9.7394177, 54.536011 ], [ 9.7447206, 54.536399 ], [ 9.7491537, 54.5467809 ], [ 9.7604756, 54.548842699999987 ], [ 9.7656693, 54.5556894 ], [ 9.7737943, 54.55849139999998 ], [ 9.779334, 54.5565846 ], [ 9.7744229, 54.5527592 ], [ 9.7781688, 54.5535406 ], [ 9.8024914, 54.566624499999989 ], [ 9.8192589, 54.5788339 ], [ 9.819752, 54.5826037 ], [ 9.8263502, 54.581641499999989 ], [ 9.8381694, 54.5841026 ], [ 9.8416959, 54.591412 ], [ 9.844603, 54.5885297 ], [ 9.8486743, 54.5897144 ], [ 9.848595, 54.5922315 ], [ 9.8779075, 54.5986011 ], [ 9.9055809, 54.614598199999982 ], [ 9.9187728, 54.6164168 ], [ 9.9327907, 54.6239135 ], [ 9.9380373, 54.6233195 ], [ 9.9358008, 54.628415399999987 ], [ 9.945232, 54.636725 ], [ 9.9445463, 54.6406696 ], [ 9.9380466, 54.645389 ], [ 9.9366659, 54.650463 ], [ 9.941562, 54.6549847 ], [ 9.9381183, 54.6606748 ], [ 9.9487553, 54.67437589999998 ], [ 9.9563983, 54.6759049 ], [ 9.9768723, 54.6737588 ], [ 9.9895384, 54.6699397 ], [ 9.9884636, 54.6639037 ], [ 9.9905617, 54.666595499999985 ], [ 9.9978273, 54.6653896 ], [ 9.998558, 54.6719165 ], [ 10.0026952, 54.674049 ], [ 10.0102944, 54.6615256 ], [ 10.0161586, 54.664315 ], [ 10.0301672, 54.6640315 ], [ 10.032941, 54.6690575 ], [ 10.0281772, 54.672296 ], [ 10.0348884, 54.6705501 ], [ 10.0327464, 54.662517 ], [ 10.0168596, 54.6636342 ], [ 10.014303, 54.6601905 ], [ 10.0248259, 54.658137 ], [ 10.0325214, 54.6602675 ], [ 10.0344852, 54.657645 ], [ 10.0308706, 54.6414471 ], [ 10.0335537, 54.6207395 ], [ 10.0268045, 54.6034838 ], [ 10.0275439, 54.5837945 ], [ 10.0225071, 54.5826541 ], [ 10.0276506, 54.5814885 ], [ 10.0268919, 54.5509306 ], [ 10.0148194, 54.5450898 ], [ 9.9983289, 54.5216548 ], [ 9.9646641, 54.5024776 ], [ 9.8798036, 54.4759471 ], [ 9.8617942, 54.4727118 ], [ 9.8548941, 54.4763977 ], [ 9.8435926, 54.476528 ], [ 9.8357191, 54.4751153 ], [ 9.8328539, 54.473559200000011 ], [ 9.8417116, 54.4740239 ], [ 9.8438419, 54.461233899999989 ], [ 9.8579055, 54.450546 ], [ 9.8675516, 54.448119699999985 ], [ 9.9137491, 54.452376 ], [ 9.9232092, 54.459680199999987 ], [ 9.9245066, 54.457235499999989 ], [ 9.9323471, 54.460869599999988 ], [ 9.9230603, 54.4601862 ], [ 9.9242551, 54.4622938 ], [ 9.9709745, 54.4677713 ], [ 9.997511, 54.46862789999998 ], [ 10.0209848, 54.4754174 ], [ 10.1279374, 54.48511019999998 ], [ 10.1582146, 54.475123399999987 ], [ 10.1888902, 54.457721299999989 ], [ 10.1992997, 54.4557751 ], [ 10.1956323, 54.4498282 ], [ 10.184606, 54.447140799999985 ], [ 10.17503, 54.4361189 ], [ 10.1690457, 54.4353907 ], [ 10.1685168, 54.4328449 ], [ 10.1887731, 54.4110828 ], [ 10.1927879, 54.403204 ], [ 10.1890471, 54.3960437 ], [ 10.1922617, 54.3902122 ], [ 10.1761312, 54.389818399999989 ], [ 10.1611616, 54.3851577 ], [ 10.1668341, 54.377906499999987 ], [ 10.1598527, 54.3756787 ], [ 10.15414, 54.368879199999981 ], [ 10.1395358, 54.368479099999988 ], [ 10.1484248, 54.3664123 ], [ 10.1391592, 54.365712699999989 ], [ 10.152083, 54.3633265 ], [ 10.1471897, 54.363457800000013 ], [ 10.1497814, 54.359206199999988 ], [ 10.1455216, 54.3610504 ], [ 10.1413598, 54.3539055 ], [ 10.1552548, 54.3449458 ], [ 10.1577028, 54.33837 ], [ 10.1443397, 54.3221408 ], [ 10.1346458, 54.3151381 ], [ 10.1494178, 54.3203286 ], [ 10.1486335, 54.321867799999978 ], [ 10.1522604, 54.3197211 ], [ 10.1506323, 54.3239449 ], [ 10.1706864, 54.333254399999987 ], [ 10.1669714, 54.3356358 ], [ 10.1751093, 54.338759599999982 ], [ 10.1737782, 54.3483893 ], [ 10.1777357, 54.351735299999987 ], [ 10.1782208, 54.3611431 ], [ 10.1959523, 54.3660197 ], [ 10.1966879, 54.375219699999981 ], [ 10.1936625, 54.3792544 ], [ 10.2012178, 54.3812109 ], [ 10.2080612, 54.3874127 ], [ 10.2091654, 54.396639099999987 ], [ 10.2161629, 54.3992831 ], [ 10.2137934, 54.399398 ], [ 10.2194342, 54.403429799999984 ], [ 10.2180499, 54.4059066 ], [ 10.2278787, 54.4124273 ], [ 10.2260611, 54.4139056 ], [ 10.2751379, 54.4195645 ], [ 10.2798778, 54.4181749 ], [ 10.2898057, 54.419451 ], [ 10.2939786, 54.4258143 ], [ 10.2894325, 54.425778199999982 ], [ 10.280026, 54.4202609 ], [ 10.2760605, 54.4214796 ], [ 10.3021085, 54.4331528 ], [ 10.3156915, 54.4353111 ], [ 10.3368148, 54.4351977 ], [ 10.3879823, 54.4264459 ], [ 10.4736992, 54.3924729 ], [ 10.5398746, 54.3798131 ], [ 10.599608, 54.3637313 ], [ 10.6388031, 54.3478447 ], [ 10.6492439, 54.3333514 ], [ 10.6782081, 54.321448499999988 ], [ 10.6810722, 54.3183371 ], [ 10.6789871, 54.3153041 ], [ 10.684634, 54.3103189 ], [ 10.7069745, 54.305036499999986 ], [ 10.7398066, 54.3095868 ], [ 10.7586523, 54.305985899999989 ], [ 10.7895029, 54.3121334 ], [ 10.8292296, 54.330024 ], [ 10.8717629, 54.3582699 ], [ 10.9069942, 54.367682 ], [ 10.9312052, 54.38194 ], [ 10.9494507, 54.3847838 ], [ 10.9612829, 54.3817245 ], [ 11.0220705, 54.3804496 ], [ 11.0262107, 54.3782469 ], [ 11.0233828, 54.3767664 ], [ 11.0170245, 54.375782199999989 ], [ 11.0196318, 54.3788641 ], [ 11.0183342, 54.3800023 ], [ 11.0164623, 54.3770093 ], [ 11.0058365, 54.3743886 ], [ 11.0086541, 54.3775923 ], [ 11.0032879, 54.376205299999988 ], [ 11.0058356, 54.3787671 ], [ 10.9979787, 54.3751854 ], [ 10.9979575, 54.37788 ], [ 10.9923233, 54.375973099999989 ], [ 10.9938809, 54.3791514 ], [ 10.9874297, 54.375808899999988 ], [ 10.9861748, 54.3800964 ], [ 10.9816402, 54.3791112 ], [ 10.980069, 54.3759988 ], [ 10.9921091, 54.370475499999984 ], [ 10.9993419, 54.36963 ], [ 11.0065834, 54.3729872 ], [ 11.0141891, 54.369090799999988 ], [ 11.0237413, 54.3677117 ], [ 11.0733674, 54.3765962 ], [ 11.091, 54.3918924 ], [ 11.1076743, 54.3975069 ], [ 11.113453, 54.3911492 ], [ 11.1085458, 54.3927213 ], [ 11.1093095, 54.3893044 ], [ 11.1184932, 54.3923338 ], [ 11.1185582, 54.3944209 ], [ 11.1306074, 54.3880186 ], [ 11.1258894, 54.3739786 ], [ 11.1204696, 54.3708674 ], [ 11.0822422, 54.3528433 ], [ 11.0685831, 54.3583552 ], [ 11.0619041, 54.35772 ], [ 11.0581094, 54.3530333 ], [ 11.0628241, 54.344118 ], [ 11.0758166, 54.3466784 ], [ 11.0719181, 54.342246299999985 ], [ 11.0724937, 54.332113 ], [ 11.0837677, 54.2792794 ], [ 11.0819058, 54.2518342 ], [ 11.0912059, 54.2185646 ], [ 11.0919358, 54.1973198 ], [ 11.0830159, 54.196948 ], [ 11.070495, 54.1928568 ], [ 11.0469167, 54.1765316 ], [ 10.9550983, 54.141083699999982 ], [ 10.8910736, 54.0944261 ], [ 10.873083, 54.0865875 ], [ 10.8644085, 54.0848743 ], [ 10.8551698, 54.0890188 ], [ 10.8238677, 54.0890499 ], [ 10.813702, 54.0940223 ], [ 10.8150923, 54.1017416 ], [ 10.8092274, 54.1066554 ], [ 10.812388, 54.097293299999976 ], [ 10.8000392, 54.0982674 ], [ 10.8004511, 54.092651599999989 ], [ 10.8028581, 54.09503 ], [ 10.8037977, 54.0917491 ], [ 10.806655, 54.0918235 ], [ 10.8022928, 54.0906666 ], [ 10.798918, 54.0829512 ], [ 10.7837974, 54.0697839 ], [ 10.7571024, 54.056638799999988 ], [ 10.75108, 54.0454516 ], [ 10.7518466, 54.037079299999988 ], [ 10.7601865, 54.0246072 ], [ 10.7726768, 54.0093738 ], [ 10.7872492, 53.997438599999988 ], [ 10.8016418, 53.992111 ], [ 10.8119901, 53.992631 ], [ 10.8091267, 53.9957501 ], [ 10.8393121, 53.9917556 ], [ 10.860774, 53.993733 ], [ 10.8788369, 53.9859475 ], [ 10.8845385, 53.978198 ], [ 10.8821045, 53.967585899999982 ], [ 10.8865869, 53.9617624 ], [ 10.8827678, 53.9587921 ], [ 10.9036617, 53.956821899999987 ], [ 10.9094108, 53.9476002 ], [ 10.8955836, 53.9344545 ], [ 10.8945272, 53.925421299999982 ], [ 10.8984405, 53.9223098 ], [ 10.9130056, 53.924041 ], [ 10.9245959, 53.9218192 ], [ 10.9298719, 53.918279899999987 ], [ 10.9393323, 53.9193338 ], [ 10.94937, 53.9129022 ], [ 10.96286, 53.913796 ], [ 10.9683756, 53.9088618 ], [ 10.9643396, 53.907026399999978 ], [ 10.9598466, 53.9094146 ], [ 10.9632643, 53.910336099999981 ], [ 10.9589732, 53.9102622 ], [ 10.9498891, 53.9042678 ], [ 10.9431811, 53.9043188 ], [ 10.9367856, 53.9006494 ], [ 10.9110236, 53.897952499999988 ], [ 10.902434, 53.9032984 ], [ 10.9020966, 53.9062908 ], [ 10.9112936, 53.9152256 ], [ 10.8960874, 53.917933799999979 ], [ 10.8863036, 53.9248363 ], [ 10.8825719, 53.9244974 ], [ 10.8747242, 53.9145415 ], [ 10.859162, 53.9094133 ], [ 10.8555337, 53.904788599999989 ], [ 10.8482954, 53.905114399999981 ], [ 10.8472108, 53.896943099999987 ], [ 10.8394581, 53.8954868 ], [ 10.8356986, 53.8971004 ], [ 10.8264056, 53.8930379 ], [ 10.8189269, 53.8935334 ], [ 10.8150114, 53.8883782 ], [ 10.8073011, 53.8861158 ], [ 10.8082673, 53.8830053 ], [ 10.7994168, 53.8761548 ], [ 10.7719234, 53.8737354 ], [ 10.7594503, 53.8582604 ], [ 10.7477112, 53.851511 ], [ 10.7536501, 53.8485744 ], [ 10.7494366, 53.8450575 ], [ 10.7480367, 53.8340018 ], [ 10.7581473, 53.8279383 ], [ 10.7615911, 53.8226009 ], [ 10.7631428, 53.810550699999986 ], [ 10.7669111, 53.806230499999984 ], [ 10.765026, 53.803234 ], [ 10.7723487, 53.7971721 ], [ 10.7732518, 53.792387399999988 ], [ 10.7659154, 53.779901099999982 ], [ 10.7702565, 53.775480599999987 ], [ 10.7579768, 53.763594 ], [ 10.758033, 53.7475175 ], [ 10.7719239, 53.749417 ], [ 10.8059168, 53.7392098 ], [ 10.8093374, 53.7352815 ], [ 10.8100855, 53.730862 ], [ 10.8064776, 53.7284452 ], [ 10.8108759, 53.7200723 ], [ 10.8246754, 53.7110038 ], [ 10.8433433, 53.707855 ], [ 10.846011, 53.7043436 ], [ 10.8521709, 53.7058446 ], [ 10.8509437, 53.7001249 ], [ 10.8629821, 53.7039447 ], [ 10.8732239, 53.701624599999988 ], [ 10.8803079, 53.7023303 ], [ 10.8864166, 53.7056634 ], [ 10.905289, 53.7032943 ], [ 10.914588, 53.6993533 ], [ 10.922142, 53.699469 ], [ 10.9260538, 53.692045799999988 ], [ 10.918476, 53.691128199999987 ], [ 10.9189717, 53.689158899999988 ], [ 10.9272555, 53.6895528 ], [ 10.9291026, 53.6865096 ], [ 10.9371175, 53.687299200000012 ], [ 10.9417667, 53.6845423 ], [ 10.9442645, 53.6741738 ], [ 10.9398017, 53.6731275 ], [ 10.9418794, 53.6687697 ], [ 10.9386273, 53.6658216 ], [ 10.9451634, 53.6590943 ], [ 10.9485685, 53.6613523 ], [ 10.9491569, 53.6582359 ], [ 10.9547035, 53.6585842 ], [ 10.954884, 53.6567054 ], [ 10.9507509, 53.6458295 ], [ 10.9449689, 53.646784899999986 ], [ 10.9476465, 53.642444399999981 ], [ 10.929563, 53.6287072 ], [ 10.9222636, 53.6022793 ], [ 10.9174653, 53.599316 ], [ 10.9237953, 53.584186 ], [ 10.9094845, 53.571450299999988 ], [ 10.8948264, 53.572411 ], [ 10.8722174, 53.5685156 ], [ 10.863702, 53.5646323 ], [ 10.8501449, 53.5652706 ], [ 10.842194, 53.574842299999986 ], [ 10.8232607, 53.5751805 ], [ 10.8267663, 53.5671443 ], [ 10.8244076, 53.5562718 ], [ 10.8319056, 53.5425825 ], [ 10.8186908, 53.533924 ], [ 10.8184205, 53.526957099999983 ], [ 10.8216141, 53.5240098 ], [ 10.8145185, 53.5220249 ], [ 10.8246057, 53.5178562 ], [ 10.824334, 53.513741200000013 ], [ 10.810643, 53.516189799999985 ], [ 10.7864312, 53.5104566 ], [ 10.7777815, 53.4951815 ], [ 10.7651104, 53.4910744 ], [ 10.7560121, 53.4833936 ], [ 10.7521907, 53.484327099999987 ], [ 10.7312383, 53.479479499999989 ], [ 10.726819, 53.4813479 ], [ 10.7207363, 53.476066 ], [ 10.7016612, 53.478255399999988 ], [ 10.692973, 53.455138099999985 ], [ 10.6520426, 53.461477 ], [ 10.6471445, 53.457418 ], [ 10.6323081, 53.4548029 ], [ 10.6333205, 53.452348 ], [ 10.6258345, 53.4433626 ], [ 10.6293354, 53.440939199999988 ], [ 10.6244957, 53.4391086 ], [ 10.6253958, 53.4335914 ], [ 10.6214056, 53.4304805 ], [ 10.6227065, 53.4258664 ], [ 10.618366, 53.4253713 ], [ 10.61668, 53.4050904 ], [ 10.6209746, 53.4040876 ], [ 10.6186127, 53.3988112 ], [ 10.621397, 53.3985707 ], [ 10.6169039, 53.3845696 ], [ 10.5991048, 53.377827599999989 ], [ 10.5936729, 53.367856 ], [ 10.5950468, 53.3639276 ], [ 10.5843725, 53.3604303 ], [ 10.5717824, 53.3607681 ], [ 10.5551767, 53.3687426 ], [ 10.5173042, 53.3710479 ], [ 10.4989193, 53.3744601 ], [ 10.4192768, 53.402142 ], [ 10.3732425, 53.4253988 ], [ 10.3274209, 53.4257949 ], [ 10.3079541, 53.4332011 ], [ 10.3078863, 53.434784299999983 ], [ 10.3181903, 53.435330499999978 ], [ 10.315488, 53.441087499999988 ], [ 10.3259592, 53.449639499999989 ], [ 10.3116462, 53.452323499999984 ], [ 10.3079838, 53.442908800000012 ], [ 10.3010269, 53.443553799999989 ], [ 10.2956293, 53.4487123 ], [ 10.297844, 53.4515916 ], [ 10.2692901, 53.464108899999985 ], [ 10.2725513, 53.467948299999982 ], [ 10.2651978, 53.4698393 ], [ 10.2643259, 53.4751397 ], [ 10.2597807, 53.474439 ], [ 10.2578925, 53.478146699999989 ], [ 10.2521277, 53.4773085 ], [ 10.2383666, 53.4832641 ], [ 10.2350536, 53.4909232 ], [ 10.2366785, 53.4963545 ], [ 10.2260596, 53.4954596 ], [ 10.218607, 53.499055399999982 ], [ 10.2239452, 53.5057712 ], [ 10.2186099, 53.5080056 ], [ 10.2106013, 53.5200465 ], [ 10.2002765, 53.5142263 ], [ 10.189709, 53.512631 ], [ 10.163705, 53.52035 ], [ 10.1617003, 53.5259384 ], [ 10.1669034, 53.5373185 ], [ 10.1555717, 53.5364575 ], [ 10.1525827, 53.5397928 ], [ 10.1540142, 53.544250899999987 ], [ 10.1511524, 53.5450179 ], [ 10.1605387, 53.557683 ], [ 10.1483681, 53.5639749 ], [ 10.152558, 53.5779007 ], [ 10.1617228, 53.585698699999988 ], [ 10.1653054, 53.5823494 ], [ 10.1957604, 53.5847067 ], [ 10.1983218, 53.5821993 ], [ 10.2014497, 53.584075899999988 ], [ 10.1916583, 53.5956791 ], [ 10.1967543, 53.6004002 ], [ 10.1951853, 53.607584599999981 ], [ 10.1889522, 53.613014199999988 ], [ 10.2058032, 53.6215825 ], [ 10.2054189, 53.623718599999989 ], [ 10.2114309, 53.6230334 ], [ 10.2173243, 53.6261225 ], [ 10.2158934, 53.6313413 ], [ 10.2217613, 53.6337225 ], [ 10.1896649, 53.6383806 ], [ 10.1986192, 53.646436199999989 ], [ 10.1960564, 53.6547039 ], [ 10.1874314, 53.656527199999978 ], [ 10.1829028, 53.663738 ], [ 10.1738655, 53.664523099999982 ], [ 10.1724854, 53.669003 ], [ 10.1655626, 53.66813089999998 ], [ 10.1617575, 53.6710586 ], [ 10.1559705, 53.6695024 ], [ 10.1555233, 53.671384 ], [ 10.1603773, 53.6714951 ], [ 10.1541241, 53.6758355 ], [ 10.1432463, 53.675562 ], [ 10.140273, 53.6801267 ], [ 10.1517822, 53.682570199999986 ], [ 10.1523897, 53.6865135 ], [ 10.1594549, 53.690818899999989 ], [ 10.1608227, 53.700381699999987 ], [ 10.1575233, 53.705029099999983 ], [ 10.1687945, 53.7087955 ], [ 10.1661879, 53.7110256 ], [ 10.1739017, 53.712797099999989 ], [ 10.181588, 53.7091974 ], [ 10.191279, 53.7221865 ], [ 10.193671, 53.7310151 ], [ 10.1889174, 53.7304552 ], [ 10.1714259, 53.7374269 ], [ 10.1628741, 53.7380867 ], [ 10.1615015, 53.7333572 ], [ 10.15116, 53.7299715 ], [ 10.144984, 53.7247676 ], [ 10.1399429, 53.7256823 ], [ 10.1263884, 53.71963 ], [ 10.1210561, 53.7133952 ], [ 10.1159269, 53.7157767 ], [ 10.1040197, 53.7149108 ], [ 10.1023555, 53.7174662 ], [ 10.0818421, 53.72042 ], [ 10.0763394, 53.7152973 ], [ 10.0800166, 53.7140609 ], [ 10.0751092, 53.7109805 ], [ 10.069519, 53.7111678 ], [ 10.0735665, 53.7092232 ], [ 10.0696281, 53.7062446 ], [ 10.0790975, 53.7041568 ], [ 10.0775048, 53.6997489 ], [ 10.0693879, 53.6962533 ], [ 10.0656628, 53.6889945 ], [ 10.0606697, 53.6883973 ], [ 10.0616062, 53.686156 ], [ 10.0671346, 53.6859758 ], [ 10.0692654, 53.6794506 ], [ 10.0504563, 53.676940099999989 ], [ 10.0407787, 53.68199 ], [ 9.9986955, 53.6814675 ], [ 9.9924186, 53.6759251 ], [ 9.9912743, 53.6585127 ], [ 9.9876795, 53.6555185 ], [ 9.9905164, 53.6509029 ], [ 9.985599, 53.6472346 ], [ 9.9689386, 53.650578599999989 ], [ 9.9654514, 53.6488204 ], [ 9.9497899, 53.6507375 ], [ 9.9453762, 53.6529282 ], [ 9.9250786, 53.6531331 ], [ 9.9208104, 53.6554663 ], [ 9.9053664, 53.6521943 ], [ 9.9046914, 53.6417951 ], [ 9.8850798, 53.6235217 ], [ 9.8896852, 53.6223269 ], [ 9.8725568, 53.6156683 ], [ 9.868024, 53.6093463 ], [ 9.8619205, 53.6072213 ], [ 9.8581041, 53.5995907 ], [ 9.8447202, 53.5965462 ], [ 9.8454868, 53.59478 ], [ 9.8396701, 53.5948114 ], [ 9.8367072, 53.5875302 ], [ 9.8249579, 53.584527899999983 ], [ 9.8161573, 53.586219899999989 ], [ 9.7975156, 53.596100899999989 ], [ 9.7895544, 53.6039725 ], [ 9.7981227, 53.607516299999986 ], [ 9.7706335, 53.6162299 ], [ 9.770294, 53.6274624 ], [ 9.7636726, 53.6274951 ], [ 9.7535354, 53.6129943 ], [ 9.7591012, 53.610925099999989 ], [ 9.7556176, 53.602529399999987 ], [ 9.7484332, 53.6038968 ], [ 9.743436, 53.5975762 ], [ 9.7472605, 53.5917746 ], [ 9.7362634, 53.5818516 ], [ 9.7424875, 53.5782056 ], [ 9.7369603, 53.5773898 ], [ 9.7343649, 53.5652156 ], [ 9.6735517, 53.571721499999988 ], [ 9.6701147, 53.573544099999985 ], [ 9.6722764, 53.5757962 ], [ 9.6639183, 53.5773416 ], [ 9.6408873, 53.5903731 ], [ 9.6306994, 53.5941778 ], [ 9.6261326, 53.5947162 ], [ 9.6255708, 53.592833899999981 ], [ 9.6145962, 53.5960131 ], [ 9.5928483, 53.6068517 ], [ 9.5554547, 53.620733599999987 ], [ 9.566178, 53.631715 ], [ 9.5722879, 53.629954199999986 ], [ 9.5718341, 53.626811 ], [ 9.5749317, 53.6240763 ], [ 9.5795411, 53.6235876 ], [ 9.5731052, 53.6272247 ], [ 9.5742577, 53.632342199999989 ], [ 9.5524847, 53.6494408 ], [ 9.5490411, 53.6587341 ], [ 9.55289, 53.663970199999987 ], [ 9.5521462, 53.6705738 ], [ 9.5220198, 53.713376 ], [ 9.4878205, 53.7257077 ], [ 9.4563819, 53.7320602 ], [ 9.4422597, 53.7407819 ], [ 9.4386743, 53.7467353 ], [ 9.4282587, 53.7529713 ], [ 9.4223434, 53.7698745 ], [ 9.4085326, 53.785094 ], [ 9.4112489, 53.7880153 ], [ 9.407862, 53.796286799999983 ], [ 9.4011464, 53.7948675 ], [ 9.4048831, 53.7993447 ], [ 9.3944574, 53.8172396 ], [ 9.4017065, 53.824186 ], [ 9.3992937, 53.8260788 ], [ 9.3877062, 53.8241603 ], [ 9.3794095, 53.8305762 ], [ 9.3543747, 53.83873089999998 ], [ 9.3271813, 53.860201 ], [ 9.2880138, 53.8737206 ], [ 9.2669125, 53.8763212 ], [ 9.2607945, 53.8797864 ], [ 9.219478, 53.888599899999981 ], [ 9.093134, 53.8883449 ], [ 9.0417192, 53.899114699999984 ], [ 9.0406075, 53.8974614 ], [ 9.0323396, 53.8991471 ], [ 9.023085, 53.897872799999988 ], [ 9.019934, 53.889943099999989 ], [ 9.018897, 53.8995409 ], [ 8.9887512, 53.8909471 ], [ 8.9775144, 53.891245 ], [ 8.9520729, 53.9027351 ], [ 8.9526126, 53.9063223 ], [ 8.9355816, 53.9176983 ], [ 8.9238706, 53.9220419 ] ] ], [ [ [ 8.7001542, 54.0576878 ], [ 8.6925456, 54.0556763 ], [ 8.6910214, 54.052706699999987 ], [ 8.6842546, 54.052228199999988 ], [ 8.6985225, 54.04608 ], [ 8.6822013, 54.048794499999985 ], [ 8.6796515, 54.0587029 ], [ 8.6858132, 54.0659235 ], [ 8.6935884, 54.069402 ], [ 8.6986846, 54.0670841 ], [ 8.6873059, 54.0605 ], [ 8.7001542, 54.0576878 ] ] ], [ [ [ 7.8914798, 54.181322199999983 ], [ 7.8882434, 54.178725299999989 ], [ 7.8932393, 54.1775578 ], [ 7.8942587, 54.1748833 ], [ 7.8895599, 54.1722964 ], [ 7.8771212, 54.1845328 ], [ 7.8690999, 54.187827299999988 ], [ 7.8839107, 54.1889191 ], [ 7.8914798, 54.181322199999983 ] ] ], [ [ [ 7.9206522, 54.185085799999989 ], [ 7.9181681, 54.181312 ], [ 7.9095194, 54.1808604 ], [ 7.9014244, 54.1873785 ], [ 7.9194335, 54.189376199999984 ], [ 7.9206522, 54.185085799999989 ] ] ], [ [ [ 8.544984, 54.4654385 ], [ 8.5477094, 54.4686298 ], [ 8.5621334, 54.4639339 ], [ 8.5515677, 54.4596582 ], [ 8.544984, 54.4654385 ] ] ], [ [ [ 8.7363407, 54.4678086 ], [ 8.726276, 54.4623097 ], [ 8.7184798, 54.4664423 ], [ 8.7363407, 54.4678086 ] ] ], [ [ [ 8.7057732, 54.5371982 ], [ 8.6966942, 54.523849899999981 ], [ 8.6869922, 54.520879 ], [ 8.6912175, 54.5153062 ], [ 8.6890449, 54.5103129 ], [ 8.7017456, 54.5003925 ], [ 8.6856919, 54.510120600000015 ], [ 8.6790852, 54.500005800000011 ], [ 8.6698492, 54.494526599999986 ], [ 8.6265055, 54.4888779 ], [ 8.6108094, 54.494987699999989 ], [ 8.6061718, 54.5010956 ], [ 8.5971031, 54.5049033 ], [ 8.5900146, 54.5118764 ], [ 8.5873035, 54.5250214 ], [ 8.5905599, 54.5316755 ], [ 8.597877, 54.5343279 ], [ 8.629926, 54.536682899999988 ], [ 8.6417125, 54.545623199999987 ], [ 8.6685523, 54.547513699999989 ], [ 8.6876512, 54.5548049 ], [ 8.703435, 54.5541511 ], [ 8.7080705, 54.5524801 ], [ 8.7042902, 54.543320199999989 ], [ 8.7057732, 54.5371982 ] ] ], [ [ [ 8.5101229, 54.5287851 ], [ 8.5166898, 54.5290148 ], [ 8.5073043, 54.5274444 ], [ 8.5101229, 54.5287851 ] ] ], [ [ [ 8.828268, 54.5497808 ], [ 8.8271271, 54.54504 ], [ 8.8212656, 54.543163 ], [ 8.7893754, 54.5519045 ], [ 8.8059311, 54.5557012 ], [ 8.828268, 54.5497808 ] ] ], [ [ [ 8.5320365, 54.5752795 ], [ 8.5499365, 54.579431199999988 ], [ 8.5582629, 54.5781855 ], [ 8.5662166, 54.5675203 ], [ 8.5731365, 54.5651824 ], [ 8.5729186, 54.5596342 ], [ 8.5642583, 54.5570866 ], [ 8.5479854, 54.5570242 ], [ 8.5364845, 54.5654565 ], [ 8.5143214, 54.571137299999982 ], [ 8.5086798, 54.5773374 ], [ 8.5162056, 54.5790806 ], [ 8.5320365, 54.5752795 ] ] ], [ [ [ 8.8195837, 54.594916 ], [ 8.8131699, 54.5970957 ], [ 8.8084986, 54.6045077 ], [ 8.814715, 54.6018726 ], [ 8.8240076, 54.6052459 ], [ 8.8318761, 54.6045418 ], [ 8.8195837, 54.594916 ] ] ], [ [ [ 8.3815055, 54.6306711 ], [ 8.3883762, 54.6276464 ], [ 8.3980522, 54.629361399999986 ], [ 8.4018884, 54.6261862 ], [ 8.361106, 54.6222528 ], [ 8.3545709, 54.6241415 ], [ 8.3296327, 54.641584 ], [ 8.3265398, 54.64697349999998 ], [ 8.3045259, 54.66443349999998 ], [ 8.3269762, 54.693037899999986 ], [ 8.3461516, 54.7071667 ], [ 8.3579046, 54.7114709 ], [ 8.3604558, 54.7104224 ], [ 8.3427622, 54.6988048 ], [ 8.3366315, 54.6874051 ], [ 8.3416856, 54.6803352 ], [ 8.3497073, 54.675708699999987 ], [ 8.3611014, 54.649786 ], [ 8.3833148, 54.6396179 ], [ 8.3794276, 54.636505 ], [ 8.3815055, 54.6306711 ] ] ], [ [ [ 8.7362896, 54.6439381 ], [ 8.7376319, 54.634638699999982 ], [ 8.7282403, 54.6287326 ], [ 8.7191323, 54.6273093 ], [ 8.7100034, 54.6319489 ], [ 8.7174774, 54.6408719 ], [ 8.7198478, 54.6393649 ], [ 8.7362896, 54.6439381 ] ] ], [ [ [ 8.7719293, 54.6364964 ], [ 8.7626673, 54.635215900000013 ], [ 8.7611934, 54.6357452 ], [ 8.7681748, 54.6379836 ], [ 8.7719293, 54.6364964 ] ] ], [ [ [ 8.646818, 54.639310099999989 ], [ 8.6314773, 54.638339 ], [ 8.6305669, 54.6367055 ], [ 8.6060152, 54.6329487 ], [ 8.596648, 54.635971200000014 ], [ 8.5846454, 54.63412109999998 ], [ 8.5692756, 54.6268521 ], [ 8.5619724, 54.6271179 ], [ 8.5475656, 54.6177613 ], [ 8.5288681, 54.6273058 ], [ 8.5404661, 54.636410200000014 ], [ 8.5536676, 54.6354592 ], [ 8.6026671, 54.641935 ], [ 8.636998, 54.6492285 ], [ 8.6518702, 54.657637699999988 ], [ 8.6634655, 54.6558792 ], [ 8.6605562, 54.646665 ], [ 8.646818, 54.639310099999989 ] ] ], [ [ [ 8.7123068, 54.6805504 ], [ 8.7097068, 54.6723868 ], [ 8.6868478, 54.6730086 ], [ 8.6851194, 54.6715641 ], [ 8.6810259, 54.675241499999984 ], [ 8.6907741, 54.6762863 ], [ 8.6988842, 54.680958499999988 ], [ 8.7123068, 54.6805504 ] ] ], [ [ [ 8.5101567, 54.6812243 ], [ 8.4848724, 54.680304199999988 ], [ 8.4707204, 54.6825722 ], [ 8.4521542, 54.6926784 ], [ 8.4454889, 54.691858 ], [ 8.4250872, 54.695231799999988 ], [ 8.4028439, 54.700175399999985 ], [ 8.3965073, 54.7041866 ], [ 8.3949807, 54.714021 ], [ 8.4043607, 54.730131 ], [ 8.4109766, 54.737081 ], [ 8.427282, 54.746184299999989 ], [ 8.4703497, 54.7522951 ], [ 8.47911, 54.7519031 ], [ 8.4810875, 54.7492908 ], [ 8.5083989, 54.7526833 ], [ 8.517298, 54.751027 ], [ 8.5373434, 54.7558715 ], [ 8.569828, 54.750959 ], [ 8.5849147, 54.744693299999987 ], [ 8.588693, 54.7409833 ], [ 8.5843352, 54.7302259 ], [ 8.5872597, 54.724929 ], [ 8.5969628, 54.7185547 ], [ 8.581768, 54.710202699999989 ], [ 8.5755553, 54.7019851 ], [ 8.5767822, 54.6962009 ], [ 8.5719168, 54.692666 ], [ 8.576797, 54.692527 ], [ 8.5674226, 54.6805545 ], [ 8.5550118, 54.6789753 ], [ 8.5101567, 54.6812243 ] ] ], [ [ [ 9.4168345, 53.757407699999987 ], [ 9.3887143, 53.798967499999989 ], [ 9.3890102, 53.7998596 ], [ 9.4120178, 53.771348 ], [ 9.4168345, 53.757407699999987 ] ] ], [ [ [ 9.5530074, 53.6281423 ], [ 9.5346598, 53.6466165 ], [ 9.5422726, 53.6649951 ], [ 9.5478558, 53.644856299999987 ], [ 9.5537115, 53.6380122 ], [ 9.5644687, 53.633358 ], [ 9.5594432, 53.6264558 ], [ 9.5530074, 53.6281423 ] ] ], [ [ [ 9.557269, 53.6377826 ], [ 9.5493263, 53.644649 ], [ 9.5486843, 53.646569899999989 ], [ 9.556019, 53.6423093 ], [ 9.557269, 53.6377826 ] ] ], [ [ [ 9.5267958, 53.664430899999985 ], [ 9.4966239, 53.7111826 ], [ 9.5109281, 53.7068905 ], [ 9.5205091, 53.6983799 ], [ 9.5306807, 53.6727715 ], [ 9.5267958, 53.664430899999985 ] ] ], [ [ [ 9.5655803, 54.507379 ], [ 9.5613957, 54.5083456 ], [ 9.5644685, 54.5100643 ], [ 9.5655803, 54.507379 ] ] ], [ [ [ 9.7301041, 53.5575809 ], [ 9.7162791, 53.5585171 ], [ 9.7303152, 53.5580193 ], [ 9.7301041, 53.5575809 ] ] ], [ [ [ 9.6916065, 53.561579 ], [ 9.697989, 53.5609679 ], [ 9.699618, 53.5600215 ], [ 9.6916065, 53.561579 ] ] ], [ [ [ 11.2070295, 54.4153278 ], [ 11.2102806, 54.414891499999982 ], [ 11.2089943, 54.4140635 ], [ 11.2070295, 54.4153278 ] ] ], [ [ [ 11.0894014, 54.4379758 ], [ 11.0885759, 54.4359069 ], [ 11.0814901, 54.4387501 ], [ 11.0860572, 54.4388379 ], [ 11.0894014, 54.4379758 ] ] ], [ [ [ 11.0765133, 54.5317586 ], [ 11.1353125, 54.5240985 ], [ 11.1654829, 54.522482599999989 ], [ 11.1885156, 54.5151269 ], [ 11.1967842, 54.5090587 ], [ 11.2167308, 54.504377799999986 ], [ 11.2257998, 54.505031700000011 ], [ 11.2256748, 54.5030472 ], [ 11.233379, 54.5016529 ], [ 11.2418329, 54.4944482 ], [ 11.2526157, 54.4717551 ], [ 11.2686193, 54.4631321 ], [ 11.2754908, 54.4568984 ], [ 11.2794309, 54.445921399999989 ], [ 11.2980769, 54.4307648 ], [ 11.3017731, 54.4195814 ], [ 11.3119695, 54.40918989999998 ], [ 11.3126628, 54.402258399999987 ], [ 11.2831922, 54.404850199999984 ], [ 11.2464292, 54.411904 ], [ 11.2123709, 54.411269 ], [ 11.2009184, 54.4093112 ], [ 11.1974674, 54.406700699999988 ], [ 11.1938914, 54.4133266 ], [ 11.2091802, 54.4135622 ], [ 11.2110722, 54.4149305 ], [ 11.2105089, 54.417435 ], [ 11.1919543, 54.419055099999987 ], [ 11.1910168, 54.421772 ], [ 11.1765868, 54.420166 ], [ 11.1769557, 54.4187673 ], [ 11.1737488, 54.4199817 ], [ 11.1661099, 54.4128104 ], [ 11.1805295, 54.4055117 ], [ 11.1844345, 54.4101521 ], [ 11.1865938, 54.409295299999989 ], [ 11.1775878, 54.402138 ], [ 11.1209656, 54.402075299999986 ], [ 11.0951448, 54.409533599999989 ], [ 11.097313, 54.4175114 ], [ 11.0949087, 54.4225575 ], [ 11.1017993, 54.431567899999983 ], [ 11.1007662, 54.4363509 ], [ 11.096532, 54.4364672 ], [ 11.0951165, 54.445452699999976 ], [ 11.0898835, 54.4450283 ], [ 11.0840473, 54.448775299999987 ], [ 11.0764116, 54.449740299999981 ], [ 11.0748116, 54.4453224 ], [ 11.0738779, 54.4495595 ], [ 11.0631904, 54.4528143 ], [ 11.0533551, 54.4497473 ], [ 11.0533017, 54.445611 ], [ 11.0478841, 54.4478608 ], [ 11.0369604, 54.44653959999998 ], [ 11.0309503, 54.443059 ], [ 11.0228609, 54.443930699999989 ], [ 11.022079, 54.4374523 ], [ 11.0329308, 54.4371503 ], [ 11.0374563, 54.4314873 ], [ 11.0437548, 54.430804699999989 ], [ 11.047145, 54.4282816 ], [ 11.0382182, 54.4298593 ], [ 11.0089263, 54.4416676 ], [ 11.0042569, 54.4490024 ], [ 11.0103179, 54.482557 ], [ 11.0368813, 54.5173263 ], [ 11.0673803, 54.5359682 ], [ 11.0765133, 54.5317586 ] ] ] ] } },
{ "type": "Feature", "properties": { "LAN": "Thüringen" }, "geometry": { "type": "Polygon", "coordinates": [ [ [ 10.0665202, 50.5289651 ], [ 10.0413384, 50.5164696 ], [ 10.0396926, 50.5325862 ], [ 10.047899, 50.5394479 ], [ 10.0472191, 50.5455188 ], [ 10.0618286, 50.556687399999987 ], [ 10.0524671, 50.561108600000011 ], [ 10.0463591, 50.5712549 ], [ 10.04626, 50.5814819 ], [ 10.0498078, 50.5847231 ], [ 10.0487976, 50.5986207 ], [ 10.0402717, 50.6045077 ], [ 10.0371911, 50.6129263 ], [ 10.047775, 50.6194606 ], [ 10.0454704, 50.6212168 ], [ 10.0575039, 50.6261201 ], [ 10.0672223, 50.6241459 ], [ 10.0722647, 50.6196324 ], [ 10.0810498, 50.620024799999982 ], [ 10.0829648, 50.6337053 ], [ 10.0785844, 50.6346882 ], [ 10.0699851, 50.6558778 ], [ 10.0576318, 50.66483010000001 ], [ 10.0540297, 50.671163 ], [ 10.0489341, 50.6739325 ], [ 10.0313502, 50.6755478 ], [ 10.02141, 50.6730431 ], [ 10.001995, 50.6766026 ], [ 9.9895409, 50.6745946 ], [ 9.9746772, 50.668689499999985 ], [ 9.973603, 50.665946899999987 ], [ 9.9630329, 50.666541100000011 ], [ 9.9606899, 50.668443899999986 ], [ 9.9514841, 50.665927399999987 ], [ 9.9475752, 50.662304799999987 ], [ 9.9508758, 50.660318 ], [ 9.9497109, 50.6558725 ], [ 9.9689015, 50.6412594 ], [ 9.9602523, 50.6355058 ], [ 9.960722, 50.6294837 ], [ 9.9459275, 50.6268257 ], [ 9.9296956, 50.6290169 ], [ 9.9220969, 50.6345068 ], [ 9.9103797, 50.636347799999982 ], [ 9.9061058, 50.6403823 ], [ 9.8861088, 50.633936 ], [ 9.8785511, 50.634781200000013 ], [ 9.8773205, 50.6387152 ], [ 9.877975, 50.64432 ], [ 9.8842203, 50.650813399999976 ], [ 9.8795545, 50.6664538 ], [ 9.8812732, 50.6733786 ], [ 9.8885783, 50.6768675 ], [ 9.8946777, 50.6837199 ], [ 9.8989562, 50.6824019 ], [ 9.9062247, 50.6841909 ], [ 9.91554, 50.6936956 ], [ 9.9239554, 50.6951305 ], [ 9.9106518, 50.7006914 ], [ 9.9088907, 50.704532399999984 ], [ 9.9351624, 50.724118 ], [ 9.937878, 50.7328591 ], [ 9.9357949, 50.7340065 ], [ 9.9413716, 50.741837900000014 ], [ 9.938634, 50.7436839 ], [ 9.9396143, 50.75592 ], [ 9.9266498, 50.756559099999983 ], [ 9.9201265, 50.759612 ], [ 9.9289213, 50.7696345 ], [ 9.925526, 50.7746658 ], [ 9.9284309, 50.7765942 ], [ 9.9371537, 50.7741017 ], [ 9.9487496, 50.778692299999989 ], [ 9.9433181, 50.7712341 ], [ 9.9521339, 50.7732916 ], [ 9.9540921, 50.779356399999983 ], [ 9.9497799, 50.7803798 ], [ 9.9551349, 50.7855503 ], [ 9.9494317, 50.788233199999986 ], [ 9.9435699, 50.79769790000001 ], [ 9.9566771, 50.8096191 ], [ 9.9564174, 50.8160513 ], [ 9.9502339, 50.8151808 ], [ 9.9522528, 50.8213745 ], [ 9.9668323, 50.8266569 ], [ 9.9768164, 50.833273 ], [ 9.9842646, 50.8318885 ], [ 9.9838492, 50.829619199999982 ], [ 9.9876531, 50.8282648 ], [ 9.9918763, 50.829627599999981 ], [ 9.994646, 50.8257617 ], [ 9.998019, 50.8265051 ], [ 10.0068363, 50.8376821 ], [ 10.0230545, 50.8316314 ], [ 10.0284881, 50.8358083 ], [ 10.0268067, 50.8412833 ], [ 10.0377517, 50.8452954 ], [ 10.0386203, 50.85311489999998 ], [ 10.035993, 50.8538558 ], [ 10.0219286, 50.8478566 ], [ 10.018689, 50.855670799999984 ], [ 10.0218931, 50.8644863 ], [ 10.0242821, 50.8672314 ], [ 10.055981, 50.8797716 ], [ 10.0588499, 50.8827941 ], [ 10.0570942, 50.8853704 ], [ 10.0598037, 50.8853926 ], [ 10.0562375, 50.8873966 ], [ 10.0584448, 50.890175299999989 ], [ 10.0524609, 50.8926088 ], [ 10.0534569, 50.8900713 ], [ 10.0497293, 50.8911496 ], [ 10.0478681, 50.8888499 ], [ 10.0419525, 50.8933404 ], [ 10.0509091, 50.9000889 ], [ 10.0406971, 50.9015344 ], [ 10.0350303, 50.910022899999987 ], [ 10.0248507, 50.9117993 ], [ 10.0246668, 50.9144708 ], [ 10.0162251, 50.917547299999988 ], [ 10.0156359, 50.920623899999988 ], [ 10.0036639, 50.921551 ], [ 9.9891407, 50.9132175 ], [ 9.9844916, 50.9069934 ], [ 9.9782198, 50.9052989 ], [ 9.9714637, 50.9074109 ], [ 9.9696323, 50.913487499999988 ], [ 9.9818925, 50.9199477 ], [ 9.9886315, 50.9331443 ], [ 9.9919965, 50.9345145 ], [ 9.9721879, 50.9318321 ], [ 9.9655602, 50.9335806 ], [ 9.9635552, 50.931028899999987 ], [ 9.9660677, 50.928755 ], [ 9.957144, 50.9226002 ], [ 9.9496853, 50.9265075 ], [ 9.9565559, 50.9336616 ], [ 9.9500866, 50.9422503 ], [ 9.968315, 50.9413355 ], [ 9.9750738, 50.943423 ], [ 9.9820861, 50.939055 ], [ 9.9873921, 50.941706699999983 ], [ 9.9915609, 50.940896599999988 ], [ 9.9910059, 50.9435661 ], [ 9.9992854, 50.936643899999986 ], [ 10.0033796, 50.9406323 ], [ 10.0135568, 50.9347351 ], [ 10.0175631, 50.9371324 ], [ 10.0165783, 50.939631899999988 ], [ 10.0242948, 50.9410843 ], [ 10.0249009, 50.943751399999989 ], [ 10.0294392, 50.938113 ], [ 10.0536157, 50.9397789 ], [ 10.0623459, 50.9437835 ], [ 10.0611917, 50.947972699999987 ], [ 10.0478688, 50.9461189 ], [ 10.0430492, 50.9484819 ], [ 10.0456514, 50.9503205 ], [ 10.0420368, 50.9572343 ], [ 10.0321613, 50.9596354 ], [ 10.0409491, 50.967526399999983 ], [ 10.0194702, 50.9807081 ], [ 10.0238154, 50.9853604 ], [ 10.0211024, 50.993891 ], [ 10.02828, 51.0030311 ], [ 10.0276747, 51.0064567 ], [ 10.0364004, 51.0123762 ], [ 10.0536369, 51.0131543 ], [ 10.0656663, 51.009415199999985 ], [ 10.0735078, 51.011366199999983 ], [ 10.0942666, 51.0073554 ], [ 10.1034839, 51.0033672 ], [ 10.1082957, 51.0092246 ], [ 10.1208428, 51.0117007 ], [ 10.1330824, 51.0048191 ], [ 10.1273763, 51.001478799999987 ], [ 10.1315628, 50.9968976 ], [ 10.14688, 50.9938235 ], [ 10.1658444, 50.9974605 ], [ 10.1690817, 51.0019297 ], [ 10.1732771, 51.0000538 ], [ 10.1695711, 50.998523899999981 ], [ 10.1710399, 50.9962189 ], [ 10.174374, 50.9985713 ], [ 10.1781595, 50.9960015 ], [ 10.1812653, 50.9984214 ], [ 10.1907858, 50.9990679 ], [ 10.1922335, 51.0019908 ], [ 10.1956739, 51.002057 ], [ 10.1969532, 51.006633 ], [ 10.2029049, 51.008105900000011 ], [ 10.2012117, 51.013898 ], [ 10.1938162, 51.0159928 ], [ 10.1926219, 51.0185321 ], [ 10.1953689, 51.020939 ], [ 10.2085555, 51.0189711 ], [ 10.2151857, 51.0264194 ], [ 10.2029255, 51.031607299999983 ], [ 10.2047469, 51.034789499999988 ], [ 10.1988466, 51.0400904 ], [ 10.1847655, 51.0456946 ], [ 10.1846714, 51.0490324 ], [ 10.1710726, 51.0491828 ], [ 10.1602164, 51.0533724 ], [ 10.1464705, 51.0550681 ], [ 10.1405902, 51.0584914 ], [ 10.140802, 51.060406 ], [ 10.1470218, 51.061404 ], [ 10.1442594, 51.0660023 ], [ 10.1551883, 51.0704193 ], [ 10.1510438, 51.0728637 ], [ 10.1480517, 51.083711699999988 ], [ 10.1446947, 51.084814 ], [ 10.157115, 51.096317 ], [ 10.1656795, 51.0994999 ], [ 10.1591036, 51.1052251 ], [ 10.1604154, 51.1080502 ], [ 10.1672039, 51.1080968 ], [ 10.1720965, 51.1054294 ], [ 10.1754876, 51.106905399999981 ], [ 10.174631, 51.1168675 ], [ 10.1703044, 51.1189407 ], [ 10.1537916, 51.1184587 ], [ 10.1492455, 51.1203616 ], [ 10.1462304, 51.1257869 ], [ 10.139985, 51.1247074 ], [ 10.1308224, 51.135191299999988 ], [ 10.1207282, 51.1369301 ], [ 10.1183216, 51.139573 ], [ 10.1278274, 51.1437604 ], [ 10.1257254, 51.1463357 ], [ 10.1465973, 51.144552799999978 ], [ 10.1526064, 51.1486844 ], [ 10.1576073, 51.1480135 ], [ 10.168105, 51.153012499999988 ], [ 10.1762627, 51.1472966 ], [ 10.1774536, 51.141671099999982 ], [ 10.1849049, 51.1411201 ], [ 10.185236, 51.1324939 ], [ 10.1784831, 51.1307615 ], [ 10.1792149, 51.1276473 ], [ 10.1896213, 51.1219784 ], [ 10.1894548, 51.116767199999977 ], [ 10.199959, 51.1129721 ], [ 10.209346, 51.118169299999984 ], [ 10.2061903, 51.1221112 ], [ 10.2107174, 51.1229053 ], [ 10.2107126, 51.125964300000014 ], [ 10.2057457, 51.1272625 ], [ 10.2037875, 51.1356551 ], [ 10.2106897, 51.1424722 ], [ 10.2003783, 51.1499307 ], [ 10.2077569, 51.1547663 ], [ 10.2073234, 51.164917 ], [ 10.2298458, 51.17491230000001 ], [ 10.235777, 51.186695199999988 ], [ 10.2304819, 51.1881287 ], [ 10.2201915, 51.1857448 ], [ 10.214138, 51.1870442 ], [ 10.2112531, 51.1904365 ], [ 10.1970137, 51.1920574 ], [ 10.1970298, 51.196542299999983 ], [ 10.1877484, 51.2042308 ], [ 10.1684449, 51.2121899 ], [ 10.1497907, 51.2061893 ], [ 10.1438004, 51.2128751 ], [ 10.1428366, 51.217216 ], [ 10.1453978, 51.218079 ], [ 10.1384018, 51.220135299999988 ], [ 10.1362609, 51.2181328 ], [ 10.1292415, 51.2191431 ], [ 10.1131718, 51.2152061 ], [ 10.106339, 51.2216066 ], [ 10.0935133, 51.2214526 ], [ 10.0902827, 51.226669 ], [ 10.0764336, 51.2237345 ], [ 10.0686734, 51.226562799999989 ], [ 10.0707959, 51.2380543 ], [ 10.0789951, 51.2427809 ], [ 10.0690588, 51.2437611 ], [ 10.0675998, 51.248897700000015 ], [ 10.0618754, 51.2525615 ], [ 10.0543005, 51.2544754 ], [ 10.0480421, 51.2520519 ], [ 10.0469691, 51.2534257 ], [ 10.0501165, 51.2587158 ], [ 10.047104, 51.259504 ], [ 10.0465541, 51.264501 ], [ 10.0574517, 51.2676563 ], [ 10.0599162, 51.2758655 ], [ 10.0537177, 51.279000099999983 ], [ 10.0492939, 51.2776805 ], [ 10.0414098, 51.280392099999986 ], [ 10.0299873, 51.2778816 ], [ 10.0239339, 51.282031899999986 ], [ 10.0103469, 51.2834605 ], [ 10.0043313, 51.286983 ], [ 9.9972611, 51.2849077 ], [ 9.9913318, 51.286555599999986 ], [ 9.9834478, 51.2833361 ], [ 9.9729773, 51.2843512 ], [ 9.9764239, 51.291204 ], [ 9.9705369, 51.2947007 ], [ 9.9698531, 51.3002711 ], [ 9.9605471, 51.304772399999983 ], [ 9.947163, 51.3029485 ], [ 9.9397419, 51.3069594 ], [ 9.9490367, 51.3175578 ], [ 9.9475668, 51.3263951 ], [ 9.944122, 51.3286281 ], [ 9.9434478, 51.3345091 ], [ 9.9299366, 51.3399685 ], [ 9.9328209, 51.3460376 ], [ 9.9254691, 51.3537933 ], [ 9.9232933, 51.368043099999987 ], [ 9.9254621, 51.3721215 ], [ 9.9282887, 51.3723638 ], [ 9.9283388, 51.3752988 ], [ 9.9419984, 51.3784285 ], [ 9.9536159, 51.389061299999973 ], [ 9.9659434, 51.3954769 ], [ 9.9873963, 51.3979226 ], [ 9.9940247, 51.4038851 ], [ 10.0003755, 51.403655199999989 ], [ 10.0007802, 51.407777900000013 ], [ 10.0076077, 51.4110006 ], [ 10.0093288, 51.4206036 ], [ 10.0378437, 51.4200049 ], [ 10.0428398, 51.427565699999988 ], [ 10.0514425, 51.4303214 ], [ 10.046803, 51.4366734 ], [ 10.058782, 51.434892499999982 ], [ 10.059694, 51.428287 ], [ 10.0656198, 51.4249955 ], [ 10.0645265, 51.4198211 ], [ 10.0691081, 51.4184383 ], [ 10.0752199, 51.419517399999989 ], [ 10.0795829, 51.4253061 ], [ 10.080108, 51.4345602 ], [ 10.090838, 51.4356549 ], [ 10.1169334, 51.430229799999985 ], [ 10.1211051, 51.4341567 ], [ 10.1307068, 51.4335874 ], [ 10.131755, 51.4355305 ], [ 10.1403938, 51.4297182 ], [ 10.1503988, 51.4294245 ], [ 10.1544703, 51.4315328 ], [ 10.1410982, 51.4371901 ], [ 10.1400045, 51.4426141 ], [ 10.1521501, 51.4471444 ], [ 10.1558191, 51.443619399999982 ], [ 10.1588058, 51.446754899999981 ], [ 10.1676185, 51.4444451 ], [ 10.174306, 51.4462561 ], [ 10.1801945, 51.4557888 ], [ 10.177202, 51.457436099999988 ], [ 10.1860119, 51.4621742 ], [ 10.185834, 51.465083 ], [ 10.1791321, 51.4672336 ], [ 10.1782516, 51.4700164 ], [ 10.183883, 51.4722448 ], [ 10.1901935, 51.480664499999989 ], [ 10.2019751, 51.4865198 ], [ 10.2057222, 51.487243299999989 ], [ 10.2143684, 51.4800664 ], [ 10.2128218, 51.478662899999989 ], [ 10.218202, 51.4785396 ], [ 10.2152714, 51.4771471 ], [ 10.216946, 51.470075 ], [ 10.2210054, 51.4719128 ], [ 10.2243961, 51.470892499999984 ], [ 10.2267113, 51.4738115 ], [ 10.233173, 51.4708464 ], [ 10.2377594, 51.4774643 ], [ 10.2436999, 51.478562799999985 ], [ 10.2446776, 51.4837351 ], [ 10.272759, 51.488221 ], [ 10.2732332, 51.491391600000014 ], [ 10.2844293, 51.4944405 ], [ 10.2926551, 51.4925221 ], [ 10.2996698, 51.4938961 ], [ 10.2998504, 51.5049507 ], [ 10.3088176, 51.5151398 ], [ 10.3180313, 51.5139779 ], [ 10.3422755, 51.5194971 ], [ 10.3481254, 51.5321734 ], [ 10.367664, 51.5430365 ], [ 10.3675562, 51.548663399999988 ], [ 10.372185, 51.5529927 ], [ 10.365365, 51.555891 ], [ 10.3741261, 51.5586108 ], [ 10.3786243, 51.5627067 ], [ 10.3789986, 51.5685727 ], [ 10.378791, 51.579381399999981 ], [ 10.3700234, 51.5875365 ], [ 10.377329, 51.5887089 ], [ 10.39026, 51.5860546 ], [ 10.3978092, 51.5876808 ], [ 10.4063035, 51.5865003 ], [ 10.4292, 51.592533 ], [ 10.4443825, 51.5896562 ], [ 10.4509737, 51.5840263 ], [ 10.462914, 51.5821227 ], [ 10.4670394, 51.5833808 ], [ 10.4956959, 51.5727882 ], [ 10.5034875, 51.5623911 ], [ 10.5060573, 51.5634684 ], [ 10.5078411, 51.5616768 ], [ 10.5095815, 51.5567923 ], [ 10.5189738, 51.553763499999981 ], [ 10.5340524, 51.559358499999988 ], [ 10.5454602, 51.555734199999982 ], [ 10.560269, 51.557068 ], [ 10.5699851, 51.5633416 ], [ 10.5764917, 51.5626806 ], [ 10.577368, 51.565964799999989 ], [ 10.5879123, 51.5675856 ], [ 10.5993335, 51.5784608 ], [ 10.6042643, 51.579575299999981 ], [ 10.6216371, 51.575774 ], [ 10.6279549, 51.572065 ], [ 10.6266003, 51.567757099999987 ], [ 10.6365251, 51.562226499999987 ], [ 10.645524, 51.5627783 ], [ 10.6447671, 51.5600173 ], [ 10.6567962, 51.5583016 ], [ 10.6607449, 51.5607524 ], [ 10.6583838, 51.566657199999987 ], [ 10.666307, 51.5780987 ], [ 10.6583643, 51.5818971 ], [ 10.6386747, 51.584117 ], [ 10.6330844, 51.5984545 ], [ 10.633219, 51.607274800000013 ], [ 10.6490005, 51.6065142 ], [ 10.6392996, 51.6156083 ], [ 10.6402368, 51.6220053 ], [ 10.6567644, 51.6243553 ], [ 10.6729371, 51.629502599999988 ], [ 10.6824809, 51.628917 ], [ 10.6758427, 51.6332116 ], [ 10.6772828, 51.6383759 ], [ 10.6986853, 51.6394843 ], [ 10.701372, 51.6421876 ], [ 10.7091153, 51.6406988 ], [ 10.7262515, 51.6448938 ], [ 10.7370874, 51.6450725 ], [ 10.7493657, 51.6403343 ], [ 10.7561218, 51.641748 ], [ 10.7556812, 51.6450623 ], [ 10.7645112, 51.6490083 ], [ 10.7712964, 51.644602699999986 ], [ 10.7854212, 51.6418796 ], [ 10.8182158, 51.6390264 ], [ 10.8225675, 51.6235396 ], [ 10.8337343, 51.6306876 ], [ 10.8586153, 51.6328998 ], [ 10.8794971, 51.6180446 ], [ 10.8832338, 51.617694099999987 ], [ 10.8866006, 51.6121109 ], [ 10.9015251, 51.6118722 ], [ 10.9220126, 51.6184474 ], [ 10.920959, 51.6136525 ], [ 10.9140914, 51.6101635 ], [ 10.9370637, 51.603487299999983 ], [ 10.9305382, 51.591680900000014 ], [ 10.907169, 51.5949576 ], [ 10.9033313, 51.5938282 ], [ 10.8964242, 51.596838399999982 ], [ 10.8944763, 51.6018329 ], [ 10.8938525, 51.598635899999984 ], [ 10.8888342, 51.596396 ], [ 10.8820516, 51.580508099999982 ], [ 10.8938584, 51.576382099999982 ], [ 10.8949145, 51.5675549 ], [ 10.9002497, 51.5644234 ], [ 10.8951905, 51.5570424 ], [ 10.900496, 51.5506547 ], [ 10.9044731, 51.5496414 ], [ 10.9111906, 51.5556329 ], [ 10.9160574, 51.5473867 ], [ 10.9399979, 51.5419161 ], [ 10.9479718, 51.5375729 ], [ 10.947839, 51.5333459 ], [ 10.9397541, 51.5356043 ], [ 10.9351513, 51.533222 ], [ 10.9328504, 51.5215173 ], [ 10.9282145, 51.52235289999998 ], [ 10.9273353, 51.5208537 ], [ 10.9337516, 51.519219899999989 ], [ 10.9313453, 51.518125399999988 ], [ 10.9346608, 51.5177681 ], [ 10.9362406, 51.511515199999984 ], [ 10.9450867, 51.506189600000013 ], [ 10.9452387, 51.5037297 ], [ 10.9397211, 51.500725599999988 ], [ 10.9466343, 51.4990102 ], [ 10.9486491, 51.5016296 ], [ 10.9537608, 51.4981462 ], [ 10.9520763, 51.495417699999983 ], [ 10.9729437, 51.4819609 ], [ 10.9608172, 51.4712249 ], [ 10.962994, 51.4603869 ], [ 10.9697018, 51.458935499999988 ], [ 10.9682908, 51.454419 ], [ 10.972703, 51.453666 ], [ 10.9667236, 51.4455223 ], [ 10.9709286, 51.4420288 ], [ 10.9667339, 51.4323532 ], [ 10.9796802, 51.4319237 ], [ 10.9781132, 51.4268851 ], [ 10.9894677, 51.4257765 ], [ 11.0079204, 51.4292689 ], [ 11.010664, 51.425315 ], [ 10.9999949, 51.4232185 ], [ 10.9920331, 51.4178532 ], [ 11.0187496, 51.4170528 ], [ 11.0235602, 51.418259799999987 ], [ 11.0252407, 51.4213945 ], [ 11.0354065, 51.4219328 ], [ 11.0402297, 51.424591899999989 ], [ 11.0498524, 51.420196499999982 ], [ 11.0460411, 51.4262702 ], [ 11.051845, 51.4295312 ], [ 11.0569308, 51.427476 ], [ 11.0613905, 51.429792 ], [ 11.0714761, 51.42863449999998 ], [ 11.0952042, 51.4189759 ], [ 11.103466, 51.4192551 ], [ 11.1019963, 51.4169054 ], [ 11.1165557, 51.4156873 ], [ 11.1163922, 51.411000699999988 ], [ 11.1275728, 51.413253799999985 ], [ 11.1256613, 51.4081177 ], [ 11.1311074, 51.4085336 ], [ 11.1322848, 51.404471 ], [ 11.135051, 51.4063414 ], [ 11.1417546, 51.4026327 ], [ 11.1486286, 51.403982 ], [ 11.1529342, 51.4016443 ], [ 11.1768879, 51.4063079 ], [ 11.1834133, 51.4058988 ], [ 11.1835966, 51.402869699999989 ], [ 11.1924112, 51.4028753 ], [ 11.1968566, 51.4080321 ], [ 11.2021361, 51.4056742 ], [ 11.2077236, 51.4066691 ], [ 11.2095375, 51.4117429 ], [ 11.223883, 51.4131862 ], [ 11.2309071, 51.4083269 ], [ 11.2301674, 51.4057426 ], [ 11.2478972, 51.4054206 ], [ 11.2441229, 51.39695480000001 ], [ 11.2485062, 51.3951328 ], [ 11.2527689, 51.4006532 ], [ 11.2743188, 51.4007545 ], [ 11.275246, 51.4048435 ], [ 11.2849751, 51.4022079 ], [ 11.3068658, 51.4056305 ], [ 11.3212598, 51.4103723 ], [ 11.3290538, 51.400019900000011 ], [ 11.3307957, 51.390266399999987 ], [ 11.3405421, 51.39241759999998 ], [ 11.3476681, 51.384557 ], [ 11.3503938, 51.3881094 ], [ 11.3574258, 51.3897746 ], [ 11.3617395, 51.383056899999985 ], [ 11.3653615, 51.3830752 ], [ 11.3684046, 51.38777959999998 ], [ 11.3701214, 51.3850845 ], [ 11.3783166, 51.387238099999983 ], [ 11.3932502, 51.383904399999984 ], [ 11.3976135, 51.377148399999989 ], [ 11.3959411, 51.372934 ], [ 11.3911466, 51.3725476 ], [ 11.3898365, 51.3679868 ], [ 11.3928308, 51.3652559 ], [ 11.3929667, 51.3541016 ], [ 11.3969398, 51.3496148 ], [ 11.4009751, 51.349437199999983 ], [ 11.3994372, 51.344836199999975 ], [ 11.4089921, 51.3400827 ], [ 11.4120421, 51.3424884 ], [ 11.4288146, 51.342828599999983 ], [ 11.4262966, 51.3362224 ], [ 11.4135947, 51.3331278 ], [ 11.4280539, 51.327912699999985 ], [ 11.4257639, 51.327293599999983 ], [ 11.4278287, 51.3245764 ], [ 11.4347854, 51.322046799999988 ], [ 11.4342355, 51.3204226 ], [ 11.4474138, 51.3160611 ], [ 11.4459943, 51.3119606 ], [ 11.449779, 51.313783499999985 ], [ 11.475226, 51.298054299999983 ], [ 11.4725792, 51.2978763 ], [ 11.4738594, 51.294567099999988 ], [ 11.4677851, 51.2883869 ], [ 11.4598774, 51.294050299999988 ], [ 11.4523252, 51.279985399999987 ], [ 11.4561124, 51.2772013 ], [ 11.4467775, 51.2711226 ], [ 11.4417445, 51.273313599999987 ], [ 11.4370309, 51.268654499999982 ], [ 11.4412803, 51.266964099999988 ], [ 11.4395223, 51.2633787 ], [ 11.4292909, 51.2546797 ], [ 11.425782, 51.2555982 ], [ 11.4218059, 51.2532362 ], [ 11.4199675, 51.2463645 ], [ 11.4126323, 51.241062 ], [ 11.4015717, 51.2362714 ], [ 11.3977953, 51.2367377 ], [ 11.400613, 51.2429096 ], [ 11.3845671, 51.245641199999987 ], [ 11.3763774, 51.2393954 ], [ 11.3764471, 51.2340712 ], [ 11.3691011, 51.2306121 ], [ 11.3648326, 51.2213592 ], [ 11.3898249, 51.2175152 ], [ 11.3910649, 51.2105677 ], [ 11.3879757, 51.208873099999984 ], [ 11.3914201, 51.203533299999989 ], [ 11.399357, 51.206373099999986 ], [ 11.4058875, 51.2027028 ], [ 11.4080671, 51.203691 ], [ 11.4053302, 51.2073977 ], [ 11.4309486, 51.2124758 ], [ 11.4460451, 51.2081438 ], [ 11.4450536, 51.204489599999988 ], [ 11.452403, 51.1924775 ], [ 11.4558366, 51.195377199999982 ], [ 11.4685677, 51.1926541 ], [ 11.4703161, 51.18385760000001 ], [ 11.4672384, 51.1804549 ], [ 11.4701049, 51.1803099 ], [ 11.4713962, 51.1768709 ], [ 11.4708176, 51.169838499999983 ], [ 11.4855483, 51.1680173 ], [ 11.4852601, 51.1655928 ], [ 11.4749477, 51.1658263 ], [ 11.4725604, 51.16092 ], [ 11.4792847, 51.15877829999998 ], [ 11.4719292, 51.14818360000001 ], [ 11.4510043, 51.1466701 ], [ 11.4586497, 51.137559799999984 ], [ 11.4598754, 51.1301631 ], [ 11.4628251, 51.1302231 ], [ 11.4625863, 51.1268743 ], [ 11.4654539, 51.1273821 ], [ 11.4633618, 51.112760400000013 ], [ 11.4789326, 51.107322 ], [ 11.4839143, 51.1078627 ], [ 11.4852189, 51.1025335 ], [ 11.5105941, 51.1029738 ], [ 11.5120775, 51.107974 ], [ 11.5456428, 51.1024504 ], [ 11.5478197, 51.1117022 ], [ 11.5565057, 51.1112608 ], [ 11.5552087, 51.1093215 ], [ 11.558241, 51.1089513 ], [ 11.5716599, 51.1193651 ], [ 11.6075034, 51.1116072 ], [ 11.6200437, 51.1046669 ], [ 11.6161516, 51.097964499999989 ], [ 11.620212, 51.0974487 ], [ 11.6243556, 51.104481499999984 ], [ 11.6349879, 51.1073301 ], [ 11.63824, 51.1111228 ], [ 11.6470796, 51.107302 ], [ 11.6669501, 51.1107855 ], [ 11.6665396, 51.107464699999987 ], [ 11.6724397, 51.1029019 ], [ 11.6753081, 51.104138299999988 ], [ 11.6891656, 51.0985935 ], [ 11.689216, 51.100554599999988 ], [ 11.6923825, 51.0998516 ], [ 11.693399, 51.0926203 ], [ 11.7015819, 51.085823499999989 ], [ 11.6975978, 51.0842447 ], [ 11.7018325, 51.0784151 ], [ 11.7008104, 51.069402599999989 ], [ 11.7098466, 51.0681378 ], [ 11.7211682, 51.0710198 ], [ 11.7235234, 51.0679951 ], [ 11.7322999, 51.0684172 ], [ 11.7371469, 51.063137399999981 ], [ 11.7532504, 51.0569885 ], [ 11.7455312, 51.0541614 ], [ 11.7461971, 51.0519544 ], [ 11.7513163, 51.0518424 ], [ 11.7521076, 51.0486204 ], [ 11.7597537, 51.0477758 ], [ 11.75969, 51.042857899999987 ], [ 11.7720941, 51.045007499999983 ], [ 11.7704068, 51.0491803 ], [ 11.7746343, 51.053157399999989 ], [ 11.7868657, 51.0526284 ], [ 11.7873994, 51.050110599999982 ], [ 11.7971015, 51.0504081 ], [ 11.8038936, 51.047210799999981 ], [ 11.8171497, 51.047874 ], [ 11.8338889, 51.0522609 ], [ 11.8522558, 51.0518601 ], [ 11.8602613, 51.054764 ], [ 11.8630958, 51.0511456 ], [ 11.8747379, 51.0570619 ], [ 11.8888074, 51.0558404 ], [ 11.8966631, 51.050472899999988 ], [ 11.8946675, 51.0471367 ], [ 11.8974528, 51.0452954 ], [ 11.9108669, 51.045019899999986 ], [ 11.9107346, 51.0416109 ], [ 11.91539, 51.0379369 ], [ 11.9118956, 51.0281793 ], [ 11.9214626, 51.0262939 ], [ 11.9430662, 51.0324412 ], [ 11.9583128, 51.0210386 ], [ 11.9606887, 51.02019319999998 ], [ 11.9627432, 51.022183199999986 ], [ 11.965227, 51.0183421 ], [ 11.9771372, 51.0164549 ], [ 11.9803102, 51.0123454 ], [ 11.9763038, 51.0122358 ], [ 11.9747043, 51.0098258 ], [ 11.9786439, 51.0036961 ], [ 11.9757739, 50.999166699999989 ], [ 11.9685288, 50.9991593 ], [ 11.9698731, 50.9943277 ], [ 11.972911, 50.9943434 ], [ 11.9742378, 50.9903219 ], [ 11.9965019, 50.9931608 ], [ 11.9993359, 50.9886337 ], [ 12.0065712, 50.9910241 ], [ 12.0086652, 50.9839416 ], [ 12.0143098, 50.9839043 ], [ 12.0171882, 50.9790612 ], [ 12.0170645, 50.9765723 ], [ 12.0106595, 50.9746914 ], [ 12.0109628, 50.9699989 ], [ 12.0141264, 50.9686709 ], [ 12.0374848, 50.972936399999988 ], [ 12.0553568, 50.9686133 ], [ 12.0726504, 50.9741205 ], [ 12.0921576, 50.9765305 ], [ 12.1349865, 50.96497549999998 ], [ 12.1321339, 50.9612626 ], [ 12.1500498, 50.964151 ], [ 12.1583527, 50.9631312 ], [ 12.1635295, 50.9585998 ], [ 12.166079, 50.9590396 ], [ 12.1632078, 50.9664852 ], [ 12.1825081, 50.975866 ], [ 12.1979794, 50.9567839 ], [ 12.2138186, 50.9584361 ], [ 12.215347, 50.9532701 ], [ 12.211074, 50.949571 ], [ 12.2145801, 50.9380321 ], [ 12.2387175, 50.9515281 ], [ 12.2416705, 50.9615137 ], [ 12.2323488, 50.9613534 ], [ 12.2363715, 50.9645064 ], [ 12.239892, 50.97568 ], [ 12.2477011, 50.982283099999982 ], [ 12.2621852, 50.9891612 ], [ 12.2778948, 51.0057974 ], [ 12.2835179, 51.006436 ], [ 12.2825085, 51.0116974 ], [ 12.2917479, 51.0186995 ], [ 12.2939145, 51.03133 ], [ 12.2894831, 51.0304502 ], [ 12.2870454, 51.037639 ], [ 12.2824676, 51.0377541 ], [ 12.2805804, 51.0404784 ], [ 12.2730565, 51.040633599999985 ], [ 12.264558, 51.037513499999989 ], [ 12.2542875, 51.0391624 ], [ 12.2502684, 51.0378729 ], [ 12.2504604, 51.0444669 ], [ 12.2567893, 51.0453348 ], [ 12.2562809, 51.049248399999989 ], [ 12.2622067, 51.049610699999988 ], [ 12.2584926, 51.0661439 ], [ 12.2693074, 51.0718123 ], [ 12.2655968, 51.076984299999985 ], [ 12.2675059, 51.078033499999982 ], [ 12.2732078, 51.0750596 ], [ 12.2882794, 51.0882424 ], [ 12.283547, 51.091924 ], [ 12.2907504, 51.0909848 ], [ 12.3048284, 51.0974845 ], [ 12.3074349, 51.094511 ], [ 12.3184704, 51.0938267 ], [ 12.3234466, 51.095480699999989 ], [ 12.3220298, 51.0975316 ], [ 12.3315987, 51.1037825 ], [ 12.3565801, 51.0943428 ], [ 12.3536176, 51.0846067 ], [ 12.3610261, 51.0797997 ], [ 12.3724093, 51.0774745 ], [ 12.3847219, 51.0802925 ], [ 12.3855827, 51.083491899999984 ], [ 12.392958, 51.0841155 ], [ 12.3980821, 51.0785171 ], [ 12.4104482, 51.07285479999998 ], [ 12.4128048, 51.0758192 ], [ 12.4209755, 51.078142499999984 ], [ 12.4507447, 51.0773058 ], [ 12.4530976, 51.0834614 ], [ 12.4583829, 51.0845507 ], [ 12.4629147, 51.0668998 ], [ 12.4679891, 51.0678431 ], [ 12.4694677, 51.0642175 ], [ 12.4963579, 51.0662466 ], [ 12.5044598, 51.060791 ], [ 12.5085759, 51.0530628 ], [ 12.5019256, 51.051725899999973 ], [ 12.5047429, 51.044890899999984 ], [ 12.5028939, 51.034899699999983 ], [ 12.5124515, 51.0264191 ], [ 12.5093257, 51.025451499999988 ], [ 12.5073882, 51.017275899999987 ], [ 12.5128351, 51.0164675 ], [ 12.5163328, 51.018219899999984 ], [ 12.5143686, 51.0268766 ], [ 12.5181564, 51.0273492 ], [ 12.5189038, 51.0228648 ], [ 12.5314859, 51.0254316 ], [ 12.5388521, 51.024252 ], [ 12.5347715, 51.0156293 ], [ 12.5401804, 51.0057326 ], [ 12.5264516, 51.0014855 ], [ 12.5283495, 50.9982803 ], [ 12.5387729, 50.996383699999988 ], [ 12.5557588, 50.9974855 ], [ 12.5727802, 50.9902394 ], [ 12.577197, 50.9841894 ], [ 12.583807, 50.981832899999986 ], [ 12.5792931, 50.9851421 ], [ 12.5810215, 50.9892351 ], [ 12.5915987, 50.9928465 ], [ 12.6011936, 50.992731 ], [ 12.6016877, 50.995352399999987 ], [ 12.607534, 50.9967318 ], [ 12.6073107, 50.99082 ], [ 12.6164314, 50.9852819 ], [ 12.6212888, 50.9757706 ], [ 12.6221329, 50.9634297 ], [ 12.6301127, 50.942503 ], [ 12.6255409, 50.9422297 ], [ 12.6243573, 50.9397099 ], [ 12.6314436, 50.9401473 ], [ 12.6376301, 50.933102899999987 ], [ 12.6422328, 50.9331678 ], [ 12.6416626, 50.928807099999986 ], [ 12.6528657, 50.9236779 ], [ 12.6541151, 50.9190627 ], [ 12.6412744, 50.911423799999987 ], [ 12.640121, 50.9030738 ], [ 12.6254207, 50.90575459999998 ], [ 12.6200617, 50.9093815 ], [ 12.6148009, 50.904805099999983 ], [ 12.6061961, 50.905844599999988 ], [ 12.5920155, 50.9026738 ], [ 12.5847353, 50.9040208 ], [ 12.5734261, 50.9010781 ], [ 12.5602275, 50.9061373 ], [ 12.5381912, 50.9006864 ], [ 12.5252614, 50.902655599999989 ], [ 12.5213224, 50.9075985 ], [ 12.5078627, 50.903729 ], [ 12.5130292, 50.896109 ], [ 12.5111204, 50.8940989 ], [ 12.486666, 50.893897 ], [ 12.4802356, 50.89051 ], [ 12.4821906, 50.8886763 ], [ 12.4592543, 50.8804486 ], [ 12.4640255, 50.8701252 ], [ 12.448357, 50.867448300000014 ], [ 12.4441521, 50.8625839 ], [ 12.4482496, 50.856169799999989 ], [ 12.4411272, 50.849394499999981 ], [ 12.4425018, 50.84402739999998 ], [ 12.4374529, 50.8424174 ], [ 12.4293276, 50.844161299999982 ], [ 12.4202065, 50.8395897 ], [ 12.4115855, 50.8473825 ], [ 12.4180556, 50.855407299999982 ], [ 12.412985, 50.856873 ], [ 12.4072832, 50.8569764 ], [ 12.4061171, 50.8505172 ], [ 12.4029496, 50.849226099999989 ], [ 12.3868011, 50.8506326 ], [ 12.3770317, 50.8490478 ], [ 12.3783885, 50.8537115 ], [ 12.3741327, 50.8532492 ], [ 12.374856, 50.8488257 ], [ 12.3648919, 50.8465397 ], [ 12.3623053, 50.842297 ], [ 12.3483169, 50.8375349 ], [ 12.3475767, 50.8236315 ], [ 12.3330206, 50.8220442 ], [ 12.3338784, 50.8204182 ], [ 12.3206426, 50.8216271 ], [ 12.306948, 50.818763 ], [ 12.2985836, 50.8299002 ], [ 12.2959082, 50.8283306 ], [ 12.3023561, 50.817197199999988 ], [ 12.2997769, 50.815553299999976 ], [ 12.2956687, 50.8169008 ], [ 12.2927072, 50.823808 ], [ 12.2897153, 50.8239652 ], [ 12.2911329, 50.8221145 ], [ 12.2857405, 50.820311599999989 ], [ 12.2860748, 50.811873899999988 ], [ 12.2798629, 50.8097044 ], [ 12.2769819, 50.8178596 ], [ 12.2726595, 50.816389799999989 ], [ 12.2750355, 50.813638799999978 ], [ 12.2685654, 50.812316299999978 ], [ 12.2673351, 50.814363899999982 ], [ 12.2597581, 50.811451099999985 ], [ 12.2504953, 50.8185376 ], [ 12.2509427, 50.8150135 ], [ 12.2428354, 50.8090605 ], [ 12.2534836, 50.799509 ], [ 12.2501767, 50.7991017 ], [ 12.254849, 50.7950592 ], [ 12.2531537, 50.7888348 ], [ 12.267572, 50.7873278 ], [ 12.2876444, 50.7896433 ], [ 12.2901608, 50.7834271 ], [ 12.2840497, 50.7734677 ], [ 12.2639209, 50.760456 ], [ 12.2406897, 50.767240099999988 ], [ 12.228688, 50.7574528 ], [ 12.2267043, 50.7415945 ], [ 12.2302431, 50.7435134 ], [ 12.2269846, 50.7382185 ], [ 12.2314423, 50.7382091 ], [ 12.2379138, 50.7330258 ], [ 12.2647567, 50.7375469 ], [ 12.2734302, 50.7282021 ], [ 12.2533821, 50.7157045 ], [ 12.2649007, 50.7036992 ], [ 12.2627623, 50.6952765 ], [ 12.2747618, 50.6861173 ], [ 12.2781088, 50.6877805 ], [ 12.2836258, 50.685009399999977 ], [ 12.2968878, 50.6865434 ], [ 12.2993877, 50.6837685 ], [ 12.308537, 50.6826088 ], [ 12.3148106, 50.685244499999989 ], [ 12.3188963, 50.684003199999985 ], [ 12.3220484, 50.6814338 ], [ 12.3142336, 50.669587199999988 ], [ 12.3177178, 50.6633642 ], [ 12.3035437, 50.6622561 ], [ 12.2988949, 50.6516821 ], [ 12.2896249, 50.647882499999987 ], [ 12.2796927, 50.6477783 ], [ 12.2813181, 50.6445531 ], [ 12.2642863, 50.6433854 ], [ 12.2655184, 50.6307933 ], [ 12.2446417, 50.633304499999987 ], [ 12.2328123, 50.627067 ], [ 12.2308251, 50.6326319 ], [ 12.2264483, 50.6298353 ], [ 12.2167588, 50.6314646 ], [ 12.2172387, 50.63374349999998 ], [ 12.2075503, 50.636596 ], [ 12.2075449, 50.639935099999988 ], [ 12.1981975, 50.6413148 ], [ 12.1996902, 50.6329319 ], [ 12.1881911, 50.623119 ], [ 12.1921224, 50.6193269 ], [ 12.1907516, 50.6144233 ], [ 12.1827665, 50.6121106 ], [ 12.1747216, 50.6145139 ], [ 12.1781354, 50.6186489 ], [ 12.1735053, 50.621299 ], [ 12.1759689, 50.6245123 ], [ 12.1704419, 50.6292347 ], [ 12.1652391, 50.6279344 ], [ 12.1632901, 50.6300234 ], [ 12.15364, 50.630505 ], [ 12.1464273, 50.6259789 ], [ 12.1457108, 50.6214282 ], [ 12.1508261, 50.6156022 ], [ 12.145227, 50.609737 ], [ 12.1472221, 50.606097899999988 ], [ 12.1149015, 50.5969817 ], [ 12.1101509, 50.58872 ], [ 12.124724, 50.5844245 ], [ 12.1326491, 50.5877417 ], [ 12.1263699, 50.5840013 ], [ 12.1351911, 50.5821337 ], [ 12.1448323, 50.58574 ], [ 12.1515986, 50.5834458 ], [ 12.1560922, 50.5855791 ], [ 12.1606739, 50.580052699999989 ], [ 12.1560243, 50.5734915 ], [ 12.1276541, 50.574129 ], [ 12.122792, 50.5675357 ], [ 12.1157728, 50.5669483 ], [ 12.1015178, 50.5789404 ], [ 12.0835943, 50.578566699999989 ], [ 12.0781174, 50.5765897 ], [ 12.0791408, 50.569259 ], [ 12.0746733, 50.566830599999989 ], [ 12.0766436, 50.558007499999981 ], [ 12.0726897, 50.5551186 ], [ 12.0654944, 50.5558194 ], [ 12.0603218, 50.552167 ], [ 12.0573806, 50.5531213 ], [ 12.0520682, 50.550961 ], [ 12.049219, 50.5532222 ], [ 12.0412162, 50.5535382 ], [ 12.0302719, 50.549397799999987 ], [ 12.0336519, 50.5532141 ], [ 12.0283474, 50.5538605 ], [ 12.0322042, 50.5550011 ], [ 12.0309899, 50.5577762 ], [ 12.0175355, 50.567840799999985 ], [ 12.0356343, 50.5813654 ], [ 12.0311102, 50.581903399999987 ], [ 12.0310688, 50.5842307 ], [ 12.0361376, 50.593949899999984 ], [ 12.0312947, 50.598207099999989 ], [ 12.0209703, 50.598552899999987 ], [ 12.004761, 50.613823399999987 ], [ 12.020067, 50.623860099999987 ], [ 12.0213601, 50.627231699999982 ], [ 12.010397, 50.6354612 ], [ 12.003938, 50.6348255 ], [ 12.0008865, 50.633218199999988 ], [ 12.0033786, 50.630189 ], [ 11.9987247, 50.627135599999988 ], [ 11.9792688, 50.6214102 ], [ 11.9887798, 50.6107322 ], [ 11.9677315, 50.6001274 ], [ 11.9623096, 50.6009639 ], [ 11.9599651, 50.604454700000012 ], [ 11.9497155, 50.5938975 ], [ 11.9359611, 50.587440399999977 ], [ 11.923566, 50.585708 ], [ 11.9336762, 50.568525 ], [ 11.9231494, 50.5607763 ], [ 11.9224465, 50.557635199999986 ], [ 11.9269384, 50.558083699999983 ], [ 11.9260107, 50.5568443 ], [ 11.9204621, 50.5555538 ], [ 11.9177068, 50.5606633 ], [ 11.9139272, 50.5550654 ], [ 11.906647, 50.5558948 ], [ 11.9013233, 50.5533216 ], [ 11.8852092, 50.5519417 ], [ 11.8714626, 50.5398227 ], [ 11.8882179, 50.5166786 ], [ 11.8940805, 50.5182678 ], [ 11.8994488, 50.516061 ], [ 11.9184605, 50.5169806 ], [ 11.9168091, 50.525388199999988 ], [ 11.9189159, 50.5223867 ], [ 11.9252513, 50.526319099999988 ], [ 11.9309652, 50.522963599999983 ], [ 11.9302286, 50.5129365 ], [ 11.9339764, 50.5060345 ], [ 11.9399367, 50.5029905 ], [ 11.9438133, 50.5056148 ], [ 11.9510335, 50.4958858 ], [ 11.9603528, 50.491729199999988 ], [ 11.9648399, 50.484858 ], [ 11.9592311, 50.4786746 ], [ 11.9464894, 50.479360499999984 ], [ 11.9429496, 50.4734617 ], [ 11.937693, 50.471691899999989 ], [ 11.9389034, 50.4699979 ], [ 11.9439964, 50.4711057 ], [ 11.9410575, 50.4682932 ], [ 11.9436644, 50.4644481 ], [ 11.9483928, 50.465360199999985 ], [ 11.9427913, 50.4595773 ], [ 11.9518012, 50.455514199999989 ], [ 11.950798, 50.454069 ], [ 11.9362931, 50.4590829 ], [ 11.9318951, 50.464222799999988 ], [ 11.9276597, 50.4592474 ], [ 11.9203435, 50.4600521 ], [ 11.9190337, 50.4543208 ], [ 11.9098338, 50.452895299999987 ], [ 11.9049395, 50.454376599999989 ], [ 11.8949968, 50.4494579 ], [ 11.8947061, 50.4440548 ], [ 11.8885095, 50.4436059 ], [ 11.899641, 50.4352475 ], [ 11.9038382, 50.436715 ], [ 11.9060085, 50.4342556 ], [ 11.9081552, 50.4365819 ], [ 11.9162074, 50.4330634 ], [ 11.9268732, 50.4330667 ], [ 11.9242372, 50.426349699999989 ], [ 11.9104261, 50.422205299999987 ], [ 11.9058337, 50.41969 ], [ 11.906117, 50.417200699999988 ], [ 11.8823987, 50.4145942 ], [ 11.8658117, 50.4006728 ], [ 11.8574825, 50.3994125 ], [ 11.852352, 50.4016597 ], [ 11.8349253, 50.393377199999989 ], [ 11.8319389, 50.3947977 ], [ 11.8234886, 50.389666799999986 ], [ 11.818404, 50.3935678 ], [ 11.8279087, 50.4001357 ], [ 11.8254953, 50.40442 ], [ 11.8173761, 50.4005897 ], [ 11.7973526, 50.4173214 ], [ 11.7933103, 50.4183388 ], [ 11.7871976, 50.4152577 ], [ 11.7802511, 50.4187548 ], [ 11.7726047, 50.4115325 ], [ 11.7560311, 50.4158001 ], [ 11.7511726, 50.4147552 ], [ 11.7630069, 50.4070578 ], [ 11.7615645, 50.4052559 ], [ 11.7440465, 50.410504 ], [ 11.7271244, 50.4004361 ], [ 11.7183294, 50.400061599999987 ], [ 11.7147212, 50.3966353 ], [ 11.7082642, 50.403938299999986 ], [ 11.6978872, 50.4000694 ], [ 11.6943431, 50.39578680000001 ], [ 11.683895, 50.3928893 ], [ 11.6735299, 50.3943903 ], [ 11.6494901, 50.392239499999988 ], [ 11.6246015, 50.3868704 ], [ 11.5943133, 50.4026041 ], [ 11.5814042, 50.3990008 ], [ 11.5731519, 50.400121899999988 ], [ 11.5600642, 50.384127 ], [ 11.5525259, 50.382637 ], [ 11.5461876, 50.3841281 ], [ 11.5198532, 50.3742685 ], [ 11.5189099, 50.395666 ], [ 11.5058618, 50.396511 ], [ 11.5030236, 50.399649899999986 ], [ 11.4956015, 50.399543 ], [ 11.4898503, 50.3967746 ], [ 11.4787373, 50.4012159 ], [ 11.4792987, 50.407213 ], [ 11.4881219, 50.4158351 ], [ 11.4805527, 50.425469 ], [ 11.481568, 50.4316217 ], [ 11.4751139, 50.4335327 ], [ 11.4748358, 50.431672399999989 ], [ 11.4631534, 50.4321756 ], [ 11.4596579, 50.4286415 ], [ 11.44619, 50.4243978 ], [ 11.443442, 50.420821099999984 ], [ 11.4512543, 50.4310328 ], [ 11.4405448, 50.4386164 ], [ 11.4206307, 50.4433665 ], [ 11.4193358, 50.4542377 ], [ 11.423595, 50.4622571 ], [ 11.4154998, 50.4678467 ], [ 11.4204754, 50.474258799999987 ], [ 11.4180909, 50.4818603 ], [ 11.4264736, 50.4845407 ], [ 11.4214749, 50.4863805 ], [ 11.4188146, 50.4934614 ], [ 11.436032, 50.4921801 ], [ 11.4409981, 50.5006733 ], [ 11.434811, 50.503949599999984 ], [ 11.4246091, 50.5158787 ], [ 11.4052803, 50.516176099999988 ], [ 11.3930855, 50.5205543 ], [ 11.387615, 50.5156473 ], [ 11.3794005, 50.5208574 ], [ 11.369788, 50.5232397 ], [ 11.3577608, 50.5198729 ], [ 11.3465691, 50.521535 ], [ 11.3430427, 50.5185195 ], [ 11.3469912, 50.511610299999987 ], [ 11.321355, 50.5085674 ], [ 11.3249055, 50.4983868 ], [ 11.3231423, 50.4911649 ], [ 11.3188733, 50.4890178 ], [ 11.3009361, 50.488406 ], [ 11.3016953, 50.485017799999987 ], [ 11.296165, 50.4823653 ], [ 11.2909824, 50.4752565 ], [ 11.2891148, 50.485566 ], [ 11.2780179, 50.4833559 ], [ 11.2788005, 50.481251199999988 ], [ 11.2723649, 50.4826797 ], [ 11.2664261, 50.4791027 ], [ 11.2572899, 50.4818175 ], [ 11.2497526, 50.4798293 ], [ 11.2451319, 50.470803 ], [ 11.2548929, 50.4564228 ], [ 11.247092, 50.4489243 ], [ 11.2632001, 50.442889 ], [ 11.2680135, 50.432212299999989 ], [ 11.2688426, 50.4191776 ], [ 11.2580557, 50.4000384 ], [ 11.2708692, 50.394203499999989 ], [ 11.2645871, 50.3913481 ], [ 11.2643341, 50.387039699999988 ], [ 11.2721888, 50.385421599999987 ], [ 11.2760832, 50.3809233 ], [ 11.2808792, 50.371452 ], [ 11.2791409, 50.3676444 ], [ 11.2842529, 50.3603074 ], [ 11.2778043, 50.3556633 ], [ 11.2624352, 50.352401 ], [ 11.2662258, 50.3519979 ], [ 11.2770991, 50.3359624 ], [ 11.2613288, 50.3379126 ], [ 11.2625035, 50.3253797 ], [ 11.2564658, 50.3222732 ], [ 11.2703367, 50.3067466 ], [ 11.2605018, 50.300086 ], [ 11.2519946, 50.2992649 ], [ 11.2518177, 50.2934624 ], [ 11.2602407, 50.2870904 ], [ 11.2574141, 50.2842388 ], [ 11.259778, 50.2749463 ], [ 11.2475471, 50.267756299999988 ], [ 11.2355838, 50.2753082 ], [ 11.2243365, 50.2773224 ], [ 11.2188701, 50.2813563 ], [ 11.2144498, 50.2809268 ], [ 11.2160846, 50.284180199999987 ], [ 11.1978483, 50.2918564 ], [ 11.1900703, 50.281447399999983 ], [ 11.1913441, 50.2740692 ], [ 11.1871394, 50.2695557 ], [ 11.1739706, 50.271279899999975 ], [ 11.1837101, 50.2808955 ], [ 11.1718403, 50.283548 ], [ 11.1655041, 50.2823432 ], [ 11.1584797, 50.2892036 ], [ 11.1537674, 50.2835444 ], [ 11.151479, 50.285986799999982 ], [ 11.1459228, 50.284956499999986 ], [ 11.1415569, 50.2891919 ], [ 11.1431974, 50.293375499999989 ], [ 11.1397262, 50.2929632 ], [ 11.1376573, 50.2997242 ], [ 11.1331587, 50.3001776 ], [ 11.1317546, 50.3080877 ], [ 11.1384636, 50.316432 ], [ 11.1581771, 50.323775399999981 ], [ 11.1591974, 50.330392 ], [ 11.1361089, 50.3496656 ], [ 11.1391078, 50.3535057 ], [ 11.1266785, 50.3561781 ], [ 11.1216871, 50.349001699999981 ], [ 11.1167978, 50.3493339 ], [ 11.1140454, 50.3525282 ], [ 11.1192913, 50.35929010000001 ], [ 11.1153049, 50.3670069 ], [ 11.0897372, 50.3658867 ], [ 11.0819515, 50.3538993 ], [ 11.0857539, 50.352033699999986 ], [ 11.073567, 50.35365179999998 ], [ 11.0641193, 50.3492087 ], [ 11.0429884, 50.3447216 ], [ 11.0411548, 50.346673799999984 ], [ 11.0368635, 50.3452093 ], [ 11.0324071, 50.3515015 ], [ 11.043497, 50.3522324 ], [ 11.0317028, 50.3551308 ], [ 11.0362273, 50.358685300000019 ], [ 11.0334174, 50.3613582 ], [ 11.0178886, 50.3612044 ], [ 11.0080436, 50.365198299999989 ], [ 10.9934873, 50.3654687 ], [ 10.994149, 50.3534719 ], [ 10.9995193, 50.351973 ], [ 10.9963701, 50.346723 ], [ 10.9929543, 50.349030399999982 ], [ 10.9857807, 50.347320499999988 ], [ 10.9616198, 50.3677245 ], [ 10.9566613, 50.3684821 ], [ 10.9630484, 50.3724661 ], [ 10.961787, 50.3775853 ], [ 10.9596813, 50.3753078 ], [ 10.9484408, 50.3817514 ], [ 10.9499538, 50.3834717 ], [ 10.9376346, 50.391905099999988 ], [ 10.9302184, 50.392032099999973 ], [ 10.9119182, 50.385260800000012 ], [ 10.909416, 50.3871863 ], [ 10.8988541, 50.384713 ], [ 10.893118, 50.3803239 ], [ 10.8848689, 50.38850369999998 ], [ 10.8871875, 50.392572499999986 ], [ 10.8779827, 50.3932323 ], [ 10.8762356, 50.3965312 ], [ 10.8727468, 50.3967945 ], [ 10.861838, 50.3876697 ], [ 10.830443, 50.3926155 ], [ 10.8199696, 50.3848945 ], [ 10.8168049, 50.3860174 ], [ 10.8108944, 50.3841195 ], [ 10.8042507, 50.3791088 ], [ 10.7901585, 50.382226899999978 ], [ 10.7858815, 50.3853842 ], [ 10.773774, 50.3719694 ], [ 10.7658805, 50.3717809 ], [ 10.7629427, 50.3697183 ], [ 10.7605097, 50.3624192 ], [ 10.7545095, 50.358171899999988 ], [ 10.7494173, 50.3579526 ], [ 10.7387184, 50.3628665 ], [ 10.7152666, 50.3635911 ], [ 10.71793, 50.3555423 ], [ 10.7124551, 50.3546438 ], [ 10.7143039, 50.3463456 ], [ 10.7201944, 50.3495636 ], [ 10.7288725, 50.3479416 ], [ 10.7281481, 50.3381201 ], [ 10.7195996, 50.3331661 ], [ 10.715002, 50.333032 ], [ 10.7153959, 50.3211765 ], [ 10.7369325, 50.314152 ], [ 10.7418454, 50.3159143 ], [ 10.7707289, 50.292672199999984 ], [ 10.7753895, 50.294685599999987 ], [ 10.7942097, 50.2953762 ], [ 10.8025503, 50.2919809 ], [ 10.8039199, 50.2797532 ], [ 10.8106956, 50.279677899999989 ], [ 10.8114728, 50.2777319 ], [ 10.8263314, 50.277949 ], [ 10.8359257, 50.2730649 ], [ 10.8463581, 50.2750946 ], [ 10.8454046, 50.269501 ], [ 10.8512796, 50.2648045 ], [ 10.8521908, 50.253374799999989 ], [ 10.8476526, 50.245021 ], [ 10.8360604, 50.241954899999989 ], [ 10.8334648, 50.2387019 ], [ 10.8240474, 50.237533 ], [ 10.8072686, 50.2401967 ], [ 10.8005641, 50.2514433 ], [ 10.7818436, 50.2512839 ], [ 10.7843667, 50.248506499999976 ], [ 10.7696316, 50.240840199999987 ], [ 10.7498166, 50.2424777 ], [ 10.7461339, 50.243783 ], [ 10.7482033, 50.2478257 ], [ 10.7321678, 50.2518379 ], [ 10.7264952, 50.2475647 ], [ 10.7298076, 50.2448769 ], [ 10.7262387, 50.2408891 ], [ 10.731221, 50.212654199999989 ], [ 10.7244036, 50.206099599999988 ], [ 10.7166451, 50.204819 ], [ 10.708973, 50.2102766 ], [ 10.6957528, 50.2117994 ], [ 10.687641, 50.219077 ], [ 10.6867145, 50.2259076 ], [ 10.6717334, 50.2214053 ], [ 10.6636703, 50.2215431 ], [ 10.6574789, 50.2236751 ], [ 10.6622903, 50.2266451 ], [ 10.6589611, 50.2307091 ], [ 10.6376614, 50.2232688 ], [ 10.6120473, 50.2241384 ], [ 10.6043482, 50.2397152 ], [ 10.5971085, 50.2461727 ], [ 10.6035056, 50.245717299999981 ], [ 10.6113147, 50.249075 ], [ 10.6050137, 50.2590459 ], [ 10.5978292, 50.262621 ], [ 10.6030255, 50.2699928 ], [ 10.6072959, 50.2712575 ], [ 10.5934787, 50.2695511 ], [ 10.5910404, 50.2717844 ], [ 10.5932815, 50.2779724 ], [ 10.6015507, 50.2826715 ], [ 10.5981698, 50.284195 ], [ 10.5975342, 50.2891891 ], [ 10.6053242, 50.293537 ], [ 10.5963481, 50.3066722 ], [ 10.5923594, 50.3080814 ], [ 10.5946894, 50.3133072 ], [ 10.5923226, 50.3171845 ], [ 10.6005503, 50.333688 ], [ 10.5833983, 50.3323881 ], [ 10.57469, 50.3366949 ], [ 10.5617853, 50.337098499999989 ], [ 10.5522903, 50.3445171 ], [ 10.5497585, 50.3492729 ], [ 10.5548611, 50.3546561 ], [ 10.5444083, 50.3645056 ], [ 10.5373058, 50.362679799999988 ], [ 10.5349858, 50.3656801 ], [ 10.5310105, 50.3651099 ], [ 10.5303826, 50.3609678 ], [ 10.526721, 50.3614544 ], [ 10.5236265, 50.3547567 ], [ 10.5184087, 50.3542089 ], [ 10.5146244, 50.349896699999988 ], [ 10.5124755, 50.3598061 ], [ 10.5032767, 50.3531756 ], [ 10.4990404, 50.3577109 ], [ 10.4924057, 50.355055799999988 ], [ 10.4859904, 50.363054 ], [ 10.4928547, 50.3621549 ], [ 10.4944432, 50.369443 ], [ 10.4905607, 50.3687859 ], [ 10.4872845, 50.3752833 ], [ 10.4734828, 50.3725099 ], [ 10.4670917, 50.3775932 ], [ 10.4636579, 50.3760145 ], [ 10.458502, 50.3831928 ], [ 10.459585, 50.3877279 ], [ 10.4530324, 50.392917 ], [ 10.4555626, 50.3964091 ], [ 10.4532632, 50.4014648 ], [ 10.4495028, 50.4030468 ], [ 10.4379756, 50.4011786 ], [ 10.4378986, 50.3954832 ], [ 10.4237434, 50.3925325 ], [ 10.4139565, 50.3952518 ], [ 10.4061055, 50.3936801 ], [ 10.4059613, 50.3953985 ], [ 10.3964992, 50.396929 ], [ 10.3944937, 50.393652 ], [ 10.3844811, 50.4028462 ], [ 10.383918, 50.408621499999988 ], [ 10.3900642, 50.4099424 ], [ 10.4038347, 50.4247751 ], [ 10.3928292, 50.4269365 ], [ 10.3924636, 50.4303357 ], [ 10.3707148, 50.4317581 ], [ 10.3723774, 50.4371401 ], [ 10.381332, 50.438851899999982 ], [ 10.3762466, 50.440660799999989 ], [ 10.3672719, 50.4387736 ], [ 10.3567258, 50.4551905 ], [ 10.3522648, 50.4564302 ], [ 10.3481895, 50.4625576 ], [ 10.3361542, 50.4658972 ], [ 10.3414109, 50.483 ], [ 10.3326672, 50.4870905 ], [ 10.3305822, 50.4942765 ], [ 10.3178945, 50.4924847 ], [ 10.308904, 50.4939097 ], [ 10.3065701, 50.4920793 ], [ 10.2916144, 50.4963361 ], [ 10.2745992, 50.5058686 ], [ 10.2676942, 50.5041903 ], [ 10.2562217, 50.5128133 ], [ 10.2513903, 50.5111834 ], [ 10.2443123, 50.5127875 ], [ 10.2436651, 50.5150175 ], [ 10.2407437, 50.5125276 ], [ 10.2308279, 50.5118031 ], [ 10.2257923, 50.518719399999981 ], [ 10.2319735, 50.5310877 ], [ 10.2248348, 50.5303781 ], [ 10.2216419, 50.538724499999987 ], [ 10.2083257, 50.540630799999988 ], [ 10.2041828, 50.546045899999989 ], [ 10.2038739, 50.5547008 ], [ 10.1926025, 50.5548243 ], [ 10.1778932, 50.55168 ], [ 10.1754411, 50.542917499999987 ], [ 10.1595658, 50.549785199999988 ], [ 10.1528714, 50.549304099999979 ], [ 10.1502678, 50.5518875 ], [ 10.1468595, 50.5431494 ], [ 10.1403666, 50.5428504 ], [ 10.1207124, 50.5558572 ], [ 10.1272602, 50.5595328 ], [ 10.1194083, 50.5642247 ], [ 10.1070941, 50.563733599999985 ], [ 10.0994584, 50.5582116 ], [ 10.0985057, 50.55216 ], [ 10.0940445, 50.553602 ], [ 10.0942723, 50.5484921 ], [ 10.0898421, 50.5448144 ], [ 10.0762653, 50.5408873 ], [ 10.0700464, 50.5354206 ], [ 10.0684874, 50.529944199999989 ], [ 10.0727447, 50.529024299999989 ], [ 10.0718254, 50.5276712 ], [ 10.0665202, 50.5289651 ] ], [ [ 11.4402736, 51.1997593 ], [ 11.4396725, 51.197667599999974 ], [ 11.4467681, 51.1944971 ], [ 11.4466145, 51.1988803 ], [ 11.4402736, 51.1997593 ] ] ] } }
]
}
