AGS8,pop2011_z11,foreign2011_z11,dash_w_z11,foreign_share_z2011
01001000,82258.0,5127.0,0.0,6.232828417904641
01002000,235782.0,16562.0,0.0,7.024285144752356
01003000,210305.0,13155.0,0.0,6.255200779819786
01004000,77249.0,4658.0,0.0,6.0298515191135165
01051001,3533.0,91.0,0.0,2.5757146900651007
01051002,227.0,0.0,1.0,0.0
01051003,615.0,9.0,0.0,1.4634146341463414
01051004,921.0,8.0,0.0,0.8686210640608035
01051005,171.0,4.0,0.0,2.3391812865497075
01051006,806.0,10.0,0.0,1.2406947890818858
01051008,34.0,0.0,1.0,0.0
01051010,208.0,0.0,1.0,0.0
01051011,12834.0,406.0,0.0,3.163472027427147
01051012,1080.0,11.0,0.0,1.0185185185185186
01051013,4797.0,176.0,0.0,3.668959766520742
01051014,356.0,4.0,0.0,1.1235955056179776
01051015,819.0,4.0,0.0,0.4884004884004884
01051016,4219.0,92.0,0.0,2.180611519317374
01051017,275.0,3.0,0.0,1.0909090909090908
01051019,775.0,7.0,0.0,0.9032258064516129
01051020,714.0,6.0,0.0,0.8403361344537815
01051021,762.0,11.0,0.0,1.4435695538057742
01051022,658.0,3.0,0.0,0.45592705167173253
01051023,621.0,3.0,0.0,0.4830917874396135
01051024,1398.0,8.0,0.0,0.5722460658082976
01051026,772.0,0.0,1.0,0.0
01051027,883.0,16.0,0.0,1.812004530011325
01051028,782.0,13.0,0.0,1.6624040920716112
01051030,274.0,3.0,0.0,1.094890510948905
01051032,374.0,11.0,0.0,2.9411764705882355
01051033,54.0,0.0,1.0,0.0
01051034,2491.0,46.0,0.0,1.846647932557206
01051035,183.0,5.0,0.0,2.73224043715847
01051036,118.0,3.0,0.0,2.542372881355932
01051037,493.0,7.0,0.0,1.4198782961460445
01051038,91.0,0.0,1.0,0.0
01051039,408.0,5.0,0.0,1.2254901960784315
01051043,241.0,6.0,0.0,2.4896265560165975
01051044,20768.0,922.0,0.0,4.4395223420647145
01051045,181.0,3.0,0.0,1.6574585635359116
01051046,911.0,10.0,0.0,1.0976948408342482
01051047,516.0,12.0,0.0,2.3255813953488373
01051048,2888.0,46.0,0.0,1.592797783933518
01051049,1951.0,24.0,0.0,1.230138390568939
01051050,70.0,3.0,0.0,4.285714285714286
01051051,1193.0,13.0,0.0,1.0896898575020955
01051052,68.0,0.0,1.0,0.0
01051053,320.0,3.0,0.0,0.9375
01051054,102.0,0.0,1.0,0.0
01051057,350.0,5.0,0.0,1.4285714285714286
01051058,138.0,0.0,1.0,0.0
01051060,439.0,6.0,0.0,1.366742596810934
01051061,617.0,11.0,0.0,1.7828200972447326
01051062,842.0,6.0,0.0,0.7125890736342043
01051063,527.0,4.0,0.0,0.7590132827324478
01051064,637.0,6.0,0.0,0.9419152276295133
01051065,1080.0,6.0,0.0,0.5555555555555556
01051067,417.0,11.0,0.0,2.6378896882494005
01051068,871.0,4.0,0.0,0.4592422502870264
01051069,2041.0,36.0,0.0,1.7638412542871142
01051071,1721.0,30.0,0.0,1.7431725740848345
01051072,5727.0,120.0,0.0,2.095337873232059
01051073,402.0,10.0,0.0,2.487562189054726
01051074,7261.0,203.0,0.0,2.795758160033053
01051075,1035.0,37.0,0.0,3.57487922705314
01051076,617.0,11.0,0.0,1.7828200972447326
01051077,132.0,10.0,0.0,7.575757575757576
01051078,1163.0,3.0,0.0,0.2579535683576956
01051079,440.0,3.0,0.0,0.6818181818181818
01051080,145.0,0.0,1.0,0.0
01051081,284.0,9.0,0.0,3.1690140845070425
01051082,2731.0,52.0,0.0,1.9040644452581472
01051083,321.0,3.0,0.0,0.9345794392523364
01051084,243.0,13.0,0.0,5.349794238683128
01051085,272.0,3.0,0.0,1.1029411764705883
01051086,438.0,8.0,0.0,1.82648401826484
01051087,947.0,9.0,0.0,0.9503695881731784
01051088,1208.0,13.0,0.0,1.076158940397351
01051089,201.0,4.0,0.0,1.9900497512437811
01051090,163.0,5.0,0.0,3.067484662576687
01051092,539.0,6.0,0.0,1.1131725417439704
01051093,443.0,7.0,0.0,1.580135440180587
01051096,329.0,3.0,0.0,0.9118541033434651
01051097,3618.0,63.0,0.0,1.7412935323383085
01051098,727.0,15.0,0.0,2.063273727647868
01051099,1363.0,20.0,0.0,1.467351430667645
01051100,597.0,8.0,0.0,1.340033500837521
01051102,227.0,5.0,0.0,2.202643171806167
01051103,200.0,5.0,0.0,2.5
01051104,78.0,3.0,0.0,3.8461538461538463
01051105,471.0,24.0,0.0,5.095541401273885
01051107,470.0,5.0,0.0,1.0638297872340425
01051108,91.0,3.0,0.0,3.2967032967032965
01051109,474.0,10.0,0.0,2.109704641350211
01051110,851.0,13.0,0.0,1.527614571092832
01051113,1326.0,30.0,0.0,2.262443438914027
01051114,2624.0,45.0,0.0,1.7149390243902438
01051117,157.0,0.0,1.0,0.0
01051118,259.0,5.0,0.0,1.9305019305019304
01051119,358.0,3.0,0.0,0.8379888268156425
01051120,34.0,0.0,1.0,0.0
01051121,241.0,3.0,0.0,1.2448132780082988
01051122,2310.0,21.0,0.0,0.9090909090909091
01051125,470.0,10.0,0.0,2.127659574468085
01051126,90.0,0.0,1.0,0.0
01051127,3043.0,131.0,0.0,4.304962208347026
01051128,135.0,3.0,0.0,2.2222222222222223
01051129,152.0,0.0,1.0,0.0
01051130,1400.0,16.0,0.0,1.1428571428571428
01051131,112.0,0.0,1.0,0.0
01051132,837.0,16.0,0.0,1.911589008363202
01051133,162.0,0.0,1.0,0.0
01051134,836.0,4.0,0.0,0.4784688995215311
01051135,331.0,0.0,1.0,0.0
01051136,680.0,8.0,0.0,1.1764705882352942
01051137,601.0,11.0,0.0,1.8302828618968385
01051138,680.0,16.0,0.0,2.3529411764705883
01051139,379.0,0.0,1.0,0.0
01051140,260.0,0.0,1.0,0.0
01051141,580.0,3.0,0.0,0.5172413793103449
01053001,67.0,0.0,1.0,0.0
01053002,853.0,14.0,0.0,1.64126611957796
01053003,3162.0,112.0,0.0,3.5420619860847564
01053004,857.0,4.0,0.0,0.46674445740956827
01053005,248.0,0.0,1.0,0.0
01053006,646.0,6.0,0.0,0.9287925696594427
01053007,396.0,8.0,0.0,2.0202020202020203
01053008,382.0,9.0,0.0,2.356020942408377
01053009,2075.0,21.0,0.0,1.0120481927710843
01053010,80.0,0.0,1.0,0.0
01053011,689.0,23.0,0.0,3.3381712626995648
01053012,4243.0,157.0,0.0,3.7002121140702333
01053013,285.0,5.0,0.0,1.7543859649122806
01053014,1835.0,46.0,0.0,2.5068119891008176
01053015,277.0,0.0,1.0,0.0
01053016,157.0,3.0,0.0,1.910828025477707
01053017,644.0,12.0,0.0,1.8633540372670807
01053018,240.0,3.0,0.0,1.25
01053019,170.0,3.0,0.0,1.7647058823529411
01053020,5677.0,185.0,0.0,3.2587634313898186
01053021,161.0,0.0,1.0,0.0
01053022,360.0,8.0,0.0,2.2222222222222223
01053023,3085.0,72.0,0.0,2.3338735818476497
01053024,154.0,0.0,1.0,0.0
01053025,532.0,7.0,0.0,1.3157894736842106
01053026,381.0,6.0,0.0,1.5748031496062993
01053027,880.0,34.0,0.0,3.8636363636363638
01053028,3346.0,107.0,0.0,3.1978481769276748
01053029,327.0,11.0,0.0,3.363914373088685
01053030,41.0,0.0,1.0,0.0
01053031,282.0,4.0,0.0,1.4184397163120568
01053032,28755.0,2054.0,0.0,7.143105546861415
01053033,123.0,3.0,0.0,2.4390243902439024
01053034,235.0,3.0,0.0,1.2765957446808511
01053035,55.0,0.0,1.0,0.0
01053036,293.0,3.0,0.0,1.023890784982935
01053037,417.0,4.0,0.0,0.9592326139088729
01053038,306.0,0.0,1.0,0.0
01053039,201.0,3.0,0.0,1.492537313432836
01053040,87.0,0.0,1.0,0.0
01053041,3569.0,78.0,0.0,2.185486130568787
01053042,150.0,4.0,0.0,2.6666666666666665
01053043,886.0,25.0,0.0,2.8216704288939054
01053044,540.0,4.0,0.0,0.7407407407407407
01053045,246.0,0.0,1.0,0.0
01053046,1665.0,29.0,0.0,1.7417417417417418
01053047,1230.0,15.0,0.0,1.2195121951219512
01053048,1274.0,22.0,0.0,1.7268445839874411
01053049,466.0,14.0,0.0,3.004291845493562
01053050,752.0,21.0,0.0,2.7925531914893615
01053051,283.0,3.0,0.0,1.0600706713780919
01053052,159.0,3.0,0.0,1.8867924528301887
01053053,507.0,6.0,0.0,1.183431952662722
01053054,444.0,3.0,0.0,0.6756756756756757
01053056,185.0,9.0,0.0,4.864864864864865
01053057,244.0,7.0,0.0,2.8688524590163933
01053058,178.0,3.0,0.0,1.6853932584269662
01053059,215.0,3.0,0.0,1.3953488372093024
01053060,558.0,12.0,0.0,2.150537634408602
01053061,1169.0,27.0,0.0,2.309666381522669
01053062,238.0,3.0,0.0,1.2605042016806722
01053064,609.0,10.0,0.0,1.6420361247947455
01053066,242.0,3.0,0.0,1.2396694214876034
01053067,623.0,17.0,0.0,2.7287319422150884
01053068,589.0,14.0,0.0,2.3769100169779285
01053069,774.0,13.0,0.0,1.6795865633074936
01053070,277.0,8.0,0.0,2.888086642599278
01053071,617.0,5.0,0.0,0.8103727714748784
01053072,1123.0,28.0,0.0,2.4933214603739984
01053073,368.0,0.0,1.0,0.0
01053074,169.0,4.0,0.0,2.366863905325444
01053075,1734.0,15.0,0.0,0.8650519031141869
01053076,1346.0,29.0,0.0,2.1545319465081723
01053077,377.0,7.0,0.0,1.856763925729443
01053078,212.0,4.0,0.0,1.8867924528301887
01053079,874.0,18.0,0.0,2.059496567505721
01053080,165.0,3.0,0.0,1.8181818181818181
01053081,484.0,4.0,0.0,0.8264462809917356
01053082,272.0,5.0,0.0,1.838235294117647
01053083,11174.0,905.0,0.0,8.099158761410417
01053084,465.0,5.0,0.0,1.075268817204301
01053085,1186.0,32.0,0.0,2.69814502529511
01053086,287.0,3.0,0.0,1.0452961672473868
01053087,720.0,10.0,0.0,1.3888888888888888
01053088,110.0,3.0,0.0,2.727272727272727
01053089,548.0,3.0,0.0,0.5474452554744526
01053090,18398.0,882.0,0.0,4.793999347755191
01053091,187.0,3.0,0.0,1.6042780748663101
01053092,1005.0,27.0,0.0,2.6865671641791047
01053093,764.0,15.0,0.0,1.963350785340314
01053094,192.0,12.0,0.0,6.25
01053095,653.0,15.0,0.0,2.2970903522205206
01053096,1085.0,15.0,0.0,1.3824884792626728
01053097,638.0,9.0,0.0,1.4106583072100314
01053098,370.0,9.0,0.0,2.4324324324324325
01053099,337.0,3.0,0.0,0.8902077151335311
01053100,13613.0,402.0,0.0,2.953059575405862
01053101,274.0,6.0,0.0,2.18978102189781
01053102,51.0,0.0,1.0,0.0
01053103,835.0,9.0,0.0,1.0778443113772456
01053104,511.0,8.0,0.0,1.5655577299412915
01053106,375.0,6.0,0.0,1.6
01053107,585.0,7.0,0.0,1.1965811965811965
01053108,1694.0,19.0,0.0,1.1216056670602126
01053109,615.0,21.0,0.0,3.4146341463414633
01053110,558.0,30.0,0.0,5.376344086021505
01053111,822.0,15.0,0.0,1.8248175182481752
01053112,1389.0,38.0,0.0,2.735781137508999
01053113,496.0,8.0,0.0,1.6129032258064515
01053114,145.0,0.0,1.0,0.0
01053115,468.0,7.0,0.0,1.4957264957264957
01053116,14974.0,948.0,0.0,6.330973687725391
01053117,548.0,18.0,0.0,3.2846715328467155
01053118,638.0,12.0,0.0,1.8808777429467085
01053119,274.0,10.0,0.0,3.6496350364963503
01053120,349.0,9.0,0.0,2.5787965616045847
01053121,312.0,3.0,0.0,0.9615384615384616
01053122,571.0,8.0,0.0,1.4010507880910683
01053123,955.0,30.0,0.0,3.141361256544503
01053124,404.0,7.0,0.0,1.7326732673267327
01053125,513.0,4.0,0.0,0.7797270955165692
01053126,337.0,0.0,1.0,0.0
01053127,186.0,4.0,0.0,2.150537634408602
01053128,228.0,3.0,0.0,1.3157894736842106
01053129,11866.0,478.0,0.0,4.028316197539188
01053130,690.0,7.0,0.0,1.0144927536231885
01053131,166.0,3.0,0.0,1.8072289156626506
01053132,886.0,6.0,0.0,0.6772009029345373
01053133,2430.0,80.0,0.0,3.292181069958848
01053134,284.0,7.0,0.0,2.464788732394366
01053135,167.0,5.0,0.0,2.9940119760479043
01053136,992.0,19.0,0.0,1.9153225806451613
01054001,1510.0,23.0,0.0,1.5231788079470199
01054002,515.0,4.0,0.0,0.7766990291262136
01054003,519.0,8.0,0.0,1.5414258188824663
01054004,235.0,3.0,0.0,1.2765957446808511
01054005,418.0,26.0,0.0,6.220095693779904
01054006,558.0,4.0,0.0,0.7168458781362007
01054007,334.0,0.0,1.0,0.0
01054009,473.0,36.0,0.0,7.6109936575052854
01054010,604.0,3.0,0.0,0.4966887417218543
01054011,579.0,3.0,0.0,0.5181347150259067
01054012,733.0,7.0,0.0,0.9549795361527967
01054013,202.0,0.0,1.0,0.0
01054014,2046.0,29.0,0.0,1.4173998044965788
01054015,347.0,10.0,0.0,2.881844380403458
01054016,223.0,3.0,0.0,1.345291479820628
01054017,658.0,18.0,0.0,2.735562310030395
01054018,193.0,8.0,0.0,4.1450777202072535
01054019,5083.0,157.0,0.0,3.088727129647846
01054020,2356.0,19.0,0.0,0.8064516129032258
01054022,915.0,17.0,0.0,1.8579234972677596
01054023,627.0,12.0,0.0,1.9138755980861244
01054024,1259.0,12.0,0.0,0.9531374106433678
01054025,66.0,3.0,0.0,4.545454545454546
01054026,37.0,0.0,1.0,0.0
01054027,113.0,3.0,0.0,2.6548672566371683
01054032,107.0,15.0,0.0,14.018691588785046
01054033,2590.0,98.0,0.0,3.7837837837837838
01054034,180.0,6.0,0.0,3.3333333333333335
01054035,387.0,12.0,0.0,3.10077519379845
01054036,2504.0,54.0,0.0,2.1565495207667733
01054037,337.0,3.0,0.0,0.8902077151335311
01054038,413.0,0.0,1.0,0.0
01054039,13.0,0.0,1.0,0.0
01054040,22.0,0.0,1.0,0.0
01054041,910.0,4.0,0.0,0.43956043956043955
01054042,2542.0,51.0,0.0,2.006294256490952
01054043,304.0,18.0,0.0,5.921052631578948
01054045,458.0,5.0,0.0,1.091703056768559
01054046,904.0,38.0,0.0,4.20353982300885
01054048,85.0,3.0,0.0,3.5294117647058822
01054050,109.0,3.0,0.0,2.7522935779816513
01054052,734.0,8.0,0.0,1.0899182561307903
01054054,202.0,4.0,0.0,1.9801980198019802
01054055,734.0,11.0,0.0,1.4986376021798364
01054056,22215.0,812.0,0.0,3.655187936079226
01054057,637.0,5.0,0.0,0.7849293563579278
01054059,758.0,4.0,0.0,0.5277044854881267
01054061,510.0,45.0,0.0,8.823529411764707
01054062,220.0,6.0,0.0,2.727272727272727
01054063,179.0,5.0,0.0,2.793296089385475
01054065,966.0,34.0,0.0,3.5196687370600412
01054068,934.0,15.0,0.0,1.6059957173447537
01054070,915.0,6.0,0.0,0.6557377049180327
01054071,58.0,0.0,1.0,0.0
01054072,227.0,3.0,0.0,1.3215859030837005
01054073,1397.0,54.0,0.0,3.8654259126700072
01054074,135.0,0.0,1.0,0.0
01054075,3087.0,51.0,0.0,1.652089407191448
01054076,7739.0,239.0,0.0,3.0882542964207262
01054077,53.0,3.0,0.0,5.660377358490566
01054078,1549.0,136.0,0.0,8.779857972885733
01054079,658.0,15.0,0.0,2.2796352583586628
01054080,328.0,5.0,0.0,1.524390243902439
01054083,408.0,12.0,0.0,2.9411764705882355
01054084,3781.0,35.0,0.0,0.9256810367627611
01054085,982.0,29.0,0.0,2.9531568228105907
01054086,1241.0,38.0,0.0,3.06204673650282
01054087,625.0,26.0,0.0,4.16
01054088,9582.0,472.0,0.0,4.925902734293467
01054089,592.0,28.0,0.0,4.72972972972973
01054090,48.0,0.0,1.0,0.0
01054091,2273.0,26.0,0.0,1.1438627364716234
01054092,407.0,3.0,0.0,0.7371007371007371
01054093,343.0,8.0,0.0,2.3323615160349855
01054094,454.0,4.0,0.0,0.8810572687224669
01054095,1274.0,12.0,0.0,0.9419152276295133
01054096,650.0,3.0,0.0,0.46153846153846156
01054097,436.0,4.0,0.0,0.9174311926605505
01054098,567.0,20.0,0.0,3.527336860670194
01054099,1531.0,17.0,0.0,1.1103853690398433
01054100,252.0,3.0,0.0,1.1904761904761905
01054101,642.0,9.0,0.0,1.4018691588785046
01054103,1201.0,23.0,0.0,1.9150707743547044
01054104,237.0,4.0,0.0,1.6877637130801688
01054105,450.0,3.0,0.0,0.6666666666666666
01054106,1636.0,16.0,0.0,0.9779951100244498
01054108,350.0,15.0,0.0,4.285714285714286
01054109,3610.0,45.0,0.0,1.2465373961218837
01054110,449.0,10.0,0.0,2.2271714922048997
01054113,3916.0,279.0,0.0,7.12461695607763
01054116,1318.0,16.0,0.0,1.2139605462822458
01054118,915.0,5.0,0.0,0.546448087431694
01054119,592.0,12.0,0.0,2.027027027027027
01054120,788.0,10.0,0.0,1.2690355329949239
01054121,267.0,0.0,1.0,0.0
01054123,299.0,0.0,1.0,0.0
01054124,236.0,4.0,0.0,1.694915254237288
01054125,991.0,16.0,0.0,1.6145307769929365
01054126,862.0,3.0,0.0,0.3480278422273782
01054128,993.0,10.0,0.0,1.0070493454179255
01054129,195.0,3.0,0.0,1.5384615384615385
01054130,21.0,0.0,1.0,0.0
01054131,2290.0,103.0,0.0,4.497816593886463
01054132,167.0,3.0,0.0,1.7964071856287425
01054134,953.0,54.0,0.0,5.6663168940188875
01054135,660.0,8.0,0.0,1.2121212121212122
01054136,237.0,3.0,0.0,1.2658227848101267
01054138,4955.0,147.0,0.0,2.966700302724521
01054140,113.0,3.0,0.0,2.6548672566371683
01054141,283.0,5.0,0.0,1.7667844522968197
01054142,388.0,7.0,0.0,1.8041237113402062
01054143,420.0,19.0,0.0,4.523809523809524
01054144,2036.0,30.0,0.0,1.4734774066797642
01054145,205.0,6.0,0.0,2.926829268292683
01054146,180.0,3.0,0.0,1.6666666666666667
01054148,226.0,10.0,0.0,4.424778761061947
01054149,1408.0,74.0,0.0,5.255681818181818
01054150,127.0,3.0,0.0,2.3622047244094486
01054152,1041.0,15.0,0.0,1.440922190201729
01054154,387.0,4.0,0.0,1.0335917312661498
01054156,720.0,16.0,0.0,2.2222222222222223
01054157,114.0,3.0,0.0,2.6315789473684212
01054158,44.0,0.0,1.0,0.0
01054159,808.0,6.0,0.0,0.7425742574257426
01054160,737.0,28.0,0.0,3.7991858887381276
01054161,1027.0,12.0,0.0,1.1684518013631937
01054162,478.0,3.0,0.0,0.6276150627615062
01054163,655.0,18.0,0.0,2.7480916030534353
01054164,4335.0,192.0,0.0,4.429065743944637
01054165,645.0,12.0,0.0,1.8604651162790697
01054166,982.0,21.0,0.0,2.1384928716904277
01054167,1116.0,13.0,0.0,1.1648745519713262
01054168,13811.0,800.0,0.0,5.792484251683441
01055001,8417.0,154.0,0.0,1.8296305096827847
01055002,1039.0,17.0,0.0,1.6361886429258903
01055004,19436.0,549.0,0.0,2.824655278863964
01055006,528.0,3.0,0.0,0.5681818181818182
01055007,3472.0,40.0,0.0,1.152073732718894
01055010,1246.0,41.0,0.0,3.290529695024077
01055011,678.0,8.0,0.0,1.1799410029498525
01055012,16449.0,346.0,0.0,2.103471335643504
01055014,1175.0,15.0,0.0,1.2765957446808511
01055015,1486.0,17.0,0.0,1.1440107671601616
01055016,6995.0,291.0,0.0,4.160114367405289
01055017,2104.0,32.0,0.0,1.520912547528517
01055018,1018.0,16.0,0.0,1.5717092337917484
01055020,676.0,5.0,0.0,0.7396449704142012
01055021,9078.0,215.0,0.0,2.3683630755673057
01055022,1103.0,13.0,0.0,1.1786038077969174
01055023,441.0,7.0,0.0,1.5873015873015872
01055024,1471.0,12.0,0.0,0.8157715839564922
01055025,1036.0,30.0,0.0,2.8957528957528957
01055027,5083.0,116.0,0.0,2.2821168601219752
01055028,10523.0,225.0,0.0,2.1381735246602678
01055029,383.0,0.0,1.0,0.0
01055031,1210.0,18.0,0.0,1.487603305785124
01055032,15024.0,649.0,0.0,4.31975505857295
01055033,9732.0,392.0,0.0,4.027949034114262
01055035,15217.0,295.0,0.0,1.9386212788328843
01055036,977.0,14.0,0.0,1.4329580348004094
01055037,2183.0,42.0,0.0,1.923957856161246
01055038,2612.0,40.0,0.0,1.5313935681470139
01055039,1560.0,80.0,0.0,5.128205128205129
01055040,16517.0,409.0,0.0,2.4762366047102984
01055041,5347.0,74.0,0.0,1.3839536188516925
01055042,8790.0,390.0,0.0,4.436860068259386
01055043,2193.0,23.0,0.0,1.0487916096671226
01055044,10731.0,252.0,0.0,2.3483365949119372
01055046,12483.0,333.0,0.0,2.667627974044701
01056001,4899.0,159.0,0.0,3.245560318432333
01056002,9792.0,537.0,0.0,5.484068627450981
01056003,612.0,11.0,0.0,1.7973856209150327
01056004,759.0,27.0,0.0,3.5573122529644268
01056005,4429.0,277.0,0.0,6.25423346127794
01056006,628.0,8.0,0.0,1.2738853503184713
01056008,1232.0,25.0,0.0,2.029220779220779
01056009,2242.0,60.0,0.0,2.6761819803746656
01056010,1617.0,18.0,0.0,1.1131725417439704
01056011,378.0,6.0,0.0,1.5873015873015872
01056013,4103.0,209.0,0.0,5.093833780160858
01056014,1443.0,31.0,0.0,2.1483021483021485
01056015,47459.0,3970.0,0.0,8.36511515202596
01056016,694.0,34.0,0.0,4.899135446685879
01056017,398.0,14.0,0.0,3.5175879396984926
01056018,16376.0,873.0,0.0,5.330972154372252
01056019,1057.0,25.0,0.0,2.3651844843897822
01056020,1706.0,26.0,0.0,1.5240328253223916
01056021,3312.0,116.0,0.0,3.502415458937198
01056022,689.0,8.0,0.0,1.1611030478955007
01056023,2447.0,53.0,0.0,2.1659174499387004
01056024,2818.0,53.0,0.0,1.8807665010645849
01056025,1407.0,74.0,0.0,5.259417199715707
01056026,1634.0,28.0,0.0,1.7135862913096696
01056027,1309.0,17.0,0.0,1.2987012987012987
01056028,3068.0,88.0,0.0,2.8683181225554106
01056029,3013.0,38.0,0.0,1.261201460338533
01056030,2837.0,46.0,0.0,1.6214310891787098
01056031,2817.0,75.0,0.0,2.6624068157614484
01056032,2098.0,81.0,0.0,3.8608198284080077
01056033,904.0,12.0,0.0,1.3274336283185841
01056034,520.0,26.0,0.0,5.0
01056035,805.0,10.0,0.0,1.2422360248447204
01056036,4085.0,79.0,0.0,1.93390452876377
01056037,528.0,11.0,0.0,2.0833333333333335
01056038,397.0,42.0,0.0,10.57934508816121
01056039,41137.0,4005.0,0.0,9.735760993752583
01056040,2156.0,77.0,0.0,3.5714285714285716
01056041,19727.0,1032.0,0.0,5.231408729152937
01056042,522.0,3.0,0.0,0.5747126436781609
01056043,13476.0,586.0,0.0,4.348471356485604
01056044,18197.0,1211.0,0.0,6.6549431224927185
01056045,950.0,11.0,0.0,1.1578947368421053
01056046,838.0,26.0,0.0,3.1026252983293556
01056047,2199.0,84.0,0.0,3.819918144611187
01056048,12626.0,560.0,0.0,4.435292254078885
01056049,17456.0,1428.0,0.0,8.180568285976168
01056050,31248.0,2434.0,0.0,7.789298515104966
01056051,1297.0,31.0,0.0,2.3901310717039324
01057001,3144.0,60.0,0.0,1.9083969465648856
01057002,154.0,3.0,0.0,1.948051948051948
01057003,544.0,4.0,0.0,0.7352941176470589
01057004,628.0,7.0,0.0,1.1146496815286624
01057005,364.0,5.0,0.0,1.3736263736263736
01057006,222.0,0.0,1.0,0.0
01057007,1766.0,20.0,0.0,1.1325028312570782
01057008,2024.0,27.0,0.0,1.3339920948616601
01057009,1365.0,40.0,0.0,2.93040293040293
01057010,446.0,6.0,0.0,1.345291479820628
01057011,270.0,5.0,0.0,1.8518518518518519
01057012,419.0,9.0,0.0,2.1479713603818618
01057013,665.0,9.0,0.0,1.3533834586466165
01057015,865.0,16.0,0.0,1.8497109826589595
01057016,1103.0,10.0,0.0,0.9066183136899365
01057017,272.0,3.0,0.0,1.1029411764705883
01057018,144.0,0.0,1.0,0.0
01057020,574.0,4.0,0.0,0.6968641114982579
01057021,1100.0,12.0,0.0,1.0909090909090908
01057022,909.0,13.0,0.0,1.4301430143014302
01057023,187.0,3.0,0.0,1.6042780748663101
01057024,539.0,3.0,0.0,0.5565862708719852
01057025,8193.0,191.0,0.0,2.3312583913096545
01057026,330.0,4.0,0.0,1.2121212121212122
01057027,423.0,5.0,0.0,1.1820330969267139
01057028,414.0,6.0,0.0,1.4492753623188406
01057029,1066.0,11.0,0.0,1.0318949343339587
01057030,885.0,23.0,0.0,2.598870056497175
01057031,435.0,0.0,1.0,0.0
01057032,567.0,4.0,0.0,0.7054673721340388
01057033,748.0,4.0,0.0,0.5347593582887701
01057034,177.0,4.0,0.0,2.2598870056497176
01057035,747.0,7.0,0.0,0.9370816599732262
01057037,264.0,3.0,0.0,1.1363636363636365
01057038,107.0,3.0,0.0,2.803738317757009
01057039,812.0,9.0,0.0,1.1083743842364533
01057040,457.0,7.0,0.0,1.5317286652078774
01057041,404.0,8.0,0.0,1.9801980198019802
01057042,653.0,9.0,0.0,1.3782542113323124
01057043,4920.0,165.0,0.0,3.3536585365853657
01057044,262.0,3.0,0.0,1.1450381679389312
01057045,600.0,5.0,0.0,0.8333333333333334
01057046,1373.0,16.0,0.0,1.1653313911143481
01057047,314.0,15.0,0.0,4.777070063694268
01057048,5469.0,120.0,0.0,2.1941854086670323
01057049,371.0,0.0,1.0,0.0
01057050,987.0,20.0,0.0,2.026342451874367
01057051,3813.0,112.0,0.0,2.937319695777603
01057052,586.0,0.0,1.0,0.0
01057053,295.0,10.0,0.0,3.389830508474576
01057054,430.0,5.0,0.0,1.1627906976744187
01057055,1449.0,16.0,0.0,1.1042097998619738
01057056,335.0,7.0,0.0,2.08955223880597
01057057,8686.0,284.0,0.0,3.2696292885102465
01057058,460.0,0.0,1.0,0.0
01057059,461.0,5.0,0.0,1.0845986984815619
01057060,452.0,3.0,0.0,0.6637168141592921
01057062,15471.0,452.0,0.0,2.921595242712171
01057063,2045.0,42.0,0.0,2.053789731051345
01057065,344.0,6.0,0.0,1.744186046511628
01057066,853.0,10.0,0.0,1.1723329425556859
01057067,501.0,8.0,0.0,1.596806387225549
01057068,803.0,4.0,0.0,0.49813200498132004
01057069,962.0,13.0,0.0,1.3513513513513513
01057070,1541.0,12.0,0.0,0.7787151200519143
01057071,887.0,3.0,0.0,0.3382187147688839
01057072,502.0,6.0,0.0,1.1952191235059761
01057073,6078.0,145.0,0.0,2.3856531753866403
01057074,6288.0,161.0,0.0,2.5604325699745547
01057076,812.0,11.0,0.0,1.354679802955665
01057077,1358.0,37.0,0.0,2.72459499263623
01057078,457.0,7.0,0.0,1.5317286652078774
01057079,807.0,9.0,0.0,1.1152416356877324
01057080,1268.0,10.0,0.0,0.7886435331230284
01057081,310.0,4.0,0.0,1.2903225806451613
01057082,389.0,3.0,0.0,0.7712082262210797
01057083,366.0,6.0,0.0,1.639344262295082
01057084,505.0,7.0,0.0,1.386138613861386
01057085,2907.0,53.0,0.0,1.823185414516684
01057086,366.0,9.0,0.0,2.459016393442623
01057087,1032.0,15.0,0.0,1.4534883720930232
01057088,693.0,5.0,0.0,0.7215007215007215
01057089,171.0,0.0,1.0,0.0
01057090,760.0,9.0,0.0,1.1842105263157894
01057091,13551.0,268.0,0.0,1.9777138218581654
01058001,982.0,19.0,0.0,1.934826883910387
01058003,1860.0,25.0,0.0,1.3440860215053763
01058004,308.0,5.0,0.0,1.6233766233766234
01058005,9815.0,292.0,0.0,2.9750382068262864
01058007,269.0,6.0,0.0,2.2304832713754648
01058008,993.0,20.0,0.0,2.014098690835851
01058009,3733.0,64.0,0.0,1.7144387891776052
01058010,144.0,0.0,1.0,0.0
01058011,729.0,6.0,0.0,0.823045267489712
01058012,1450.0,18.0,0.0,1.2413793103448276
01058013,295.0,4.0,0.0,1.3559322033898304
01058014,469.0,4.0,0.0,0.8528784648187633
01058015,716.0,10.0,0.0,1.3966480446927374
01058016,173.0,0.0,1.0,0.0
01058018,703.0,10.0,0.0,1.422475106685633
01058019,307.0,3.0,0.0,0.9771986970684039
01058021,660.0,11.0,0.0,1.6666666666666667
01058022,7513.0,119.0,0.0,1.583921203247704
01058023,402.0,4.0,0.0,0.9950248756218906
01058024,1348.0,23.0,0.0,1.7062314540059347
01058025,170.0,0.0,1.0,0.0
01058026,1098.0,13.0,0.0,1.1839708561020037
01058027,390.0,7.0,0.0,1.794871794871795
01058028,1400.0,22.0,0.0,1.5714285714285714
01058029,1413.0,10.0,0.0,0.7077140835102619
01058030,1007.0,6.0,0.0,0.5958291956305859
01058031,128.0,3.0,0.0,2.34375
01058032,702.0,5.0,0.0,0.7122507122507122
01058033,1031.0,5.0,0.0,0.48496605237633367
01058034,9996.0,294.0,0.0,2.9411764705882355
01058035,649.0,16.0,0.0,2.4653312788906008
01058036,233.0,4.0,0.0,1.7167381974248928
01058037,3964.0,43.0,0.0,1.084762865792129
01058038,540.0,28.0,0.0,5.185185185185185
01058039,429.0,3.0,0.0,0.6993006993006993
01058040,1467.0,28.0,0.0,1.9086571233810499
01058042,709.0,8.0,0.0,1.1283497884344147
01058043,21943.0,530.0,0.0,2.4153488584058698
01058044,643.0,6.0,0.0,0.9331259720062208
01058045,294.0,3.0,0.0,1.0204081632653061
01058046,515.0,3.0,0.0,0.5825242718446602
01058047,1680.0,33.0,0.0,1.9642857142857142
01058048,235.0,7.0,0.0,2.978723404255319
01058049,1416.0,12.0,0.0,0.847457627118644
01058050,2044.0,42.0,0.0,2.0547945205479454
01058051,1110.0,7.0,0.0,0.6306306306306306
01058052,2104.0,48.0,0.0,2.2813688212927756
01058053,7349.0,140.0,0.0,1.9050210913049395
01058054,6343.0,97.0,0.0,1.5292448368279994
01058055,63.0,0.0,1.0,0.0
01058056,426.0,3.0,0.0,0.704225352112676
01058057,544.0,4.0,0.0,0.7352941176470589
01058058,6950.0,81.0,0.0,1.1654676258992807
01058059,1210.0,14.0,0.0,1.1570247933884297
01058061,614.0,10.0,0.0,1.6286644951140066
01058062,249.0,0.0,1.0,0.0
01058063,222.0,9.0,0.0,4.054054054054054
01058064,360.0,12.0,0.0,3.3333333333333335
01058065,959.0,18.0,0.0,1.8769551616266944
01058066,1183.0,15.0,0.0,1.267962806424345
01058067,736.0,25.0,0.0,3.3967391304347827
01058068,512.0,4.0,0.0,0.78125
01058069,524.0,8.0,0.0,1.5267175572519085
01058070,1273.0,3.0,0.0,0.2356637863315004
01058071,470.0,14.0,0.0,2.978723404255319
01058072,3041.0,60.0,0.0,1.9730351857941466
01058073,278.0,4.0,0.0,1.4388489208633093
01058074,141.0,0.0,1.0,0.0
01058075,55.0,0.0,1.0,0.0
01058076,140.0,3.0,0.0,2.142857142857143
01058077,5058.0,83.0,0.0,1.6409648082245947
01058078,2404.0,17.0,0.0,0.7071547420965059
01058080,1283.0,13.0,0.0,1.0132501948558068
01058081,345.0,3.0,0.0,0.8695652173913043
01058082,905.0,12.0,0.0,1.3259668508287292
01058083,207.0,0.0,1.0,0.0
01058084,289.0,0.0,1.0,0.0
01058085,266.0,4.0,0.0,1.5037593984962405
01058086,3269.0,50.0,0.0,1.5295197308045274
01058087,600.0,6.0,0.0,1.0
01058088,201.0,0.0,1.0,0.0
01058089,165.0,7.0,0.0,4.242424242424242
01058090,1393.0,10.0,0.0,0.7178750897343862
01058091,450.0,4.0,0.0,0.8888888888888888
01058092,11767.0,311.0,0.0,2.64298461799949
01058093,672.0,9.0,0.0,1.3392857142857142
01058094,1513.0,34.0,0.0,2.247191011235955
01058096,1250.0,6.0,0.0,0.48
01058097,500.0,3.0,0.0,0.6
01058098,182.0,0.0,1.0,0.0
01058099,773.0,4.0,0.0,0.517464424320828
01058100,581.0,9.0,0.0,1.549053356282272
01058101,440.0,9.0,0.0,2.0454545454545454
01058102,754.0,7.0,0.0,0.9283819628647215
01058103,364.0,7.0,0.0,1.9230769230769231
01058104,1726.0,50.0,0.0,2.8968713789107765
01058105,1385.0,44.0,0.0,3.1768953068592056
01058106,253.0,8.0,0.0,3.1620553359683794
01058107,4747.0,105.0,0.0,2.2119233199915738
01058108,518.0,5.0,0.0,0.9652509652509652
01058109,353.0,5.0,0.0,1.4164305949008498
01058110,1043.0,3.0,0.0,0.28763183125599234
01058111,126.0,3.0,0.0,2.380952380952381
01058112,1185.0,21.0,0.0,1.7721518987341771
01058113,599.0,3.0,0.0,0.5008347245409015
01058115,630.0,8.0,0.0,1.2698412698412698
01058116,863.0,19.0,0.0,2.20162224797219
01058117,6670.0,233.0,0.0,3.4932533733133435
01058118,1573.0,9.0,0.0,0.5721551176096631
01058119,285.0,0.0,1.0,0.0
01058120,160.0,0.0,1.0,0.0
01058121,2392.0,20.0,0.0,0.8361204013377926
01058122,548.0,11.0,0.0,2.0072992700729926
01058123,932.0,11.0,0.0,1.1802575107296138
01058124,5188.0,79.0,0.0,1.5227447956823439
01058125,655.0,8.0,0.0,1.2213740458015268
01058126,860.0,13.0,0.0,1.5116279069767442
01058127,3621.0,40.0,0.0,1.1046672190002762
01058128,1536.0,25.0,0.0,1.6276041666666667
01058129,184.0,0.0,1.0,0.0
01058130,1780.0,12.0,0.0,0.6741573033707865
01058131,87.0,0.0,1.0,0.0
01058132,219.0,0.0,1.0,0.0
01058133,151.0,0.0,1.0,0.0
01058134,429.0,3.0,0.0,0.6993006993006993
01058135,27594.0,1915.0,0.0,6.93991447416105
01058136,1094.0,9.0,0.0,0.8226691042047533
01058137,2602.0,34.0,0.0,1.3066871637202153
01058138,493.0,9.0,0.0,1.8255578093306288
01058139,801.0,10.0,0.0,1.2484394506866416
01058140,4493.0,64.0,0.0,1.424438014689517
01058141,399.0,11.0,0.0,2.756892230576441
01058142,1020.0,13.0,0.0,1.2745098039215685
01058143,256.0,3.0,0.0,1.171875
01058144,187.0,0.0,1.0,0.0
01058145,335.0,3.0,0.0,0.8955223880597015
01058146,660.0,28.0,0.0,4.242424242424242
01058147,786.0,15.0,0.0,1.9083969465648856
01058148,1114.0,12.0,0.0,1.0771992818671454
01058150,2889.0,31.0,0.0,1.0730356524749047
01058151,376.0,7.0,0.0,1.8617021276595744
01058152,834.0,15.0,0.0,1.7985611510791366
01058153,190.0,0.0,1.0,0.0
01058154,342.0,0.0,1.0,0.0
01058155,349.0,8.0,0.0,2.292263610315186
01058156,386.0,3.0,0.0,0.7772020725388601
01058157,1523.0,39.0,0.0,2.560735390676297
01058158,78.0,0.0,1.0,0.0
01058159,343.0,3.0,0.0,0.8746355685131195
01058160,149.0,9.0,0.0,6.040268456375839
01058161,266.0,0.0,1.0,0.0
01058162,477.0,10.0,0.0,2.0964360587002098
01058163,1097.0,7.0,0.0,0.6381039197812215
01058164,1033.0,16.0,0.0,1.5488867376573088
01058165,1085.0,8.0,0.0,0.7373271889400922
01058166,1412.0,18.0,0.0,1.274787535410765
01058167,321.0,0.0,1.0,0.0
01058168,604.0,11.0,0.0,1.8211920529801324
01058169,2227.0,42.0,0.0,1.8859452177817693
01058170,2877.0,47.0,0.0,1.6336461591936045
01058171,1543.0,34.0,0.0,2.20349967595593
01058172,4932.0,52.0,0.0,1.05433901054339
01058173,1052.0,5.0,0.0,0.4752851711026616
01058174,510.0,13.0,0.0,2.549019607843137
01058175,483.0,3.0,0.0,0.6211180124223602
01059001,360.0,0.0,1.0,0.0
01059002,320.0,7.0,0.0,2.1875
01059005,722.0,8.0,0.0,1.10803324099723
01059006,746.0,4.0,0.0,0.5361930294906166
01059008,1480.0,59.0,0.0,3.9864864864864864
01059009,756.0,15.0,0.0,1.9841269841269842
01059010,1497.0,15.0,0.0,1.002004008016032
01059012,708.0,8.0,0.0,1.1299435028248588
01059018,2039.0,39.0,0.0,1.9127023050514957
01059019,1120.0,13.0,0.0,1.1607142857142858
01059020,547.0,7.0,0.0,1.2797074954296161
01059023,823.0,15.0,0.0,1.8226002430133657
01059024,1988.0,21.0,0.0,1.056338028169014
01059026,2470.0,58.0,0.0,2.348178137651822
01059032,372.0,4.0,0.0,1.075268817204301
01059034,227.0,3.0,0.0,1.3215859030837005
01059035,914.0,5.0,0.0,0.5470459518599562
01059037,924.0,27.0,0.0,2.9220779220779223
01059039,1030.0,18.0,0.0,1.7475728155339805
01059041,766.0,11.0,0.0,1.4360313315926894
01059042,860.0,15.0,0.0,1.744186046511628
01059043,962.0,21.0,0.0,2.182952182952183
01059044,2605.0,22.0,0.0,0.8445297504798465
01059045,8921.0,255.0,0.0,2.8584239435040915
01059049,510.0,4.0,0.0,0.7843137254901961
01059050,536.0,6.0,0.0,1.1194029850746268
01059051,346.0,4.0,0.0,1.1560693641618498
01059053,6070.0,116.0,0.0,1.9110378912685337
01059055,265.0,4.0,0.0,1.509433962264151
01059056,218.0,0.0,1.0,0.0
01059057,1130.0,24.0,0.0,2.1238938053097347
01059058,699.0,0.0,1.0,0.0
01059060,1040.0,8.0,0.0,0.7692307692307693
01059062,1097.0,17.0,0.0,1.5496809480401095
01059063,645.0,4.0,0.0,0.6201550387596899
01059065,145.0,3.0,0.0,2.0689655172413794
01059067,310.0,3.0,0.0,0.967741935483871
01059068,657.0,19.0,0.0,2.8919330289193304
01059070,241.0,3.0,0.0,1.2448132780082988
01059072,212.0,0.0,1.0,0.0
01059073,1662.0,18.0,0.0,1.0830324909747293
01059074,378.0,0.0,1.0,0.0
01059075,23701.0,878.0,0.0,3.704485042825197
01059076,576.0,8.0,0.0,1.3888888888888888
01059077,2574.0,32.0,0.0,1.2432012432012431
01059078,854.0,17.0,0.0,1.990632318501171
01059079,2188.0,53.0,0.0,2.422303473491773
01059080,760.0,14.0,0.0,1.8421052631578947
01059081,820.0,8.0,0.0,0.975609756097561
01059082,645.0,8.0,0.0,1.2403100775193798
01059083,4801.0,99.0,1.0,2.0620704019995832
01059084,512.0,8.0,0.0,1.5625
01059086,881.0,6.0,0.0,0.681044267877412
01059087,952.0,0.0,1.0,0.0
01059088,304.0,0.0,1.0,0.0
01059090,1075.0,16.0,0.0,1.4883720930232558
01059092,1486.0,14.0,0.0,0.9421265141318977
01059093,440.0,5.0,0.0,1.1363636363636365
01059094,689.0,10.0,0.0,1.4513788098693758
01059095,248.0,0.0,1.0,0.0
01059096,553.0,60.0,0.0,10.849909584086799
01059097,518.0,3.0,0.0,0.5791505791505791
01059098,1335.0,7.0,0.0,0.5243445692883895
01059101,438.0,5.0,0.0,1.1415525114155252
01059102,227.0,0.0,1.0,0.0
01059103,520.0,3.0,0.0,0.5769230769230769
01059105,105.0,0.0,1.0,0.0
01059106,1025.0,25.0,0.0,2.4390243902439024
01059107,2216.0,60.0,0.0,2.707581227436823
01059109,804.0,10.0,0.0,1.243781094527363
01059112,1956.0,34.0,0.0,1.738241308793456
01059113,5869.0,245.0,0.0,4.174476060657693
01059115,2883.0,53.0,0.0,1.8383628165105792
01059116,1828.0,19.0,0.0,1.039387308533917
01059118,866.0,12.0,0.0,1.3856812933025404
01059120,10909.0,966.0,0.0,8.855073792281603
01059121,892.0,10.0,0.0,1.1210762331838564
01059123,649.0,16.0,0.0,2.4653312788906008
01059124,172.0,0.0,1.0,0.0
01059126,1218.0,12.0,0.0,0.9852216748768473
01059127,2237.0,40.0,0.0,1.788109074653554
01059128,427.0,4.0,0.0,0.936768149882904
01059129,311.0,0.0,1.0,0.0
01059131,981.0,15.0,0.0,1.529051987767584
01059132,755.0,11.0,0.0,1.4569536423841059
01059136,243.0,0.0,1.0,0.0
01059137,1570.0,22.0,0.0,1.4012738853503184
01059138,1029.0,12.0,0.0,1.1661807580174928
01059141,734.0,10.0,0.0,1.3623978201634876
01059142,641.0,5.0,0.0,0.7800312012480499
01059143,880.0,15.0,0.0,1.7045454545454546
01059144,689.0,19.0,0.0,2.7576197387518144
01059145,1092.0,27.0,0.0,2.4725274725274726
01059147,160.0,0.0,1.0,0.0
01059148,615.0,4.0,0.0,0.6504065040650406
01059149,493.0,7.0,0.0,1.4198782961460445
01059151,317.0,5.0,0.0,1.5772870662460567
01059152,168.0,3.0,0.0,1.7857142857142858
01059154,646.0,4.0,0.0,0.6191950464396285
01059155,295.0,3.0,0.0,1.0169491525423728
01059157,537.0,12.0,0.0,2.2346368715083798
01059158,2483.0,66.0,0.0,2.65807490938381
01059159,1658.0,17.0,0.0,1.0253317249698433
01059161,4340.0,76.0,0.0,1.7511520737327189
01059162,493.0,7.0,0.0,1.4198782961460445
01059163,227.0,3.0,0.0,1.3215859030837005
01059164,865.0,13.0,0.0,1.5028901734104045
01059167,1412.0,20.0,0.0,1.4164305949008498
01059168,791.0,10.0,0.0,1.2642225031605563
01059169,346.0,4.0,0.0,1.1560693641618498
01059171,5147.0,162.0,0.0,3.147464542451914
01059173,906.0,14.0,0.0,1.5452538631346577
01059174,2168.0,61.0,0.0,2.8136531365313653
01059176,2262.0,52.0,0.0,2.2988505747126435
01059177,465.0,16.0,0.0,3.4408602150537635
01059178,771.0,18.0,0.0,2.3346303501945527
01059179,2009.0,15.0,0.0,0.7466401194624191
01059182,1555.0,33.0,0.0,2.122186495176849
01059183,10746.0,310.0,0.0,2.8847943420807742
01059184,3322.0,76.0,0.0,2.287778446718844
01059185,4898.0,70.0,1.0,1.4291547570436913
01059186,2759.0,38.0,0.0,1.3773106197897789
01059187,1167.0,22.0,1.0,1.8851756640959725
01059188,1850.0,10.0,0.0,0.5405405405405406
01059189,758.0,11.0,1.0,1.4511873350923483
01060002,2597.0,72.0,0.0,2.772429726607624
01060003,394.0,9.0,0.0,2.284263959390863
01060004,13605.0,830.0,0.0,6.100698272693863
01060005,16592.0,526.0,0.0,3.170202507232401
01060006,202.0,3.0,0.0,1.4851485148514851
01060007,987.0,25.0,0.0,2.5329280648429586
01060008,622.0,15.0,0.0,2.4115755627009645
01060009,915.0,16.0,0.0,1.7486338797814207
01060010,631.0,4.0,0.0,0.6339144215530903
01060011,4596.0,73.0,0.0,1.588337684943429
01060012,3396.0,69.0,0.0,2.0318021201413425
01060013,114.0,3.0,0.0,2.6315789473684212
01060015,354.0,0.0,1.0,0.0
01060016,644.0,14.0,0.0,2.1739130434782608
01060017,231.0,3.0,0.0,1.2987012987012987
01060018,64.0,3.0,0.0,4.6875
01060019,5790.0,237.0,0.0,4.0932642487046635
01060020,1589.0,26.0,0.0,1.6362492133417244
01060021,296.0,7.0,0.0,2.364864864864865
01060022,388.0,7.0,0.0,1.8041237113402062
01060023,410.0,12.0,0.0,2.926829268292683
01060024,538.0,0.0,1.0,0.0
01060025,910.0,9.0,0.0,0.989010989010989
01060026,498.0,5.0,0.0,1.0040160642570282
01060027,2787.0,30.0,0.0,1.0764262648008611
01060028,1972.0,31.0,0.0,1.5720081135902637
01060029,668.0,15.0,0.0,2.245508982035928
01060030,587.0,8.0,0.0,1.362862010221465
01060031,469.0,4.0,0.0,0.8528784648187633
01060033,465.0,22.0,0.0,4.731182795698925
01060034,1772.0,37.0,0.0,2.0880361173814896
01060035,356.0,9.0,0.0,2.5280898876404496
01060036,686.0,34.0,0.0,4.956268221574344
01060037,320.0,6.0,0.0,1.875
01060038,715.0,12.0,0.0,1.6783216783216783
01060039,26658.0,905.0,0.0,3.394853327331383
01060040,1279.0,45.0,0.0,3.5183737294761532
01060041,418.0,5.0,0.0,1.1961722488038278
01060042,361.0,4.0,0.0,1.10803324099723
01060043,2391.0,47.0,0.0,1.9657047260560434
01060044,19709.0,1188.0,0.0,6.027703079811253
01060045,846.0,19.0,0.0,2.2458628841607564
01060046,1147.0,37.0,0.0,3.225806451612903
01060047,3702.0,86.0,0.0,2.323068611561318
01060048,571.0,13.0,0.0,2.276707530647986
01060049,1517.0,24.0,0.0,1.5820698747528015
01060050,426.0,11.0,0.0,2.5821596244131455
01060051,449.0,12.0,0.0,2.6726057906458798
01060052,575.0,3.0,0.0,0.5217391304347826
01060053,1753.0,44.0,0.0,2.5099828864803193
01060054,2342.0,60.0,0.0,2.5619128949615715
01060056,244.0,3.0,0.0,1.2295081967213115
01060057,445.0,3.0,0.0,0.6741573033707865
01060058,2358.0,75.0,0.0,3.1806615776081424
01060059,998.0,24.0,0.0,2.404809619238477
01060060,558.0,10.0,0.0,1.7921146953405018
01060061,766.0,16.0,0.0,2.088772845953003
01060062,706.0,14.0,0.0,1.9830028328611897
01060063,73913.0,4913.0,0.0,6.6470039100023
01060064,1156.0,47.0,0.0,4.0657439446366785
01060065,1297.0,21.0,0.0,1.6191210485736314
01060066,830.0,16.0,0.0,1.927710843373494
01060067,1628.0,33.0,0.0,2.027027027027027
01060068,3263.0,72.0,0.0,2.2065583818571866
01060069,1197.0,21.0,0.0,1.7543859649122806
01060070,761.0,49.0,0.0,6.438896189224704
01060071,287.0,0.0,1.0,0.0
01060072,445.0,7.0,0.0,1.5730337078651686
01060073,1888.0,41.0,0.0,2.1716101694915255
01060074,251.0,7.0,0.0,2.7888446215139444
01060075,2171.0,38.0,0.0,1.7503454629203132
01060076,1942.0,47.0,0.0,2.420185375901133
01060077,1173.0,35.0,0.0,2.9838022165387894
01060079,207.0,6.0,0.0,2.898550724637681
01060080,402.0,14.0,0.0,3.482587064676617
01060081,255.0,4.0,0.0,1.5686274509803921
01060082,1046.0,12.0,0.0,1.147227533460803
01060084,872.0,19.0,0.0,2.1788990825688073
01060085,3225.0,77.0,0.0,2.387596899224806
01060086,159.0,0.0,1.0,0.0
01060087,725.0,6.0,0.0,0.8275862068965517
01060088,1024.0,19.0,0.0,1.85546875
01060089,5058.0,320.0,0.0,6.326611308817714
01060090,215.0,3.0,0.0,1.3953488372093024
01060091,505.0,4.0,0.0,0.7920792079207921
01060092,9366.0,427.0,0.0,4.559043348281016
01060093,428.0,11.0,0.0,2.5700934579439254
01060094,1386.0,24.0,0.0,1.7316017316017316
01060095,1015.0,18.0,0.0,1.7733990147783252
01060096,1027.0,13.0,0.0,1.2658227848101267
01060097,854.0,11.0,0.0,1.288056206088993
01060098,485.0,5.0,0.0,1.0309278350515463
01060099,1564.0,33.0,0.0,2.1099744245524295
01060100,432.0,7.0,0.0,1.6203703703703705
01060101,834.0,19.0,0.0,2.278177458033573
01061001,116.0,3.0,0.0,2.586206896551724
01061002,64.0,3.0,0.0,4.6875
01061003,210.0,4.0,0.0,1.9047619047619047
01061004,234.0,3.0,0.0,1.2820512820512822
01061005,150.0,4.0,0.0,2.6666666666666665
01061006,590.0,11.0,0.0,1.8644067796610169
01061007,857.0,24.0,0.0,2.8004667444574096
01061008,107.0,0.0,1.0,0.0
01061010,156.0,0.0,1.0,0.0
01061011,253.0,6.0,0.0,2.3715415019762847
01061012,685.0,3.0,0.0,0.43795620437956206
01061013,150.0,0.0,1.0,0.0
01061014,154.0,5.0,0.0,3.2467532467532467
01061015,787.0,19.0,0.0,2.4142312579415504
01061016,339.0,4.0,0.0,1.1799410029498525
01061017,971.0,15.0,0.0,1.544799176107106
01061018,1010.0,8.0,0.0,0.7920792079207921
01061019,2077.0,28.0,0.0,1.348098218584497
01061020,35.0,0.0,1.0,0.0
01061021,55.0,0.0,1.0,0.0
01061022,1033.0,11.0,0.0,1.0648596321393997
01061023,298.0,3.0,0.0,1.0067114093959733
01061024,255.0,0.0,1.0,0.0
01061025,331.0,0.0,1.0,0.0
01061026,158.0,0.0,1.0,0.0
01061027,942.0,19.0,0.0,2.0169851380042463
01061028,373.0,3.0,0.0,0.8042895442359249
01061029,11103.0,799.0,0.0,7.196253264883365
01061030,333.0,3.0,0.0,0.9009009009009009
01061031,465.0,6.0,0.0,1.2903225806451613
01061033,127.0,0.0,1.0,0.0
01061034,1591.0,18.0,0.0,1.1313639220615965
01061035,713.0,7.0,0.0,0.9817671809256662
01061036,590.0,6.0,0.0,1.0169491525423728
01061037,1088.0,14.0,0.0,1.286764705882353
01061038,77.0,3.0,0.0,3.896103896103896
01061039,223.0,0.0,1.0,0.0
01061040,2031.0,34.0,0.0,1.674052191038897
01061041,906.0,21.0,0.0,2.3178807947019866
01061042,6103.0,190.0,0.0,3.113223005079469
01061043,413.0,3.0,0.0,0.7263922518159807
01061044,5294.0,114.0,0.0,2.153381186248583
01061045,262.0,0.0,1.0,0.0
01061046,30885.0,1454.0,0.0,4.707786951594625
01061047,418.0,0.0,1.0,0.0
01061048,79.0,0.0,1.0,0.0
01061049,7828.0,239.0,0.0,3.053142565150741
01061050,2206.0,42.0,0.0,1.9038984587488668
01061052,583.0,8.0,0.0,1.3722126929674099
01061053,34.0,0.0,1.0,0.0
01061054,237.0,0.0,1.0,0.0
01061055,2330.0,61.0,0.0,2.6180257510729614
01061056,2462.0,34.0,0.0,1.380991064175467
01061057,528.0,8.0,0.0,1.5151515151515151
01061058,188.0,3.0,0.0,1.5957446808510638
01061059,79.0,0.0,1.0,0.0
01061060,143.0,0.0,1.0,0.0
01061061,2574.0,66.0,0.0,2.5641025641025643
01061062,132.0,0.0,1.0,0.0
01061063,244.0,0.0,1.0,0.0
01061064,174.0,0.0,1.0,0.0
01061065,709.0,9.0,0.0,1.2693935119887165
01061066,369.0,3.0,0.0,0.8130081300813008
01061067,466.0,7.0,0.0,1.502145922746781
01061068,115.0,3.0,0.0,2.608695652173913
01061070,85.0,3.0,0.0,3.5294117647058822
01061071,331.0,7.0,0.0,2.1148036253776437
01061072,1934.0,20.0,0.0,1.0341261633919339
01061073,650.0,10.0,0.0,1.5384615384615385
01061074,887.0,5.0,0.0,0.5636978579481398
01061076,133.0,0.0,1.0,0.0
01061077,895.0,8.0,0.0,0.8938547486033519
01061078,271.0,0.0,1.0,0.0
01061079,1490.0,35.0,0.0,2.348993288590604
01061080,166.0,0.0,1.0,0.0
01061081,131.0,0.0,1.0,0.0
01061082,1129.0,13.0,0.0,1.1514614703277237
01061083,748.0,6.0,0.0,0.8021390374331551
01061084,294.0,4.0,0.0,1.3605442176870748
01061085,259.0,3.0,0.0,1.1583011583011582
01061086,411.0,3.0,0.0,0.7299270072992701
01061087,600.0,3.0,0.0,0.5
01061088,433.0,3.0,0.0,0.6928406466512702
01061089,95.0,3.0,0.0,3.1578947368421053
01061091,785.0,9.0,0.0,1.1464968152866242
01061092,597.0,3.0,0.0,0.5025125628140703
01061093,375.0,3.0,0.0,0.8
01061095,885.0,14.0,0.0,1.5819209039548023
01061096,476.0,3.0,0.0,0.6302521008403361
01061097,2487.0,56.0,0.0,2.251708886208283
01061098,225.0,8.0,0.0,3.5555555555555554
01061100,155.0,3.0,0.0,1.935483870967742
01061101,821.0,10.0,0.0,1.218026796589525
01061102,126.0,0.0,1.0,0.0
01061103,96.0,0.0,1.0,0.0
01061104,737.0,3.0,0.0,0.40705563093622793
01061105,1261.0,20.0,0.0,1.5860428231562251
01061106,152.0,3.0,0.0,1.9736842105263157
01061107,1848.0,22.0,0.0,1.1904761904761905
01061108,291.0,0.0,1.0,0.0
01061109,396.0,3.0,0.0,0.7575757575757576
01061110,1488.0,31.0,0.0,2.0833333333333335
01061111,12.0,0.0,1.0,0.0
01061112,168.0,9.0,0.0,5.357142857142857
01061113,4463.0,90.0,0.0,2.0165807752632756
01061114,314.0,4.0,0.0,1.2738853503184713
01061115,170.0,0.0,1.0,0.0
01061116,2432.0,66.0,0.0,2.713815789473684
01061117,390.0,5.0,0.0,1.2820512820512822
01061118,1709.0,51.0,0.0,2.984201287302516
01061119,492.0,4.0,0.0,0.8130081300813008
01062001,31380.0,1376.0,0.0,4.38495857233907
01062003,782.0,12.0,0.0,1.5345268542199488
01062004,24263.0,1401.0,0.0,5.774224127271978
01062005,2820.0,64.0,0.0,2.269503546099291
01062006,15164.0,474.0,0.0,3.125824320759694
01062008,839.0,12.0,0.0,1.430274135876043
01062009,11850.0,477.0,0.0,4.025316455696203
01062011,935.0,53.0,0.0,5.668449197860962
01062014,2154.0,51.0,0.0,2.367688022284123
01062016,2478.0,54.0,0.0,2.179176755447942
01062018,16640.0,1205.0,0.0,7.241586538461538
01062019,783.0,13.0,0.0,1.6602809706257982
01062020,628.0,11.0,0.0,1.7515923566878981
01062021,1333.0,50.0,0.0,3.7509377344336086
01062022,1666.0,51.0,0.0,3.061224489795918
01062023,9199.0,316.0,0.0,3.4351559952168715
01062025,1477.0,64.0,0.0,4.333107650643195
01062026,475.0,7.0,0.0,1.4736842105263157
01062027,1157.0,23.0,0.0,1.9878997407087295
01062031,452.0,5.0,0.0,1.1061946902654867
01062032,581.0,3.0,0.0,0.5163511187607573
01062033,54.0,0.0,1.0,0.0
01062035,3499.0,100.0,0.0,2.857959416976279
01062036,1746.0,33.0,0.0,1.8900343642611683
01062039,757.0,24.0,0.0,3.1704095112285335
01062040,328.0,0.0,1.0,0.0
01062045,3269.0,60.0,0.0,1.8354236769654328
01062046,788.0,21.0,0.0,2.66497461928934
01062048,651.0,22.0,0.0,3.3794162826420893
01062050,314.0,8.0,0.0,2.5477707006369426
01062051,466.0,4.0,0.0,0.8583690987124464
01062053,8614.0,443.0,0.0,5.1427908056651965
01062056,1174.0,38.0,0.0,3.2367972742759794
01062058,220.0,0.0,1.0,0.0
01062059,701.0,4.0,0.0,0.5706134094151213
01062060,26169.0,1174.0,0.0,4.486224158355306
01062061,8720.0,180.0,0.0,2.0642201834862384
01062062,1075.0,12.0,0.0,1.1162790697674418
01062065,1312.0,17.0,0.0,1.295731707317073
01062069,2204.0,88.0,0.0,3.9927404718693285
01062071,1659.0,46.0,0.0,2.772754671488849
01062076,6280.0,167.0,0.0,2.659235668789809
01062078,1139.0,28.0,0.0,2.4582967515364356
01062081,1913.0,37.0,0.0,1.934134866701516
01062082,7985.0,251.0,0.0,3.1433938634940515
01062083,790.0,15.0,0.0,1.8987341772151898
01062086,1391.0,26.0,0.0,1.8691588785046729
01062087,1446.0,19.0,0.0,1.313969571230982
01062088,1710.0,42.0,0.0,2.456140350877193
01062089,1195.0,27.0,0.0,2.2594142259414225
01062090,9606.0,339.0,0.0,3.529044347282948
01062091,2615.0,44.0,0.0,1.6826003824091778
01062092,1760.0,31.0,0.0,1.7613636363636365
01062093,592.0,6.0,0.0,1.0135135135135136
01062094,1358.0,17.0,0.0,1.251840942562592
02000000,1706696.0,214215.0,0.0,12.551444428298888
03101000,242537.0,17729.0,0.0,7.30981252345003
03102000,98895.0,8824.0,0.0,8.92259467111583
03103000,119984.0,11387.0,0.0,9.49043205760768
03151001,1759.0,28.0,0.0,1.5918135304150085
03151002,1025.0,20.0,0.0,1.951219512195122
03151003,906.0,5.0,0.0,0.5518763796909493
03151004,977.0,27.0,0.0,2.7635619242579326
03151005,3254.0,109.0,0.0,3.349723417332514
03151006,5072.0,141.0,0.0,2.779968454258675
03151007,1300.0,20.0,0.0,1.5384615384615385
03151008,1630.0,39.0,0.0,2.392638036809816
03151009,41152.0,3059.0,0.0,7.433417573872473
03151010,1925.0,34.0,0.0,1.7662337662337662
03151011,4345.0,87.0,0.0,2.002301495972382
03151012,2525.0,68.0,0.0,2.6930693069306932
03151013,6300.0,238.0,0.0,3.7777777777777777
03151014,1868.0,75.0,0.0,4.014989293361884
03151015,4346.0,102.0,0.0,2.3469857340082836
03151016,8219.0,180.0,0.0,2.190047451028106
03151017,8256.0,374.0,0.0,4.530038759689923
03151018,5423.0,82.0,0.0,1.5120781855061773
03151019,918.0,6.0,0.0,0.6535947712418301
03151020,1896.0,96.0,0.0,5.063291139240507
03151021,1845.0,53.0,0.0,2.872628726287263
03151022,2086.0,49.0,0.0,2.348993288590604
03151023,2255.0,100.0,0.0,4.434589800443459
03151024,4857.0,184.0,0.0,3.7883467160798845
03151025,10830.0,332.0,0.0,3.0655586334256695
03151026,912.0,0.0,1.0,0.0
03151027,6819.0,187.0,0.0,2.742337586156328
03151028,1266.0,27.0,0.0,2.132701421800948
03151029,1310.0,21.0,0.0,1.6030534351145038
03151030,1355.0,65.0,0.0,4.797047970479705
03151031,1260.0,37.0,0.0,2.9365079365079363
03151032,1521.0,27.0,0.0,1.7751479289940828
03151033,1571.0,18.0,0.0,1.1457670273711011
03151034,3105.0,52.0,0.0,1.674718196457327
03151035,1131.0,14.0,0.0,1.237842617152962
03151036,3692.0,57.0,0.0,1.543878656554713
03151037,1880.0,30.0,0.0,1.5957446808510638
03151038,4984.0,100.0,0.0,2.0064205457463884
03151039,2531.0,89.0,0.0,3.516396681153694
03151040,11707.0,258.0,0.0,2.203809686512343
03151041,1320.0,32.0,0.0,2.4242424242424243
03153002,22033.0,813.0,0.0,3.689919665955612
03153008,8581.0,188.0,0.0,2.1908868430252886
03153012,19883.0,863.0,0.0,4.340391289040889
03153016,6252.0,248.0,0.0,3.966730646193218
03153017,51591.0,2605.0,0.0,5.049330309550116
03153018,15481.0,1587.0,0.0,10.251275757380014
03153019,16316.0,470.0,0.0,2.88060799215494
03154001,1902.0,42.0,0.0,2.2082018927444795
03154002,426.0,4.0,0.0,0.9389671361502347
03154004,2096.0,88.0,0.0,4.198473282442748
03154005,833.0,18.0,0.0,2.1608643457382954
03154006,685.0,8.0,0.0,1.167883211678832
03154007,1009.0,17.0,0.0,1.6848364717542121
03154008,2497.0,42.0,0.0,1.6820184221065277
03154009,2558.0,54.0,0.0,2.111024237685692
03154012,1171.0,9.0,0.0,0.7685738684884714
03154013,15610.0,577.0,0.0,3.6963484945547727
03154014,11515.0,315.0,0.0,2.735562310030395
03154015,906.0,26.0,0.0,2.869757174392936
03154016,530.0,26.0,0.0,4.90566037735849
03154017,680.0,7.0,0.0,1.0294117647058822
03154018,698.0,3.0,0.0,0.4297994269340974
03154019,11655.0,303.0,0.0,2.5997425997425996
03154021,1685.0,48.0,0.0,2.8486646884273
03154022,649.0,5.0,0.0,0.7704160246533128
03154024,4642.0,187.0,0.0,4.028436018957346
03154025,890.0,4.0,0.0,0.449438202247191
03154026,1016.0,13.0,0.0,1.279527559055118
03154027,1816.0,27.0,0.0,1.486784140969163
03154028,25941.0,1273.0,0.0,4.907289618750241
03155001,10038.0,425.0,0.0,4.233911137676828
03155002,3337.0,58.0,0.0,1.7380881030866047
03155003,10277.0,225.0,0.0,2.1893548700982777
03155005,8029.0,140.0,0.0,1.7436791630340018
03155006,6747.0,74.0,0.0,1.0967837557432933
03155007,7317.0,163.0,0.0,2.2276889435561023
03155009,7214.0,131.0,0.0,1.815913501524813
03155010,8146.0,186.0,0.0,2.2833292413454456
03155011,29327.0,1467.0,0.0,5.002216387629147
03155012,14787.0,430.0,0.0,2.9079596943260975
03155013,32226.0,1423.0,0.0,4.4156891950598895
03157001,12368.0,214.0,0.0,1.7302716688227684
03157002,9046.0,293.0,0.0,3.2390006632765864
03157005,12715.0,450.0,0.0,3.539127015336217
03157006,48582.0,3529.0,0.0,7.264007245481865
03157007,15995.0,423.0,0.0,2.644576430134417
03157008,9992.0,174.0,0.0,1.7413931144915933
03157009,21700.0,656.0,0.0,3.0230414746543777
03158002,3084.0,129.0,0.0,4.182879377431907
03158004,2408.0,59.0,0.0,2.4501661129568104
03158005,941.0,8.0,0.0,0.8501594048884166
03158006,12843.0,246.0,0.0,1.9154403176827843
03158007,699.0,4.0,0.0,0.5722460658082976
03158008,3030.0,52.0,0.0,1.716171617161716
03158009,1155.0,11.0,0.0,0.9523809523809523
03158010,668.0,19.0,0.0,2.844311377245509
03158011,1613.0,18.0,0.0,1.115933044017359
03158012,968.0,6.0,0.0,0.6198347107438017
03158013,1294.0,52.0,0.0,4.01854714064915
03158014,1158.0,6.0,0.0,0.5181347150259067
03158016,1627.0,22.0,0.0,1.352181929932391
03158017,513.0,5.0,0.0,0.9746588693957114
03158018,1198.0,26.0,0.0,2.1702838063439067
03158019,679.0,17.0,0.0,2.503681885125184
03158021,1781.0,28.0,0.0,1.5721504772599664
03158022,852.0,11.0,0.0,1.2910798122065728
03158023,608.0,12.0,0.0,1.9736842105263157
03158025,465.0,6.0,0.0,1.2903225806451613
03158027,5471.0,232.0,0.0,4.240541034545787
03158028,934.0,5.0,0.0,0.5353319057815846
03158030,5882.0,97.0,0.0,1.6490989459367562
03158031,922.0,8.0,0.0,0.8676789587852495
03158032,773.0,5.0,0.0,0.6468305304010349
03158033,971.0,15.0,0.0,1.544799176107106
03158035,745.0,5.0,0.0,0.6711409395973155
03158036,1217.0,33.0,0.0,2.711585866885785
03158037,51756.0,2645.0,0.0,5.110518587216941
03158038,2885.0,50.0,0.0,1.733102253032929
03158039,9105.0,143.0,0.0,1.57056562328391
03158040,2529.0,34.0,0.0,1.3444049031237644
03159001,6564.0,121.0,0.0,1.8433881779402803
03159002,9019.0,230.0,0.0,2.5501718594079166
03159003,10956.0,291.0,0.0,2.656078860898138
03159004,7669.0,191.0,0.0,2.4905463554570346
03159005,2354.0,20.0,0.0,0.8496176720475785
03159006,833.0,43.0,0.0,5.162064825930372
03159007,13257.0,416.0,0.0,3.1379648487591463
03159008,568.0,15.0,0.0,2.640845070422535
03159009,4329.0,154.0,0.0,3.5574035574035574
03159010,21262.0,593.0,0.0,2.7890132630984854
03159011,1941.0,34.0,0.0,1.751674394641937
03159012,495.0,10.0,0.0,2.0202020202020203
03159013,7206.0,380.0,0.0,5.27338329170136
03159014,4119.0,72.0,0.0,1.7479970866715222
03159015,9222.0,218.0,0.0,2.363912383430926
03159016,115843.0,10468.0,0.0,9.036368187978557
03159017,23906.0,1652.0,0.0,6.910399062996738
03159018,4218.0,128.0,0.0,3.0346135609293503
03159019,13497.0,604.0,0.0,4.4750685337482405
03159020,1060.0,21.0,0.0,1.9811320754716981
03159021,1043.0,20.0,0.0,1.9175455417066156
03159022,1094.0,8.0,0.0,0.7312614259597806
03159023,1106.0,10.0,0.0,0.9041591320072333
03159024,1539.0,30.0,0.0,1.949317738791423
03159025,982.0,9.0,0.0,0.9164969450101833
03159026,23141.0,1102.0,0.0,4.76211053973467
03159027,1917.0,37.0,0.0,1.9300991131977048
03159028,881.0,6.0,0.0,0.681044267877412
03159029,11785.0,428.0,0.0,3.631735256682223
03159030,890.0,6.0,0.0,0.6741573033707865
03159031,1958.0,33.0,0.0,1.6853932584269662
03159032,1622.0,14.0,0.0,0.8631319358816276
03159033,1381.0,18.0,0.0,1.3034033309196236
03159034,7983.0,168.0,0.0,2.1044720030063884
03159035,1323.0,40.0,0.0,3.0234315948601664
03159036,4793.0,71.0,0.0,1.4813269351137075
03159037,660.0,4.0,0.0,0.6060606060606061
03159038,469.0,12.0,0.0,2.55863539445629
03159039,1937.0,28.0,0.0,1.4455343314403717
03241001,506416.0,66853.0,0.0,13.201202173706992
03241002,33053.0,1484.0,0.0,4.489758872114483
03241003,28845.0,1385.0,0.0,4.801525394349107
03241004,20278.0,736.0,0.0,3.629549265213532
03241005,59499.0,5445.0,0.0,9.151414309484194
03241006,14087.0,705.0,0.0,5.004614183289558
03241007,18406.0,803.0,0.0,4.362707812669782
03241008,22777.0,1225.0,0.0,5.378232427448742
03241009,38877.0,3134.0,0.0,8.061321604033234
03241010,50821.0,4372.0,0.0,8.60274296058716
03241011,42655.0,2269.0,0.0,5.319423279803071
03241012,43542.0,1694.0,0.0,3.890496532083965
03241013,13733.0,410.0,0.0,2.9855093570232287
03241014,23145.0,1853.0,0.0,8.00604882263988
03241015,31827.0,2301.0,0.0,7.229710623055896
03241016,23012.0,1039.0,0.0,4.515035633582479
03241017,28575.0,1178.0,0.0,4.122484689413823
03241018,19923.0,742.0,0.0,3.72433870401044
03241019,28223.0,1079.0,0.0,3.8231229847996313
03241020,13913.0,441.0,0.0,3.1696974053043916
03241021,40633.0,2210.0,0.0,5.438928949376123
03251001,852.0,25.0,0.0,2.9342723004694835
03251002,3061.0,187.0,0.0,6.109114668409017
03251003,1162.0,16.0,0.0,1.3769363166953528
03251004,1247.0,18.0,0.0,1.4434643143544508
03251005,6129.0,298.0,0.0,4.862130853320281
03251006,1041.0,44.0,0.0,4.226705091258405
03251007,15502.0,557.0,0.0,3.593084763256354
03251008,1299.0,78.0,0.0,6.0046189376443415
03251009,1026.0,28.0,0.0,2.729044834307992
03251011,475.0,10.0,0.0,2.1052631578947367
03251012,15962.0,821.0,0.0,5.143465731111389
03251013,2928.0,121.0,0.0,4.132513661202186
03251014,1014.0,39.0,0.0,3.8461538461538463
03251015,1535.0,43.0,0.0,2.801302931596091
03251017,1790.0,38.0,0.0,2.122905027932961
03251018,569.0,10.0,0.0,1.757469244288225
03251019,550.0,27.0,0.0,4.909090909090909
03251020,1044.0,33.0,0.0,3.160919540229885
03251021,2483.0,475.0,0.0,19.130084575110754
03251022,1079.0,93.0,0.0,8.619091751621871
03251023,3006.0,226.0,0.0,7.518296739853626
03251024,479.0,22.0,0.0,4.592901878914405
03251025,697.0,17.0,0.0,2.4390243902439024
03251026,2746.0,104.0,0.0,3.7873270211216314
03251027,1066.0,34.0,0.0,3.189493433395872
03251028,1217.0,25.0,0.0,2.0542317173377156
03251029,418.0,16.0,0.0,3.827751196172249
03251030,1826.0,78.0,0.0,4.271631982475356
03251031,818.0,8.0,0.0,0.9779951100244498
03251032,1529.0,39.0,0.0,2.5506867233485937
03251033,2483.0,56.0,0.0,2.255336286749899
03251034,1278.0,62.0,0.0,4.851330203442879
03251035,549.0,11.0,0.0,2.0036429872495445
03251036,652.0,54.0,0.0,8.282208588957054
03251037,32382.0,1115.0,0.0,3.4432709529985797
03251038,1059.0,19.0,0.0,1.7941454202077431
03251040,12521.0,634.0,0.0,5.063493331203578
03251041,23641.0,922.0,0.0,3.900004229939512
03251042,12239.0,423.0,0.0,3.4561647193398155
03251043,1657.0,316.0,0.0,19.07060953530477
03251044,6951.0,434.0,0.0,6.243705941591138
03251045,749.0,11.0,0.0,1.4686248331108145
03251046,1699.0,41.0,0.0,2.413184226015303
03251047,29918.0,977.0,0.0,3.2655926198275287
03251049,8857.0,388.0,0.0,4.380715817997064
03252001,10945.0,319.0,0.0,2.9145728643216082
03252002,17670.0,854.0,0.0,4.8330503678551215
03252003,19128.0,1489.0,0.0,7.784399832705981
03252004,7404.0,224.0,0.0,3.0253916801728797
03252005,10188.0,338.0,0.0,3.3176285826462504
03252006,56756.0,4708.0,0.0,8.295158221157234
03252007,18504.0,961.0,0.0,5.19347168179853
03252008,9664.0,227.0,0.0,2.3489238410596025
03254002,19443.0,754.0,0.0,3.8780023658900373
03254003,8007.0,189.0,0.0,2.360434619707756
03254005,13353.0,360.0,0.0,2.6960233655358348
03254008,10144.0,233.0,0.0,2.29692429022082
03254011,6731.0,177.0,0.0,2.6296241271727827
03254013,2719.0,41.0,0.0,1.5079073188672305
03254014,9004.0,365.0,0.0,4.053753887161261
03254017,9749.0,298.0,0.0,3.056723766540158
03254020,11703.0,214.0,0.0,1.828590959583013
03254021,99554.0,7948.0,0.0,7.983606886714748
03254022,7259.0,163.0,0.0,2.2454883592781374
03254026,12255.0,343.0,0.0,2.798857609139127
03254028,18181.0,918.0,0.0,5.049227215224685
03254029,8238.0,202.0,0.0,2.4520514688031074
03254032,7902.0,148.0,0.0,1.8729435585927614
03254041,5277.0,143.0,0.0,2.7098730339207884
03254042,4885.0,81.0,0.0,1.6581371545547594
03254043,11134.0,244.0,0.0,2.1914855397880366
03254044,5861.0,108.0,0.0,1.8426889609281694
03254045,6196.0,116.0,0.0,1.8721755971594578
03255001,408.0,4.0,0.0,0.9803921568627451
03255002,4037.0,115.0,0.0,2.8486499876145652
03255003,5753.0,261.0,0.0,4.536763427776812
03255004,2894.0,225.0,0.0,7.774706288873531
03255005,694.0,8.0,0.0,1.1527377521613833
03255007,1465.0,12.0,0.0,0.8191126279863481
03255008,8158.0,237.0,0.0,2.905123804854131
03255009,629.0,11.0,0.0,1.7488076311605723
03255010,843.0,38.0,0.0,4.507710557532621
03255012,967.0,25.0,0.0,2.5853154084798344
03255013,3532.0,89.0,0.0,2.5198187995469987
03255014,1151.0,58.0,0.0,5.039096437880104
03255015,983.0,12.0,0.0,1.2207527975584944
03255016,1617.0,22.0,0.0,1.3605442176870748
03255017,1926.0,76.0,0.0,3.9460020768431985
03255018,945.0,8.0,0.0,0.8465608465608465
03255019,849.0,16.0,0.0,1.8845700824499412
03255020,468.0,6.0,0.0,1.2820512820512822
03255021,441.0,8.0,0.0,1.8140589569160999
03255022,630.0,4.0,0.0,0.6349206349206349
03255023,20217.0,1188.0,0.0,5.876242765989019
03255025,1091.0,15.0,0.0,1.374885426214482
03255026,2503.0,77.0,0.0,3.076308429884139
03255027,669.0,0.0,1.0,0.0
03255028,442.0,17.0,0.0,3.8461538461538463
03255030,721.0,8.0,0.0,1.1095700416088765
03255031,1194.0,20.0,0.0,1.6750418760469012
03255032,408.0,4.0,0.0,0.9803921568627451
03255033,1221.0,28.0,0.0,2.293202293202293
03255034,5660.0,398.0,0.0,7.031802120141343
03255035,426.0,9.0,0.0,2.112676056338028
03255036,606.0,8.0,0.0,1.3201320132013201
03256001,1832.0,21.0,0.0,1.1462882096069869
03256002,1007.0,15.0,0.0,1.4895729890764648
03256003,2202.0,49.0,0.0,2.225249772933697
03256004,4073.0,189.0,0.0,4.640314264669777
03256005,1740.0,58.0,0.0,3.3333333333333335
03256006,1696.0,40.0,0.0,2.358490566037736
03256007,3413.0,123.0,0.0,3.6038675651919134
03256008,490.0,6.0,0.0,1.2244897959183674
03256009,567.0,4.0,0.0,0.7054673721340388
03256010,1849.0,80.0,0.0,4.3266630611141155
03256011,1612.0,49.0,0.0,3.0397022332506203
03256012,1750.0,41.0,0.0,2.342857142857143
03256013,2092.0,29.0,0.0,1.3862332695984703
03256014,3865.0,162.0,0.0,4.191461836998706
03256015,1026.0,40.0,0.0,3.898635477582846
03256016,2339.0,19.0,0.0,0.8123129542539547
03256017,2773.0,125.0,0.0,4.507753335737468
03256018,1644.0,27.0,0.0,1.6423357664233578
03256019,3599.0,281.0,0.0,7.807724367879967
03256020,922.0,8.0,0.0,0.8676789587852495
03256021,4494.0,89.0,0.0,1.9804183355585225
03256022,30875.0,2050.0,0.0,6.6396761133603235
03256023,1322.0,14.0,0.0,1.059001512859304
03256024,1969.0,17.0,0.0,0.8633824276282377
03256025,10175.0,434.0,0.0,4.2653562653562656
03256026,2572.0,52.0,0.0,2.021772939346812
03256027,1049.0,34.0,0.0,3.2411820781696856
03256028,798.0,12.0,0.0,1.5037593984962405
03256029,2511.0,84.0,0.0,3.3452807646356035
03256030,5341.0,143.0,0.0,2.6774012357236474
03256031,1336.0,22.0,0.0,1.6467065868263473
03256032,7476.0,351.0,0.0,4.695024077046549
03256033,5414.0,855.0,0.0,15.79239009974141
03256034,3415.0,43.0,0.0,1.2591508052708638
03256035,829.0,51.0,0.0,6.151990349819059
03256036,2174.0,27.0,0.0,1.2419503219871204
03257001,1111.0,26.0,0.0,2.34023402340234
03257002,2524.0,34.0,0.0,1.3470681458003169
03257003,6506.0,196.0,0.0,3.012603750384261
03257004,1283.0,21.0,0.0,1.636788776305534
03257005,2427.0,95.0,0.0,3.9142974866089824
03257006,10105.0,488.0,0.0,4.829292429490351
03257007,1491.0,24.0,0.0,1.6096579476861168
03257008,770.0,14.0,0.0,1.8181818181818181
03257009,19252.0,969.0,0.0,5.033243299397466
03257010,4523.0,132.0,0.0,2.91841697988061
03257011,2786.0,50.0,0.0,1.7946877243359656
03257012,1402.0,46.0,0.0,3.2810271041369474
03257013,1995.0,51.0,0.0,2.556390977443609
03257014,2125.0,41.0,0.0,1.9294117647058824
03257015,976.0,19.0,0.0,1.9467213114754098
03257016,2032.0,51.0,0.0,2.5098425196850394
03257017,1042.0,17.0,0.0,1.6314779270633397
03257018,4145.0,138.0,0.0,3.3293124246079615
03257019,1377.0,43.0,0.0,3.122730573710966
03257020,4457.0,206.0,0.0,4.621943010993942
03257021,1045.0,21.0,0.0,2.0095693779904304
03257022,1058.0,58.0,0.0,5.482041587901701
03257023,1978.0,40.0,0.0,2.0222446916076846
03257024,772.0,13.0,0.0,1.6839378238341969
03257025,2000.0,62.0,0.0,3.1
03257026,4688.0,97.0,0.0,2.0691126279863483
03257027,776.0,17.0,0.0,2.1907216494845363
03257028,9353.0,558.0,0.0,5.966000213835133
03257029,874.0,20.0,0.0,2.288329519450801
03257030,1172.0,26.0,0.0,2.218430034129693
03257031,25791.0,1521.0,0.0,5.897406071885541
03257032,6348.0,290.0,0.0,4.568367989918085
03257033,2002.0,50.0,0.0,2.4975024975024973
03257034,1522.0,20.0,0.0,1.314060446780552
03257035,21604.0,2265.0,0.0,10.484169598222552
03257036,1481.0,20.0,0.0,1.350438892640108
03257037,1054.0,16.0,0.0,1.5180265654648957
03257038,1649.0,14.0,0.0,0.8489993935718617
03351001,2453.0,64.0,0.0,2.6090501426824297
03351002,1649.0,41.0,0.0,2.4863553668890237
03351003,1001.0,37.0,0.0,3.6963036963036964
03351004,12962.0,720.0,0.0,5.554698349020213
03351005,1787.0,18.0,0.0,1.0072747621712368
03351006,69001.0,3712.0,0.0,5.379632179243779
03351007,3194.0,120.0,0.0,3.757044458359424
03351008,2098.0,51.0,0.0,2.430886558627264
03351010,6317.0,153.0,0.0,2.4220357764761755
03351012,10040.0,308.0,0.0,3.0677290836653386
03351015,1703.0,23.0,0.0,1.3505578391074575
03351016,5919.0,163.0,0.0,2.7538435546545026
03351017,2253.0,39.0,0.0,1.7310252996005326
03351018,6443.0,238.0,0.0,3.6939313984168867
03351021,6117.0,333.0,0.0,5.443845022069642
03351022,4189.0,64.0,0.0,1.527810933396992
03351023,8044.0,431.0,0.0,5.358030830432621
03351024,12712.0,372.0,0.0,2.9263687853996223
03351025,6154.0,130.0,0.0,2.1124471888202794
03351026,11851.0,315.0,0.0,2.658003544004725
03351501,803.0,36.0,0.0,4.483188044831881
03352002,616.0,8.0,0.0,1.2987012987012987
03352004,853.0,38.0,0.0,4.4548651817116065
03352008,906.0,13.0,0.0,1.434878587196468
03352011,49093.0,3916.0,0.0,7.97669728881918
03352020,3466.0,60.0,0.0,1.7311021350259665
03352022,8814.0,284.0,0.0,3.2221465849784434
03352024,904.0,13.0,0.0,1.4380530973451326
03352025,1632.0,28.0,0.0,1.7156862745098038
03352029,3266.0,81.0,0.0,2.4800979791794244
03352032,15880.0,578.0,0.0,3.6397984886649875
03352036,632.0,8.0,0.0,1.2658227848101267
03352038,1401.0,16.0,0.0,1.1420413990007139
03352039,1203.0,24.0,0.0,1.9950124688279303
03352041,1117.0,30.0,0.0,2.6857654431512983
03352042,1459.0,37.0,0.0,2.5359835503769705
03352043,546.0,9.0,0.0,1.6483516483516483
03352044,1869.0,31.0,0.0,1.6586409844836811
03352045,545.0,11.0,0.0,2.018348623853211
03352046,7089.0,232.0,0.0,3.272675976865566
03352050,13716.0,273.0,0.0,1.9903762029746281
03352051,883.0,14.0,0.0,1.5855039637599093
03352052,577.0,4.0,0.0,0.6932409012131716
03352055,2268.0,35.0,0.0,1.5432098765432098
03352056,3446.0,50.0,0.0,1.4509576320371445
03352059,13725.0,324.0,0.0,2.360655737704918
03352060,11073.0,281.0,0.0,2.537704325837623
03352061,16962.0,416.0,0.0,2.452540973941752
03352062,30683.0,807.0,0.0,2.630120913861096
03352063,4153.0,141.0,0.0,3.39513604623164
03353001,1825.0,73.0,0.0,4.0
03353002,1898.0,48.0,0.0,2.528977871443625
03353003,2248.0,118.0,0.0,5.249110320284697
03353004,1746.0,88.0,0.0,5.040091638029782
03353005,36656.0,1401.0,0.0,3.8220209515495416
03353006,1069.0,34.0,0.0,3.1805425631431246
03353007,3965.0,60.0,0.0,1.5132408575031526
03353008,754.0,23.0,0.0,3.050397877984085
03353009,2430.0,111.0,0.0,4.567901234567901
03353010,1242.0,56.0,0.0,4.508856682769726
03353011,1066.0,51.0,0.0,4.784240150093809
03353012,1444.0,30.0,0.0,2.0775623268698062
03353013,922.0,22.0,0.0,2.386117136659436
03353014,736.0,30.0,0.0,4.076086956521739
03353015,2402.0,48.0,0.0,1.9983347210657785
03353016,5238.0,280.0,0.0,5.345551737304315
03353017,907.0,38.0,0.0,4.189636163175304
03353018,2117.0,48.0,0.0,2.2673594709494567
03353019,3385.0,174.0,0.0,5.140324963072378
03353020,7510.0,412.0,0.0,5.486018641810919
03353021,1301.0,33.0,0.0,2.536510376633359
03353022,638.0,21.0,0.0,3.29153605015674
03353023,3707.0,58.0,0.0,1.5646074993256003
03353024,1361.0,54.0,0.0,3.967670830271859
03353025,1745.0,27.0,0.0,1.5472779369627507
03353026,19903.0,932.0,0.0,4.682711149073004
03353027,1514.0,50.0,0.0,3.3025099075297226
03353028,1069.0,21.0,0.0,1.9644527595884003
03353029,12871.0,391.0,0.0,3.037836997902261
03353030,4630.0,269.0,0.0,5.809935205183585
03353031,39838.0,1770.0,0.0,4.442994126211155
03353032,10850.0,337.0,0.0,3.1059907834101383
03353033,4041.0,90.0,0.0,2.2271714922048997
03353034,2121.0,47.0,0.0,2.215935879302216
03353035,13132.0,572.0,0.0,4.355772159610113
03353036,949.0,44.0,0.0,4.636459430979979
03353037,991.0,27.0,0.0,2.7245206861755804
03353038,1186.0,23.0,0.0,1.93929173693086
03353039,1307.0,60.0,0.0,4.590665646518746
03353040,32494.0,1825.0,0.0,5.616421493198744
03353041,1631.0,49.0,0.0,3.004291845493562
03353042,1604.0,28.0,0.0,1.745635910224439
03354001,1595.0,181.0,0.0,11.347962382445141
03354002,2363.0,101.0,0.0,4.274227676682184
03354003,316.0,3.0,0.0,0.9493670886075949
03354004,8089.0,254.0,0.0,3.140066757324762
03354005,1357.0,15.0,0.0,1.105379513633014
03354006,630.0,5.0,0.0,0.7936507936507936
03354007,635.0,5.0,0.0,0.7874015748031497
03354008,1230.0,18.0,0.0,1.4634146341463414
03354009,4989.0,95.0,0.0,1.9041892162758067
03354010,654.0,10.0,0.0,1.529051987767584
03354011,1072.0,21.0,0.0,1.958955223880597
03354012,736.0,14.0,0.0,1.9021739130434783
03354013,1374.0,24.0,0.0,1.7467248908296944
03354014,716.0,0.0,1.0,0.0
03354015,1394.0,20.0,0.0,1.4347202295552368
03354016,648.0,58.0,0.0,8.950617283950617
03354017,836.0,6.0,0.0,0.7177033492822966
03354018,9467.0,438.0,0.0,4.626597655012147
03354019,1423.0,31.0,0.0,2.1784961349262124
03354020,486.0,4.0,0.0,0.823045267489712
03354021,592.0,8.0,0.0,1.3513513513513513
03354022,1369.0,15.0,0.0,1.095690284879474
03354023,938.0,12.0,0.0,1.279317697228145
03354024,910.0,13.0,0.0,1.4285714285714286
03354025,955.0,18.0,0.0,1.8848167539267016
03354026,2873.0,86.0,0.0,2.9933867037939437
03354027,1558.0,32.0,0.0,2.053915275994865
03355001,10188.0,299.0,0.0,2.934825284648606
03355002,3959.0,177.0,0.0,4.470825966153069
03355003,1590.0,28.0,0.0,1.7610062893081762
03355004,6453.0,209.0,0.0,3.238803657213699
03355005,2394.0,70.0,0.0,2.9239766081871346
03355006,759.0,7.0,0.0,0.922266139657444
03355007,1848.0,44.0,0.0,2.380952380952381
03355008,1162.0,26.0,0.0,2.2375215146299485
03355009,9540.0,225.0,0.0,2.358490566037736
03355010,398.0,6.0,0.0,1.5075376884422111
03355011,3333.0,79.0,0.0,2.37023702370237
03355012,607.0,13.0,0.0,2.1416803953871497
03355013,3351.0,145.0,0.0,4.327066547299314
03355014,3734.0,72.0,0.0,1.92822710230316
03355015,1025.0,21.0,0.0,2.048780487804878
03355016,2667.0,84.0,0.0,3.1496062992125986
03355017,1950.0,27.0,0.0,1.3846153846153846
03355018,925.0,29.0,0.0,3.135135135135135
03355019,2422.0,35.0,0.0,1.4450867052023122
03355020,2236.0,45.0,0.0,2.012522361359571
03355021,636.0,13.0,0.0,2.0440251572327046
03355022,69905.0,3689.0,0.0,5.277161862527716
03355023,650.0,13.0,0.0,2.0
03355024,3393.0,97.0,0.0,2.8588269967580313
03355025,1233.0,28.0,0.0,2.2708840227088403
03355026,2620.0,60.0,0.0,2.2900763358778624
03355027,985.0,24.0,0.0,2.436548223350254
03355028,1949.0,35.0,0.0,1.7957927142124166
03355029,708.0,15.0,0.0,2.1186440677966103
03355030,1303.0,22.0,0.0,1.6884113584036837
03355031,7196.0,230.0,0.0,3.1962201222901614
03355032,1863.0,26.0,0.0,1.3955984970477724
03355033,3307.0,119.0,0.0,3.5984275778651345
03355034,1469.0,34.0,0.0,2.314499659632403
03355035,1586.0,23.0,0.0,1.450189155107188
03355036,1301.0,17.0,0.0,1.3066871637202153
03355037,563.0,6.0,0.0,1.0657193605683837
03355038,822.0,22.0,0.0,2.67639902676399
03355039,2249.0,61.0,0.0,2.712316585148955
03355040,1765.0,33.0,0.0,1.8696883852691217
03355041,1753.0,26.0,0.0,1.4831717056474616
03355042,1469.0,21.0,0.0,1.4295439074200136
03355049,4857.0,45.0,0.0,0.9264978381717109
03356001,1117.0,22.0,0.0,1.9695613249776187
03356002,7623.0,252.0,0.0,3.3057851239669422
03356003,5725.0,92.0,0.0,1.6069868995633187
03356004,1302.0,29.0,0.0,2.227342549923195
03356005,18026.0,614.0,0.0,3.406191057361589
03356006,734.0,16.0,0.0,2.1798365122615806
03356007,30298.0,1350.0,0.0,4.455739652782362
03356008,14461.0,431.0,0.0,2.9804301223981744
03356009,19458.0,451.0,0.0,2.317812724843252
03356010,2944.0,68.0,0.0,2.3097826086956523
03356011,9219.0,215.0,0.0,2.3321401453519903
03357001,1824.0,36.0,0.0,1.9736842105263157
03357002,868.0,12.0,0.0,1.3824884792626728
03357003,896.0,18.0,0.0,2.0089285714285716
03357004,1440.0,24.0,0.0,1.6666666666666667
03357005,1062.0,11.0,0.0,1.0357815442561205
03357006,2489.0,41.0,0.0,1.6472478907191643
03357007,1088.0,25.0,0.0,2.297794117647059
03357008,18808.0,711.0,0.0,3.780306252658443
03357009,1342.0,23.0,0.0,1.713859910581222
03357010,728.0,9.0,0.0,1.2362637362637363
03357011,669.0,17.0,0.0,2.5411061285500747
03357012,1077.0,18.0,0.0,1.6713091922005572
03357013,2045.0,42.0,0.0,2.053789731051345
03357014,670.0,17.0,0.0,2.537313432835821
03357015,2874.0,90.0,0.0,3.1315240083507305
03357016,9318.0,180.0,0.0,1.931745009658725
03357017,482.0,3.0,0.0,0.6224066390041494
03357018,2283.0,57.0,0.0,2.4967148488830486
03357019,459.0,7.0,0.0,1.5250544662309369
03357020,1137.0,37.0,0.0,3.2541776605101145
03357021,4635.0,124.0,0.0,2.67529665587918
03357022,1052.0,33.0,0.0,3.1368821292775664
03357023,741.0,16.0,0.0,2.1592442645074224
03357024,1151.0,22.0,0.0,1.9113814074717637
03357025,1427.0,43.0,0.0,3.0133146461107216
03357026,1016.0,20.0,0.0,1.968503937007874
03357027,1265.0,22.0,0.0,1.7391304347826086
03357028,1294.0,33.0,0.0,2.5502318392581143
03357029,566.0,3.0,0.0,0.5300353356890459
03357030,991.0,9.0,0.0,0.9081735620585267
03357031,1156.0,21.0,0.0,1.8166089965397925
03357032,896.0,8.0,0.0,0.8928571428571429
03357033,2191.0,71.0,0.0,3.240529438612506
03357034,463.0,8.0,0.0,1.7278617710583153
03357035,1816.0,45.0,0.0,2.4779735682819384
03357036,935.0,14.0,0.0,1.4973262032085561
03357037,1667.0,14.0,0.0,0.8398320335932813
03357038,1136.0,41.0,0.0,3.609154929577465
03357039,21106.0,1177.0,0.0,5.576613285321709
03357040,814.0,19.0,0.0,2.3341523341523343
03357041,13058.0,336.0,0.0,2.573135242763057
03357042,1038.0,8.0,0.0,0.7707129094412332
03357043,3522.0,126.0,0.0,3.577512776831346
03357044,5609.0,237.0,0.0,4.225352112676056
03357045,6242.0,209.0,0.0,3.3482858058314644
03357046,884.0,28.0,0.0,3.167420814479638
03357047,3716.0,104.0,0.0,2.798708288482239
03357048,863.0,32.0,0.0,3.707995365005794
03357049,660.0,13.0,0.0,1.9696969696969697
03357050,792.0,17.0,0.0,2.1464646464646466
03357051,10151.0,234.0,0.0,2.3051916067382523
03357052,1041.0,12.0,0.0,1.1527377521613833
03357053,476.0,13.0,0.0,2.73109243697479
03357054,715.0,8.0,0.0,1.118881118881119
03357055,1766.0,23.0,0.0,1.3023782559456398
03357056,788.0,10.0,0.0,1.2690355329949239
03357057,13528.0,1096.0,0.0,8.101714961561207
03358001,1552.0,49.0,0.0,3.1572164948453607
03358002,6273.0,190.0,0.0,3.028853817949944
03358003,908.0,11.0,0.0,1.2114537444933922
03358005,2049.0,32.0,0.0,1.5617374328940947
03358006,768.0,13.0,0.0,1.6927083333333333
03358007,1062.0,29.0,0.0,2.7306967984934087
03358008,10878.0,647.0,0.0,5.947784519213091
03358009,522.0,11.0,0.0,2.10727969348659
03358010,1200.0,26.0,0.0,2.1666666666666665
03358011,671.0,20.0,0.0,2.9806259314456036
03358012,850.0,5.0,0.0,0.5882352941176471
03358013,839.0,45.0,0.0,5.363528009535161
03358014,3179.0,171.0,0.0,5.379050015728216
03358015,2584.0,69.0,0.0,2.670278637770898
03358016,14824.0,405.0,0.0,2.7320561252023747
03358017,5641.0,118.0,0.0,2.0918276901258643
03358018,2352.0,184.0,0.0,7.8231292517006805
03358019,18759.0,660.0,0.0,3.518311210618903
03358020,5320.0,208.0,0.0,3.9097744360902253
03358021,21241.0,955.0,0.0,4.4960218445459255
03358023,4088.0,110.0,0.0,2.690802348336595
03358024,30466.0,1120.0,0.0,3.676229239151841
03358501,667.0,46.0,0.0,6.896551724137931
03359001,1160.0,26.0,0.0,2.2413793103448274
03359002,5050.0,96.0,0.0,1.900990099009901
03359003,3546.0,123.0,0.0,3.4686971235194584
03359004,1033.0,31.0,0.0,3.000968054211036
03359005,2049.0,39.0,0.0,1.9033674963396778
03359006,2626.0,58.0,0.0,2.208682406702209
03359007,1691.0,49.0,0.0,2.8976936723832054
03359008,790.0,19.0,0.0,2.4050632911392404
03359009,974.0,13.0,0.0,1.3347022587268993
03359010,39552.0,3528.0,0.0,8.919902912621358
03359011,2040.0,43.0,0.0,2.107843137254902
03359012,1814.0,34.0,0.0,1.8743109151047408
03359013,11345.0,212.0,0.0,1.868664609960335
03359014,984.0,22.0,0.0,2.2357723577235773
03359015,765.0,22.0,0.0,2.8758169934640523
03359016,1421.0,9.0,0.0,0.633356790992259
03359017,5850.0,129.0,0.0,2.2051282051282053
03359018,1934.0,60.0,0.0,3.1023784901758016
03359019,463.0,6.0,0.0,1.2958963282937366
03359020,1888.0,42.0,0.0,2.2245762711864407
03359021,1140.0,29.0,0.0,2.543859649122807
03359022,2833.0,52.0,0.0,1.8355100600070597
03359023,12136.0,301.0,0.0,2.4802241265655898
03359024,1485.0,19.0,0.0,1.2794612794612794
03359025,4941.0,115.0,0.0,2.327464076097956
03359026,3338.0,118.0,0.0,3.53505092869982
03359027,5709.0,206.0,0.0,3.608337712383955
03359028,11571.0,559.0,0.0,4.8310431250540145
03359029,730.0,14.0,0.0,1.917808219178082
03359030,505.0,13.0,0.0,2.5742574257425743
03359031,4775.0,116.0,0.0,2.4293193717277486
03359032,989.0,39.0,0.0,3.9433771486349847
03359033,830.0,29.0,0.0,3.4939759036144578
03359034,1356.0,38.0,0.0,2.8023598820059
03359035,1127.0,24.0,0.0,2.129547471162378
03359036,2888.0,60.0,0.0,2.0775623268698062
03359037,2292.0,45.0,0.0,1.963350785340314
03359038,45141.0,2511.0,0.0,5.562570612082142
03359039,1626.0,166.0,0.0,10.20910209102091
03359040,3063.0,67.0,0.0,2.187397975840679
03360001,1547.0,17.0,0.0,1.098901098901099
03360002,8738.0,257.0,0.0,2.9411764705882355
03360003,811.0,20.0,0.0,2.466091245376079
03360004,6663.0,137.0,0.0,2.056130871979589
03360005,3784.0,123.0,0.0,3.2505285412262155
03360006,5443.0,108.0,0.0,1.9841998897666728
03360007,837.0,22.0,0.0,2.6284348864994027
03360008,750.0,11.0,0.0,1.4666666666666666
03360009,1510.0,28.0,0.0,1.8543046357615893
03360010,938.0,9.0,0.0,0.9594882729211087
03360011,1770.0,37.0,0.0,2.0903954802259888
03360012,782.0,20.0,0.0,2.557544757033248
03360013,1268.0,23.0,0.0,1.8138801261829653
03360014,807.0,9.0,0.0,1.1152416356877324
03360015,1179.0,8.0,0.0,0.6785411365564037
03360016,491.0,5.0,0.0,1.0183299389002036
03360017,791.0,9.0,0.0,1.1378002528445006
03360018,2103.0,45.0,0.0,2.1398002853067046
03360019,723.0,19.0,0.0,2.627939142461964
03360020,1028.0,20.0,0.0,1.9455252918287937
03360022,645.0,6.0,0.0,0.9302325581395349
03360023,4609.0,126.0,0.0,2.7337817313950965
03360024,2584.0,39.0,0.0,1.5092879256965945
03360025,33606.0,1249.0,0.0,3.7165982265071715
03360026,1008.0,13.0,0.0,1.2896825396825398
03360029,2426.0,24.0,0.0,0.989282769991756
03360030,6755.0,110.0,0.0,1.6284233900814211
03361001,29531.0,1685.0,0.0,5.7058684094680165
03361002,2912.0,70.0,0.0,2.4038461538461537
03361003,9111.0,502.0,0.0,5.509823290527933
03361004,1551.0,28.0,0.0,1.8052869116698904
03361005,10153.0,236.0,0.0,2.3244361272530285
03361006,14499.0,361.0,0.0,2.489826884612732
03361008,12204.0,539.0,0.0,4.41658472631924
03361009,15292.0,536.0,0.0,3.505100706251635
03361010,2703.0,72.0,0.0,2.6637069922308547
03361012,26664.0,1955.0,0.0,7.331983198319832
03361013,7680.0,255.0,0.0,3.3203125
03401000,73322.0,5334.0,0.0,7.2747606448269275
03402000,49787.0,2074.0,0.0,4.16574607829353
03403000,157267.0,8563.0,0.0,5.444880362695289
03404000,153699.0,13303.0,0.0,8.655228726276684
03405000,77451.0,3283.0,0.0,4.2388090534660625
03451001,11127.0,192.0,0.0,1.7255324885413859
03451002,27437.0,1038.0,0.0,3.783212450340781
03451004,21119.0,614.0,0.0,2.9073346275865335
03451005,21028.0,574.0,0.0,2.729693741677763
03451007,21941.0,688.0,0.0,3.1356820564240464
03451008,15260.0,344.0,0.0,2.254259501965924
03452001,40699.0,1301.0,0.0,3.196638738052532
03452002,561.0,59.0,0.0,10.516934046345812
03452003,2575.0,17.0,0.0,0.6601941747572816
03452006,13530.0,264.0,0.0,1.951219512195122
03452007,8509.0,99.0,0.0,1.1634739687389823
03452008,6062.0,112.0,0.0,1.8475750577367205
03452009,421.0,18.0,0.0,4.275534441805226
03452010,976.0,3.0,0.0,0.3073770491803279
03452011,6974.0,151.0,0.0,2.1651849727559505
03452012,12164.0,177.0,0.0,1.4551134495231832
03452013,1539.0,230.0,0.0,14.944769330734243
03452014,12601.0,263.0,0.0,2.0871359415919373
03452015,1802.0,10.0,0.0,0.5549389567147613
03452016,743.0,9.0,0.0,1.2113055181695829
03452017,2161.0,43.0,0.0,1.989819527996298
03452019,25102.0,816.0,0.0,3.2507369930682812
03452020,5846.0,435.0,0.0,7.440985289086555
03452021,2213.0,26.0,0.0,1.174875734297334
03452022,2034.0,18.0,0.0,0.8849557522123894
03452023,18593.0,283.0,0.0,1.522078201473673
03452024,3762.0,56.0,0.0,1.488569909622541
03452025,12697.0,283.0,0.0,2.2288729621170353
03452026,1060.0,3.0,0.0,0.2830188679245283
03452027,4512.0,53.0,0.0,1.174645390070922
03453001,12426.0,315.0,0.0,2.5350072428778367
03453002,7431.0,235.0,0.0,3.162427667877809
03453003,6835.0,593.0,0.0,8.675932699341624
03453004,32932.0,2312.0,0.0,7.020527146848051
03453005,11371.0,634.0,0.0,5.575587019611292
03453006,8259.0,720.0,0.0,8.717762440973484
03453007,20948.0,681.0,0.0,3.2509070078289097
03453008,14022.0,954.0,0.0,6.803594351732991
03453009,6683.0,294.0,0.0,4.399221906329493
03453010,4663.0,176.0,0.0,3.7743941668453784
03453011,13023.0,256.0,0.0,1.9657528987176534
03453012,7684.0,479.0,0.0,6.233732431025508
03453013,13060.0,625.0,0.0,4.785604900459418
03454001,870.0,7.0,0.0,0.8045977011494253
03454002,2334.0,48.0,0.0,2.056555269922879
03454003,1630.0,37.0,0.0,2.2699386503067487
03454004,998.0,60.0,0.0,6.012024048096192
03454005,2692.0,89.0,0.0,3.3060921248142643
03454006,765.0,15.0,0.0,1.9607843137254901
03454007,1480.0,137.0,0.0,9.256756756756756
03454008,4772.0,296.0,0.0,6.202849958088851
03454009,1084.0,33.0,0.0,3.044280442804428
03454010,9735.0,388.0,0.0,3.985618900873138
03454011,5159.0,403.0,0.0,7.811591393680946
03454012,5025.0,162.0,0.0,3.2238805970149254
03454013,929.0,32.0,0.0,3.4445640473627557
03454014,11251.0,490.0,0.0,4.355168429472935
03454015,1237.0,26.0,0.0,2.1018593371059016
03454016,669.0,31.0,0.0,4.633781763826607
03454017,871.0,31.0,0.0,3.5591274397244548
03454018,22724.0,1789.0,0.0,7.872733673649005
03454019,12267.0,442.0,0.0,3.603162957528328
03454020,2331.0,281.0,0.0,12.054912054912055
03454021,4304.0,534.0,0.0,12.407063197026023
03454022,838.0,9.0,0.0,1.0739856801909309
03454023,549.0,12.0,0.0,2.185792349726776
03454024,1153.0,45.0,0.0,3.9028620988725065
03454025,1533.0,142.0,0.0,9.262883235485976
03454026,4686.0,407.0,0.0,8.685446009389672
03454027,914.0,26.0,0.0,2.8446389496717726
03454028,1445.0,27.0,0.0,1.8685121107266436
03454029,5984.0,431.0,0.0,7.202540106951871
03454030,1039.0,89.0,0.0,8.565928777670837
03454031,2660.0,76.0,0.0,2.857142857142857
03454032,51821.0,1766.0,0.0,3.4078848343335713
03454033,3212.0,325.0,0.0,10.118306351183064
03454034,1827.0,94.0,0.0,5.145046524356869
03454035,33997.0,1409.0,0.0,4.144483336765009
03454036,1088.0,34.0,0.0,3.125
03454037,1575.0,72.0,0.0,4.571428571428571
03454038,737.0,32.0,0.0,4.341926729986431
03454039,1223.0,103.0,0.0,8.421913327882256
03454040,951.0,87.0,0.0,9.14826498422713
03454041,35060.0,2136.0,0.0,6.092413006274957
03454042,1013.0,28.0,0.0,2.7640671273445214
03454043,693.0,22.0,0.0,3.1746031746031744
03454044,4161.0,489.0,0.0,11.751982696467195
03454045,7535.0,210.0,0.0,2.78699402786994
03454046,2394.0,45.0,0.0,1.8796992481203008
03454047,6757.0,859.0,0.0,12.712742341275714
03454048,1430.0,98.0,0.0,6.853146853146853
03454049,8555.0,294.0,0.0,3.436586791350088
03454050,1069.0,68.0,0.0,6.361085126286249
03454051,4282.0,176.0,0.0,4.110228865016348
03454052,1337.0,186.0,0.0,13.911742707554225
03454053,1791.0,18.0,0.0,1.0050251256281406
03454054,9613.0,1041.0,0.0,10.829085613232081
03454055,1645.0,131.0,0.0,7.963525835866261
03454056,1466.0,170.0,0.0,11.596180081855389
03454057,9391.0,425.0,0.0,4.5256096262378875
03454058,1059.0,83.0,0.0,7.837582625118036
03454059,557.0,3.0,0.0,0.5385996409335727
03454060,922.0,35.0,0.0,3.7960954446854664
03455007,14047.0,382.0,0.0,2.719441873709689
03455014,9191.0,205.0,0.0,2.2304428245022305
03455015,20416.0,365.0,0.0,1.7878134796238245
03455020,9318.0,243.0,0.0,2.6078557630392787
03455021,1311.0,53.0,0.0,4.0427154843630815
03455025,8460.0,168.0,0.0,1.9858156028368794
03455026,23795.0,532.0,0.0,2.235763815927716
03455027,11691.0,250.0,0.0,2.1383970575656486
03456001,15083.0,2544.0,0.0,16.86667108665385
03456002,7117.0,1150.0,0.0,16.158493747365462
03456003,450.0,44.0,0.0,9.777777777777779
03456004,576.0,68.0,0.0,11.805555555555555
03456005,1302.0,72.0,0.0,5.529953917050691
03456006,560.0,121.0,0.0,21.607142857142858
03456007,616.0,57.0,0.0,9.253246753246753
03456008,655.0,91.0,0.0,13.893129770992367
03456009,2895.0,229.0,0.0,7.910189982728843
03456010,605.0,46.0,0.0,7.603305785123967
03456011,1820.0,310.0,0.0,17.032967032967033
03456012,2157.0,643.0,0.0,29.809921186833567
03456013,1074.0,181.0,0.0,16.852886405959033
03456014,9863.0,1095.0,0.0,11.102098752914934
03456015,52029.0,4471.0,0.0,8.593284514405427
03456016,596.0,24.0,0.0,4.026845637583893
03456017,1178.0,109.0,0.0,9.252971137521222
03456018,560.0,33.0,0.0,5.892857142857143
03456019,2131.0,343.0,0.0,16.09572970436415
03456020,696.0,27.0,0.0,3.8793103448275863
03456023,5472.0,823.0,0.0,15.040204678362572
03456024,580.0,284.0,0.0,48.96551724137931
03456025,11385.0,380.0,0.0,3.3377250768555116
03456026,1622.0,245.0,0.0,15.104808877928484
03456027,12373.0,977.0,0.0,7.896225652630728
03457002,5197.0,370.0,0.0,7.119492014623821
03457003,697.0,17.0,0.0,2.4390243902439024
03457006,2659.0,108.0,0.0,4.061677322301617
03457008,2100.0,54.0,0.0,2.5714285714285716
03457009,804.0,7.0,0.0,0.8706467661691543
03457010,4389.0,92.0,0.0,2.096149464570517
03457011,2223.0,38.0,0.0,1.7094017094017093
03457012,3684.0,114.0,0.0,3.0944625407166124
03457013,34017.0,2446.0,0.0,7.190522385865891
03457014,22531.0,713.0,0.0,3.16452887133283
03457015,1585.0,45.0,0.0,2.8391167192429023
03457016,1629.0,43.0,0.0,2.6396562308164517
03457017,10474.0,279.0,0.0,2.6637387817452742
03457018,17118.0,649.0,0.0,3.791330762939596
03457019,724.0,18.0,0.0,2.4861878453038675
03457020,11283.0,280.0,0.0,2.4816095010192325
03457021,15472.0,969.0,0.0,6.262926577042399
03457022,19710.0,674.0,0.0,3.419583967529173
03457024,7536.0,787.0,0.0,10.4432059447983
03458001,795.0,15.0,0.0,1.8867924528301887
03458002,774.0,22.0,0.0,2.842377260981912
03458003,6103.0,144.0,0.0,2.359495330165492
03458004,1175.0,21.0,0.0,1.7872340425531914
03458005,30373.0,754.0,0.0,2.4824679814308763
03458006,1047.0,36.0,0.0,3.438395415472779
03458007,13575.0,756.0,0.0,5.569060773480663
03458008,4726.0,140.0,0.0,2.9623360135421075
03458009,13676.0,379.0,0.0,2.7712781515062885
03458010,15810.0,411.0,0.0,2.5996204933586338
03458011,1147.0,27.0,0.0,2.353966870095902
03458012,717.0,16.0,0.0,2.2315202231520224
03458013,15654.0,365.0,0.0,2.3316724159959117
03458014,18860.0,1619.0,0.0,8.584305408271474
03458015,583.0,22.0,0.0,3.7735849056603774
03459001,3769.0,100.0,0.0,2.6532236667551072
03459002,7140.0,249.0,0.0,3.4873949579831933
03459003,15120.0,819.0,0.0,5.416666666666667
03459004,10555.0,378.0,0.0,3.5812411179535766
03459005,9183.0,366.0,0.0,3.98562561254492
03459006,7486.0,574.0,0.0,7.6676462730430135
03459007,4421.0,248.0,0.0,5.609590590364171
03459008,13416.0,604.0,0.0,4.502087060226595
03459009,3622.0,56.0,0.0,1.5461071231363888
03459010,7787.0,322.0,0.0,4.135096956465905
03459011,2963.0,85.0,0.0,2.8687141410732364
03459012,14331.0,339.0,0.0,2.3655013606866233
03459013,12738.0,516.0,0.0,4.050871408384362
03459014,30158.0,1532.0,0.0,5.07991246103853
03459015,9260.0,1101.0,0.0,11.889848812095032
03459016,1701.0,31.0,0.0,1.8224573780129336
03459017,9199.0,315.0,0.0,3.424285248396565
03459018,2501.0,86.0,0.0,3.438624550179928
03459019,31959.0,1458.0,0.0,4.562095184455083
03459020,13722.0,257.0,0.0,1.8729048243696254
03459021,10963.0,311.0,0.0,2.8368147404907416
03459022,10193.0,350.0,0.0,3.433729029726283
03459023,1687.0,29.0,0.0,1.7190278601066984
03459024,45855.0,2554.0,0.0,5.569730672772871
03459025,2461.0,65.0,0.0,2.6412027631044293
03459026,3955.0,125.0,0.0,3.1605562579013906
03459027,4472.0,104.0,0.0,2.3255813953488373
03459028,2946.0,105.0,0.0,3.564154786150713
03459029,9439.0,234.0,0.0,2.4790761733234454
03459030,12224.0,1418.0,0.0,11.600130890052355
03459031,3262.0,89.0,0.0,2.7283874923359903
03459032,1784.0,29.0,0.0,1.6255605381165918
03459033,23197.0,603.0,0.0,2.599474069922835
03459034,6678.0,301.0,0.0,4.5073375262054505
03460001,5885.0,204.0,0.0,3.4664401019541207
03460002,16271.0,714.0,0.0,4.388175281175097
03460003,12604.0,482.0,0.0,3.824182799111393
03460004,9198.0,392.0,0.0,4.26179604261796
03460005,6538.0,249.0,0.0,3.808504129703273
03460006,24819.0,2045.0,0.0,8.239655102945324
03460007,7818.0,418.0,0.0,5.346635968278332
03460008,9574.0,746.0,0.0,7.791936494673073
03460009,30319.0,2699.0,0.0,8.902008641445958
03460010,9267.0,661.0,0.0,7.132836948311212
03461001,7014.0,279.0,0.0,3.97775876817793
03461002,15019.0,727.0,0.0,4.840535321925561
03461003,6306.0,190.0,0.0,3.013003488740882
03461004,9196.0,489.0,0.0,5.3175293605915614
03461005,5847.0,139.0,0.0,2.3772874978621514
03461006,6986.0,579.0,0.0,8.288004580589751
03461007,26491.0,1421.0,0.0,5.3640859159714624
03461008,5582.0,162.0,0.0,2.9021855965603724
03461009,7592.0,177.0,0.0,2.3314014752370915
03462001,1656.0,43.0,0.0,2.5966183574879227
03462002,1125.0,4.0,0.0,0.35555555555555557
03462003,7271.0,269.0,0.0,3.6996286618071794
03462004,837.0,3.0,0.0,0.35842293906810035
03462005,10221.0,147.0,0.0,1.4382154388024655
03462006,1755.0,22.0,0.0,1.2535612535612535
03462007,1769.0,134.0,0.0,7.5749010740531375
03462008,866.0,31.0,0.0,3.579676674364896
03462009,747.0,3.0,0.0,0.40160642570281124
03462010,1013.0,15.0,0.0,1.4807502467917077
03462011,1156.0,16.0,0.0,1.3840830449826989
03462012,920.0,11.0,0.0,1.1956521739130435
03462013,680.0,9.0,0.0,1.3235294117647058
03462014,791.0,55.0,0.0,6.95322376738306
03462015,1567.0,15.0,0.0,0.9572431397574984
03462016,634.0,12.0,0.0,1.8927444794952681
03462017,731.0,3.0,0.0,0.4103967168262654
03462018,2495.0,36.0,0.0,1.4428857715430863
03462019,20605.0,518.0,0.0,2.5139529240475613
04011000,542707.0,62451.0,0.0,11.507314259812384
04012000,108156.0,9530.0,0.0,8.811346573467954
05111000,586291.0,95031.0,0.0,16.2088450956948
05112000,488468.0,72901.0,0.0,14.924416747872941
05113000,566201.0,56041.0,0.0,9.897721833765747
05114000,222247.0,24014.0,0.0,10.805095231881646
05116000,255188.0,25074.0,0.0,9.825697133094033
05117000,166865.0,17492.0,0.0,10.48272555658766
05119000,210216.0,22965.0,0.0,10.924477680100468
05120000,110708.0,14984.0,0.0,13.534703905770135
05122000,155265.0,19064.0,0.0,12.278362799085434
05124000,342661.0,45513.0,0.0,13.282223538716107
05154004,12609.0,924.0,0.0,7.328098976921247
05154008,29918.0,5501.0,0.0,18.386924259643024
05154012,32871.0,1743.0,0.0,5.302546317422652
05154016,32708.0,3126.0,0.0,9.557294851412498
05154020,11876.0,377.0,0.0,3.1744695183563487
05154024,13743.0,916.0,0.0,6.665211380339081
05154028,12527.0,353.0,0.0,2.8179133072563265
05154032,27509.0,1604.0,0.0,5.830819004689374
05154036,47438.0,5094.0,0.0,10.738226738058097
05154040,10174.0,2939.0,0.0,28.887359937094555
05154044,21520.0,939.0,0.0,4.363382899628252
05154048,6661.0,178.0,0.0,2.672271430716109
05154052,15367.0,1138.0,0.0,7.4054792737684645
05154056,8217.0,423.0,0.0,5.147864184008762
05154060,7804.0,317.0,0.0,4.062019477191184
05154064,10047.0,1171.0,0.0,11.655220463820045
05158004,43690.0,3568.0,0.0,8.166628519111924
05158008,29574.0,2060.0,0.0,6.965577872455535
05158012,25560.0,2986.0,0.0,11.682316118935837
05158016,54390.0,4710.0,0.0,8.659680088251516
05158020,56829.0,4318.0,0.0,7.59823329638037
05158024,37972.0,3039.0,0.0,8.003265564099863
05158026,40280.0,4147.0,0.0,10.295431976166832
05158028,86967.0,6828.0,0.0,7.85125392390217
05158032,81303.0,8324.0,0.0,10.238244591220496
05158036,21213.0,1860.0,0.0,8.768208174232782
05162004,62208.0,5301.0,0.0,8.521412037037036
05162008,61741.0,5940.0,0.0,9.620835425406131
05162012,22162.0,858.0,0.0,3.871491742622507
05162016,41901.0,2676.0,0.0,6.38648242285387
05162020,32025.0,1179.0,0.0,3.6814988290398127
05162022,54313.0,4726.0,0.0,8.701415867287759
05162024,150568.0,17891.0,0.0,11.882338876786568
05162028,12475.0,431.0,0.0,3.4549098196392785
05166004,15489.0,994.0,0.0,6.417457550519724
05166008,14946.0,641.0,0.0,4.2887729158303225
05166012,35075.0,1824.0,0.0,5.200285103349964
05166016,41417.0,3682.0,0.0,8.89006929521694
05166020,14963.0,1044.0,0.0,6.977210452449375
05166024,19062.0,1046.0,0.0,5.4873570454306995
05166028,29574.0,1570.0,0.0,5.308717116386015
05166032,74941.0,5632.0,0.0,7.515245326323375
05166036,50708.0,3081.0,0.0,6.075964344876548
05170004,12747.0,316.0,0.0,2.479014670118459
05170008,67853.0,4866.0,0.0,7.171385200359601
05170012,26350.0,619.0,0.0,2.349146110056926
05170016,13544.0,303.0,0.0,2.237152982870644
05170020,37299.0,3756.0,0.0,10.069975066355667
05170024,104009.0,9885.0,0.0,9.503985232047226
05170028,27033.0,1649.0,0.0,6.099951910627751
05170032,30867.0,1280.0,0.0,4.146823468429067
05170036,13337.0,285.0,0.0,2.1369123491039965
05170040,8666.0,367.0,0.0,4.234941149319178
05170044,37134.0,1879.0,0.0,5.060052781817203
05170048,60335.0,3640.0,0.0,6.032982514295186
05170052,21245.0,796.0,0.0,3.7467639444575194
05314000,305765.0,36576.0,0.0,11.962127777868625
05315000,1005775.0,164727.0,0.0,16.378116377917525
05316000,158984.0,18182.0,0.0,11.436370955567856
05334002,236420.0,29936.0,0.0,12.662211318839354
05334004,46567.0,5225.0,0.0,11.220392123177357
05334008,26363.0,3396.0,0.0,12.881690247695634
05334012,54671.0,4040.0,0.0,7.389658136855005
05334016,46564.0,3752.0,0.0,8.057726999398676
05334020,12085.0,521.0,0.0,4.311129499379396
05334024,8312.0,326.0,0.0,3.9220404234841193
05334028,15122.0,526.0,0.0,3.478375876206851
05334032,56206.0,5167.0,0.0,9.192968722200478
05334036,37206.0,2836.0,0.0,7.622426490351018
05358004,13740.0,1202.0,0.0,8.748180494905386
05358008,88789.0,10104.0,0.0,11.379788036806362
05358012,4406.0,142.0,0.0,3.2228778937812073
05358016,8655.0,220.0,0.0,2.541883304448296
05358020,6936.0,281.0,0.0,4.051326412918108
05358024,31834.0,2591.0,0.0,8.139096563422756
05358028,17123.0,511.0,0.0,2.984290136074286
05358032,13440.0,530.0,0.0,3.943452380952381
05358036,12549.0,654.0,0.0,5.2115706430791295
05358040,9835.0,361.0,0.0,3.670564311133706
05358044,9877.0,231.0,0.0,2.3387668320340183
05358048,13758.0,642.0,0.0,4.6663759267335365
05358052,10575.0,373.0,0.0,3.5271867612293146
05358056,8289.0,269.0,0.0,3.245264808782724
05358060,8954.0,233.0,0.0,2.6021889658253294
05362004,23037.0,1683.0,0.0,7.30563875504623
05362008,58922.0,6470.0,0.0,10.980618444723532
05362012,43568.0,4525.0,0.0,10.386063165626148
05362016,20818.0,1421.0,0.0,6.825823806321453
05362020,49230.0,2304.0,0.0,4.680073126142596
05362024,49657.0,4761.0,0.0,9.587772116720704
05362028,55082.0,4708.0,0.0,8.547256817109037
05362032,63273.0,6032.0,0.0,9.53329224155643
05362036,52929.0,3262.0,0.0,6.162973039354607
05362040,34998.0,4652.0,0.0,13.292188125035716
05366004,17451.0,579.0,0.0,3.317861440605123
05366008,8646.0,349.0,0.0,4.0365486930372425
05366012,4196.0,111.0,0.0,2.6453765490943755
05366016,55414.0,3837.0,0.0,6.924242971090338
05366020,8248.0,322.0,0.0,3.903976721629486
05366024,11383.0,271.0,0.0,2.3807432135640867
05366028,26736.0,995.0,0.0,3.721573907839617
05366032,7563.0,209.0,0.0,2.763453655956631
05366036,13096.0,561.0,0.0,4.283750763591937
05366040,15462.0,559.0,0.0,3.6153149657224164
05366044,19745.0,588.0,0.0,2.977969106102811
05370004,42931.0,1860.0,0.0,4.332533600428595
05370008,11404.0,1350.0,0.0,11.837951595931251
05370012,26240.0,1689.0,0.0,6.436737804878049
05370016,40949.0,3448.0,0.0,8.420230042247674
05370020,38927.0,4187.0,0.0,10.756030518663138
05370024,9948.0,3272.0,0.0,32.89103337354242
05370028,24220.0,1749.0,0.0,7.221304706853839
05370032,8733.0,830.0,0.0,9.504179548837742
05370036,16944.0,1106.0,0.0,6.52738432483475
05370040,27865.0,1374.0,0.0,4.930916920868473
05374004,18799.0,2653.0,0.0,14.112452790042024
05374008,19368.0,1229.0,0.0,6.345518380834366
05374012,49951.0,3994.0,0.0,7.995835919200816
05374016,15256.0,754.0,0.0,4.94231777661248
05374020,21252.0,1036.0,0.0,4.874835309617918
05374024,13687.0,774.0,0.0,5.655001095930445
05374028,10565.0,421.0,0.0,3.984855655466162
05374032,16700.0,507.0,0.0,3.035928143712575
05374036,22518.0,1973.0,0.0,8.761879385380585
05374040,19017.0,629.0,0.0,3.307566913813956
05374044,18964.0,1247.0,0.0,6.5756169584475845
05374048,25274.0,853.0,0.0,3.3750098915881934
05374052,21660.0,1498.0,0.0,6.9159741458910435
05378004,108878.0,8577.0,0.0,7.877624497143592
05378008,18078.0,1816.0,0.0,10.045358999889368
05378012,19531.0,723.0,0.0,3.701807383134504
05378016,27478.0,1472.0,0.0,5.3570128830337
05378020,14824.0,483.0,0.0,3.2582298974635724
05378024,26968.0,1653.0,0.0,6.129486799169386
05378028,27492.0,1740.0,0.0,6.329113924050633
05378032,34934.0,2175.0,0.0,6.226026220873647
05382004,22839.0,1493.0,0.0,6.537063794386794
05382008,24523.0,1833.0,0.0,7.474615666924928
05382012,46207.0,2688.0,0.0,5.817300409028935
05382016,18762.0,2137.0,0.0,11.390043705361903
05382020,44770.0,2209.0,0.0,4.934107661380389
05382024,40025.0,3120.0,0.0,7.795128044971893
05382028,29475.0,1305.0,0.0,4.427480916030534
05382032,23563.0,1504.0,0.0,6.382888426770784
05382036,14119.0,477.0,0.0,3.37842623415256
05382040,19780.0,736.0,0.0,3.7209302325581395
05382044,36496.0,3168.0,0.0,8.680403331871986
05382048,26377.0,1433.0,0.0,5.432763392349395
05382052,10288.0,593.0,0.0,5.763996889580094
05382056,53850.0,3780.0,0.0,7.0194986072423395
05382060,38780.0,4152.0,0.0,10.70654976792161
05382064,17604.0,624.0,0.0,3.5446489434219495
05382068,72408.0,7881.0,0.0,10.884156446801459
05382072,19451.0,1138.0,0.0,5.850598940928487
05382076,18935.0,558.0,0.0,2.9469236862952206
05512000,117311.0,8988.0,0.0,7.661685604930484
05513000,258766.0,34416.0,0.0,13.300047146843093
05515000,289576.0,21115.0,0.0,7.291695444373843
05554004,38331.0,2100.0,0.0,5.4785943492212565
05554008,71256.0,4195.0,0.0,5.887223532053441
05554012,41614.0,1581.0,0.0,3.799202191570145
05554016,16869.0,538.0,0.0,3.1892821151224138
05554020,45494.0,5502.0,0.0,12.093902492636392
05554024,8356.0,337.0,0.0,4.0330301579703205
05554028,8089.0,196.0,0.0,2.423043639510446
05554032,10926.0,1119.0,0.0,10.241625480505217
05554036,6939.0,313.0,0.0,4.510736417351203
05554040,11140.0,439.0,0.0,3.940754039497307
05554044,14321.0,471.0,0.0,3.288876475106487
05554048,19102.0,754.0,0.0,3.9472306564757615
05554052,6882.0,739.0,0.0,10.73815751235106
05554056,20164.0,896.0,0.0,4.443562785161674
05554060,8882.0,526.0,0.0,5.922089619455078
05554064,12990.0,376.0,0.0,2.894534257120862
05554068,22400.0,1145.0,0.0,5.111607142857143
05558004,15103.0,471.0,0.0,3.118585711448057
05558008,11460.0,268.0,0.0,2.338568935427574
05558012,35815.0,1048.0,0.0,2.926148261901438
05558016,46388.0,1801.0,0.0,3.882469604207985
05558020,11543.0,317.0,0.0,2.7462531404314303
05558024,23544.0,865.0,0.0,3.6739721372748897
05558028,9662.0,160.0,0.0,1.655971848478576
05558032,19160.0,548.0,0.0,2.860125260960334
05558036,12084.0,199.0,0.0,1.6468056934789805
05558040,10534.0,297.0,0.0,2.819441807480539
05558044,19976.0,540.0,0.0,2.7032438926712055
05562004,74629.0,4990.0,0.0,6.686408768709215
05562008,34481.0,2627.0,0.0,7.6186885531162085
05562012,76860.0,3338.0,0.0,4.3429612282071295
05562014,73974.0,7678.0,0.0,10.379322464649741
05562016,37315.0,832.0,0.0,2.2296663540131316
05562020,61505.0,6672.0,0.0,10.847898544833754
05562024,84782.0,6814.0,0.0,8.037083343162463
05562028,30861.0,2947.0,0.0,9.549269304299925
05562032,115958.0,10509.0,0.0,9.062764104244641
05562036,29017.0,1330.0,0.0,4.583520005514009
05566004,9999.0,314.0,0.0,3.14031403140314
05566008,35236.0,1920.0,0.0,5.448972641616528
05566012,34659.0,1895.0,0.0,5.467555324735278
05566016,19660.0,530.0,0.0,2.695829094608342
05566020,7631.0,197.0,0.0,2.581575153977198
05566024,6496.0,229.0,0.0,3.5252463054187193
05566028,50569.0,2235.0,0.0,4.419703771085052
05566032,6372.0,172.0,0.0,2.699309478970496
05566036,6485.0,289.0,0.0,4.456437933693138
05566040,21828.0,1657.0,0.0,7.591167308044713
05566044,8577.0,265.0,0.0,3.089658388714003
05566048,13728.0,786.0,0.0,5.725524475524476
05566052,6397.0,306.0,0.0,4.783492261997812
05566056,11830.0,323.0,0.0,2.7303465765004225
05566060,13698.0,630.0,0.0,4.599211563731932
05566064,9368.0,421.0,0.0,4.494022203245089
05566068,18876.0,1102.0,0.0,5.838101292646747
05566072,11378.0,287.0,0.0,2.522411671647038
05566076,72749.0,4067.0,0.0,5.590454851613081
05566080,7157.0,294.0,0.0,4.10786642447953
05566084,33392.0,1797.0,0.0,5.381528509822712
05566088,8824.0,327.0,0.0,3.7058023572076157
05566092,10949.0,315.0,0.0,2.876975066216093
05566096,7801.0,244.0,0.0,3.127804127675939
05570004,52280.0,5821.0,0.0,11.134276970160673
05570008,36116.0,2533.0,0.0,7.013512016834644
05570012,6284.0,360.0,0.0,5.728835136855506
05570016,15176.0,330.0,0.0,2.1744860305745917
05570020,19662.0,737.0,0.0,3.7483470654053503
05570024,9382.0,288.0,0.0,3.069707951396291
05570028,28940.0,2100.0,0.0,7.256392536281963
05570032,10624.0,317.0,0.0,2.9838102409638556
05570036,13981.0,586.0,0.0,4.191402617838495
05570040,12834.0,497.0,0.0,3.8725261025401276
05570044,18866.0,661.0,0.0,3.5036573730520515
05570048,12350.0,259.0,0.0,2.097165991902834
05570052,36982.0,1758.0,0.0,4.7536639446217075
05711000,326870.0,36663.0,0.0,11.216385719093218
05754004,8718.0,413.0,0.0,4.737325074558385
05754008,94172.0,8532.0,0.0,9.060017839697574
05754012,21029.0,1439.0,0.0,6.842931190261068
05754016,23799.0,1889.0,0.0,7.937308290264297
05754020,15900.0,857.0,0.0,5.389937106918239
05754024,8151.0,309.0,0.0,3.7909458962090543
05754028,46515.0,5595.0,0.0,12.028377942599162
05754032,28562.0,1772.0,0.0,6.204047335620755
05754036,26386.0,1339.0,0.0,5.074660804972334
05754040,20157.0,1258.0,0.0,6.241008086520812
05754044,24766.0,2042.0,0.0,8.245174836469353
05754048,20898.0,1416.0,0.0,6.775768016078094
05754052,11367.0,675.0,0.0,5.938242280285036
05758004,45497.0,2978.0,0.0,6.545486515594435
05758008,20439.0,764.0,0.0,3.7379519545966047
05758012,65213.0,5335.0,0.0,8.180884179534756
05758016,19786.0,704.0,0.0,3.5580713635904173
05758020,16189.0,503.0,0.0,3.1070479955525356
05758024,39671.0,2395.0,0.0,6.0371556048498904
05758028,9865.0,256.0,0.0,2.5950329447541813
05758032,14812.0,586.0,0.0,3.956251687820686
05758036,19232.0,926.0,0.0,4.814891846921797
05762004,18639.0,636.0,0.0,3.412200225333977
05762008,13867.0,398.0,0.0,2.870123314343405
05762012,9133.0,126.0,0.0,1.3796123946129422
05762016,16853.0,828.0,0.0,4.913071856642734
05762020,30165.0,868.0,0.0,2.8775070445880986
05762024,5356.0,71.0,0.0,1.3256161314413741
05762028,6578.0,116.0,0.0,1.7634539373669809
05762032,13107.0,452.0,0.0,3.4485389486533915
05762036,23547.0,639.0,0.0,2.713721493183845
05762040,8433.0,124.0,0.0,1.470413850349816
05766004,9649.0,604.0,0.0,6.259716032749508
05766008,52285.0,3820.0,0.0,7.306110739217749
05766012,9042.0,278.0,0.0,3.07454103074541
05766016,15721.0,567.0,0.0,3.6066407989313656
05766020,73743.0,4117.0,0.0,5.582902783993057
05766024,8229.0,144.0,0.0,1.7499088589135983
05766028,11854.0,361.0,0.0,3.0453855238737977
05766032,17364.0,1288.0,0.0,7.4176457037548955
05766036,14249.0,294.0,0.0,2.0633026879079233
05766040,34824.0,1660.0,0.0,4.766827475304388
05766044,41032.0,2040.0,0.0,4.971729381945798
05766048,15922.0,528.0,0.0,3.3161663107649795
05766052,10209.0,433.0,0.0,4.2413556665687135
05766056,16684.0,764.0,0.0,4.579237592903381
05766060,8993.0,234.0,0.0,2.6020237962860002
05766064,8881.0,318.0,0.0,3.580677851593289
05770004,48623.0,2963.0,0.0,6.093823910495034
05770008,24805.0,1434.0,0.0,5.781092521669018
05770012,16027.0,236.0,0.0,1.4725151307169153
05770016,13174.0,307.0,0.0,2.3303476544709274
05770020,25473.0,1140.0,0.0,4.475326816629372
05770024,80121.0,4910.0,0.0,6.128231050536064
05770028,26105.0,495.0,0.0,1.896188469641831
05770032,35623.0,896.0,0.0,2.515228925132639
05770036,12741.0,347.0,0.0,2.7234910917510398
05770040,15634.0,394.0,0.0,2.5201483945247536
05770044,13843.0,449.0,0.0,3.2435165787762767
05774004,9296.0,197.0,0.0,2.1191910499139417
05774008,14968.0,1367.0,0.0,9.13281667557456
05774012,13181.0,327.0,0.0,2.48084363857067
05774016,21724.0,654.0,0.0,3.0104953047320935
05774020,30414.0,1108.0,0.0,3.6430591175116724
05774024,15642.0,591.0,0.0,3.778289221327196
05774028,10473.0,193.0,0.0,1.842833953976893
05774032,142365.0,10769.0,0.0,7.564359217504302
05774036,24434.0,694.0,0.0,2.8403044937382336
05774040,12105.0,229.0,0.0,1.8917802560925236
05911000,362286.0,29288.0,0.0,8.084220753769122
05913000,571143.0,69880.0,0.0,12.23511449847061
05914000,187944.0,23324.0,0.0,12.41007959817818
05915000,176037.0,18444.0,0.0,10.477342831336594
05916000,155160.0,17930.0,0.0,11.555813353957205
05954004,9064.0,314.0,0.0,3.4642541924095323
05954008,30400.0,2561.0,0.0,8.424342105263158
05954012,31227.0,2945.0,0.0,9.43094117270311
05954016,54253.0,3471.0,0.0,6.397802886476324
05954020,22909.0,1060.0,0.0,4.627002488105112
05954024,28435.0,2742.0,0.0,9.643045542465272
05954028,25444.0,896.0,0.0,3.5214588901116177
05954032,27935.0,1963.0,0.0,7.027027027027027
05954036,96382.0,7372.0,0.0,7.64873109086759
05958004,74383.0,4731.0,0.0,6.3603242676418
05958008,11430.0,1089.0,0.0,9.527559055118111
05958012,25909.0,956.0,0.0,3.689837508201783
05958016,9058.0,297.0,0.0,3.278869507617576
05958020,4507.0,128.0,0.0,2.8400266252496116
05958024,20428.0,710.0,0.0,3.475621695711768
05958028,7970.0,270.0,0.0,3.3877038895859473
05958032,30745.0,2294.0,0.0,7.461375833468857
05958036,15057.0,521.0,0.0,3.4601846317327487
05958040,25475.0,1093.0,0.0,4.290480863591757
05958044,28565.0,2135.0,0.0,7.474181690880448
05958048,12982.0,433.0,0.0,3.33538745955939
05962004,18218.0,1497.0,0.0,8.217147875727303
05962008,11789.0,549.0,0.0,4.656883535499194
05962012,16474.0,1350.0,0.0,8.194731091416777
05962016,35225.0,3389.0,0.0,9.621007806955287
05962020,7363.0,379.0,0.0,5.147358413690072
05962024,94630.0,8823.0,0.0,9.323681707703688
05962028,16363.0,1005.0,0.0,6.141905518547944
05962032,73762.0,10030.0,0.0,13.597787478647541
05962036,21073.0,1861.0,0.0,8.831205808380393
05962040,54495.0,3850.0,0.0,7.064868336544637
05962044,6724.0,570.0,0.0,8.477096966091612
05962048,12156.0,1270.0,0.0,10.447515630141494
05962052,26235.0,3523.0,0.0,13.42862588145607
05962056,10882.0,676.0,0.0,6.212093365190222
05962060,18430.0,3315.0,0.0,17.986977753662508
05966004,24463.0,2305.0,0.0,9.422393001676001
05966008,11827.0,522.0,0.0,4.413629830049886
05966012,17172.0,1140.0,0.0,6.638714185883997
05966016,12069.0,469.0,0.0,3.8859888971745793
05966020,26473.0,1647.0,0.0,6.221433158312243
05966024,24822.0,2047.0,0.0,8.24671662235114
05966028,19665.0,778.0,0.0,3.9562674802949402
05970004,19754.0,500.0,0.0,2.5311329351017515
05970008,14502.0,1045.0,0.0,7.205902634119432
05970012,7315.0,207.0,0.0,2.829801777170198
05970016,18024.0,603.0,0.0,3.3455392809587217
05970020,15387.0,834.0,0.0,5.420159875219341
05970024,30754.0,2479.0,0.0,8.060740066332835
05970028,14186.0,537.0,0.0,3.7854222472860566
05970032,23326.0,1142.0,0.0,4.8958244019549
05970036,13930.0,1348.0,0.0,9.676956209619526
05970040,99187.0,8575.0,0.0,8.645286176615887
05970044,20469.0,566.0,0.0,2.765157066783917
05974004,10422.0,240.0,0.0,2.3028209556706964
05974008,11478.0,532.0,0.0,4.634953824708138
05974012,12336.0,336.0,0.0,2.7237354085603114
05974016,15569.0,526.0,0.0,3.378508574731839
05974020,20718.0,1055.0,0.0,5.092190365865431
05974024,11959.0,229.0,0.0,1.914875825737938
05974028,65886.0,5803.0,0.0,8.807637434356312
05974032,11041.0,350.0,0.0,3.170002717145186
05974036,10635.0,277.0,0.0,2.604607428302774
05974040,46742.0,2862.0,0.0,6.122972915151256
05974044,25966.0,862.0,0.0,3.3197257952707386
05974048,12253.0,237.0,0.0,1.9342201909736392
05974052,30303.0,2532.0,0.0,8.355608355608355
05974056,11567.0,793.0,0.0,6.855710210080401
05978004,49011.0,4352.0,0.0,8.879639264654873
05978008,18018.0,1577.0,0.0,8.752358752358752
05978012,20928.0,1007.0,0.0,4.811735474006116
05978016,16755.0,872.0,0.0,5.204416592062071
05978020,43815.0,2553.0,0.0,5.826771653543307
05978024,86010.0,8760.0,0.0,10.184862225322638
05978028,46743.0,2908.0,0.0,6.221252380035513
05978032,26017.0,786.0,0.0,3.021101587423608
05978036,59149.0,3485.0,0.0,5.891900116654551
05978040,29614.0,1204.0,0.0,4.065644627541028
06411000,143499.0,21287.0,0.0,14.834249716025896
06412000,667925.0,165577.0,0.0,24.789759329266012
06413000,113443.0,32430.0,0.0,28.587043713583032
06414000,269121.0,42009.0,0.0,15.609707157746888
06431001,2454.0,113.0,0.0,4.604726976365118
06431002,39253.0,3325.0,0.0,8.470690138333376
06431003,8851.0,545.0,0.0,6.15749632809852
06431004,10129.0,733.0,0.0,7.236647250468951
06431005,15211.0,1277.0,0.0,8.395240286634673
06431006,6125.0,236.0,0.0,3.853061224489796
06431007,10481.0,755.0,0.0,7.2035111153515885
06431008,4056.0,287.0,0.0,7.075936883629192
06431009,3802.0,340.0,0.0,8.942661756970017
06431010,3713.0,263.0,0.0,7.083221115001346
06431011,24895.0,2586.0,0.0,10.387628037758587
06431012,3541.0,303.0,0.0,8.55690482914431
06431013,31037.0,2567.0,0.0,8.270773592808583
06431014,7144.0,312.0,0.0,4.367301231802911
06431015,5044.0,249.0,0.0,4.936558287073751
06431016,12876.0,815.0,0.0,6.329605467536502
06431017,9870.0,630.0,0.0,6.382978723404255
06431018,3804.0,306.0,0.0,8.04416403785489
06431019,8545.0,535.0,0.0,6.2609713282621415
06431020,32615.0,4727.0,0.0,14.493331289284072
06431021,10671.0,813.0,0.0,7.618779870677537
06431022,6624.0,459.0,0.0,6.929347826086956
06432001,9072.0,767.0,0.0,8.454585537918872
06432002,15587.0,2117.0,0.0,13.581831013023674
06432003,5397.0,436.0,0.0,8.078562164165277
06432004,14528.0,1377.0,0.0,9.478248898678414
06432005,5960.0,573.0,0.0,9.614093959731544
06432006,7481.0,745.0,0.0,9.958561689613688
06432007,2650.0,108.0,0.0,4.0754716981132075
06432008,25511.0,3630.0,0.0,14.22915605033123
06432009,4612.0,362.0,0.0,7.84908933217693
06432010,20699.0,2150.0,0.0,10.386975216194019
06432011,13523.0,1621.0,0.0,11.986985136434223
06432012,3754.0,241.0,0.0,6.419818859882792
06432013,5008.0,228.0,0.0,4.552715654952077
06432014,13405.0,883.0,0.0,6.5870943677732186
06432015,14071.0,1508.0,0.0,10.717077677492716
06432016,14545.0,1434.0,0.0,9.859058095565487
06432017,6309.0,283.0,0.0,4.4856554129022035
06432018,23829.0,2577.0,0.0,10.814553695077427
06432019,16294.0,1197.0,0.0,7.346262427887566
06432020,11903.0,1132.0,0.0,9.510207510711584
06432021,9030.0,631.0,0.0,6.9878183831672205
06432022,15758.0,1125.0,0.0,7.1392308668612765
06432023,23675.0,2741.0,0.0,11.577613516367476
06433001,6358.0,682.0,0.0,10.726643598615917
06433002,12552.0,1805.0,0.0,14.380178457616315
06433003,13597.0,1187.0,0.0,8.729866882400529
06433004,9816.0,875.0,0.0,8.91401792991035
06433005,15701.0,2128.0,0.0,13.553276861346411
06433006,23739.0,3819.0,0.0,16.087451029950714
06433007,13312.0,3688.0,0.0,27.704326923076923
06433008,32380.0,5989.0,0.0,18.49598517603459
06433009,9911.0,943.0,0.0,9.514680657854909
06433010,14473.0,3868.0,0.0,26.7256270296414
06433011,21557.0,1674.0,0.0,7.765459015632973
06433012,58765.0,12391.0,0.0,21.08568025185059
06433013,5794.0,603.0,0.0,10.40731791508457
06433014,13095.0,642.0,0.0,4.902634593356243
06434001,51370.0,7056.0,0.0,13.735643371617675
06434002,24323.0,2604.0,0.0,10.70591621099371
06434003,5243.0,373.0,0.0,7.114247568186153
06434004,5187.0,490.0,0.0,9.446693657219972
06434005,15718.0,2257.0,0.0,14.3593332485049
06434006,17814.0,1795.0,0.0,10.07634444818682
06434007,14705.0,1085.0,0.0,7.378442706562394
06434008,44088.0,5781.0,0.0,13.112411540555254
06434009,8824.0,710.0,0.0,8.046237533998188
06434010,10030.0,1732.0,0.0,17.268195413758725
06434011,13312.0,1349.0,0.0,10.133713942307692
06434012,9258.0,505.0,0.0,5.454741844890905
06434013,6258.0,276.0,0.0,4.410354745925216
06435001,9201.0,679.0,0.0,7.379632648625149
06435002,13414.0,981.0,0.0,7.313254808409125
06435003,8351.0,291.0,0.0,3.484612621242965
06435004,6317.0,165.0,0.0,2.6119993667880324
06435005,5207.0,263.0,0.0,5.0508930286153255
06435006,20227.0,1344.0,0.0,6.644583971918722
06435007,13124.0,1599.0,0.0,12.183785431270953
06435008,2455.0,63.0,0.0,2.566191446028513
06435009,14379.0,742.0,0.0,5.1603032199735726
06435010,21801.0,2063.0,0.0,9.462868675748819
06435011,7328.0,632.0,0.0,8.624454148471616
06435012,14355.0,752.0,0.0,5.2385928247997215
06435013,4771.0,217.0,0.0,4.548312722699643
06435014,86803.0,17535.0,0.0,20.20091471492921
06435015,7301.0,385.0,0.0,5.273250239693192
06435016,3626.0,158.0,0.0,4.357418643132929
06435017,13422.0,874.0,0.0,6.5116972135300255
06435018,9862.0,465.0,0.0,4.7150679375380244
06435019,35805.0,5756.0,0.0,16.075967043708978
06435020,5198.0,306.0,0.0,5.886879569065025
06435021,19853.0,1153.0,0.0,5.807686495743717
06435022,3723.0,387.0,0.0,10.394842868654312
06435023,11142.0,861.0,0.0,7.727517501346258
06435024,3331.0,144.0,0.0,4.323026118282798
06435025,16306.0,1124.0,0.0,6.893168158959892
06435026,11619.0,725.0,0.0,6.239779671228161
06435027,9094.0,184.0,0.0,2.0233120738948758
06435028,10563.0,458.0,0.0,4.335889425352646
06435029,12284.0,1167.0,0.0,9.500162813415825
06436001,21061.0,2749.0,0.0,13.052561606761312
06436002,13297.0,1233.0,0.0,9.27276829360006
06436003,20364.0,3001.0,0.0,14.736790414456884
06436004,19924.0,1949.0,0.0,9.782172254567357
06436005,24773.0,3671.0,0.0,14.818552456303234
06436006,16886.0,1131.0,0.0,6.6978562122468315
06436007,37842.0,3414.0,0.0,9.021721896305692
06436008,27685.0,2623.0,0.0,9.474444645114684
06436009,10439.0,1318.0,0.0,12.625730433949611
06436010,8680.0,1251.0,0.0,14.412442396313365
06436011,14671.0,2196.0,0.0,14.968304819030742
06436012,8437.0,984.0,0.0,11.662913357828613
06437001,9314.0,824.0,0.0,8.846897144084174
06437003,5123.0,237.0,0.0,4.62619558852235
06437004,7344.0,1455.0,0.0,19.812091503267975
06437005,3585.0,184.0,0.0,5.132496513249651
06437006,13245.0,1434.0,0.0,10.826727066817668
06437007,3185.0,83.0,0.0,2.6059654631083204
06437009,9928.0,1581.0,0.0,15.924657534246576
06437010,6866.0,495.0,0.0,7.209437809496068
06437011,16409.0,1439.0,0.0,8.76957767079042
06437012,2568.0,158.0,0.0,6.1526479750778815
06437013,8589.0,636.0,0.0,7.404820118756549
06437016,10457.0,697.0,0.0,6.665391603710433
06438001,31845.0,8199.0,0.0,25.74658502119642
06438002,39389.0,4815.0,0.0,12.224225037447003
06438003,10877.0,1140.0,0.0,10.48083111151972
06438004,13799.0,1286.0,0.0,9.319515906949778
06438005,17929.0,2076.0,0.0,11.579006079535947
06438006,34939.0,4787.0,0.0,13.701021780817998
06438007,8980.0,599.0,0.0,6.6703786191536745
06438008,26847.0,4074.0,0.0,15.17487987484635
06438009,34708.0,6455.0,0.0,18.59801774806961
06438010,23785.0,3464.0,0.0,14.563800714736178
06438011,42919.0,4189.0,0.0,9.76024604487523
06438012,26262.0,2820.0,0.0,10.737948366461046
06438013,20048.0,1512.0,0.0,7.5418994413407825
06439001,6012.0,597.0,0.0,9.930139720558882
06439002,10394.0,1082.0,0.0,10.409851837598614
06439003,16639.0,1309.0,0.0,7.867059318468658
06439004,11490.0,838.0,0.0,7.293298520452567
06439005,7841.0,336.0,0.0,4.285167708200484
06439006,6025.0,181.0,0.0,3.004149377593361
06439007,9993.0,348.0,0.0,3.4824377063944763
06439008,23271.0,2505.0,0.0,10.76447080056723
06439009,3897.0,228.0,0.0,5.8506543494996155
06439010,3806.0,330.0,0.0,8.670520231213873
06439011,14410.0,1092.0,0.0,7.578070784177655
06439012,11451.0,776.0,0.0,6.776700724827526
06439013,9818.0,1355.0,0.0,13.801181503361173
06439014,6084.0,475.0,0.0,7.807363576594346
06439015,28365.0,2076.0,0.0,7.318878900052882
06439016,5188.0,203.0,0.0,3.9128758673862762
06439017,5542.0,361.0,0.0,6.513893901118729
06440001,11865.0,939.0,0.0,7.914032869785082
06440002,30210.0,3567.0,0.0,11.807348560079443
06440003,31280.0,3154.0,0.0,10.083120204603581
06440004,20871.0,1475.0,0.0,7.067222461789085
06440005,23885.0,1620.0,0.0,6.782499476658991
06440006,5593.0,282.0,0.0,5.042016806722689
06440007,8779.0,306.0,0.0,3.4855906139651442
06440008,27337.0,3135.0,0.0,11.467973808391557
06440009,7594.0,395.0,0.0,5.201474848564656
06440010,3070.0,146.0,0.0,4.755700325732899
06440011,2893.0,178.0,0.0,6.152782578638092
06440012,21149.0,2006.0,0.0,9.485082036975744
06440013,2787.0,56.0,0.0,2.009329027628274
06440014,5255.0,493.0,0.0,9.381541389153188
06440015,5632.0,121.0,0.0,2.1484375
06440016,16864.0,1009.0,0.0,5.983159392789374
06440017,9310.0,496.0,0.0,5.327604726100967
06440018,5760.0,307.0,0.0,5.329861111111111
06440019,8950.0,329.0,0.0,3.6759776536312847
06440020,4862.0,183.0,0.0,3.7638831756478814
06440021,6770.0,430.0,0.0,6.3515509601181686
06440022,4270.0,149.0,0.0,3.489461358313817
06440023,11831.0,1051.0,0.0,8.883441805426422
06440024,9643.0,364.0,0.0,3.7747588924608526
06440025,6113.0,440.0,0.0,7.197775233109766
06531001,4173.0,99.0,0.0,2.3723939611790077
06531002,10013.0,249.0,0.0,2.4867672026365724
06531003,12770.0,505.0,0.0,3.9545810493343776
06531004,6468.0,274.0,0.0,4.236239950525665
06531005,74776.0,8401.0,0.0,11.234888199422274
06531006,13759.0,435.0,0.0,3.1615669743440655
06531007,7308.0,495.0,0.0,6.773399014778325
06531008,12500.0,517.0,0.0,4.136
06531009,11673.0,637.0,0.0,5.457037608155573
06531010,9728.0,563.0,0.0,5.787417763157895
06531011,13101.0,492.0,0.0,3.7554385161438057
06531012,12063.0,805.0,0.0,6.673298516123684
06531013,9830.0,1371.0,0.0,13.947100712105799
06531014,17371.0,943.0,0.0,5.428587876345634
06531015,5167.0,129.0,0.0,2.4966131217340815
06531016,10250.0,313.0,0.0,3.053658536585366
06531017,8114.0,549.0,0.0,6.766083312792704
06531018,12174.0,425.0,0.0,3.4910464925250535
06532001,13612.0,1352.0,0.0,9.93241257713782
06532002,3420.0,84.0,0.0,2.456140350877193
06532003,10763.0,448.0,0.0,4.162408250487783
06532004,4936.0,104.0,0.0,2.106969205834684
06532005,5996.0,311.0,0.0,5.18679119412942
06532006,23874.0,2165.0,0.0,9.068442657284075
06532007,5120.0,290.0,0.0,5.6640625
06532008,9252.0,730.0,0.0,7.8901859057501085
06532009,10273.0,443.0,0.0,4.312274895356761
06532010,6855.0,215.0,0.0,3.136396790663749
06532011,19669.0,1583.0,0.0,8.048197671462708
06532012,20632.0,1800.0,0.0,8.724311748739822
06532013,4886.0,115.0,0.0,2.353663528448629
06532014,10532.0,412.0,0.0,3.9118875807064186
06532015,8094.0,394.0,0.0,4.867803311094638
06532016,5816.0,246.0,0.0,4.22971114167813
06532017,4902.0,196.0,0.0,3.9983680130558956
06532018,6376.0,189.0,0.0,2.964240903387704
06532019,2785.0,46.0,0.0,1.6517055655296229
06532020,6520.0,492.0,0.0,7.54601226993865
06532021,13447.0,682.0,0.0,5.071763218561761
06532022,4855.0,181.0,0.0,3.728115345005149
06532023,50826.0,5850.0,0.0,11.509857159721403
06533001,5564.0,427.0,0.0,7.674335010783609
06533002,6636.0,262.0,0.0,3.948161543098252
06533003,13926.0,927.0,0.0,6.656613528651444
06533004,8519.0,628.0,0.0,7.371757248503346
06533005,2359.0,120.0,0.0,5.0869012293344635
06533006,8049.0,817.0,0.0,10.150329233445149
06533007,12029.0,1109.0,0.0,9.219386482666888
06533008,9785.0,270.0,0.0,2.7593254982115485
06533009,33583.0,4279.0,0.0,12.741565673108418
06533010,4310.0,254.0,0.0,5.893271461716937
06533011,5746.0,225.0,0.0,3.915767490428124
06533012,3319.0,150.0,0.0,4.519433564326604
06533013,9691.0,518.0,0.0,5.345165617583325
06533014,8125.0,440.0,0.0,5.415384615384616
06533015,6941.0,226.0,0.0,3.256014983431782
06533016,5846.0,336.0,0.0,5.747519671570305
06533017,12701.0,803.0,0.0,6.322336823872136
06533018,9038.0,540.0,0.0,5.974773179907059
06533019,4529.0,143.0,0.0,3.157429896224332
06534001,5104.0,92.0,0.0,1.8025078369905956
06534002,3485.0,248.0,0.0,7.116212338593974
06534003,8255.0,314.0,0.0,3.8037552998182917
06534004,13691.0,1021.0,0.0,7.457453801767585
06534005,6984.0,832.0,0.0,11.912943871706759
06534006,6726.0,333.0,0.0,4.950936663693131
06534007,11700.0,807.0,0.0,6.897435897435898
06534008,8879.0,212.0,0.0,2.3876562675977024
06534009,4069.0,116.0,0.0,2.850823298107643
06534010,12227.0,695.0,0.0,5.684141653717183
06534011,16182.0,880.0,0.0,5.438141144481523
06534012,6819.0,282.0,0.0,4.135503739551254
06534013,5627.0,136.0,0.0,2.416918429003021
06534014,71683.0,5653.0,0.0,7.886109677329353
06534015,3474.0,65.0,0.0,1.871042026482441
06534016,8631.0,615.0,0.0,7.125477928397636
06534017,4466.0,129.0,0.0,2.8884908195253023
06534018,20722.0,3717.0,0.0,17.937457774346104
06534019,4139.0,162.0,0.0,3.913988886204397
06534020,6967.0,154.0,0.0,2.2104205540404767
06534021,9005.0,289.0,0.0,3.209328151027207
06534022,2391.0,67.0,0.0,2.8021748222501044
06535001,16382.0,850.0,0.0,5.188621657917226
06535002,2047.0,18.0,0.0,0.8793356130923302
06535003,2625.0,37.0,0.0,1.4095238095238096
06535004,3236.0,78.0,0.0,2.4103831891223733
06535005,2897.0,52.0,0.0,1.794960303762513
06535006,2533.0,29.0,0.0,1.1448874851954205
06535007,4833.0,90.0,0.0,1.86219739292365
06535008,4858.0,81.0,0.0,1.6673528200905723
06535009,7659.0,357.0,0.0,4.661182922052487
06535010,3373.0,62.0,0.0,1.8381262970649275
06535011,13263.0,667.0,0.0,5.029028123350675
06535012,2473.0,28.0,0.0,1.1322280630812778
06535013,9483.0,175.0,0.0,1.845407571443636
06535014,2888.0,46.0,0.0,1.592797783933518
06535015,9625.0,281.0,0.0,2.9194805194805196
06535016,10366.0,309.0,0.0,2.9808990931892727
06535017,2911.0,50.0,0.0,1.7176228100309172
06535018,3081.0,47.0,0.0,1.525478740668614
06535019,3976.0,74.0,0.0,1.8611670020120725
06611000,190765.0,22456.0,0.0,11.771551385212172
06631001,2895.0,91.0,0.0,3.143350604490501
06631002,6538.0,116.0,0.0,1.7742428877332517
06631003,3323.0,75.0,0.0,2.2569966897381883
06631004,4518.0,62.0,0.0,1.3722886232846392
06631005,2597.0,16.0,0.0,0.6160954948016942
06631006,11042.0,273.0,0.0,2.472378192356457
06631007,7268.0,114.0,0.0,1.5685195376995047
06631008,8687.0,283.0,0.0,3.2577414527454818
06631009,64414.0,6149.0,0.0,9.546061415220294
06631010,5558.0,120.0,0.0,2.1590500179920835
06631011,8551.0,118.0,0.0,1.3799555607531282
06631012,4626.0,50.0,0.0,1.0808473843493298
06631013,6069.0,64.0,0.0,1.054539462843961
06631014,4726.0,61.0,0.0,1.2907321201862039
06631015,15850.0,460.0,0.0,2.9022082018927446
06631016,6304.0,106.0,0.0,1.6814720812182742
06631017,16053.0,613.0,0.0,3.8186008845698622
06631018,10784.0,223.0,0.0,2.067878338278932
06631019,2878.0,27.0,0.0,0.9381514940931203
06631020,14766.0,493.0,0.0,3.338751185155086
06631021,2560.0,41.0,0.0,1.6015625
06631022,1657.0,22.0,0.0,1.327700663850332
06631023,4515.0,78.0,0.0,1.7275747508305648
06632001,5115.0,103.0,0.0,2.013685239491691
06632002,28610.0,1982.0,0.0,6.927647675637889
06632003,13758.0,789.0,0.0,5.734845180985609
06632004,1791.0,23.0,0.0,1.2841987716359575
06632005,1474.0,16.0,0.0,1.0854816824966078
06632006,2448.0,52.0,0.0,2.1241830065359477
06632007,3179.0,53.0,0.0,1.667190940547342
06632008,3060.0,44.0,0.0,1.4379084967320261
06632009,7565.0,139.0,0.0,1.8374091209517516
06632010,3201.0,29.0,0.0,0.9059668853483287
06632011,3651.0,145.0,0.0,3.9715146535195838
06632012,5707.0,78.0,0.0,1.366742596810934
06632013,2836.0,51.0,0.0,1.7983074753173485
06632014,3052.0,66.0,0.0,2.162516382699869
06632015,5476.0,169.0,0.0,3.0861943024105187
06632016,4248.0,64.0,0.0,1.5065913370998116
06632017,2438.0,34.0,0.0,1.3945857260049221
06632018,13410.0,438.0,0.0,3.266219239373602
06632019,4609.0,64.0,0.0,1.3885875461054458
06632020,5066.0,82.0,0.0,1.6186340307935254
06633001,8030.0,151.0,0.0,1.8804483188044832
06633002,3612.0,216.0,0.0,5.980066445182724
06633003,27378.0,1621.0,0.0,5.920812331068741
06633004,3726.0,57.0,0.0,1.5297906602254427
06633005,7529.0,122.0,0.0,1.620401115686014
06633006,5949.0,167.0,0.0,2.807194486468314
06633007,4898.0,114.0,0.0,2.327480604328297
06633008,8767.0,237.0,0.0,2.70331926542717
06633009,11892.0,600.0,0.0,5.045408678102926
06633010,5943.0,182.0,0.0,3.0624263839811543
06633011,5115.0,101.0,0.0,1.9745845552297165
06633012,5648.0,87.0,0.0,1.5403682719546743
06633013,15109.0,532.0,0.0,3.521080150903435
06633014,6991.0,160.0,0.0,2.288656844514376
06633015,12524.0,383.0,0.0,3.05812839348451
06633016,3321.0,38.0,0.0,1.1442336645588678
06633017,13482.0,1059.0,0.0,7.8549176680017805
06633018,5327.0,91.0,0.0,1.7082785808147174
06633019,1844.0,38.0,0.0,2.0607375271149673
06633020,10364.0,509.0,0.0,4.911231184870706
06633022,4605.0,103.0,0.0,2.236699239956569
06633023,10013.0,327.0,0.0,3.2657545191251374
06633024,4936.0,114.0,0.0,2.3095623987034037
06633025,5197.0,64.0,0.0,1.2314796998268231
06633026,18001.0,988.0,0.0,5.488583967557358
06633028,12690.0,360.0,0.0,2.8368794326241136
06633029,6595.0,136.0,0.0,2.0621683093252465
06633030,5447.0,75.0,0.0,1.376904718193501
06634001,12859.0,486.0,0.0,3.7794540788552764
06634002,7268.0,207.0,0.0,2.848101265822785
06634003,10783.0,431.0,0.0,3.99703236576092
06634004,7621.0,103.0,0.0,1.3515286707781131
06634005,14488.0,639.0,0.0,4.410546659304252
06634006,3137.0,35.0,0.0,1.1157156518967166
06634007,9176.0,345.0,0.0,3.759808195292066
06634008,5264.0,94.0,0.0,1.7857142857142858
06634009,13949.0,616.0,0.0,4.416087174707864
06634010,2478.0,23.0,0.0,0.9281678773204197
06634011,4537.0,101.0,0.0,2.226140621556094
06634012,2943.0,43.0,0.0,1.4610941216445803
06634013,3932.0,85.0,0.0,2.1617497456765005
06634014,13278.0,760.0,0.0,5.7237535773459856
06634015,3509.0,69.0,0.0,1.9663721858079224
06634016,3246.0,41.0,0.0,1.2630930375847196
06634017,7255.0,155.0,0.0,2.1364576154376294
06634018,5253.0,90.0,0.0,1.7133066818960594
06634019,3266.0,48.0,0.0,1.4696876913655847
06634020,2289.0,22.0,0.0,0.9611183923110529
06634021,3261.0,16.0,0.0,0.49064704078503524
06634022,18385.0,945.0,0.0,5.1400598313842805
06634023,1109.0,13.0,0.0,1.1722272317403066
06634024,6225.0,316.0,0.0,5.076305220883534
06634025,7360.0,185.0,0.0,2.5135869565217392
06634026,5065.0,73.0,0.0,1.441263573543929
06634027,3915.0,155.0,0.0,3.9591315453384417
06635001,5626.0,420.0,0.0,7.465339495200853
06635002,15603.0,888.0,0.0,5.691213228225341
06635003,16592.0,981.0,0.0,5.9124879459980715
06635004,5516.0,254.0,0.0,4.6047860768672955
06635005,1867.0,54.0,0.0,2.89234065345474
06635006,4900.0,83.0,0.0,1.6938775510204083
06635007,4971.0,96.0,0.0,1.9312009656004827
06635008,5382.0,243.0,0.0,4.51505016722408
06635009,6548.0,122.0,0.0,1.863164324984728
06635010,3075.0,41.0,0.0,1.3333333333333333
06635011,18057.0,743.0,0.0,4.114747743257462
06635012,3896.0,146.0,0.0,3.747433264887064
06635013,3736.0,69.0,0.0,1.8468950749464668
06635014,3078.0,56.0,0.0,1.8193632228719947
06635015,23505.0,1343.0,0.0,5.713677940863646
06635016,4206.0,60.0,0.0,1.4265335235378032
06635017,2153.0,33.0,0.0,1.5327450069670228
06635018,4532.0,125.0,0.0,2.758164165931156
06635019,5863.0,135.0,0.0,2.3025754733071806
06635020,6779.0,175.0,0.0,2.5815016964154003
06635021,7089.0,163.0,0.0,2.299337000987445
06635022,6016.0,223.0,0.0,3.706781914893617
06636001,8237.0,225.0,0.0,2.7315770304722595
06636002,1691.0,13.0,0.0,0.768775872264932
06636003,19444.0,683.0,0.0,3.5126517177535486
06636004,6750.0,139.0,0.0,2.0592592592592593
06636005,2889.0,41.0,0.0,1.4191761855313256
06636006,12158.0,639.0,0.0,5.25579865109393
06636007,4836.0,64.0,0.0,1.3234077750206783
06636008,3223.0,35.0,0.0,1.085944771951598
06636009,1819.0,42.0,0.0,2.308960967564596
06636010,3116.0,20.0,0.0,0.6418485237483954
06636011,7795.0,203.0,0.0,2.6042334830019245
06636012,4701.0,48.0,0.0,1.021059349074665
06636013,4268.0,49.0,0.0,1.1480787253983131
06636014,5148.0,47.0,0.0,0.912975912975913
06636015,1095.0,24.0,0.0,2.191780821917808
06636016,14954.0,624.0,0.0,4.1727965761669115
07111000,107825.0,9200.0,0.0,8.532344076049153
07131001,2842.0,212.0,0.0,7.459535538353272
07131002,1215.0,36.0,0.0,2.962962962962963
07131003,1844.0,142.0,0.0,7.700650759219089
07131004,560.0,18.0,0.0,3.2142857142857144
07131005,212.0,10.0,0.0,4.716981132075472
07131006,8765.0,767.0,0.0,8.750713063320022
07131007,26811.0,1658.0,0.0,6.18402894334415
07131008,415.0,12.0,0.0,2.891566265060241
07131009,61.0,0.0,1.0,0.0
07131011,1330.0,22.0,0.0,1.6541353383458646
07131014,2427.0,125.0,0.0,5.150391429748661
07131015,81.0,0.0,1.0,0.0
07131016,432.0,4.0,0.0,0.9259259259259259
07131017,1764.0,38.0,0.0,2.1541950113378685
07131018,184.0,0.0,1.0,0.0
07131021,71.0,4.0,0.0,5.633802816901408
07131022,96.0,6.0,0.0,6.25
07131025,640.0,18.0,0.0,2.8125
07131026,125.0,3.0,0.0,2.4
07131027,255.0,4.0,0.0,1.5686274509803921
07131028,283.0,8.0,0.0,2.8268551236749118
07131029,1085.0,15.0,0.0,1.3824884792626728
07131030,293.0,5.0,0.0,1.7064846416382253
07131032,167.0,0.0,1.0,0.0
07131033,490.0,4.0,0.0,0.8163265306122449
07131034,468.0,5.0,0.0,1.0683760683760684
07131036,630.0,17.0,0.0,2.6984126984126986
07131037,377.0,14.0,0.0,3.713527851458886
07131039,593.0,16.0,0.0,2.69814502529511
07131040,363.0,4.0,0.0,1.1019283746556474
07131041,661.0,11.0,0.0,1.6641452344931922
07131042,181.0,10.0,0.0,5.524861878453039
07131044,502.0,13.0,0.0,2.589641434262948
07131047,559.0,8.0,0.0,1.4311270125223614
07131049,910.0,42.0,0.0,4.615384615384615
07131050,148.0,3.0,0.0,2.027027027027027
07131051,472.0,12.0,0.0,2.542372881355932
07131052,206.0,3.0,0.0,1.4563106796116505
07131054,969.0,25.0,0.0,2.579979360165119
07131055,2663.0,87.0,0.0,3.2669921141569658
07131058,181.0,6.0,0.0,3.314917127071823
07131059,615.0,11.0,0.0,1.7886178861788617
07131060,1101.0,23.0,0.0,2.089009990917348
07131062,145.0,6.0,0.0,4.137931034482759
07131065,156.0,0.0,1.0,0.0
07131066,272.0,11.0,0.0,4.044117647058823
07131068,561.0,31.0,0.0,5.52584670231729
07131069,531.0,9.0,0.0,1.694915254237288
07131070,15835.0,1421.0,0.0,8.97379223239659
07131072,252.0,5.0,0.0,1.9841269841269842
07131073,833.0,10.0,0.0,1.2004801920768307
07131074,743.0,17.0,0.0,2.288021534320323
07131075,92.0,3.0,0.0,3.260869565217391
07131076,82.0,3.0,0.0,3.658536585365854
07131077,17073.0,1221.0,0.0,7.151642945000878
07131079,71.0,0.0,1.0,0.0
07131081,872.0,24.0,0.0,2.7522935779816513
07131082,896.0,13.0,0.0,1.4508928571428572
07131083,251.0,9.0,0.0,3.585657370517928
07131084,448.0,12.0,0.0,2.6785714285714284
07131085,198.0,3.0,0.0,1.5151515151515151
07131086,153.0,0.0,1.0,0.0
07131090,10798.0,332.0,0.0,3.074643452491202
07131201,186.0,5.0,0.0,2.6881720430107525
07131202,3176.0,190.0,0.0,5.982367758186398
07131204,209.0,0.0,1.0,0.0
07131205,589.0,12.0,0.0,2.037351443123939
07131206,370.0,7.0,0.0,1.8918918918918919
07131208,748.0,13.0,0.0,1.7379679144385027
07131209,1125.0,34.0,0.0,3.022222222222222
07131210,1147.0,19.0,0.0,1.6564952048823016
07131211,1518.0,21.0,0.0,1.383399209486166
07131501,604.0,16.0,0.0,2.6490066225165565
07131502,1902.0,39.0,0.0,2.050473186119874
07132001,422.0,50.0,0.0,11.848341232227488
07132002,1528.0,74.0,0.0,4.842931937172775
07132004,106.0,3.0,0.0,2.830188679245283
07132005,179.0,0.0,1.0,0.0
07132006,10058.0,1173.0,0.0,11.662358321733944
07132007,418.0,12.0,0.0,2.8708133971291865
07132008,2480.0,35.0,0.0,1.4112903225806452
07132009,582.0,18.0,0.0,3.0927835051546393
07132010,773.0,13.0,0.0,1.6817593790426908
07132011,1020.0,25.0,0.0,2.450980392156863
07132012,2414.0,44.0,0.0,1.8227009113504558
07132013,956.0,38.0,0.0,3.9748953974895396
07132014,728.0,15.0,0.0,2.0604395604395602
07132015,559.0,24.0,0.0,4.293381037567084
07132016,498.0,26.0,0.0,5.220883534136546
07132017,344.0,3.0,0.0,0.872093023255814
07132018,4322.0,221.0,0.0,5.113373438223045
07132019,1056.0,39.0,0.0,3.6931818181818183
07132020,363.0,17.0,0.0,4.683195592286501
07132022,464.0,7.0,0.0,1.5086206896551724
07132023,536.0,18.0,0.0,3.3582089552238807
07132024,350.0,9.0,0.0,2.5714285714285716
07132025,1870.0,80.0,0.0,4.278074866310161
07132026,718.0,23.0,0.0,3.203342618384401
07132027,80.0,0.0,1.0,0.0
07132028,1258.0,47.0,0.0,3.7360890302066774
07132029,49.0,0.0,1.0,0.0
07132030,425.0,3.0,0.0,0.7058823529411765
07132031,260.0,0.0,1.0,0.0
07132032,1312.0,70.0,0.0,5.335365853658536
07132033,659.0,16.0,0.0,2.4279210925644916
07132034,617.0,6.0,0.0,0.9724473257698542
07132035,158.0,3.0,0.0,1.8987341772151898
07132036,1104.0,27.0,0.0,2.4456521739130435
07132037,1625.0,27.0,0.0,1.6615384615384616
07132038,1176.0,45.0,0.0,3.826530612244898
07132039,1914.0,81.0,0.0,4.231974921630094
07132040,659.0,21.0,0.0,3.1866464339908953
07132041,106.0,7.0,0.0,6.60377358490566
07132042,548.0,27.0,0.0,4.927007299270073
07132043,683.0,15.0,0.0,2.1961932650073206
07132044,3362.0,346.0,0.0,10.291493158834028
07132045,553.0,6.0,0.0,1.0849909584086799
07132046,333.0,13.0,0.0,3.903903903903904
07132047,855.0,25.0,0.0,2.9239766081871346
07132048,187.0,6.0,0.0,3.2085561497326203
07132049,220.0,6.0,0.0,2.727272727272727
07132050,6831.0,386.0,0.0,5.650709998536086
07132051,256.0,3.0,0.0,1.171875
07132052,312.0,3.0,0.0,0.9615384615384616
07132053,309.0,3.0,0.0,0.970873786407767
07132054,592.0,42.0,0.0,7.094594594594595
07132055,1908.0,103.0,0.0,5.39832285115304
07132056,55.0,3.0,0.0,5.454545454545454
07132057,535.0,7.0,0.0,1.308411214953271
07132058,143.0,11.0,0.0,7.6923076923076925
07132059,785.0,22.0,0.0,2.8025477707006368
07132060,132.0,0.0,1.0,0.0
07132061,260.0,5.0,0.0,1.9230769230769231
07132062,546.0,16.0,0.0,2.93040293040293
07132063,8722.0,409.0,0.0,4.689291446915845
07132064,181.0,3.0,0.0,1.6574585635359116
07132065,624.0,18.0,0.0,2.8846153846153846
07132066,1035.0,28.0,0.0,2.7053140096618358
07132067,1018.0,27.0,0.0,2.6522593320235757
07132068,110.0,0.0,1.0,0.0
07132069,506.0,10.0,0.0,1.976284584980237
07132070,556.0,24.0,0.0,4.316546762589928
07132071,530.0,8.0,0.0,1.509433962264151
07132072,5921.0,229.0,0.0,3.8675899341327478
07132073,1114.0,45.0,0.0,4.039497307001795
07132075,927.0,21.0,0.0,2.26537216828479
07132076,4453.0,143.0,0.0,3.211318212441051
07132077,100.0,0.0,1.0,0.0
07132078,214.0,13.0,0.0,6.074766355140187
07132079,362.0,3.0,0.0,0.8287292817679558
07132080,1884.0,59.0,0.0,3.1316348195329087
07132081,562.0,9.0,0.0,1.601423487544484
07132082,639.0,17.0,0.0,2.6604068857589986
07132083,773.0,14.0,0.0,1.8111254851228977
07132085,231.0,7.0,0.0,3.0303030303030303
07132086,421.0,4.0,0.0,0.9501187648456056
07132087,91.0,0.0,1.0,0.0
07132088,239.0,3.0,0.0,1.2552301255230125
07132089,296.0,18.0,0.0,6.081081081081081
07132090,760.0,18.0,0.0,2.3684210526315788
07132091,1496.0,46.0,0.0,3.0748663101604277
07132092,148.0,0.0,1.0,0.0
07132093,401.0,3.0,0.0,0.7481296758104738
07132094,367.0,3.0,0.0,0.8174386920980926
07132095,773.0,33.0,0.0,4.269081500646831
07132096,1436.0,50.0,0.0,3.481894150417827
07132097,351.0,8.0,0.0,2.2792022792022792
07132098,2020.0,114.0,0.0,5.643564356435643
07132099,398.0,15.0,0.0,3.7688442211055277
07132100,264.0,8.0,0.0,3.0303030303030303
07132101,393.0,10.0,0.0,2.544529262086514
07132102,143.0,3.0,0.0,2.097902097902098
07132103,327.0,3.0,0.0,0.9174311926605505
07132104,120.0,0.0,1.0,0.0
07132105,789.0,19.0,0.0,2.4081115335868186
07132106,233.0,9.0,0.0,3.8626609442060085
07132107,1254.0,31.0,0.0,2.4720893141945774
07132108,609.0,26.0,0.0,4.269293924466338
07132109,261.0,5.0,0.0,1.9157088122605364
07132110,89.0,5.0,0.0,5.617977528089888
07132111,1243.0,72.0,0.0,5.792437650844731
07132112,154.0,0.0,1.0,0.0
07132113,2354.0,63.0,0.0,2.6762956669498728
07132114,234.0,3.0,0.0,1.2820512820512822
07132115,1369.0,30.0,0.0,2.191380569758948
07132116,851.0,124.0,0.0,14.571092831962398
07132117,8282.0,563.0,0.0,6.7978749094421635
07132118,383.0,5.0,0.0,1.3054830287206267
07132119,139.0,3.0,0.0,2.158273381294964
07132201,564.0,16.0,0.0,2.8368794326241136
07132501,6360.0,507.0,0.0,7.971698113207547
07132502,945.0,45.0,0.0,4.761904761904762
07133001,214.0,0.0,1.0,0.0
07133002,198.0,14.0,0.0,7.070707070707071
07133003,779.0,28.0,0.0,3.594351732991014
07133004,346.0,10.0,0.0,2.8901734104046244
07133005,182.0,5.0,0.0,2.7472527472527473
07133006,47395.0,6000.0,0.0,12.659563245068044
07133008,498.0,15.0,0.0,3.0120481927710845
07133009,253.0,0.0,1.0,0.0
07133010,394.0,7.0,0.0,1.7766497461928934
07133011,938.0,19.0,0.0,2.025586353944563
07133012,667.0,26.0,0.0,3.898050974512744
07133013,1266.0,53.0,0.0,4.1864139020537126
07133014,381.0,11.0,0.0,2.8871391076115485
07133015,624.0,5.0,0.0,0.8012820512820513
07133016,74.0,0.0,1.0,0.0
07133017,414.0,7.0,0.0,1.6908212560386473
07133018,2478.0,155.0,0.0,6.255044390637611
07133019,252.0,3.0,0.0,1.1904761904761905
07133020,406.0,6.0,0.0,1.477832512315271
07133021,250.0,0.0,1.0,0.0
07133022,220.0,9.0,0.0,4.090909090909091
07133023,797.0,18.0,0.0,2.258469259723965
07133024,385.0,8.0,0.0,2.0779220779220777
07133025,685.0,28.0,0.0,4.087591240875913
07133026,699.0,19.0,0.0,2.7181688125894135
07133027,555.0,7.0,0.0,1.2612612612612613
07133028,223.0,3.0,0.0,1.345291479820628
07133030,1632.0,34.0,0.0,2.0833333333333335
07133031,1024.0,35.0,0.0,3.41796875
07133032,1567.0,41.0,0.0,2.616464582003829
07133033,168.0,3.0,0.0,1.7857142857142858
07133035,2574.0,107.0,0.0,4.156954156954157
07133036,986.0,44.0,0.0,4.462474645030426
07133037,2077.0,56.0,0.0,2.696196437168994
07133038,537.0,11.0,0.0,2.0484171322160147
07133039,799.0,6.0,0.0,0.7509386733416771
07133040,2818.0,113.0,0.0,4.009936124911285
07133041,423.0,7.0,0.0,1.6548463356973995
07133042,33.0,0.0,1.0,0.0
07133043,1250.0,11.0,0.0,0.88
07133044,500.0,14.0,0.0,2.8
07133045,626.0,23.0,0.0,3.6741214057507987
07133046,1634.0,40.0,0.0,2.4479804161566707
07133047,41.0,0.0,1.0,0.0
07133048,1298.0,28.0,0.0,2.157164869029276
07133049,394.0,6.0,0.0,1.5228426395939085
07133050,159.0,4.0,0.0,2.5157232704402515
07133051,261.0,4.0,0.0,1.5325670498084292
07133052,8278.0,479.0,0.0,5.786421841024402
07133053,279.0,3.0,0.0,1.075268817204301
07133054,3724.0,354.0,0.0,9.505907626208378
07133055,102.0,3.0,0.0,2.9411764705882355
07133056,785.0,24.0,0.0,3.0573248407643314
07133057,564.0,18.0,0.0,3.1914893617021276
07133058,226.0,9.0,0.0,3.982300884955752
07133059,328.0,8.0,0.0,2.4390243902439024
07133060,222.0,3.0,0.0,1.3513513513513513
07133061,899.0,14.0,0.0,1.557285873192436
07133062,304.0,24.0,0.0,7.894736842105263
07133063,387.0,8.0,0.0,2.0671834625322996
07133064,1300.0,12.0,0.0,0.9230769230769231
07133065,2888.0,101.0,0.0,3.4972299168975067
07133066,1454.0,37.0,0.0,2.544704264099037
07133067,1617.0,48.0,0.0,2.968460111317254
07133068,299.0,0.0,1.0,0.0
07133069,926.0,19.0,0.0,2.0518358531317493
07133070,539.0,8.0,0.0,1.484230055658627
07133071,1478.0,35.0,0.0,2.3680649526387008
07133072,452.0,11.0,0.0,2.433628318584071
07133073,921.0,16.0,0.0,1.737242128121607
07133074,369.0,12.0,0.0,3.252032520325203
07133075,280.0,11.0,0.0,3.9285714285714284
07133076,1720.0,51.0,0.0,2.9651162790697674
07133077,209.0,3.0,0.0,1.4354066985645932
07133078,1271.0,54.0,0.0,4.248623131392605
07133080,343.0,6.0,0.0,1.749271137026239
07133081,430.0,21.0,0.0,4.883720930232558
07133082,47.0,0.0,1.0,0.0
07133083,730.0,10.0,0.0,1.36986301369863
07133084,241.0,8.0,0.0,3.319502074688797
07133085,266.0,8.0,0.0,3.007518796992481
07133086,2397.0,74.0,0.0,3.0871923237380057
07133087,1365.0,40.0,0.0,2.93040293040293
07133088,367.0,7.0,0.0,1.9073569482288828
07133089,408.0,17.0,0.0,4.166666666666667
07133090,202.0,0.0,1.0,0.0
07133091,639.0,13.0,0.0,2.0344287949921753
07133092,172.0,0.0,1.0,0.0
07133093,906.0,63.0,0.0,6.953642384105961
07133094,552.0,9.0,0.0,1.6304347826086956
07133095,1357.0,32.0,0.0,2.3581429624170966
07133096,1866.0,53.0,0.0,2.840300107181136
07133098,429.0,4.0,0.0,0.9324009324009324
07133099,1145.0,31.0,0.0,2.7074235807860263
07133100,173.0,3.0,0.0,1.7341040462427746
07133101,801.0,22.0,0.0,2.746566791510612
07133102,1431.0,32.0,0.0,2.236198462613557
07133103,3239.0,240.0,0.0,7.409694350108058
07133104,122.0,5.0,0.0,4.098360655737705
07133105,537.0,18.0,0.0,3.35195530726257
07133106,1080.0,51.0,0.0,4.722222222222222
07133107,2253.0,76.0,0.0,3.3732800710164224
07133108,809.0,31.0,0.0,3.831891223733004
07133109,1604.0,51.0,0.0,3.1795511221945136
07133110,433.0,22.0,0.0,5.080831408775982
07133111,471.0,15.0,0.0,3.1847133757961785
07133112,1901.0,32.0,0.0,1.6833245660178853
07133113,232.0,8.0,0.0,3.4482758620689653
07133114,1760.0,110.0,0.0,6.25
07133115,476.0,11.0,0.0,2.310924369747899
07133116,201.0,3.0,0.0,1.492537313432836
07133117,2445.0,140.0,0.0,5.725971370143149
07133201,280.0,6.0,0.0,2.142857142857143
07133202,261.0,4.0,0.0,1.5325670498084292
07133203,72.0,0.0,1.0,0.0
07133204,257.0,5.0,0.0,1.9455252918287937
07133205,246.0,7.0,0.0,2.845528455284553
07133501,6458.0,432.0,0.0,6.6893775162589035
07134001,460.0,20.0,0.0,4.3478260869565215
07134002,424.0,6.0,0.0,1.4150943396226414
07134003,658.0,4.0,0.0,0.60790273556231
07134004,171.0,4.0,0.0,2.3391812865497075
07134005,4302.0,454.0,0.0,10.553231055323106
07134006,459.0,7.0,0.0,1.5250544662309369
07134007,451.0,12.0,0.0,2.6607538802660753
07134008,518.0,21.0,0.0,4.054054054054054
07134009,269.0,4.0,0.0,1.486988847583643
07134010,6739.0,388.0,0.0,5.757530790918534
07134011,190.0,3.0,0.0,1.5789473684210527
07134012,143.0,3.0,0.0,2.097902097902098
07134013,310.0,3.0,0.0,0.967741935483871
07134014,512.0,16.0,0.0,3.125
07134015,1235.0,35.0,0.0,2.834008097165992
07134016,492.0,6.0,0.0,1.2195121951219512
07134017,932.0,12.0,0.0,1.2875536480686696
07134018,152.0,3.0,0.0,1.9736842105263157
07134019,432.0,5.0,0.0,1.1574074074074074
07134020,307.0,9.0,0.0,2.9315960912052117
07134021,150.0,6.0,0.0,4.0
07134022,94.0,3.0,0.0,3.1914893617021276
07134023,98.0,0.0,1.0,0.0
07134024,305.0,8.0,0.0,2.622950819672131
07134025,947.0,14.0,0.0,1.478352692713833
07134026,345.0,9.0,0.0,2.608695652173913
07134027,396.0,14.0,0.0,3.5353535353535355
07134028,246.0,3.0,0.0,1.2195121951219512
07134029,421.0,13.0,0.0,3.0878859857482186
07134030,256.0,3.0,0.0,1.171875
07134031,133.0,3.0,0.0,2.255639097744361
07134032,172.0,0.0,1.0,0.0
07134033,206.0,0.0,1.0,0.0
07134034,255.0,7.0,0.0,2.7450980392156863
07134035,194.0,6.0,0.0,3.0927835051546393
07134036,1093.0,28.0,0.0,2.561756633119854
07134037,211.0,8.0,0.0,3.7914691943127963
07134038,536.0,21.0,0.0,3.917910447761194
07134039,880.0,19.0,0.0,2.159090909090909
07134040,717.0,18.0,0.0,2.510460251046025
07134041,385.0,9.0,0.0,2.3376623376623376
07134042,2905.0,122.0,0.0,4.199655765920826
07134043,362.0,17.0,0.0,4.696132596685083
07134044,611.0,13.0,0.0,2.127659574468085
07134045,29073.0,1200.0,0.0,4.127541017438861
07134046,842.0,30.0,0.0,3.5629453681710213
07134047,1097.0,36.0,0.0,3.2816773017319965
07134048,332.0,19.0,0.0,5.72289156626506
07134049,169.0,16.0,0.0,9.467455621301776
07134050,583.0,9.0,0.0,1.5437392795883362
07134051,108.0,10.0,0.0,9.25925925925926
07134052,422.0,4.0,0.0,0.9478672985781991
07134053,113.0,0.0,1.0,0.0
07134054,267.0,10.0,0.0,3.745318352059925
07134055,792.0,9.0,0.0,1.1363636363636365
07134056,824.0,16.0,0.0,1.941747572815534
07134057,470.0,5.0,0.0,1.0638297872340425
07134058,333.0,9.0,0.0,2.7027027027027026
07134059,316.0,0.0,1.0,0.0
07134060,909.0,22.0,0.0,2.42024202420242
07134061,392.0,10.0,0.0,2.5510204081632653
07134062,450.0,3.0,0.0,0.6666666666666666
07134063,299.0,14.0,0.0,4.682274247491639
07134064,154.0,0.0,1.0,0.0
07134065,329.0,8.0,0.0,2.43161094224924
07134066,624.0,17.0,0.0,2.7243589743589745
07134067,149.0,0.0,1.0,0.0
07134068,606.0,15.0,0.0,2.4752475247524752
07134069,2189.0,50.0,0.0,2.284148012791229
07134070,129.0,0.0,1.0,0.0
07134071,306.0,9.0,0.0,2.9411764705882355
07134072,485.0,4.0,0.0,0.8247422680412371
07134073,212.0,4.0,0.0,1.8867924528301887
07134074,412.0,3.0,0.0,0.7281553398058253
07134075,846.0,50.0,0.0,5.91016548463357
07134076,504.0,3.0,0.0,0.5952380952380952
07134077,392.0,0.0,1.0,0.0
07134078,209.0,3.0,0.0,1.4354066985645932
07134079,55.0,0.0,1.0,0.0
07134080,466.0,5.0,0.0,1.0729613733905579
07134081,467.0,18.0,0.0,3.854389721627409
07134082,521.0,0.0,1.0,0.0
07134083,212.0,0.0,1.0,0.0
07134084,383.0,8.0,0.0,2.088772845953003
07134085,489.0,10.0,0.0,2.044989775051125
07134086,118.0,4.0,0.0,3.389830508474576
07134087,892.0,12.0,0.0,1.345291479820628
07134088,315.0,5.0,0.0,1.5873015873015872
07134089,652.0,10.0,0.0,1.5337423312883436
07134090,514.0,7.0,0.0,1.3618677042801557
07134091,105.0,3.0,0.0,2.857142857142857
07134092,79.0,0.0,1.0,0.0
07134093,174.0,3.0,0.0,1.7241379310344827
07134094,322.0,3.0,0.0,0.9316770186335404
07134095,338.0,3.0,0.0,0.8875739644970414
07134502,265.0,3.0,0.0,1.1320754716981132
07135001,877.0,52.0,0.0,5.929304446978335
07135002,841.0,13.0,0.0,1.5457788347205708
07135003,468.0,16.0,0.0,3.4188034188034186
07135004,336.0,14.0,0.0,4.166666666666667
07135005,618.0,4.0,0.0,0.6472491909385113
07135007,139.0,19.0,0.0,13.66906474820144
07135008,460.0,6.0,0.0,1.3043478260869565
07135009,699.0,4.0,0.0,0.5722460658082976
07135010,1737.0,30.0,0.0,1.7271157167530224
07135011,268.0,4.0,0.0,1.492537313432836
07135012,834.0,15.0,0.0,1.7985611510791366
07135013,1019.0,35.0,0.0,3.434739941118744
07135014,140.0,3.0,0.0,2.142857142857143
07135015,334.0,15.0,0.0,4.491017964071856
07135016,389.0,7.0,0.0,1.7994858611825193
07135017,1102.0,36.0,0.0,3.266787658802178
07135018,1145.0,14.0,0.0,1.222707423580786
07135019,1507.0,93.0,0.0,6.1712010617120105
07135020,5245.0,468.0,0.0,8.92278360343184
07135021,681.0,26.0,0.0,3.81791483113069
07135022,309.0,3.0,0.0,0.970873786407767
07135023,1326.0,53.0,0.0,3.9969834087481146
07135024,1070.0,94.0,0.0,8.785046728971963
07135025,861.0,38.0,0.0,4.413472706155633
07135026,238.0,6.0,0.0,2.5210084033613445
07135027,546.0,22.0,0.0,4.029304029304029
07135028,218.0,16.0,0.0,7.339449541284404
07135029,1093.0,18.0,0.0,1.646843549862763
07135030,85.0,3.0,0.0,3.5294117647058822
07135031,384.0,3.0,0.0,0.78125
07135032,59.0,0.0,1.0,0.0
07135033,543.0,11.0,0.0,2.0257826887661143
07135034,656.0,27.0,0.0,4.115853658536586
07135035,244.0,0.0,1.0,0.0
07135036,690.0,14.0,0.0,2.028985507246377
07135037,391.0,7.0,0.0,1.7902813299232736
07135038,751.0,19.0,0.0,2.5299600532623168
07135039,206.0,7.0,0.0,3.3980582524271843
07135040,300.0,8.0,0.0,2.6666666666666665
07135041,132.0,3.0,0.0,2.272727272727273
07135042,719.0,11.0,0.0,1.5299026425591098
07135043,821.0,4.0,0.0,0.48721071863581
07135044,294.0,3.0,0.0,1.0204081632653061
07135045,3042.0,102.0,0.0,3.353057199211045
07135046,224.0,0.0,1.0,0.0
07135048,227.0,3.0,0.0,1.3215859030837005
07135049,1305.0,83.0,0.0,6.360153256704981
07135051,946.0,21.0,0.0,2.219873150105708
07135052,669.0,12.0,0.0,1.7937219730941705
07135053,396.0,21.0,0.0,5.303030303030303
07135054,317.0,9.0,0.0,2.8391167192429023
07135056,314.0,25.0,0.0,7.961783439490445
07135057,1525.0,41.0,0.0,2.6885245901639343
07135058,1089.0,23.0,0.0,2.1120293847566574
07135060,310.0,16.0,0.0,5.161290322580645
07135061,420.0,17.0,0.0,4.0476190476190474
07135062,138.0,4.0,0.0,2.898550724637681
07135064,135.0,0.0,1.0,0.0
07135065,591.0,16.0,0.0,2.707275803722504
07135066,674.0,12.0,0.0,1.7804154302670623
07135067,661.0,10.0,0.0,1.51285930408472
07135068,470.0,0.0,1.0,0.0
07135069,109.0,3.0,0.0,2.7522935779816513
07135070,265.0,9.0,0.0,3.3962264150943398
07135071,752.0,25.0,0.0,3.324468085106383
07135072,450.0,6.0,0.0,1.3333333333333333
07135073,907.0,22.0,0.0,2.4255788313120177
07135074,181.0,0.0,1.0,0.0
07135075,519.0,4.0,0.0,0.7707129094412332
07135076,648.0,15.0,0.0,2.314814814814815
07135077,415.0,5.0,0.0,1.2048192771084338
07135078,131.0,0.0,1.0,0.0
07135079,578.0,37.0,0.0,6.401384083044983
07135080,165.0,4.0,0.0,2.4242424242424243
07135081,284.0,9.0,0.0,3.1690140845070425
07135082,2292.0,88.0,0.0,3.8394415357766145
07135083,3318.0,110.0,0.0,3.315250150693189
07135084,432.0,6.0,0.0,1.3888888888888888
07135085,209.0,0.0,1.0,0.0
07135086,448.0,33.0,0.0,7.366071428571429
07135087,56.0,0.0,1.0,0.0
07135088,224.0,0.0,1.0,0.0
07135089,321.0,7.0,0.0,2.1806853582554515
07135090,191.0,4.0,0.0,2.094240837696335
07135091,208.0,0.0,1.0,0.0
07135092,4168.0,239.0,0.0,5.734165067178503
07135093,260.0,7.0,0.0,2.6923076923076925
07135501,991.0,59.0,0.0,5.953582240161453
07135502,325.0,7.0,0.0,2.1538461538461537
07137001,80.0,3.0,0.0,3.75
07137003,29151.0,1451.0,0.0,4.977530787966107
07137004,281.0,6.0,0.0,2.1352313167259784
07137006,276.0,5.0,0.0,1.8115942028985508
07137007,780.0,21.0,0.0,2.6923076923076925
07137008,1393.0,19.0,0.0,1.3639626704953338
07137011,355.0,5.0,0.0,1.408450704225352
07137014,627.0,8.0,0.0,1.2759170653907497
07137019,267.0,0.0,1.0,0.0
07137023,147.0,3.0,0.0,2.0408163265306123
07137025,2744.0,50.0,0.0,1.8221574344023324
07137027,326.0,4.0,0.0,1.2269938650306749
07137029,392.0,6.0,0.0,1.530612244897959
07137030,285.0,4.0,0.0,1.4035087719298245
07137034,395.0,3.0,0.0,0.759493670886076
07137035,479.0,5.0,0.0,1.0438413361169103
07137036,258.0,6.0,0.0,2.3255813953488373
07137041,478.0,5.0,0.0,1.0460251046025104
07137043,1195.0,12.0,0.0,1.00418410041841
07137048,457.0,9.0,0.0,1.9693654266958425
07137049,943.0,7.0,0.0,0.7423117709437964
07137053,501.0,8.0,0.0,1.596806387225549
07137055,2721.0,48.0,0.0,1.7640573318632855
07137056,738.0,25.0,0.0,3.3875338753387534
07137057,3932.0,151.0,0.0,3.8402848423194302
07137060,705.0,8.0,0.0,1.1347517730496455
07137061,96.0,3.0,0.0,3.125
07137063,51.0,0.0,1.0,0.0
07137065,1182.0,17.0,0.0,1.4382402707275803
07137066,308.0,0.0,1.0,0.0
07137068,18607.0,885.0,0.0,4.756274520341806
07137069,8681.0,244.0,0.0,2.810736090312176
07137070,1392.0,32.0,0.0,2.2988505747126435
07137074,851.0,19.0,0.0,2.2326674500587544
07137077,251.0,6.0,0.0,2.3904382470119523
07137079,554.0,4.0,0.0,0.7220216606498195
07137080,442.0,14.0,0.0,3.167420814479638
07137081,3676.0,78.0,0.0,2.121871599564744
07137086,5227.0,140.0,0.0,2.6784006122058543
07137087,480.0,3.0,0.0,0.625
07137088,5781.0,246.0,0.0,4.25531914893617
07137089,6628.0,232.0,0.0,3.500301750150875
07137092,378.0,5.0,0.0,1.3227513227513228
07137093,1246.0,27.0,0.0,2.1669341894060996
07137095,888.0,16.0,0.0,1.8018018018018018
07137096,2227.0,49.0,0.0,2.200269420745397
07137097,927.0,12.0,0.0,1.2944983818770226
07137099,206.0,3.0,0.0,1.4563106796116505
07137101,1493.0,30.0,0.0,2.0093770931011385
07137102,613.0,7.0,0.0,1.1419249592169658
07137105,393.0,10.0,0.0,2.544529262086514
07137106,588.0,10.0,0.0,1.7006802721088434
07137110,497.0,6.0,0.0,1.2072434607645874
07137112,912.0,8.0,0.0,0.8771929824561403
07137113,53.0,0.0,1.0,0.0
07137114,334.0,9.0,0.0,2.694610778443114
07137201,665.0,14.0,0.0,2.1052631578947367
07137202,2948.0,48.0,0.0,1.6282225237449117
07137203,16589.0,1639.0,0.0,9.880040991018145
07137204,1570.0,59.0,0.0,3.7579617834394905
07137205,613.0,31.0,0.0,5.057096247960848
07137206,750.0,25.0,0.0,3.3333333333333335
07137207,2359.0,74.0,0.0,3.1369224247562526
07137208,638.0,15.0,0.0,2.3510971786833856
07137209,2054.0,135.0,0.0,6.572541382667965
07137211,3337.0,122.0,0.0,3.6559784237338926
07137212,3271.0,204.0,0.0,6.23662488535616
07137214,1431.0,23.0,0.0,1.607267645003494
07137215,360.0,0.0,1.0,0.0
07137216,10691.0,510.0,0.0,4.770367598914976
07137217,1062.0,26.0,0.0,2.4482109227871938
07137218,1359.0,26.0,0.0,1.9131714495952907
07137219,1122.0,21.0,0.0,1.8716577540106951
07137220,1086.0,21.0,0.0,1.9337016574585635
07137221,2965.0,76.0,0.0,2.563237774030354
07137222,2467.0,209.0,0.0,8.471828131333604
07137223,1907.0,54.0,0.0,2.831672784478238
07137224,3169.0,181.0,0.0,5.711580940359735
07137225,3522.0,181.0,0.0,5.139125496876774
07137226,8310.0,533.0,0.0,6.41395908543923
07137227,2245.0,34.0,0.0,1.5144766146993318
07137228,8183.0,861.0,0.0,10.521813515825492
07137229,2319.0,74.0,0.0,3.1910306166451057
07137230,2471.0,77.0,0.0,3.1161473087818696
07137231,1095.0,21.0,0.0,1.917808219178082
07137501,3507.0,62.0,0.0,1.7678927858568576
07137504,1374.0,28.0,0.0,2.037845705967977
07138002,1334.0,21.0,0.0,1.5742128935532234
07138003,7134.0,406.0,0.0,5.691056910569106
07138004,5784.0,615.0,0.0,10.632780082987551
07138005,955.0,40.0,0.0,4.18848167539267
07138006,2153.0,71.0,0.0,3.297724105898746
07138007,1923.0,48.0,0.0,2.49609984399376
07138008,878.0,24.0,0.0,2.733485193621868
07138009,1579.0,51.0,0.0,3.2298923369221026
07138010,235.0,0.0,1.0,0.0
07138011,1033.0,36.0,0.0,3.484995159728945
07138012,5799.0,386.0,0.0,6.6563200551819275
07138013,628.0,26.0,0.0,4.140127388535032
07138014,1232.0,42.0,0.0,3.409090909090909
07138015,1286.0,38.0,0.0,2.9548989113530326
07138019,2533.0,177.0,0.0,6.987761547572049
07138023,2337.0,65.0,0.0,2.7813436029097134
07138024,341.0,20.0,0.0,5.865102639296188
07138025,612.0,10.0,0.0,1.6339869281045751
07138026,817.0,20.0,0.0,2.4479804161566707
07138027,410.0,6.0,0.0,1.4634146341463414
07138030,787.0,40.0,0.0,5.082592121982211
07138031,613.0,18.0,0.0,2.936378466557912
07138034,1373.0,64.0,0.0,4.6613255644573925
07138036,942.0,34.0,0.0,3.6093418259023355
07138037,1613.0,69.0,0.0,4.277743335399876
07138038,1847.0,98.0,0.0,5.305901461829994
07138040,469.0,9.0,0.0,1.9189765458422174
07138041,5944.0,485.0,0.0,8.159488559892328
07138042,509.0,12.0,0.0,2.357563850687623
07138043,2017.0,52.0,0.0,2.5780862667327713
07138044,6255.0,249.0,0.0,3.9808153477218227
07138045,64144.0,5487.0,0.0,8.554190571214766
07138047,1574.0,40.0,0.0,2.5412960609911055
07138048,390.0,14.0,0.0,3.58974358974359
07138050,448.0,7.0,0.0,1.5625
07138052,861.0,19.0,0.0,2.2067363530778166
07138053,1007.0,75.0,0.0,7.447864945382324
07138054,636.0,22.0,0.0,3.459119496855346
07138055,1033.0,44.0,0.0,4.259438528557599
07138057,2426.0,125.0,0.0,5.152514427040396
07138058,233.0,8.0,0.0,3.4334763948497855
07138059,1937.0,77.0,0.0,3.975219411461022
07138061,2615.0,207.0,0.0,7.915869980879541
07138062,4407.0,343.0,0.0,7.7830723848422965
07138063,3897.0,319.0,0.0,8.185783936361304
07138064,693.0,20.0,0.0,2.886002886002886
07138065,1509.0,33.0,0.0,2.1868787276341948
07138066,773.0,22.0,0.0,2.846054333764554
07138068,3419.0,119.0,0.0,3.480549868382568
07138069,324.0,0.0,1.0,0.0
07138070,1246.0,40.0,0.0,3.2102728731942216
07138071,1878.0,81.0,0.0,4.313099041533547
07138072,753.0,18.0,0.0,2.3904382470119523
07138073,5057.0,553.0,0.0,10.935337156416848
07138074,1543.0,30.0,0.0,1.9442644199611148
07138075,3413.0,116.0,0.0,3.3987694110753
07138076,1906.0,83.0,0.0,4.354669464847849
07138077,4257.0,185.0,0.0,4.345783415550858
07138078,594.0,13.0,0.0,2.1885521885521886
07138080,4454.0,115.0,0.0,2.5819488100583743
07138201,515.0,4.0,0.0,0.7766990291262136
07138501,1360.0,64.0,0.0,4.705882352941177
07140001,422.0,5.0,0.0,1.1848341232227488
07140002,246.0,3.0,0.0,1.2195121951219512
07140003,1682.0,54.0,0.0,3.2104637336504163
07140005,143.0,3.0,0.0,2.097902097902098
07140006,437.0,12.0,0.0,2.745995423340961
07140007,141.0,4.0,0.0,2.8368794326241136
07140008,216.0,5.0,0.0,2.314814814814815
07140009,1462.0,27.0,0.0,1.8467852257181943
07140010,2016.0,46.0,0.0,2.2817460317460316
07140011,202.0,5.0,0.0,2.4752475247524752
07140012,103.0,3.0,0.0,2.912621359223301
07140014,353.0,4.0,0.0,1.13314447592068
07140015,319.0,8.0,0.0,2.5078369905956115
07140016,144.0,3.0,0.0,2.0833333333333335
07140018,591.0,9.0,0.0,1.5228426395939085
07140020,299.0,5.0,0.0,1.6722408026755853
07140021,939.0,18.0,0.0,1.9169329073482428
07140023,172.0,6.0,0.0,3.488372093023256
07140024,1700.0,148.0,0.0,8.705882352941176
07140025,638.0,14.0,0.0,2.19435736677116
07140027,687.0,34.0,0.0,4.9490538573508
07140028,731.0,17.0,0.0,2.3255813953488373
07140029,191.0,5.0,0.0,2.6178010471204187
07140030,593.0,20.0,0.0,3.372681281618887
07140031,520.0,6.0,0.0,1.1538461538461537
07140035,831.0,11.0,0.0,1.3237063778580025
07140036,4810.0,225.0,0.0,4.6777546777546775
07140037,261.0,8.0,0.0,3.0651340996168583
07140039,216.0,0.0,1.0,0.0
07140040,243.0,4.0,0.0,1.646090534979424
07140041,1269.0,38.0,0.0,2.994483845547675
07140042,480.0,12.0,0.0,2.5
07140043,1281.0,27.0,0.0,2.107728337236534
07140044,181.0,3.0,0.0,1.6574585635359116
07140045,1245.0,51.0,0.0,4.096385542168675
07140046,181.0,5.0,0.0,2.7624309392265194
07140047,196.0,3.0,0.0,1.530612244897959
07140048,122.0,0.0,1.0,0.0
07140049,411.0,9.0,0.0,2.18978102189781
07140050,147.0,12.0,0.0,8.16326530612245
07140053,307.0,7.0,0.0,2.2801302931596092
07140055,301.0,5.0,0.0,1.6611295681063123
07140056,527.0,9.0,0.0,1.7077798861480076
07140058,353.0,3.0,0.0,0.8498583569405099
07140060,246.0,3.0,0.0,1.2195121951219512
07140062,492.0,12.0,0.0,2.4390243902439024
07140063,577.0,17.0,0.0,2.946273830155979
07140064,5114.0,202.0,0.0,3.9499413375048884
07140065,312.0,3.0,0.0,0.9615384615384616
07140067,3784.0,174.0,0.0,4.59830866807611
07140068,557.0,11.0,0.0,1.9748653500897666
07140070,279.0,4.0,0.0,1.4336917562724014
07140071,106.0,3.0,0.0,2.830188679245283
07140073,86.0,0.0,1.0,0.0
07140075,404.0,11.0,0.0,2.722772277227723
07140076,508.0,12.0,0.0,2.3622047244094486
07140077,503.0,28.0,0.0,5.566600397614314
07140079,430.0,10.0,0.0,2.3255813953488373
07140080,399.0,8.0,0.0,2.0050125313283207
07140081,857.0,16.0,0.0,1.866977829638273
07140082,364.0,70.0,0.0,19.23076923076923
07140084,751.0,22.0,0.0,2.929427430093209
07140085,501.0,32.0,0.0,6.387225548902196
07140086,211.0,3.0,0.0,1.4218009478672986
07140087,474.0,7.0,0.0,1.4767932489451476
07140089,127.0,3.0,0.0,2.3622047244094486
07140090,110.0,3.0,0.0,2.727272727272727
07140092,740.0,21.0,0.0,2.8378378378378377
07140093,267.0,8.0,0.0,2.9962546816479403
07140094,125.0,0.0,1.0,0.0
07140095,175.0,0.0,1.0,0.0
07140096,326.0,9.0,0.0,2.7607361963190185
07140098,68.0,0.0,1.0,0.0
07140099,494.0,19.0,0.0,3.8461538461538463
07140100,525.0,28.0,0.0,5.333333333333333
07140101,291.0,0.0,1.0,0.0
07140102,369.0,3.0,0.0,0.8130081300813008
07140104,694.0,7.0,0.0,1.0086455331412103
07140105,180.0,9.0,0.0,5.0
07140106,319.0,3.0,0.0,0.9404388714733543
07140107,438.0,13.0,0.0,2.9680365296803655
07140108,136.0,3.0,0.0,2.2058823529411766
07140109,391.0,11.0,0.0,2.813299232736573
07140110,463.0,12.0,0.0,2.591792656587473
07140111,264.0,9.0,0.0,3.409090909090909
07140112,2885.0,119.0,0.0,4.124783362218371
07140113,340.0,10.0,0.0,2.9411764705882355
07140115,129.0,4.0,0.0,3.10077519379845
07140116,377.0,3.0,0.0,0.7957559681697612
07140117,629.0,17.0,0.0,2.7027027027027026
07140118,256.0,10.0,0.0,3.90625
07140119,311.0,5.0,0.0,1.607717041800643
07140120,129.0,0.0,1.0,0.0
07140121,105.0,0.0,1.0,0.0
07140122,391.0,9.0,0.0,2.3017902813299234
07140123,366.0,11.0,0.0,3.0054644808743167
07140125,3954.0,314.0,0.0,7.9413252402630246
07140126,194.0,9.0,0.0,4.639175257731959
07140127,737.0,10.0,0.0,1.3568521031207599
07140128,160.0,7.0,0.0,4.375
07140129,205.0,0.0,1.0,0.0
07140130,183.0,3.0,0.0,1.639344262295082
07140131,257.0,8.0,0.0,3.11284046692607
07140133,2797.0,141.0,0.0,5.041115480872363
07140134,446.0,19.0,0.0,4.260089686098655
07140135,182.0,5.0,0.0,2.7472527472527473
07140138,227.0,7.0,0.0,3.0837004405286343
07140139,258.0,5.0,0.0,1.937984496124031
07140140,352.0,22.0,0.0,6.25
07140141,138.0,3.0,0.0,2.1739130434782608
07140144,7579.0,592.0,0.0,7.811056867660641
07140145,3344.0,199.0,0.0,5.9509569377990434
07140146,93.0,3.0,0.0,3.225806451612903
07140147,149.0,0.0,1.0,0.0
07140148,132.0,0.0,1.0,0.0
07140149,153.0,3.0,0.0,1.9607843137254901
07140150,769.0,14.0,0.0,1.8205461638491547
07140151,94.0,0.0,1.0,0.0
07140153,386.0,5.0,0.0,1.2953367875647668
07140154,420.0,18.0,0.0,4.285714285714286
07140155,748.0,16.0,0.0,2.1390374331550803
07140156,123.0,0.0,1.0,0.0
07140158,175.0,8.0,0.0,4.571428571428571
07140159,201.0,3.0,0.0,1.492537313432836
07140161,795.0,322.0,0.0,40.503144654088054
07140163,215.0,3.0,0.0,1.3953488372093024
07140164,266.0,3.0,0.0,1.1278195488721805
07140165,157.0,4.0,0.0,2.5477707006369426
07140166,297.0,3.0,0.0,1.0101010101010102
07140201,491.0,4.0,0.0,0.814663951120163
07140202,1149.0,19.0,0.0,1.6536118363794603
07140204,1039.0,22.0,0.0,2.1174205967276225
07140205,361.0,9.0,0.0,2.4930747922437675
07140501,15413.0,800.0,0.0,5.190423668331928
07140502,177.0,6.0,0.0,3.389830508474576
07140503,643.0,10.0,0.0,1.5552099533437014
07140504,293.0,0.0,1.0,0.0
07141001,652.0,13.0,0.0,1.9938650306748467
07141002,2230.0,69.0,0.0,3.094170403587444
07141003,427.0,3.0,0.0,0.702576112412178
07141004,204.0,7.0,0.0,3.4313725490196076
07141005,435.0,33.0,0.0,7.586206896551724
07141006,8979.0,857.0,0.0,9.544492705201025
07141008,673.0,9.0,0.0,1.337295690936107
07141009,244.0,0.0,1.0,0.0
07141010,320.0,3.0,0.0,0.9375
07141011,399.0,3.0,0.0,0.7518796992481203
07141012,343.0,4.0,0.0,1.1661807580174928
07141013,349.0,4.0,0.0,1.146131805157593
07141014,1516.0,43.0,0.0,2.836411609498681
07141015,774.0,25.0,0.0,3.2299741602067185
07141016,1034.0,13.0,0.0,1.2572533849129595
07141018,277.0,3.0,0.0,1.0830324909747293
07141019,575.0,24.0,0.0,4.173913043478261
07141020,1037.0,24.0,0.0,2.314368370298939
07141021,167.0,4.0,0.0,2.395209580838323
07141022,503.0,10.0,0.0,1.9880715705765408
07141023,1042.0,20.0,0.0,1.9193857965451055
07141024,871.0,21.0,0.0,2.4110218140068884
07141025,1272.0,46.0,0.0,3.6163522012578615
07141026,189.0,0.0,1.0,0.0
07141027,242.0,4.0,0.0,1.6528925619834711
07141029,10862.0,996.0,0.0,9.169582029092249
07141030,478.0,16.0,0.0,3.3472803347280333
07141031,407.0,24.0,0.0,5.896805896805897
07141032,426.0,7.0,0.0,1.6431924882629108
07141033,223.0,3.0,0.0,1.345291479820628
07141034,130.0,3.0,0.0,2.3076923076923075
07141035,79.0,0.0,1.0,0.0
07141036,262.0,12.0,0.0,4.580152671755725
07141037,148.0,3.0,0.0,2.027027027027027
07141038,709.0,22.0,0.0,3.1029619181946404
07141039,146.0,3.0,0.0,2.0547945205479454
07141040,160.0,3.0,0.0,1.875
07141041,1262.0,45.0,0.0,3.565768621236133
07141042,648.0,16.0,0.0,2.4691358024691357
07141043,1085.0,27.0,0.0,2.488479262672811
07141044,606.0,11.0,0.0,1.8151815181518152
07141045,370.0,8.0,0.0,2.1621621621621623
07141046,362.0,11.0,0.0,3.0386740331491713
07141047,556.0,7.0,0.0,1.2589928057553956
07141049,1051.0,39.0,0.0,3.7107516650808754
07141050,369.0,5.0,0.0,1.3550135501355014
07141051,2957.0,247.0,0.0,8.35306053432533
07141052,487.0,41.0,0.0,8.41889117043121
07141053,1094.0,43.0,0.0,3.930530164533821
07141054,427.0,7.0,0.0,1.639344262295082
07141055,321.0,4.0,0.0,1.2461059190031152
07141057,372.0,7.0,0.0,1.881720430107527
07141058,355.0,9.0,0.0,2.535211267605634
07141059,1096.0,22.0,0.0,2.0072992700729926
07141060,1207.0,39.0,0.0,3.2311516155758078
07141061,886.0,20.0,0.0,2.2573363431151243
07141062,297.0,8.0,0.0,2.6936026936026938
07141063,261.0,4.0,0.0,1.5325670498084292
07141064,396.0,11.0,0.0,2.7777777777777777
07141065,604.0,19.0,0.0,3.1456953642384105
07141066,1592.0,131.0,0.0,8.228643216080402
07141067,223.0,0.0,1.0,0.0
07141068,2200.0,122.0,0.0,5.545454545454546
07141069,888.0,37.0,0.0,4.166666666666667
07141070,176.0,0.0,1.0,0.0
07141071,459.0,8.0,0.0,1.7429193899782136
07141072,649.0,31.0,0.0,4.776579352850539
07141073,692.0,18.0,0.0,2.601156069364162
07141074,543.0,14.0,0.0,2.578268876611418
07141075,17726.0,984.0,0.0,5.551167776148031
07141076,541.0,9.0,0.0,1.6635859519408502
07141077,325.0,10.0,0.0,3.076923076923077
07141078,278.0,7.0,0.0,2.5179856115107913
07141079,492.0,21.0,0.0,4.2682926829268295
07141080,271.0,8.0,0.0,2.952029520295203
07141081,553.0,52.0,0.0,9.403254972875226
07141082,214.0,0.0,1.0,0.0
07141083,222.0,9.0,0.0,4.054054054054054
07141084,319.0,7.0,0.0,2.19435736677116
07141085,2009.0,31.0,0.0,1.5430562468889994
07141086,395.0,8.0,0.0,2.0253164556962027
07141087,89.0,0.0,1.0,0.0
07141088,125.0,0.0,1.0,0.0
07141089,412.0,13.0,0.0,3.1553398058252426
07141091,4634.0,347.0,0.0,7.488131204143289
07141092,4173.0,235.0,0.0,5.631440210879463
07141093,382.0,7.0,0.0,1.8324607329842932
07141094,267.0,0.0,1.0,0.0
07141095,1459.0,57.0,0.0,3.906785469499657
07141096,223.0,3.0,0.0,1.345291479820628
07141097,422.0,3.0,0.0,0.7109004739336493
07141098,997.0,32.0,0.0,3.20962888665998
07141099,532.0,14.0,0.0,2.6315789473684212
07141100,210.0,3.0,0.0,1.4285714285714286
07141101,167.0,10.0,0.0,5.9880239520958085
07141102,759.0,32.0,0.0,4.216073781291173
07141103,368.0,8.0,0.0,2.1739130434782608
07141104,394.0,9.0,0.0,2.284263959390863
07141105,203.0,6.0,0.0,2.955665024630542
07141106,145.0,0.0,1.0,0.0
07141107,543.0,15.0,0.0,2.7624309392265194
07141108,1240.0,65.0,0.0,5.241935483870968
07141109,406.0,3.0,0.0,0.7389162561576355
07141110,173.0,3.0,0.0,1.7341040462427746
07141111,345.0,4.0,0.0,1.1594202898550725
07141112,335.0,0.0,1.0,0.0
07141113,214.0,5.0,0.0,2.336448598130841
07141114,193.0,5.0,0.0,2.5906735751295336
07141115,323.0,0.0,1.0,0.0
07141116,347.0,14.0,0.0,4.034582132564841
07141117,444.0,4.0,0.0,0.9009009009009009
07141118,191.0,5.0,0.0,2.6178010471204187
07141120,368.0,3.0,0.0,0.8152173913043478
07141121,1308.0,103.0,0.0,7.874617737003058
07141122,175.0,11.0,0.0,6.285714285714286
07141124,311.0,6.0,0.0,1.9292604501607717
07141125,254.0,10.0,0.0,3.937007874015748
07141126,713.0,17.0,0.0,2.3842917251051894
07141127,243.0,0.0,1.0,0.0
07141128,414.0,4.0,0.0,0.966183574879227
07141129,1815.0,30.0,0.0,1.6528925619834711
07141130,242.0,0.0,1.0,0.0
07141131,312.0,7.0,0.0,2.2435897435897436
07141132,217.0,3.0,0.0,1.3824884792626728
07141133,352.0,11.0,0.0,3.125
07141134,123.0,3.0,0.0,2.4390243902439024
07141135,430.0,12.0,0.0,2.7906976744186047
07141136,1085.0,30.0,0.0,2.7649769585253456
07141137,472.0,8.0,0.0,1.694915254237288
07141138,499.0,10.0,0.0,2.004008016032064
07141139,687.0,12.0,0.0,1.7467248908296944
07141140,175.0,0.0,1.0,0.0
07141141,93.0,0.0,1.0,0.0
07141201,1710.0,27.0,0.0,1.5789473684210527
07141501,3061.0,191.0,0.0,6.239790918000653
07141502,237.0,3.0,0.0,1.2658227848101267
07141503,572.0,5.0,0.0,0.8741258741258742
07143001,604.0,23.0,0.0,3.80794701986755
07143003,631.0,18.0,0.0,2.8526148969889067
07143005,581.0,30.0,0.0,5.163511187607573
07143006,654.0,17.0,0.0,2.599388379204893
07143007,705.0,12.0,0.0,1.702127659574468
07143008,464.0,13.0,0.0,2.8017241379310347
07143009,679.0,22.0,0.0,3.240058910162003
07143010,2411.0,147.0,0.0,6.097055163832435
07143011,1022.0,52.0,0.0,5.088062622309198
07143012,1202.0,80.0,0.0,6.655574043261232
07143013,2418.0,69.0,0.0,2.8535980148883375
07143015,311.0,14.0,0.0,4.501607717041801
07143018,698.0,17.0,0.0,2.4355300859598854
07143019,648.0,18.0,0.0,2.7777777777777777
07143020,542.0,7.0,0.0,1.2915129151291513
07143021,1195.0,46.0,0.0,3.8493723849372383
07143022,416.0,30.0,0.0,7.211538461538462
07143023,828.0,34.0,0.0,4.106280193236715
07143024,988.0,35.0,0.0,3.54251012145749
07143025,834.0,12.0,0.0,1.4388489208633093
07143026,679.0,5.0,0.0,0.7363770250368189
07143027,1405.0,56.0,0.0,3.98576512455516
07143028,1138.0,58.0,0.0,5.0966608084358525
07143029,2815.0,210.0,0.0,7.460035523978686
07143030,1527.0,62.0,0.0,4.060248853962017
07143031,2478.0,114.0,0.0,4.600484261501211
07143032,9203.0,1089.0,0.0,11.833097902857764
07143033,1046.0,26.0,0.0,2.48565965583174
07143034,692.0,5.0,0.0,0.7225433526011561
07143036,526.0,11.0,0.0,2.091254752851711
07143037,2074.0,96.0,0.0,4.628736740597878
07143038,450.0,13.0,0.0,2.888888888888889
07143039,1386.0,36.0,0.0,2.5974025974025974
07143040,252.0,9.0,0.0,3.5714285714285716
07143041,337.0,24.0,0.0,7.121661721068249
07143042,882.0,17.0,0.0,1.927437641723356
07143044,1001.0,19.0,0.0,1.898101898101898
07143045,231.0,10.0,0.0,4.329004329004329
07143046,1068.0,50.0,0.0,4.681647940074907
07143047,1207.0,123.0,0.0,10.190555095277547
07143048,12503.0,881.0,0.0,7.046308885867392
07143049,780.0,29.0,0.0,3.717948717948718
07143050,2286.0,89.0,0.0,3.8932633420822396
07143051,1996.0,141.0,0.0,7.064128256513026
07143052,2021.0,88.0,0.0,4.3542800593765465
07143053,1617.0,60.0,0.0,3.7105751391465676
07143054,997.0,38.0,0.0,3.8114343029087263
07143055,715.0,21.0,0.0,2.937062937062937
07143056,557.0,30.0,0.0,5.3859964093357275
07143057,1116.0,25.0,0.0,2.240143369175627
07143058,529.0,16.0,0.0,3.0245746691871456
07143059,404.0,9.0,0.0,2.227722772277228
07143060,1361.0,82.0,0.0,6.0249816311535636
07143061,510.0,28.0,0.0,5.490196078431373
07143062,7345.0,1356.0,0.0,18.46153846153846
07143064,519.0,29.0,0.0,5.5876685934489405
07143065,1207.0,34.0,0.0,2.816901408450704
07143066,639.0,3.0,0.0,0.4694835680751174
07143067,2814.0,511.0,0.0,18.1592039800995
07143068,483.0,28.0,0.0,5.797101449275362
07143069,938.0,23.0,0.0,2.4520255863539444
07143070,2745.0,341.0,0.0,12.422586520947176
07143071,1488.0,57.0,0.0,3.8306451612903225
07143072,726.0,15.0,0.0,2.0661157024793386
07143073,1106.0,29.0,0.0,2.6220614828209765
07143074,769.0,31.0,0.0,4.031209362808843
07143075,252.0,13.0,0.0,5.158730158730159
07143077,488.0,21.0,0.0,4.30327868852459
07143078,552.0,12.0,0.0,2.1739130434782608
07143079,957.0,27.0,0.0,2.8213166144200628
07143080,625.0,37.0,0.0,5.92
07143081,5246.0,549.0,0.0,10.465116279069768
07143082,325.0,8.0,0.0,2.4615384615384617
07143084,632.0,22.0,0.0,3.481012658227848
07143085,515.0,16.0,0.0,3.1067961165048543
07143200,616.0,31.0,0.0,5.032467532467533
07143202,1561.0,76.0,0.0,4.868673926969891
07143203,154.0,3.0,0.0,1.948051948051948
07143204,242.0,6.0,0.0,2.479338842975207
07143205,644.0,20.0,0.0,3.1055900621118013
07143206,5869.0,597.0,0.0,10.172090645765888
07143207,605.0,19.0,0.0,3.1404958677685952
07143208,543.0,30.0,0.0,5.524861878453039
07143209,485.0,24.0,0.0,4.948453608247423
07143210,487.0,8.0,0.0,1.6427104722792607
07143211,252.0,0.0,1.0,0.0
07143212,541.0,14.0,0.0,2.587800369685767
07143213,484.0,15.0,0.0,3.0991735537190084
07143214,174.0,7.0,0.0,4.022988505747127
07143215,244.0,3.0,0.0,1.2295081967213115
07143216,596.0,15.0,0.0,2.5167785234899327
07143218,907.0,31.0,0.0,3.4178610804851157
07143219,297.0,0.0,1.0,0.0
07143220,322.0,5.0,0.0,1.5527950310559007
07143221,239.0,9.0,0.0,3.7656903765690375
07143222,815.0,37.0,0.0,4.539877300613497
07143223,599.0,8.0,0.0,1.335559265442404
07143224,1048.0,40.0,0.0,3.816793893129771
07143225,334.0,6.0,0.0,1.7964071856287425
07143226,583.0,8.0,0.0,1.3722126929674099
07143227,585.0,26.0,0.0,4.444444444444445
07143228,927.0,23.0,0.0,2.481121898597627
07143229,5873.0,396.0,0.0,6.742720926272773
07143230,417.0,9.0,0.0,2.158273381294964
07143231,472.0,30.0,0.0,6.3559322033898304
07143232,401.0,7.0,0.0,1.745635910224439
07143233,366.0,4.0,0.0,1.092896174863388
07143234,416.0,15.0,0.0,3.605769230769231
07143235,1744.0,35.0,0.0,2.006880733944954
07143236,282.0,4.0,0.0,1.4184397163120568
07143237,1286.0,35.0,0.0,2.7216174183514776
07143238,446.0,11.0,0.0,2.4663677130044843
07143239,944.0,20.0,0.0,2.1186440677966103
07143240,126.0,0.0,1.0,0.0
07143241,670.0,27.0,0.0,4.029850746268656
07143242,3131.0,137.0,0.0,4.375598850207601
07143243,1284.0,29.0,0.0,2.2585669781931466
07143244,171.0,0.0,1.0,0.0
07143245,307.0,9.0,0.0,2.9315960912052117
07143246,807.0,24.0,0.0,2.973977695167286
07143247,606.0,10.0,0.0,1.6501650165016502
07143248,592.0,33.0,0.0,5.574324324324325
07143249,1018.0,35.0,0.0,3.43811394891945
07143250,647.0,13.0,0.0,2.009273570324575
07143251,160.0,3.0,0.0,1.875
07143252,271.0,0.0,1.0,0.0
07143253,1087.0,25.0,0.0,2.2999080036798527
07143254,1342.0,47.0,0.0,3.502235469448584
07143255,383.0,11.0,0.0,2.8720626631853787
07143256,896.0,35.0,0.0,3.90625
07143257,439.0,3.0,0.0,0.683371298405467
07143258,145.0,5.0,0.0,3.4482758620689653
07143259,312.0,9.0,0.0,2.8846153846153846
07143260,616.0,19.0,0.0,3.0844155844155843
07143261,255.0,5.0,0.0,1.9607843137254901
07143262,431.0,11.0,0.0,2.5522041763341066
07143263,1840.0,79.0,0.0,4.293478260869565
07143264,571.0,14.0,0.0,2.4518388791593697
07143265,458.0,7.0,0.0,1.5283842794759825
07143266,428.0,21.0,0.0,4.906542056074766
07143267,746.0,21.0,0.0,2.8150134048257374
07143268,776.0,14.0,0.0,1.8041237113402062
07143269,1002.0,30.0,0.0,2.9940119760479043
07143270,1106.0,21.0,0.0,1.8987341772151898
07143271,564.0,10.0,0.0,1.7730496453900708
07143272,599.0,7.0,0.0,1.1686143572621035
07143273,815.0,42.0,0.0,5.153374233128834
07143274,767.0,43.0,0.0,5.60625814863103
07143275,179.0,3.0,0.0,1.675977653631285
07143276,959.0,26.0,0.0,2.711157455683003
07143277,881.0,15.0,0.0,1.7026106696935301
07143278,318.0,17.0,0.0,5.345911949685535
07143279,1305.0,106.0,0.0,8.122605363984674
07143280,982.0,32.0,0.0,3.258655804480652
07143281,567.0,16.0,0.0,2.821869488536155
07143282,700.0,29.0,0.0,4.142857142857143
07143283,336.0,23.0,0.0,6.845238095238095
07143284,978.0,32.0,0.0,3.2719836400817996
07143285,966.0,13.0,0.0,1.3457556935817805
07143286,4057.0,287.0,0.0,7.07419275326596
07143287,827.0,19.0,0.0,2.2974607013301087
07143288,566.0,53.0,0.0,9.363957597173146
07143289,885.0,20.0,0.0,2.2598870056497176
07143290,878.0,26.0,0.0,2.9612756264236904
07143291,243.0,3.0,0.0,1.2345679012345678
07143292,1235.0,74.0,0.0,5.991902834008097
07143293,326.0,13.0,0.0,3.9877300613496933
07143294,801.0,21.0,0.0,2.6217228464419478
07143295,410.0,10.0,0.0,2.4390243902439024
07143296,225.0,8.0,0.0,3.5555555555555554
07143297,493.0,24.0,0.0,4.8681541582150105
07143298,660.0,11.0,0.0,1.6666666666666667
07143299,540.0,7.0,0.0,1.2962962962962963
07143300,1896.0,96.0,0.0,5.063291139240507
07143301,833.0,16.0,0.0,1.9207683073229291
07143302,198.0,13.0,0.0,6.565656565656566
07143303,351.0,12.0,0.0,3.4188034188034186
07143304,1430.0,129.0,0.0,9.020979020979022
07143305,561.0,3.0,0.0,0.5347593582887701
07143306,143.0,0.0,1.0,0.0
07143307,289.0,5.0,0.0,1.7301038062283738
07143308,5696.0,365.0,0.0,6.408005617977528
07143309,944.0,37.0,0.0,3.919491525423729
07143310,472.0,11.0,0.0,2.330508474576271
07143311,305.0,10.0,0.0,3.278688524590164
07143312,651.0,28.0,0.0,4.301075268817204
07143313,241.0,11.0,0.0,4.564315352697095
07143314,466.0,13.0,0.0,2.7896995708154506
07143315,391.0,6.0,0.0,1.5345268542199488
07143316,177.0,3.0,0.0,1.694915254237288
07143501,306.0,11.0,0.0,3.5947712418300655
07143502,232.0,0.0,1.0,0.0
07211000,105671.0,7989.0,0.0,7.560257781226637
07231001,1578.0,50.0,0.0,3.1685678073510775
07231003,360.0,3.0,0.0,0.8333333333333334
07231004,1259.0,39.0,0.0,3.097696584590945
07231005,816.0,30.0,0.0,3.676470588235294
07231006,462.0,12.0,0.0,2.5974025974025974
07231007,872.0,33.0,0.0,3.7844036697247705
07231008,6815.0,537.0,0.0,7.879677182685253
07231009,684.0,14.0,0.0,2.046783625730994
07231010,1065.0,54.0,0.0,5.070422535211268
07231012,1217.0,78.0,0.0,6.409202958093673
07231013,458.0,11.0,0.0,2.4017467248908297
07231014,415.0,30.0,0.0,7.228915662650603
07231016,592.0,14.0,0.0,2.364864864864865
07231017,117.0,0.0,1.0,0.0
07231018,275.0,4.0,0.0,1.4545454545454546
07231019,125.0,10.0,0.0,8.0
07231020,71.0,6.0,0.0,8.450704225352112
07231021,11.0,0.0,1.0,0.0
07231022,171.0,0.0,1.0,0.0
07231023,105.0,0.0,1.0,0.0
07231024,1381.0,51.0,0.0,3.6929761042722666
07231025,363.0,10.0,0.0,2.7548209366391183
07231026,322.0,12.0,0.0,3.7267080745341614
07231029,1574.0,59.0,0.0,3.7484116899618805
07231030,377.0,0.0,1.0,0.0
07231031,398.0,8.0,0.0,2.0100502512562812
07231032,62.0,3.0,0.0,4.838709677419355
07231033,466.0,6.0,0.0,1.2875536480686696
07231035,171.0,15.0,0.0,8.771929824561404
07231036,255.0,5.0,0.0,1.9607843137254901
07231037,352.0,6.0,0.0,1.7045454545454546
07231040,215.0,3.0,0.0,1.3953488372093024
07231041,675.0,24.0,0.0,3.5555555555555554
07231042,120.0,4.0,0.0,3.3333333333333335
07231044,251.0,0.0,1.0,0.0
07231046,947.0,32.0,0.0,3.37909186906019
07231049,571.0,7.0,0.0,1.2259194395796849
07231050,125.0,4.0,0.0,3.2
07231051,183.0,10.0,0.0,5.46448087431694
07231053,2159.0,58.0,0.0,2.686428902269569
07231054,266.0,3.0,0.0,1.1278195488721805
07231056,255.0,6.0,0.0,2.3529411764705883
07231057,841.0,19.0,0.0,2.2592152199762188
07231058,442.0,16.0,0.0,3.6199095022624435
07231062,584.0,8.0,0.0,1.36986301369863
07231064,157.0,4.0,0.0,2.5477707006369426
07231065,201.0,7.0,0.0,3.482587064676617
07231066,364.0,7.0,0.0,1.9230769230769231
07231067,1085.0,28.0,0.0,2.5806451612903225
07231068,820.0,22.0,0.0,2.682926829268293
07231069,1327.0,47.0,0.0,3.541823662396383
07231070,686.0,14.0,0.0,2.0408163265306123
07231071,304.0,0.0,1.0,0.0
07231072,2324.0,91.0,0.0,3.9156626506024095
07231074,508.0,7.0,0.0,1.3779527559055118
07231075,1227.0,35.0,0.0,2.852485737571312
07231076,426.0,20.0,0.0,4.694835680751174
07231077,1178.0,30.0,0.0,2.5466893039049237
07231078,98.0,4.0,0.0,4.081632653061225
07231079,1337.0,21.0,0.0,1.5706806282722514
07231080,1315.0,68.0,0.0,5.171102661596958
07231081,1487.0,27.0,0.0,1.8157363819771353
07231082,353.0,15.0,0.0,4.2492917847025495
07231083,63.0,3.0,0.0,4.761904761904762
07231085,651.0,14.0,0.0,2.150537634408602
07231086,490.0,7.0,0.0,1.4285714285714286
07231087,1217.0,26.0,0.0,2.1364009860312243
07231090,1006.0,31.0,0.0,3.081510934393638
07231091,57.0,0.0,1.0,0.0
07231092,2233.0,113.0,0.0,5.060456784594716
07231093,150.0,10.0,0.0,6.666666666666667
07231095,451.0,6.0,0.0,1.3303769401330376
07231096,241.0,0.0,1.0,0.0
07231100,276.0,5.0,0.0,1.8115942028985508
07231101,185.0,3.0,0.0,1.6216216216216217
07231103,1624.0,94.0,0.0,5.788177339901478
07231104,236.0,7.0,0.0,2.9661016949152543
07231105,1981.0,36.0,0.0,1.8172640080767288
07231107,879.0,26.0,0.0,2.9579067121729237
07231108,642.0,5.0,0.0,0.778816199376947
07231110,1072.0,45.0,0.0,4.197761194029851
07231111,708.0,14.0,0.0,1.9774011299435028
07231112,49.0,0.0,1.0,0.0
07231113,2367.0,61.0,0.0,2.577101816645543
07231114,117.0,3.0,0.0,2.5641025641025643
07231115,234.0,11.0,0.0,4.700854700854701
07231116,56.0,0.0,1.0,0.0
07231117,898.0,14.0,0.0,1.55902004454343
07231120,242.0,5.0,0.0,2.0661157024793386
07231122,224.0,6.0,0.0,2.6785714285714284
07231123,1820.0,46.0,0.0,2.5274725274725274
07231124,5799.0,632.0,0.0,10.898430763924814
07231125,898.0,43.0,0.0,4.788418708240535
07231126,927.0,26.0,0.0,2.8047464940668823
07231127,358.0,5.0,0.0,1.3966480446927374
07231132,64.0,0.0,1.0,0.0
07231133,955.0,21.0,0.0,2.1989528795811517
07231134,18237.0,1744.0,0.0,9.562976366726984
07231136,2246.0,60.0,0.0,2.671415850400712
07231202,268.0,0.0,1.0,0.0
07231203,203.0,5.0,0.0,2.4630541871921183
07231204,738.0,27.0,0.0,3.658536585365854
07231206,474.0,11.0,0.0,2.320675105485232
07231501,725.0,15.0,0.0,2.0689655172413794
07231502,10532.0,263.0,0.0,2.4971515381693887
07231503,1979.0,73.0,0.0,3.6887316826680143
07231504,682.0,28.0,0.0,4.105571847507331
07232001,31.0,0.0,1.0,0.0
07232002,437.0,48.0,0.0,10.983981693363845
07232003,90.0,12.0,0.0,13.333333333333334
07232004,23.0,0.0,1.0,0.0
07232005,249.0,12.0,0.0,4.819277108433735
07232006,130.0,3.0,0.0,2.3076923076923075
07232007,1072.0,11.0,0.0,1.0261194029850746
07232008,78.0,10.0,0.0,12.820512820512821
07232009,486.0,20.0,0.0,4.11522633744856
07232010,374.0,7.0,0.0,1.8716577540106951
07232011,94.0,0.0,1.0,0.0
07232012,60.0,0.0,1.0,0.0
07232013,1024.0,47.0,0.0,4.58984375
07232014,486.0,14.0,0.0,2.880658436213992
07232015,549.0,33.0,0.0,6.0109289617486334
07232016,223.0,30.0,0.0,13.452914798206278
07232017,76.0,4.0,0.0,5.2631578947368425
07232018,13295.0,905.0,0.0,6.807070327190673
07232019,1642.0,344.0,0.0,20.95006090133983
07232020,251.0,0.0,1.0,0.0
07232022,23.0,4.0,0.0,17.391304347826086
07232024,267.0,10.0,0.0,3.745318352059925
07232025,86.0,11.0,0.0,12.790697674418604
07232026,198.0,7.0,0.0,3.5353535353535355
07232027,1032.0,76.0,0.0,7.364341085271318
07232028,727.0,319.0,0.0,43.878954607977995
07232029,104.0,4.0,0.0,3.8461538461538463
07232030,427.0,20.0,0.0,4.68384074941452
07232031,74.0,3.0,0.0,4.054054054054054
07232032,44.0,0.0,1.0,0.0
07232033,431.0,98.0,0.0,22.737819025522043
07232034,92.0,0.0,1.0,0.0
07232035,29.0,3.0,0.0,10.344827586206897
07232036,32.0,0.0,1.0,0.0
07232037,918.0,130.0,0.0,14.161220043572985
07232038,75.0,14.0,0.0,18.666666666666668
07232039,706.0,15.0,0.0,2.1246458923512748
07232040,404.0,33.0,0.0,8.168316831683168
07232041,33.0,8.0,0.0,24.242424242424242
07232042,71.0,17.0,0.0,23.943661971830984
07232043,340.0,27.0,0.0,7.9411764705882355
07232044,244.0,13.0,0.0,5.327868852459017
07232045,105.0,5.0,0.0,4.761904761904762
07232046,27.0,0.0,1.0,0.0
07232047,130.0,3.0,0.0,2.3076923076923075
07232048,103.0,6.0,0.0,5.825242718446602
07232049,27.0,3.0,0.0,11.11111111111111
07232050,1210.0,69.0,0.0,5.702479338842975
07232053,613.0,68.0,0.0,11.092985318107667
07232054,61.0,7.0,0.0,11.475409836065573
07232055,190.0,7.0,0.0,3.6842105263157894
07232056,51.0,0.0,1.0,0.0
07232057,199.0,8.0,0.0,4.0201005025125625
07232058,338.0,6.0,0.0,1.7751479289940828
07232059,148.0,11.0,0.0,7.4324324324324325
07232060,441.0,6.0,0.0,1.3605442176870748
07232061,406.0,20.0,0.0,4.926108374384237
07232062,231.0,8.0,0.0,3.463203463203463
07232063,1433.0,137.0,0.0,9.560362875087229
07232064,373.0,33.0,0.0,8.847184986595174
07232065,57.0,4.0,0.0,7.017543859649122
07232066,18.0,9.0,0.0,50.0
07232067,1123.0,93.0,0.0,8.281389136242208
07232068,114.0,13.0,0.0,11.403508771929825
07232069,380.0,35.0,0.0,9.210526315789474
07232070,916.0,63.0,0.0,6.877729257641922
07232071,103.0,0.0,1.0,0.0
07232072,216.0,12.0,0.0,5.555555555555555
07232073,57.0,4.0,0.0,7.017543859649122
07232074,80.0,0.0,1.0,0.0
07232075,629.0,18.0,0.0,2.861685214626391
07232076,344.0,13.0,0.0,3.7790697674418605
07232077,392.0,7.0,0.0,1.7857142857142858
07232078,179.0,13.0,0.0,7.262569832402234
07232079,533.0,24.0,0.0,4.50281425891182
07232080,1128.0,54.0,0.0,4.787234042553192
07232081,497.0,21.0,0.0,4.225352112676056
07232082,213.0,30.0,0.0,14.084507042253522
07232083,121.0,9.0,0.0,7.43801652892562
07232084,58.0,0.0,1.0,0.0
07232085,45.0,3.0,0.0,6.666666666666667
07232086,533.0,12.0,0.0,2.25140712945591
07232087,905.0,36.0,0.0,3.977900552486188
07232088,1554.0,126.0,0.0,8.108108108108109
07232089,51.0,7.0,0.0,13.72549019607843
07232090,46.0,8.0,0.0,17.391304347826086
07232091,253.0,20.0,0.0,7.905138339920948
07232092,89.0,7.0,0.0,7.865168539325842
07232093,238.0,41.0,0.0,17.22689075630252
07232094,76.0,0.0,1.0,0.0
07232095,474.0,35.0,0.0,7.383966244725738
07232096,166.0,29.0,0.0,17.46987951807229
07232097,70.0,0.0,1.0,0.0
07232098,142.0,0.0,1.0,0.0
07232099,556.0,32.0,0.0,5.755395683453237
07232100,99.0,0.0,1.0,0.0
07232101,159.0,0.0,1.0,0.0
07232102,473.0,23.0,0.0,4.862579281183932
07232103,234.0,15.0,0.0,6.410256410256411
07232104,111.0,3.0,0.0,2.7027027027027026
07232105,279.0,4.0,0.0,1.4336917562724014
07232106,89.0,4.0,0.0,4.49438202247191
07232107,703.0,21.0,0.0,2.987197724039829
07232108,504.0,66.0,0.0,13.095238095238095
07232109,1456.0,40.0,0.0,2.7472527472527473
07232110,171.0,30.0,0.0,17.54385964912281
07232111,425.0,12.0,0.0,2.823529411764706
07232112,189.0,55.0,0.0,29.1005291005291
07232113,290.0,22.0,0.0,7.586206896551724
07232114,187.0,13.0,0.0,6.951871657754011
07232115,68.0,7.0,0.0,10.294117647058824
07232116,41.0,8.0,0.0,19.51219512195122
07232117,56.0,0.0,1.0,0.0
07232118,371.0,13.0,0.0,3.504043126684636
07232119,330.0,6.0,0.0,1.8181818181818181
07232120,235.0,14.0,0.0,5.957446808510638
07232121,54.0,5.0,0.0,9.25925925925926
07232122,423.0,18.0,0.0,4.25531914893617
07232123,3194.0,181.0,0.0,5.666875391358798
07232124,88.0,0.0,1.0,0.0
07232125,451.0,34.0,0.0,7.5388026607538805
07232126,282.0,4.0,0.0,1.4184397163120568
07232127,60.0,8.0,0.0,13.333333333333334
07232128,79.0,11.0,0.0,13.924050632911392
07232129,67.0,3.0,0.0,4.477611940298507
07232130,32.0,0.0,1.0,0.0
07232131,377.0,103.0,0.0,27.320954907161802
07232132,178.0,5.0,0.0,2.808988764044944
07232133,54.0,0.0,1.0,0.0
07232134,248.0,7.0,0.0,2.8225806451612905
07232135,186.0,3.0,0.0,1.6129032258064515
07232137,816.0,64.0,0.0,7.8431372549019605
07232138,47.0,5.0,0.0,10.638297872340425
07232201,1366.0,74.0,0.0,5.417276720351391
07232202,647.0,41.0,0.0,6.3369397217928904
07232203,215.0,9.0,0.0,4.186046511627907
07232206,1180.0,67.0,0.0,5.677966101694915
07232207,323.0,17.0,0.0,5.2631578947368425
07232208,242.0,12.0,0.0,4.958677685950414
07232209,581.0,21.0,0.0,3.6144578313253013
07232210,676.0,20.0,0.0,2.9585798816568047
07232211,142.0,3.0,0.0,2.112676056338028
07232212,323.0,40.0,0.0,12.38390092879257
07232213,853.0,96.0,0.0,11.254396248534583
07232214,222.0,29.0,0.0,13.063063063063064
07232216,96.0,3.0,0.0,3.125
07232217,46.0,0.0,1.0,0.0
07232218,357.0,16.0,0.0,4.481792717086835
07232220,178.0,12.0,0.0,6.741573033707865
07232221,130.0,9.0,0.0,6.923076923076923
07232222,333.0,3.0,0.0,0.9009009009009009
07232223,356.0,18.0,0.0,5.056179775280899
07232224,131.0,8.0,0.0,6.106870229007634
07232225,425.0,10.0,0.0,2.3529411764705883
07232226,1013.0,31.0,0.0,3.0602171767028628
07232227,463.0,14.0,0.0,3.023758099352052
07232228,304.0,6.0,0.0,1.9736842105263157
07232229,148.0,3.0,0.0,2.027027027027027
07232230,126.0,9.0,0.0,7.142857142857143
07232231,619.0,34.0,0.0,5.4927302100161555
07232233,90.0,0.0,1.0,0.0
07232234,75.0,0.0,1.0,0.0
07232236,155.0,7.0,0.0,4.516129032258065
07232238,107.0,19.0,0.0,17.757009345794394
07232240,41.0,0.0,1.0,0.0
07232245,219.0,18.0,0.0,8.219178082191782
07232246,172.0,16.0,0.0,9.30232558139535
07232247,83.0,0.0,1.0,0.0
07232248,40.0,0.0,1.0,0.0
07232249,46.0,0.0,1.0,0.0
07232250,153.0,0.0,1.0,0.0
07232253,228.0,8.0,0.0,3.508771929824561
07232254,346.0,4.0,0.0,1.1560693641618498
07232255,75.0,3.0,0.0,4.0
07232256,325.0,19.0,0.0,5.846153846153846
07232258,103.0,0.0,1.0,0.0
07232259,162.0,24.0,0.0,14.814814814814815
07232260,323.0,20.0,0.0,6.191950464396285
07232261,82.0,3.0,0.0,3.658536585365854
07232262,544.0,11.0,0.0,2.0220588235294117
07232263,390.0,35.0,0.0,8.974358974358974
07232264,64.0,0.0,1.0,0.0
07232265,60.0,0.0,1.0,0.0
07232266,59.0,0.0,1.0,0.0
07232267,65.0,4.0,0.0,6.153846153846154
07232270,37.0,0.0,1.0,0.0
07232271,112.0,4.0,0.0,3.5714285714285716
07232272,91.0,0.0,1.0,0.0
07232273,271.0,22.0,0.0,8.118081180811808
07232276,47.0,0.0,1.0,0.0
07232277,37.0,3.0,0.0,8.108108108108109
07232279,292.0,14.0,0.0,4.794520547945205
07232280,103.0,7.0,0.0,6.796116504854369
07232282,607.0,11.0,0.0,1.812191103789127
07232283,131.0,10.0,0.0,7.633587786259542
07232284,61.0,0.0,1.0,0.0
07232285,350.0,13.0,0.0,3.7142857142857144
07232287,150.0,19.0,0.0,12.666666666666666
07232288,563.0,22.0,0.0,3.907637655417407
07232289,1275.0,12.0,0.0,0.9411764705882353
07232290,202.0,15.0,0.0,7.425742574257426
07232291,45.0,0.0,1.0,0.0
07232292,94.0,4.0,0.0,4.25531914893617
07232293,307.0,14.0,0.0,4.5602605863192185
07232294,178.0,17.0,0.0,9.55056179775281
07232295,947.0,24.0,0.0,2.5343189017951424
07232296,5359.0,376.0,0.0,7.0162343720843445
07232297,56.0,10.0,0.0,17.857142857142858
07232298,68.0,5.0,0.0,7.352941176470588
07232300,678.0,14.0,0.0,2.0648967551622417
07232301,68.0,6.0,0.0,8.823529411764707
07232302,425.0,20.0,0.0,4.705882352941177
07232304,1475.0,64.0,0.0,4.338983050847458
07232305,443.0,3.0,0.0,0.6772009029345373
07232306,166.0,7.0,0.0,4.216867469879518
07232307,148.0,5.0,0.0,3.3783783783783785
07232308,310.0,8.0,0.0,2.5806451612903225
07232309,21.0,3.0,0.0,14.285714285714286
07232310,53.0,4.0,0.0,7.547169811320755
07232311,846.0,56.0,0.0,6.619385342789598
07232313,213.0,4.0,0.0,1.8779342723004695
07232315,33.0,0.0,1.0,0.0
07232318,740.0,20.0,0.0,2.7027027027027026
07232320,398.0,3.0,0.0,0.7537688442211056
07232321,294.0,9.0,0.0,3.061224489795918
07232322,1081.0,34.0,0.0,3.145235892691952
07232327,66.0,3.0,0.0,4.545454545454546
07232328,157.0,4.0,0.0,2.5477707006369426
07232329,835.0,65.0,0.0,7.7844311377245505
07232331,135.0,8.0,0.0,5.925925925925926
07232332,411.0,16.0,0.0,3.8929440389294405
07232333,440.0,7.0,0.0,1.5909090909090908
07232501,785.0,23.0,0.0,2.929936305732484
07232502,94.0,10.0,1.0,10.638297872340425
07233002,86.0,0.0,1.0,0.0
07233003,79.0,0.0,1.0,0.0
07233004,225.0,14.0,0.0,6.222222222222222
07233005,568.0,18.0,0.0,3.1690140845070425
07233006,285.0,3.0,0.0,1.0526315789473684
07233007,469.0,0.0,1.0,0.0
07233008,299.0,7.0,0.0,2.3411371237458196
07233010,228.0,3.0,0.0,1.3157894736842106
07233011,210.0,3.0,0.0,1.4285714285714286
07233014,841.0,19.0,0.0,2.2592152199762188
07233016,311.0,4.0,0.0,1.2861736334405145
07233017,375.0,13.0,0.0,3.466666666666667
07233018,676.0,12.0,0.0,1.7751479289940828
07233019,179.0,11.0,0.0,6.145251396648045
07233020,875.0,10.0,0.0,1.1428571428571428
07233021,274.0,15.0,0.0,5.474452554744525
07233022,477.0,10.0,0.0,2.0964360587002098
07233023,513.0,16.0,0.0,3.1189083820662766
07233025,106.0,3.0,0.0,2.830188679245283
07233026,7654.0,432.0,0.0,5.644107656127515
07233027,1453.0,36.0,0.0,2.477632484514797
07233028,523.0,28.0,0.0,5.353728489483748
07233029,3172.0,107.0,0.0,3.373266078184111
07233030,231.0,7.0,0.0,3.0303030303030303
07233031,127.0,3.0,0.0,2.3622047244094486
07233032,144.0,4.0,0.0,2.7777777777777777
07233033,331.0,3.0,0.0,0.9063444108761329
07233034,245.0,0.0,1.0,0.0
07233035,1696.0,158.0,0.0,9.316037735849056
07233036,452.0,10.0,0.0,2.2123893805309733
07233037,147.0,5.0,0.0,3.401360544217687
07233038,503.0,20.0,0.0,3.9761431411530817
07233039,357.0,8.0,0.0,2.2408963585434174
07233040,156.0,0.0,1.0,0.0
07233041,1138.0,91.0,0.0,7.996485061511423
07233042,1413.0,19.0,0.0,1.3446567586694975
07233043,247.0,9.0,0.0,3.6437246963562755
07233046,223.0,5.0,0.0,2.242152466367713
07233048,141.0,5.0,0.0,3.5460992907801416
07233049,219.0,0.0,1.0,0.0
07233050,872.0,9.0,0.0,1.0321100917431192
07233052,475.0,22.0,0.0,4.631578947368421
07233053,722.0,11.0,0.0,1.5235457063711912
07233054,322.0,4.0,0.0,1.2422360248447204
07233055,576.0,11.0,0.0,1.9097222222222223
07233056,989.0,36.0,0.0,3.640040444893832
07233058,267.0,20.0,0.0,7.49063670411985
07233060,335.0,9.0,0.0,2.6865671641791047
07233061,201.0,5.0,0.0,2.487562189054726
07233062,69.0,0.0,1.0,0.0
07233063,598.0,11.0,0.0,1.839464882943144
07233064,257.0,7.0,0.0,2.7237354085603114
07233065,153.0,13.0,0.0,8.49673202614379
07233067,243.0,28.0,0.0,11.522633744855968
07233068,208.0,3.0,0.0,1.4423076923076923
07233070,512.0,13.0,0.0,2.5390625
07233071,445.0,25.0,0.0,5.617977528089888
07233074,286.0,3.0,0.0,1.048951048951049
07233075,1112.0,26.0,0.0,2.338129496402878
07233076,1421.0,30.0,0.0,2.1111893033075297
07233077,178.0,3.0,0.0,1.6853932584269662
07233079,426.0,3.0,0.0,0.704225352112676
07233080,917.0,27.0,0.0,2.9443838604143946
07233081,255.0,14.0,0.0,5.490196078431373
07233083,631.0,17.0,0.0,2.6941362916006337
07233084,142.0,0.0,1.0,0.0
07233201,147.0,6.0,0.0,4.081632653061225
07233202,96.0,3.0,0.0,3.125
07233203,171.0,3.0,0.0,1.7543859649122806
07233204,1220.0,50.0,0.0,4.098360655737705
07233205,230.0,4.0,0.0,1.7391304347826086
07233206,254.0,0.0,1.0,0.0
07233207,73.0,5.0,0.0,6.8493150684931505
07233208,75.0,3.0,0.0,4.0
07233209,549.0,21.0,0.0,3.8251366120218577
07233210,155.0,3.0,0.0,1.935483870967742
07233211,297.0,16.0,0.0,5.3872053872053876
07233212,94.0,3.0,0.0,3.1914893617021276
07233213,110.0,13.0,0.0,11.818181818181818
07233214,501.0,50.0,0.0,9.980039920159681
07233215,346.0,8.0,0.0,2.3121387283236996
07233216,131.0,3.0,0.0,2.2900763358778624
07233217,180.0,0.0,1.0,0.0
07233218,1964.0,59.0,0.0,3.0040733197556007
07233219,181.0,18.0,0.0,9.94475138121547
07233220,78.0,0.0,1.0,0.0
07233221,111.0,0.0,1.0,0.0
07233222,125.0,5.0,0.0,4.0
07233223,180.0,18.0,0.0,10.0
07233224,220.0,11.0,0.0,5.0
07233225,252.0,0.0,1.0,0.0
07233226,155.0,7.0,0.0,4.516129032258065
07233227,589.0,26.0,0.0,4.4142614601018675
07233228,41.0,3.0,0.0,7.317073170731708
07233229,428.0,15.0,0.0,3.5046728971962615
07233230,126.0,0.0,1.0,0.0
07233232,378.0,7.0,0.0,1.8518518518518519
07233233,66.0,4.0,0.0,6.0606060606060606
07233234,335.0,6.0,0.0,1.791044776119403
07233235,203.0,9.0,0.0,4.433497536945813
07233236,78.0,0.0,1.0,0.0
07233237,133.0,7.0,0.0,5.2631578947368425
07233239,314.0,20.0,0.0,6.369426751592357
07233240,1431.0,86.0,0.0,6.009783368273935
07233241,643.0,10.0,0.0,1.5552099533437014
07233242,692.0,3.0,0.0,0.43352601156069365
07233243,49.0,3.0,0.0,6.122448979591836
07233244,133.0,4.0,0.0,3.007518796992481
07233501,8153.0,343.0,0.0,4.207040353244205
07235001,1078.0,42.0,0.0,3.896103896103896
07235002,1429.0,43.0,0.0,3.009097270818754
07235003,269.0,0.0,1.0,0.0
07235004,783.0,30.0,0.0,3.8314176245210727
07235005,399.0,10.0,0.0,2.506265664160401
07235008,928.0,12.0,0.0,1.293103448275862
07235010,253.0,3.0,0.0,1.1857707509881423
07235014,632.0,4.0,0.0,0.6329113924050633
07235015,563.0,16.0,0.0,2.841918294849023
07235019,461.0,10.0,0.0,2.1691973969631237
07235021,759.0,24.0,0.0,3.1620553359683794
07235022,2470.0,49.0,0.0,1.9838056680161944
07235025,365.0,45.0,0.0,12.32876712328767
07235026,2678.0,58.0,0.0,2.165795369678865
07235027,363.0,10.0,0.0,2.7548209366391183
07235028,1596.0,232.0,0.0,14.536340852130326
07235030,567.0,10.0,0.0,1.763668430335097
07235033,1014.0,19.0,0.0,1.873767258382643
07235035,509.0,10.0,0.0,1.9646365422396856
07235036,1145.0,10.0,0.0,0.8733624454148472
07235037,1891.0,65.0,0.0,3.437334743521946
07235038,636.0,21.0,0.0,3.30188679245283
07235040,264.0,0.0,1.0,0.0
07235043,385.0,19.0,0.0,4.935064935064935
07235044,274.0,5.0,0.0,1.8248175182481752
07235045,5804.0,315.0,0.0,5.427291523087526
07235046,135.0,3.0,0.0,2.2222222222222223
07235047,287.0,0.0,1.0,0.0
07235048,291.0,4.0,0.0,1.3745704467353952
07235050,426.0,7.0,0.0,1.6431924882629108
07235051,2029.0,131.0,0.0,6.45638245441104
07235052,1510.0,63.0,0.0,4.172185430463577
07235055,655.0,32.0,0.0,4.885496183206107
07235056,1248.0,25.0,0.0,2.003205128205128
07235057,407.0,23.0,0.0,5.651105651105651
07235058,1958.0,64.0,0.0,3.268641470888662
07235060,2558.0,58.0,0.0,2.2673964034401877
07235062,851.0,136.0,0.0,15.981198589894243
07235063,1115.0,44.0,0.0,3.9461883408071747
07235067,346.0,9.0,0.0,2.601156069364162
07235068,17561.0,1515.0,0.0,8.62707135128979
07235069,2102.0,43.0,0.0,2.0456707897240722
07235070,761.0,32.0,0.0,4.204993429697766
07235072,569.0,12.0,0.0,2.10896309314587
07235073,1644.0,234.0,0.0,14.233576642335766
07235074,1532.0,83.0,0.0,5.417754569190601
07235077,91.0,6.0,0.0,6.593406593406593
07235078,1287.0,36.0,0.0,2.797202797202797
07235080,606.0,11.0,0.0,1.8151815181518152
07235081,891.0,11.0,0.0,1.2345679012345678
07235082,364.0,22.0,0.0,6.043956043956044
07235083,2241.0,92.0,0.0,4.105310129406515
07235085,1655.0,78.0,0.0,4.712990936555891
07235090,958.0,8.0,0.0,0.8350730688935282
07235091,368.0,6.0,0.0,1.6304347826086956
07235092,231.0,15.0,0.0,6.4935064935064934
07235093,792.0,8.0,0.0,1.0101010101010102
07235094,2878.0,137.0,0.0,4.760250173731758
07235095,2240.0,478.0,0.0,21.339285714285715
07235096,993.0,96.0,0.0,9.667673716012084
07235098,640.0,26.0,0.0,4.0625
07235100,167.0,6.0,0.0,3.592814371257485
07235101,156.0,7.0,0.0,4.487179487179487
07235103,2389.0,47.0,0.0,1.9673503557974048
07235104,1444.0,298.0,0.0,20.63711911357341
07235105,239.0,16.0,0.0,6.694560669456067
07235106,981.0,24.0,0.0,2.4464831804281344
07235107,1402.0,44.0,0.0,3.138373751783167
07235108,492.0,13.0,0.0,2.6422764227642275
07235111,2081.0,181.0,0.0,8.6977414704469
07235112,475.0,5.0,0.0,1.0526315789473684
07235114,2319.0,64.0,0.0,2.759810263044416
07235115,1206.0,16.0,0.0,1.3266998341625207
07235116,430.0,21.0,0.0,4.883720930232558
07235118,6613.0,585.0,0.0,8.84621200665356
07235119,1221.0,15.0,0.0,1.2285012285012284
07235120,192.0,0.0,1.0,0.0
07235122,734.0,19.0,0.0,2.5885558583106265
07235123,123.0,8.0,0.0,6.504065040650406
07235124,750.0,19.0,0.0,2.533333333333333
07235125,6778.0,214.0,0.0,3.1572735320153438
07235126,1626.0,55.0,0.0,3.3825338253382533
07235129,75.0,0.0,1.0,0.0
07235131,785.0,43.0,0.0,5.477707006369426
07235132,2599.0,195.0,0.0,7.502885725278953
07235133,684.0,88.0,0.0,12.865497076023392
07235134,175.0,15.0,0.0,8.571428571428571
07235135,1079.0,14.0,0.0,1.2974976830398517
07235136,1180.0,82.0,0.0,6.9491525423728815
07235137,3664.0,185.0,0.0,5.049126637554585
07235140,200.0,4.0,0.0,2.0
07235141,2054.0,68.0,0.0,3.3106134371957157
07235142,857.0,9.0,0.0,1.0501750291715286
07235143,2256.0,160.0,0.0,7.092198581560283
07235144,598.0,23.0,0.0,3.8461538461538463
07235146,797.0,199.0,0.0,24.968632371392722
07235148,1451.0,43.0,0.0,2.963473466574776
07235149,1750.0,342.0,0.0,19.542857142857144
07235151,2945.0,92.0,0.0,3.1239388794567065
07235152,1576.0,47.0,0.0,2.982233502538071
07235153,656.0,12.0,0.0,1.829268292682927
07235154,699.0,88.0,0.0,12.589413447782546
07235207,1045.0,40.0,0.0,3.827751196172249
07235501,2595.0,123.0,0.0,4.7398843930635834
07311000,46415.0,5484.0,0.0,11.815145965743833
07312000,96340.0,8985.0,0.0,9.326344197633382
07313000,43361.0,2782.0,0.0,6.41590369225802
07314000,157584.0,31115.0,0.0,19.74502487562189
07315000,200344.0,29064.0,0.0,14.507047877650441
07316000,52164.0,3154.0,0.0,6.046315466605321
07317000,40887.0,2174.0,0.0,5.317093452686673
07318000,49540.0,5244.0,0.0,10.5853855470327
07319000,79207.0,8369.0,0.0,10.565985329579457
07320000,34200.0,1637.0,0.0,4.786549707602339
07331001,1656.0,89.0,0.0,5.374396135265701
07331002,2621.0,109.0,0.0,4.158718046547119
07331003,17531.0,1572.0,0.0,8.966972791055843
07331004,2566.0,98.0,0.0,3.8191738113795792
07331005,429.0,7.0,0.0,1.6317016317016317
07331006,1818.0,169.0,0.0,9.295929592959295
07331007,1587.0,54.0,0.0,3.402646502835539
07331008,379.0,8.0,0.0,2.1108179419525066
07331009,327.0,13.0,0.0,3.9755351681957185
07331010,676.0,28.0,0.0,4.1420118343195265
07331011,423.0,16.0,0.0,3.7825059101654848
07331012,876.0,181.0,0.0,20.662100456621005
07331014,156.0,3.0,0.0,1.9230769230769231
07331015,2084.0,94.0,0.0,4.5105566218809985
07331017,454.0,5.0,0.0,1.1013215859030836
07331018,3336.0,158.0,0.0,4.73621103117506
07331019,439.0,18.0,0.0,4.100227790432802
07331020,1279.0,45.0,0.0,3.5183737294761532
07331021,1365.0,37.0,0.0,2.7106227106227108
07331022,377.0,7.0,0.0,1.856763925729443
07331023,2982.0,91.0,0.0,3.051643192488263
07331024,1018.0,33.0,0.0,3.2416502946954813
07331025,2623.0,106.0,0.0,4.041174227983225
07331026,1637.0,53.0,0.0,3.2376298106292
07331027,678.0,26.0,0.0,3.8348082595870205
07331028,343.0,31.0,0.0,9.037900874635568
07331029,753.0,20.0,0.0,2.6560424966799467
07331030,2013.0,153.0,0.0,7.600596125186289
07331031,535.0,25.0,0.0,4.672897196261682
07331032,3814.0,182.0,0.0,4.771893025694808
07331033,633.0,28.0,0.0,4.423380726698262
07331034,2948.0,122.0,0.0,4.1383989145183175
07331035,600.0,16.0,0.0,2.6666666666666665
07331036,1620.0,44.0,0.0,2.7160493827160495
07331037,911.0,26.0,0.0,2.854006586169045
07331038,2142.0,50.0,0.0,2.3342670401493932
07331039,466.0,10.0,0.0,2.1459227467811157
07331041,643.0,20.0,0.0,3.1104199066874028
07331042,300.0,6.0,0.0,2.0
07331043,585.0,17.0,0.0,2.905982905982906
07331044,994.0,39.0,0.0,3.9235412474849096
07331045,1501.0,42.0,0.0,2.798134576948701
07331046,596.0,26.0,0.0,4.3624161073825505
07331047,894.0,24.0,0.0,2.684563758389262
07331048,2520.0,79.0,0.0,3.134920634920635
07331049,606.0,13.0,0.0,2.145214521452145
07331050,644.0,30.0,0.0,4.658385093167702
07331051,610.0,11.0,0.0,1.8032786885245902
07331052,1226.0,34.0,0.0,2.7732463295269167
07331053,617.0,16.0,0.0,2.593192868719611
07331054,1795.0,63.0,0.0,3.5097493036211698
07331055,8644.0,502.0,0.0,5.807496529384544
07331056,1564.0,63.0,0.0,4.028132992327365
07331058,7164.0,560.0,0.0,7.816862088218872
07331059,1545.0,57.0,0.0,3.6893203883495147
07331060,1273.0,35.0,0.0,2.7494108405341713
07331061,972.0,46.0,0.0,4.732510288065844
07331062,692.0,19.0,0.0,2.745664739884393
07331063,1068.0,58.0,0.0,5.430711610486892
07331064,1359.0,55.0,0.0,4.047093451066961
07331065,588.0,8.0,0.0,1.3605442176870748
07331066,707.0,14.0,0.0,1.9801980198019802
07331067,613.0,20.0,0.0,3.2626427406199023
07331068,1807.0,80.0,0.0,4.427227448810183
07331070,1344.0,34.0,0.0,2.5297619047619047
07331071,3163.0,114.0,0.0,3.6041732532405946
07331072,4544.0,259.0,0.0,5.699823943661972
07331073,7550.0,604.0,0.0,8.0
07331075,889.0,38.0,0.0,4.274465691788526
07332001,1812.0,66.0,0.0,3.642384105960265
07332002,18219.0,1399.0,0.0,7.67879686042044
07332003,402.0,10.0,0.0,2.487562189054726
07332004,429.0,19.0,0.0,4.428904428904429
07332005,834.0,21.0,0.0,2.5179856115107913
07332006,2139.0,67.0,0.0,3.1323048153342685
07332007,3456.0,129.0,0.0,3.732638888888889
07332008,433.0,18.0,0.0,4.157043879907621
07332009,3729.0,150.0,0.0,4.022526146419952
07332010,2967.0,141.0,0.0,4.752275025278059
07332012,1267.0,49.0,0.0,3.867403314917127
07332013,2271.0,129.0,0.0,5.680317040951123
07332014,2485.0,91.0,0.0,3.6619718309859155
07332015,1318.0,62.0,0.0,4.704097116843703
07332016,1398.0,28.0,0.0,2.0028612303290414
07332017,830.0,30.0,0.0,3.6144578313253013
07332018,793.0,27.0,0.0,3.4047919293820934
07332019,5057.0,281.0,0.0,5.556654142772395
07332020,1467.0,57.0,0.0,3.885480572597137
07332021,1685.0,63.0,0.0,3.7388724035608307
07332022,1498.0,65.0,0.0,4.339118825100133
07332023,1118.0,38.0,0.0,3.3989266547406083
07332024,12849.0,1159.0,0.0,9.020157210677874
07332025,19802.0,890.0,0.0,4.494495505504495
07332026,741.0,27.0,0.0,3.6437246963562755
07332027,3045.0,156.0,0.0,5.123152709359606
07332028,1166.0,95.0,0.0,8.147512864493997
07332029,1001.0,18.0,0.0,1.7982017982017982
07332030,1836.0,64.0,0.0,3.485838779956427
07332031,875.0,30.0,0.0,3.4285714285714284
07332032,4008.0,312.0,0.0,7.7844311377245505
07332033,884.0,30.0,0.0,3.3936651583710407
07332034,1067.0,36.0,0.0,3.373945641986879
07332035,3373.0,148.0,0.0,4.38778535428402
07332036,397.0,8.0,0.0,2.0151133501259446
07332037,879.0,28.0,0.0,3.185437997724687
07332038,824.0,56.0,0.0,6.796116504854369
07332039,2365.0,46.0,0.0,1.945031712473573
07332040,633.0,39.0,0.0,6.161137440758294
07332041,2666.0,91.0,0.0,3.4133533383345838
07332042,763.0,47.0,0.0,6.159895150720839
07332043,1467.0,78.0,0.0,5.316973415132924
07332044,815.0,17.0,0.0,2.085889570552147
07332046,4685.0,212.0,0.0,4.525080042689434
07332047,1592.0,67.0,0.0,4.208542713567839
07332048,1837.0,49.0,0.0,2.667392487751769
07332049,1689.0,62.0,0.0,3.670811130846655
07332050,4219.0,175.0,0.0,4.147902346527613
07333001,1735.0,46.0,0.0,2.6512968299711814
07333003,1655.0,79.0,0.0,4.7734138972809665
07333004,434.0,8.0,0.0,1.8433179723502304
07333005,154.0,3.0,0.0,1.948051948051948
07333006,622.0,14.0,0.0,2.2508038585209005
07333007,724.0,47.0,0.0,6.49171270718232
07333008,234.0,0.0,1.0,0.0
07333009,911.0,16.0,0.0,1.756311745334797
07333010,2423.0,86.0,0.0,3.5493190260008256
07333011,447.0,5.0,0.0,1.1185682326621924
07333012,425.0,6.0,0.0,1.411764705882353
07333013,896.0,27.0,0.0,3.013392857142857
07333014,548.0,10.0,0.0,1.8248175182481752
07333016,141.0,0.0,1.0,0.0
07333017,986.0,32.0,0.0,3.2454361054766734
07333018,848.0,28.0,0.0,3.30188679245283
07333019,9174.0,1146.0,0.0,12.49182472204055
07333020,244.0,8.0,0.0,3.278688524590164
07333021,326.0,0.0,1.0,0.0
07333022,626.0,8.0,0.0,1.2779552715654952
07333023,561.0,8.0,0.0,1.4260249554367201
07333024,340.0,3.0,0.0,0.8823529411764706
07333025,560.0,5.0,0.0,0.8928571428571429
07333026,3745.0,159.0,0.0,4.2456608811749
07333027,504.0,12.0,0.0,2.380952380952381
07333028,500.0,9.0,0.0,1.8
07333030,686.0,8.0,0.0,1.1661807580174928
07333031,562.0,12.0,0.0,2.1352313167259784
07333032,143.0,3.0,0.0,2.097902097902098
07333033,907.0,33.0,0.0,3.6383682469680263
07333034,556.0,14.0,0.0,2.5179856115107913
07333035,247.0,8.0,0.0,3.2388663967611335
07333036,192.0,3.0,0.0,1.5625
07333037,522.0,12.0,0.0,2.2988505747126435
07333038,2134.0,59.0,0.0,2.7647610121836927
07333039,7817.0,800.0,0.0,10.234105155430472
07333040,1051.0,6.0,0.0,0.570884871550904
07333041,646.0,14.0,0.0,2.1671826625387
07333042,949.0,34.0,0.0,3.582718651211802
07333043,437.0,15.0,0.0,3.4324942791762014
07333045,1643.0,63.0,0.0,3.834449178332319
07333046,512.0,11.0,0.0,2.1484375
07333047,744.0,29.0,0.0,3.8978494623655915
07333048,1207.0,30.0,0.0,2.4855012427506216
07333049,500.0,15.0,0.0,3.0
07333050,242.0,7.0,0.0,2.8925619834710745
07333051,492.0,11.0,0.0,2.2357723577235773
07333053,149.0,3.0,0.0,2.0134228187919465
07333054,1073.0,38.0,0.0,3.5414725069897486
07333055,261.0,0.0,1.0,0.0
07333056,504.0,10.0,0.0,1.9841269841269842
07333057,707.0,11.0,0.0,1.5558698727015559
07333058,386.0,11.0,0.0,2.849740932642487
07333060,1846.0,42.0,0.0,2.275189599133261
07333061,263.0,0.0,1.0,0.0
07333062,198.0,4.0,0.0,2.0202020202020203
07333064,482.0,7.0,0.0,1.4522821576763485
07333065,377.0,8.0,0.0,2.1220159151193636
07333066,306.0,3.0,0.0,0.9803921568627451
07333067,239.0,3.0,0.0,1.2552301255230125
07333068,127.0,3.0,0.0,2.3622047244094486
07333069,353.0,8.0,0.0,2.26628895184136
07333071,1143.0,28.0,0.0,2.4496937882764653
07333072,120.0,3.0,0.0,2.5
07333073,181.0,6.0,0.0,3.314917127071823
07333074,207.0,6.0,0.0,2.898550724637681
07333075,759.0,17.0,0.0,2.2397891963109355
07333076,628.0,21.0,0.0,3.343949044585987
07333077,117.0,3.0,0.0,2.5641025641025643
07333078,222.0,0.0,1.0,0.0
07333079,216.0,3.0,0.0,1.3888888888888888
07333080,476.0,22.0,0.0,4.621848739495798
07333081,505.0,15.0,0.0,2.9702970297029703
07333083,185.0,6.0,0.0,3.2432432432432434
07333084,213.0,0.0,1.0,0.0
07333201,195.0,4.0,0.0,2.051282051282051
07333202,108.0,0.0,1.0,0.0
07333203,177.0,10.0,0.0,5.649717514124294
07333501,1213.0,32.0,0.0,2.6380873866446826
07333502,5409.0,285.0,0.0,5.268996117581808
07333503,4735.0,264.0,0.0,5.575501583949314
07334001,8381.0,373.0,0.0,4.450542894642644
07334002,2041.0,85.0,0.0,4.164625183733464
07334004,710.0,34.0,0.0,4.788732394366197
07334005,1566.0,28.0,0.0,1.7879948914431674
07334006,1093.0,57.0,0.0,5.215004574565416
07334007,19803.0,3765.0,0.0,19.012270868050294
07334008,5293.0,513.0,0.0,9.69204609862082
07334009,2877.0,263.0,0.0,9.141466805700382
07334011,2432.0,71.0,0.0,2.919407894736842
07334012,6937.0,504.0,0.0,7.265388496468214
07334013,8485.0,721.0,0.0,8.497348261638185
07334014,1025.0,27.0,0.0,2.6341463414634148
07334015,1908.0,56.0,0.0,2.9350104821802936
07334016,2614.0,86.0,0.0,3.2899770466717673
07334017,5544.0,347.0,0.0,6.259018759018759
07334018,3240.0,400.0,0.0,12.345679012345679
07334020,1518.0,50.0,0.0,3.2938076416337285
07334021,2563.0,73.0,0.0,2.848224736636754
07334022,1836.0,58.0,0.0,3.159041394335512
07334023,1834.0,28.0,0.0,1.5267175572519085
07334024,4819.0,198.0,0.0,4.108736252334509
07334025,7796.0,295.0,0.0,3.783991790661878
07334027,664.0,18.0,0.0,2.710843373493976
07334028,2915.0,152.0,0.0,5.214408233276158
07334030,1879.0,27.0,0.0,1.4369345396487494
07334031,213.0,3.0,0.0,1.408450704225352
07334032,1668.0,183.0,0.0,10.971223021582734
07334033,1748.0,53.0,0.0,3.0320366132723113
07334034,1050.0,29.0,0.0,2.761904761904762
07334036,2172.0,123.0,0.0,5.662983425414365
07334501,17289.0,1504.0,0.0,8.69917288449303
07335002,2193.0,51.0,0.0,2.3255813953488373
07335003,7616.0,397.0,0.0,5.212710084033613
07335004,6832.0,385.0,0.0,5.635245901639344
07335005,739.0,23.0,0.0,3.1123139377537212
07335006,488.0,16.0,0.0,3.278688524590164
07335007,772.0,15.0,0.0,1.9430051813471503
07335009,323.0,10.0,0.0,3.0959752321981426
07335010,987.0,28.0,0.0,2.8368794326241136
07335011,166.0,3.0,0.0,1.8072289156626506
07335012,1208.0,48.0,0.0,3.9735099337748343
07335013,671.0,19.0,0.0,2.831594634873323
07335014,783.0,16.0,0.0,2.0434227330779056
07335015,4512.0,206.0,0.0,4.565602836879433
07335016,3915.0,172.0,0.0,4.393358876117497
07335017,1692.0,51.0,0.0,3.0141843971631204
07335018,2423.0,142.0,0.0,5.8605035080478745
07335019,475.0,27.0,0.0,5.684210526315789
07335020,1285.0,51.0,0.0,3.9688715953307394
07335021,1200.0,32.0,0.0,2.6666666666666665
07335022,8508.0,874.0,0.0,10.272684532204984
07335023,1190.0,38.0,0.0,3.19327731092437
07335024,1991.0,115.0,0.0,5.775991963837268
07335025,1110.0,20.0,0.0,1.8018018018018018
07335026,3793.0,157.0,0.0,4.139203796467176
07335027,676.0,20.0,0.0,2.9585798816568047
07335028,847.0,35.0,0.0,4.132231404958677
07335029,1991.0,65.0,0.0,3.2646911099949776
07335030,1451.0,67.0,0.0,4.617505168849069
07335031,422.0,10.0,0.0,2.3696682464454977
07335033,1078.0,19.0,0.0,1.7625231910946197
07335034,3893.0,170.0,0.0,4.366812227074236
07335035,5149.0,203.0,0.0,3.9425131093416197
07335037,2831.0,128.0,0.0,4.521370540445073
07335038,7622.0,834.0,0.0,10.942009971136185
07335040,3139.0,133.0,0.0,4.237018158649251
07335041,872.0,34.0,0.0,3.8990825688073394
07335042,599.0,19.0,0.0,3.1719532554257097
07335043,1033.0,47.0,0.0,4.549854791868345
07335044,2486.0,137.0,0.0,5.510860820595334
07335045,1173.0,33.0,0.0,2.813299232736573
07335046,451.0,13.0,0.0,2.882483370288248
07335047,3067.0,146.0,0.0,4.76035213563743
07335048,421.0,3.0,0.0,0.7125890736342043
07335049,4600.0,245.0,0.0,5.326086956521739
07335201,741.0,15.0,0.0,2.0242914979757085
07335202,268.0,0.0,1.0,0.0
07335203,1610.0,31.0,0.0,1.9254658385093169
07335204,1429.0,33.0,0.0,2.309307207837649
07335205,1135.0,47.0,0.0,4.140969162995595
07335501,1427.0,41.0,0.0,2.8731604765241765
07336001,148.0,0.0,1.0,0.0
07336002,158.0,6.0,0.0,3.7974683544303796
07336003,2872.0,97.0,0.0,3.3774373259052926
07336004,1339.0,21.0,0.0,1.568334578043316
07336005,339.0,4.0,0.0,1.1799410029498525
07336006,398.0,8.0,0.0,2.0100502512562812
07336008,421.0,11.0,0.0,2.6128266033254155
07336009,759.0,18.0,0.0,2.3715415019762847
07336010,1905.0,43.0,0.0,2.257217847769029
07336011,2228.0,46.0,0.0,2.0646319569120286
07336012,151.0,12.0,0.0,7.947019867549669
07336013,146.0,3.0,0.0,2.0547945205479454
07336014,98.0,0.0,1.0,0.0
07336015,286.0,11.0,0.0,3.8461538461538463
07336016,883.0,24.0,0.0,2.7180067950169877
07336017,911.0,21.0,0.0,2.305159165751921
07336018,175.0,4.0,0.0,2.2857142857142856
07336019,441.0,9.0,0.0,2.0408163265306123
07336021,109.0,3.0,0.0,2.7522935779816513
07336022,602.0,14.0,0.0,2.3255813953488373
07336023,418.0,4.0,0.0,0.9569377990430622
07336024,669.0,14.0,0.0,2.092675635276532
07336025,370.0,14.0,0.0,3.7837837837837838
07336027,546.0,11.0,0.0,2.0146520146520146
07336029,318.0,20.0,0.0,6.289308176100629
07336030,484.0,7.0,0.0,1.4462809917355373
07336031,1266.0,37.0,0.0,2.9225908372827805
07336032,999.0,53.0,0.0,5.305305305305305
07336033,459.0,5.0,0.0,1.0893246187363834
07336034,712.0,9.0,0.0,1.2640449438202248
07336035,56.0,4.0,0.0,7.142857142857143
07336036,521.0,9.0,0.0,1.727447216890595
07336037,346.0,0.0,1.0,0.0
07336038,272.0,10.0,0.0,3.676470588235294
07336039,532.0,44.0,0.0,8.270676691729323
07336040,162.0,3.0,0.0,1.8518518518518519
07336041,1353.0,16.0,0.0,1.1825572801182558
07336042,383.0,17.0,0.0,4.438642297650131
07336043,361.0,6.0,0.0,1.6620498614958448
07336044,216.0,0.0,1.0,0.0
07336045,312.0,9.0,0.0,2.8846153846153846
07336046,275.0,3.0,0.0,1.0909090909090908
07336047,582.0,3.0,0.0,0.5154639175257731
07336048,874.0,26.0,0.0,2.9748283752860414
07336049,204.0,0.0,1.0,0.0
07336050,173.0,5.0,0.0,2.8901734104046244
07336051,363.0,10.0,0.0,2.7548209366391183
07336052,766.0,31.0,0.0,4.046997389033942
07336053,782.0,6.0,0.0,0.7672634271099744
07336054,719.0,12.0,0.0,1.6689847009735743
07336055,5063.0,263.0,0.0,5.194548686549477
07336056,450.0,19.0,0.0,4.222222222222222
07336057,270.0,0.0,1.0,0.0
07336058,2164.0,127.0,0.0,5.868761552680222
07336060,404.0,0.0,1.0,0.0
07336061,488.0,3.0,0.0,0.6147540983606558
07336062,181.0,3.0,0.0,1.6574585635359116
07336064,1201.0,40.0,0.0,3.330557868442964
07336065,119.0,3.0,0.0,2.5210084033613445
07336066,441.0,21.0,0.0,4.761904761904762
07336067,303.0,3.0,0.0,0.9900990099009901
07336068,278.0,5.0,0.0,1.7985611510791366
07336069,625.0,10.0,0.0,1.6
07336070,246.0,8.0,0.0,3.252032520325203
07336071,247.0,12.0,0.0,4.8582995951417
07336072,169.0,0.0,1.0,0.0
07336073,286.0,7.0,0.0,2.4475524475524475
07336074,883.0,12.0,0.0,1.3590033975084939
07336075,1183.0,47.0,0.0,3.9729501267962806
07336076,823.0,16.0,0.0,1.9441069258809234
07336077,945.0,24.0,0.0,2.5396825396825395
07336079,1578.0,36.0,0.0,2.2813688212927756
07336081,155.0,4.0,0.0,2.5806451612903225
07336082,439.0,15.0,0.0,3.416856492027335
07336084,537.0,6.0,0.0,1.1173184357541899
07336085,381.0,4.0,0.0,1.0498687664041995
07336086,185.0,3.0,0.0,1.6216216216216217
07336087,685.0,11.0,0.0,1.6058394160583942
07336088,469.0,18.0,0.0,3.837953091684435
07336089,321.0,5.0,0.0,1.557632398753894
07336090,378.0,33.0,0.0,8.73015873015873
07336091,521.0,10.0,0.0,1.9193857965451055
07336092,5617.0,190.0,0.0,3.3825885704112517
07336094,350.0,3.0,0.0,0.8571428571428571
07336095,1149.0,21.0,0.0,1.8276762402088773
07336096,909.0,26.0,0.0,2.8602860286028604
07336097,563.0,16.0,0.0,2.841918294849023
07336098,692.0,10.0,0.0,1.4450867052023122
07336099,725.0,16.0,0.0,2.206896551724138
07336100,69.0,0.0,1.0,0.0
07336101,717.0,4.0,0.0,0.5578800557880056
07336102,5161.0,304.0,0.0,5.890331331137377
07336103,196.0,4.0,0.0,2.0408163265306123
07336104,409.0,5.0,0.0,1.2224938875305624
07336105,2015.0,161.0,0.0,7.990074441687345
07336106,801.0,9.0,0.0,1.1235955056179776
07336107,651.0,30.0,0.0,4.608294930875576
07336501,477.0,10.0,0.0,2.0964360587002098
07337001,1891.0,66.0,0.0,3.4902168164992067
07337002,725.0,23.0,0.0,3.1724137931034484
07337005,7414.0,471.0,0.0,6.352845967089291
07337006,587.0,8.0,0.0,1.362862010221465
07337007,3892.0,95.0,0.0,2.4409044193216856
07337008,677.0,18.0,0.0,2.658788774002954
07337009,738.0,14.0,0.0,1.897018970189702
07337011,723.0,12.0,0.0,1.6597510373443984
07337012,794.0,13.0,0.0,1.63727959697733
07337013,215.0,5.0,0.0,2.3255813953488373
07337014,1422.0,43.0,0.0,3.0239099859353025
07337015,806.0,19.0,0.0,2.357320099255583
07337017,454.0,18.0,0.0,3.9647577092511015
07337018,557.0,3.0,0.0,0.5385996409335727
07337019,911.0,21.0,0.0,2.305159165751921
07337020,6586.0,719.0,0.0,10.917096872153053
07337021,2253.0,91.0,0.0,4.0390590324012425
07337022,633.0,12.0,0.0,1.8957345971563981
07337023,2153.0,50.0,0.0,2.3223409196470044
07337024,902.0,38.0,0.0,4.212860310421286
07337025,408.0,8.0,0.0,1.9607843137254901
07337026,872.0,29.0,0.0,3.3256880733944953
07337027,952.0,23.0,0.0,2.4159663865546217
07337028,599.0,18.0,0.0,3.005008347245409
07337029,753.0,16.0,0.0,2.1248339973439574
07337031,912.0,23.0,0.0,2.5219298245614037
07337032,1463.0,43.0,0.0,2.9391660970608338
07337033,1406.0,19.0,0.0,1.3513513513513513
07337035,642.0,8.0,0.0,1.2461059190031152
07337036,785.0,28.0,0.0,3.56687898089172
07337037,226.0,8.0,0.0,3.5398230088495577
07337038,10311.0,348.0,0.0,3.375036368926389
07337039,536.0,5.0,0.0,0.9328358208955224
07337040,908.0,11.0,0.0,1.2114537444933922
07337041,2402.0,74.0,0.0,3.0807660283097418
07337042,1177.0,35.0,0.0,2.9736618521665252
07337043,802.0,27.0,0.0,3.3665835411471323
07337044,2076.0,68.0,0.0,3.275529865125241
07337045,971.0,23.0,0.0,2.368692070030896
07337046,968.0,16.0,0.0,1.6528925619834711
07337047,2063.0,56.0,0.0,2.714493456131847
07337048,259.0,3.0,0.0,1.1583011583011582
07337049,2190.0,64.0,0.0,2.922374429223744
07337050,474.0,13.0,0.0,2.742616033755274
07337051,390.0,14.0,0.0,3.58974358974359
07337052,4229.0,195.0,0.0,4.611019153464176
07337054,213.0,3.0,0.0,1.408450704225352
07337055,488.0,5.0,0.0,1.0245901639344261
07337056,333.0,7.0,0.0,2.1021021021021022
07337058,482.0,6.0,0.0,1.2448132780082988
07337059,1156.0,23.0,0.0,1.9896193771626298
07337060,142.0,7.0,0.0,4.929577464788732
07337061,6069.0,231.0,0.0,3.8062283737024223
07337062,802.0,21.0,0.0,2.6184538653366585
07337064,970.0,32.0,0.0,3.2989690721649483
07337065,644.0,15.0,0.0,2.329192546583851
07337066,1099.0,44.0,0.0,4.003639672429482
07337067,621.0,8.0,0.0,1.288244766505636
07337068,1568.0,42.0,0.0,2.6785714285714284
07337069,849.0,12.0,0.0,1.4134275618374559
07337070,1796.0,100.0,0.0,5.567928730512249
07337071,1434.0,56.0,0.0,3.905160390516039
07337072,577.0,15.0,0.0,2.5996533795493932
07337073,1046.0,43.0,0.0,4.1108986615678775
07337074,802.0,11.0,0.0,1.371571072319202
07337076,1898.0,55.0,0.0,2.897787144362487
07337077,933.0,30.0,0.0,3.215434083601286
07337078,598.0,6.0,0.0,1.0033444816053512
07337079,646.0,11.0,0.0,1.7027863777089782
07337080,362.0,3.0,0.0,0.8287292817679558
07337081,377.0,9.0,0.0,2.387267904509284
07337082,540.0,23.0,0.0,4.2592592592592595
07337083,1112.0,10.0,0.0,0.8992805755395683
07337084,548.0,9.0,0.0,1.6423357664233578
07337501,7032.0,440.0,0.0,6.257110352673493
07338001,7693.0,449.0,0.0,5.836474717275445
07338002,3044.0,236.0,0.0,7.752956636005257
07338003,3084.0,168.0,0.0,5.447470817120623
07338004,9832.0,633.0,0.0,6.438161106590724
07338005,10173.0,399.0,0.0,3.92214685933353
07338006,6771.0,479.0,0.0,7.074287402156255
07338007,5731.0,248.0,0.0,4.327342523119874
07338008,2560.0,263.0,0.0,10.2734375
07338009,1250.0,58.0,0.0,4.64
07338010,2410.0,125.0,0.0,5.186721991701245
07338011,3017.0,136.0,0.0,4.507789194564136
07338012,3015.0,112.0,0.0,3.714759535655058
07338013,1225.0,53.0,0.0,4.326530612244898
07338014,3024.0,254.0,0.0,8.399470899470899
07338015,925.0,28.0,0.0,3.027027027027027
07338016,6375.0,424.0,0.0,6.650980392156863
07338017,10776.0,595.0,0.0,5.521529324424647
07338018,7044.0,428.0,0.0,6.076093128904032
07338019,12392.0,1056.0,0.0,8.521626856036152
07338020,6940.0,401.0,0.0,5.778097982708934
07338021,3282.0,155.0,0.0,4.7227300426569165
07338022,2854.0,141.0,0.0,4.940434477925718
07338023,9370.0,438.0,0.0,4.674493062966915
07338025,18764.0,2222.0,0.0,11.841824770837775
07338026,5319.0,273.0,0.0,5.1325437112239145
07339001,1419.0,38.0,0.0,2.6779422128259336
07339002,922.0,37.0,0.0,4.0130151843817785
07339003,1920.0,91.0,0.0,4.739583333333333
07339004,577.0,14.0,0.0,2.4263431542461005
07339005,23812.0,1762.0,0.0,7.399630438434403
07339006,7058.0,353.0,0.0,5.001416831963729
07339007,131.0,0.0,1.0,0.0
07339008,879.0,34.0,0.0,3.868031854379977
07339009,8329.0,953.0,0.0,11.44194981390323
07339010,1011.0,26.0,0.0,2.5717111770524235
07339011,1412.0,53.0,0.0,3.7535410764872523
07339012,2143.0,122.0,0.0,5.692953803079795
07339013,915.0,21.0,0.0,2.2950819672131146
07339015,524.0,8.0,0.0,1.5267175572519085
07339016,733.0,31.0,0.0,4.229195088676671
07339017,3376.0,177.0,0.0,5.242890995260663
07339018,670.0,31.0,0.0,4.626865671641791
07339019,6619.0,352.0,0.0,5.3180238706753284
07339020,1842.0,86.0,0.0,4.668838219326819
07339021,3711.0,320.0,0.0,8.623012665049853
07339022,1198.0,56.0,0.0,4.674457429048414
07339024,3745.0,132.0,0.0,3.5246995994659547
07339025,1590.0,77.0,0.0,4.8427672955974845
07339026,2152.0,79.0,0.0,3.671003717472119
07339028,617.0,18.0,0.0,2.9173419773095626
07339029,708.0,38.0,0.0,5.367231638418079
07339030,33732.0,2243.0,0.0,6.649472311158544
07339031,1555.0,82.0,0.0,5.273311897106109
07339032,3463.0,180.0,0.0,5.1978053710655505
07339033,1405.0,40.0,0.0,2.8469750889679717
07339034,2121.0,76.0,0.0,3.583215464403583
07339035,549.0,16.0,0.0,2.914389799635701
07339036,327.0,13.0,0.0,3.9755351681957185
07339037,3060.0,131.0,0.0,4.281045751633987
07339038,2820.0,124.0,0.0,4.397163120567376
07339039,5510.0,449.0,0.0,8.148820326678766
07339040,768.0,50.0,0.0,6.510416666666667
07339041,623.0,12.0,0.0,1.926163723916533
07339042,9164.0,680.0,0.0,7.420340462680052
07339043,7804.0,623.0,0.0,7.983085597129677
07339044,875.0,24.0,0.0,2.742857142857143
07339045,586.0,5.0,0.0,0.8532423208191127
07339046,1026.0,27.0,0.0,2.6315789473684212
07339047,4165.0,260.0,0.0,6.24249699879952
07339048,2493.0,141.0,0.0,5.6558363417569195
07339049,7018.0,473.0,0.0,6.739811912225705
07339050,822.0,24.0,0.0,2.9197080291970803
07339051,2552.0,113.0,0.0,4.427899686520377
07339053,1555.0,56.0,0.0,3.6012861736334405
07339054,1163.0,58.0,0.0,4.987102321582115
07339056,4020.0,309.0,0.0,7.686567164179104
07339057,4563.0,194.0,0.0,4.251588866973482
07339058,1009.0,54.0,0.0,5.35183349851338
07339059,1081.0,29.0,0.0,2.682701202590194
07339060,2695.0,99.0,0.0,3.673469387755102
07339062,4022.0,110.0,0.0,2.734957732471407
07339063,2525.0,88.0,0.0,3.485148514851485
07339064,720.0,21.0,0.0,2.9166666666666665
07339065,596.0,11.0,0.0,1.8456375838926173
07339066,320.0,8.0,0.0,2.5
07339067,3662.0,174.0,0.0,4.751501911523757
07339068,626.0,13.0,0.0,2.07667731629393
07339201,943.0,42.0,0.0,4.453870625662779
07339202,721.0,7.0,0.0,0.970873786407767
07340001,320.0,14.0,0.0,4.375
07340002,1320.0,19.0,0.0,1.4393939393939394
07340003,1395.0,28.0,0.0,2.007168458781362
07340004,4472.0,169.0,0.0,3.7790697674418605
07340005,207.0,3.0,0.0,1.4492753623188406
07340006,167.0,0.0,1.0,0.0
07340007,995.0,14.0,0.0,1.407035175879397
07340008,1409.0,26.0,0.0,1.8452803406671399
07340009,1188.0,14.0,0.0,1.1784511784511784
07340010,330.0,4.0,0.0,1.2121212121212122
07340011,1617.0,37.0,0.0,2.2881880024737167
07340012,852.0,20.0,0.0,2.347417840375587
07340014,4019.0,103.0,0.0,2.562826573774571
07340015,2095.0,33.0,0.0,1.5751789976133652
07340016,1699.0,32.0,0.0,1.883460859329017
07340017,849.0,16.0,0.0,1.8845700824499412
07340018,256.0,7.0,0.0,2.734375
07340019,351.0,0.0,1.0,0.0
07340020,1565.0,41.0,0.0,2.619808306709265
07340021,99.0,4.0,0.0,4.040404040404041
07340022,1267.0,29.0,0.0,2.2888713496448303
07340023,909.0,20.0,0.0,2.2002200220022003
07340024,880.0,23.0,0.0,2.6136363636363638
07340025,550.0,8.0,0.0,1.4545454545454546
07340026,744.0,11.0,0.0,1.478494623655914
07340027,987.0,43.0,0.0,4.356636271529888
07340028,3945.0,95.0,0.0,2.4081115335868186
07340029,771.0,23.0,0.0,2.9831387808041505
07340030,629.0,14.0,0.0,2.2257551669316373
07340031,1242.0,30.0,0.0,2.4154589371980677
07340032,2909.0,57.0,0.0,1.959436232382262
07340033,323.0,5.0,0.0,1.5479876160990713
07340034,136.0,0.0,1.0,0.0
07340035,773.0,7.0,0.0,0.9055627425614489
07340036,633.0,7.0,0.0,1.1058451816745656
07340037,870.0,18.0,0.0,2.0689655172413794
07340038,7190.0,180.0,0.0,2.5034770514603615
07340039,474.0,6.0,0.0,1.2658227848101267
07340040,1440.0,51.0,0.0,3.5416666666666665
07340041,316.0,10.0,0.0,3.1645569620253164
07340042,192.0,4.0,0.0,2.0833333333333335
07340043,581.0,6.0,0.0,1.0327022375215147
07340044,778.0,14.0,0.0,1.7994858611825193
07340045,419.0,7.0,0.0,1.6706443914081146
07340047,584.0,9.0,0.0,1.5410958904109588
07340048,352.0,8.0,0.0,2.272727272727273
07340049,692.0,10.0,0.0,1.4450867052023122
07340050,436.0,12.0,0.0,2.7522935779816513
07340051,3474.0,84.0,0.0,2.4179620034542313
07340052,1284.0,23.0,0.0,1.7912772585669783
07340053,1695.0,18.0,0.0,1.0619469026548674
07340054,4909.0,150.0,0.0,3.0556121409655734
07340055,1357.0,33.0,0.0,2.4318349299926307
07340057,1022.0,31.0,0.0,3.0332681017612524
07340201,728.0,7.0,0.0,0.9615384615384616
07340202,717.0,3.0,0.0,0.41841004184100417
07340203,2172.0,77.0,0.0,3.5451197053406998
07340204,211.0,5.0,0.0,2.3696682464454977
07340205,740.0,16.0,0.0,2.1621621621621623
07340206,4851.0,127.0,0.0,2.6180169037311893
07340207,1379.0,33.0,0.0,2.3930384336475705
07340208,367.0,4.0,0.0,1.0899182561307903
07340209,372.0,5.0,0.0,1.3440860215053763
07340210,607.0,8.0,0.0,1.3179571663920921
07340211,1498.0,33.0,0.0,2.202937249666222
07340212,686.0,13.0,0.0,1.8950437317784257
07340213,446.0,10.0,0.0,2.242152466367713
07340214,775.0,17.0,0.0,2.193548387096774
07340215,430.0,4.0,0.0,0.9302325581395349
07340216,145.0,6.0,0.0,4.137931034482759
07340217,1057.0,10.0,0.0,0.9460737937559129
07340218,300.0,5.0,0.0,1.6666666666666667
07340219,1767.0,31.0,0.0,1.7543859649122806
07340220,828.0,9.0,0.0,1.0869565217391304
07340221,488.0,8.0,0.0,1.639344262295082
07340222,2160.0,46.0,0.0,2.1296296296296298
07340223,374.0,11.0,0.0,2.9411764705882355
07340224,420.0,8.0,0.0,1.9047619047619047
07340225,862.0,10.0,0.0,1.160092807424594
07340226,334.0,8.0,0.0,2.395209580838323
07340227,523.0,7.0,0.0,1.338432122370937
07340228,507.0,14.0,0.0,2.7613412228796843
07340501,1593.0,20.0,0.0,1.2554927809165097
07340502,1121.0,10.0,0.0,0.8920606601248885
08111000,585890.0,122741.0,0.0,20.949495639113145
08115001,8731.0,747.0,0.0,8.555720994158746
08115002,4542.0,289.0,0.0,6.362835755173932
08115003,44859.0,7272.0,0.0,16.210793820638
08115004,5716.0,600.0,0.0,10.496850944716584
08115010,3208.0,177.0,0.0,5.517456359102244
08115013,7820.0,836.0,0.0,10.690537084398978
08115015,11521.0,1209.0,0.0,10.493880739519138
08115016,9096.0,905.0,0.0,9.94942832014072
08115021,29939.0,3457.0,0.0,11.546811850763218
08115022,3527.0,362.0,0.0,10.26368018145733
08115024,12156.0,1257.0,0.0,10.340572556762092
08115028,44630.0,6678.0,0.0,14.963029352453507
08115029,8908.0,1830.0,0.0,20.543331836551413
08115034,3610.0,490.0,0.0,13.573407202216066
08115037,5392.0,407.0,0.0,7.548219584569733
08115041,16720.0,2021.0,0.0,12.08732057416268
08115042,9764.0,1093.0,0.0,11.194182712003277
08115044,9605.0,1325.0,0.0,13.794898490369599
08115045,60534.0,12217.0,0.0,20.182046453232893
08115046,6033.0,942.0,0.0,15.614122327200398
08115048,8392.0,1007.0,0.0,11.99952335557674
08115050,18313.0,1994.0,0.0,10.88843990607765
08115051,9711.0,1040.0,0.0,10.7095046854083
08115052,7365.0,535.0,0.0,7.264086897488119
08115053,7457.0,774.0,0.0,10.379509185999732
08115054,6401.0,576.0,0.0,8.998593969692235
08116004,5766.0,958.0,0.0,16.61463753035033
08116005,1477.0,44.0,0.0,2.979011509817197
08116006,1904.0,122.0,0.0,6.407563025210084
08116007,5600.0,315.0,0.0,5.625
08116008,3390.0,244.0,0.0,7.1976401179941005
08116011,3341.0,176.0,0.0,5.267883867105657
08116012,3412.0,265.0,0.0,7.766705744431419
08116014,6429.0,718.0,0.0,11.168144345932493
08116015,10324.0,1382.0,0.0,13.38628438589694
08116016,5698.0,585.0,0.0,10.266760266760267
08116018,2090.0,82.0,0.0,3.923444976076555
08116019,86885.0,16260.0,0.0,18.71439258790355
08116020,8612.0,879.0,0.0,10.206688341848583
08116022,4189.0,206.0,0.0,4.917641441871568
08116027,4610.0,211.0,0.0,4.577006507592191
08116029,2108.0,130.0,0.0,6.1669829222011385
08116033,38802.0,5423.0,0.0,13.976083707025412
08116035,9419.0,975.0,0.0,10.351417347913792
08116036,2286.0,106.0,0.0,4.636920384951881
08116037,2424.0,113.0,0.0,4.661716171617162
08116041,3730.0,275.0,0.0,7.372654155495979
08116042,6199.0,1149.0,0.0,18.535247620583966
08116043,1800.0,120.0,0.0,6.666666666666667
08116046,6076.0,428.0,0.0,7.044107965766952
08116047,11175.0,921.0,0.0,8.241610738255034
08116048,3609.0,150.0,0.0,4.156275976724855
08116049,39201.0,4752.0,0.0,12.122139741333129
08116050,5328.0,541.0,0.0,10.153903903903904
08116053,1702.0,85.0,0.0,4.994124559341951
08116054,3421.0,321.0,0.0,9.38322128032739
08116056,13429.0,2299.0,0.0,17.119666393625735
08116058,7963.0,1115.0,0.0,14.002260454602537
08116063,1797.0,81.0,0.0,4.507512520868113
08116068,4530.0,358.0,0.0,7.902869757174393
08116070,9525.0,1225.0,0.0,12.860892388451443
08116071,15580.0,2231.0,0.0,14.3196405648267
08116072,11797.0,1509.0,0.0,12.79138764092566
08116073,6175.0,432.0,0.0,6.995951417004049
08116076,7467.0,423.0,0.0,5.6649256729610284
08116077,43811.0,5931.0,0.0,13.537696012416973
08116078,36445.0,4822.0,0.0,13.230895870489778
08116079,8015.0,955.0,0.0,11.915159076731129
08116080,35806.0,4142.0,0.0,11.567893649109088
08116081,9545.0,631.0,0.0,6.610790990047145
08117001,1969.0,76.0,0.0,3.8598273235144744
08117002,1252.0,34.0,0.0,2.7156549520766773
08117003,4244.0,304.0,0.0,7.163053722902922
08117006,3545.0,211.0,0.0,5.952045133991537
08117007,3822.0,146.0,0.0,3.8199895342752486
08117009,1907.0,104.0,0.0,5.453592029365495
08117010,5462.0,448.0,0.0,8.202123764188942
08117011,1740.0,74.0,0.0,4.252873563218391
08117012,5034.0,271.0,0.0,5.383392928088995
08117014,5271.0,285.0,0.0,5.406943653955606
08117015,10789.0,862.0,0.0,7.98961905644638
08117016,422.0,3.0,0.0,0.7109004739336493
08117017,2062.0,101.0,0.0,4.89815712900097
08117018,14860.0,1932.0,0.0,13.001345895020188
08117019,19650.0,3256.0,0.0,16.56997455470738
08117020,2161.0,97.0,0.0,4.488662656177696
08117023,1442.0,75.0,0.0,5.201109570041609
08117024,26085.0,4418.0,0.0,16.936936936936938
08117025,4351.0,411.0,0.0,9.446104343829004
08117026,55037.0,8369.0,0.0,15.206134055271908
08117028,2069.0,114.0,0.0,5.509908168197197
08117029,2917.0,122.0,0.0,4.1823791566678095
08117030,5123.0,395.0,0.0,7.710325980870584
08117031,728.0,21.0,0.0,2.8846153846153846
08117033,5539.0,482.0,0.0,8.701931756634771
08117035,980.0,60.0,0.0,6.122448979591836
08117037,2380.0,58.0,0.0,2.436974789915966
08117038,5289.0,260.0,0.0,4.915863112119493
08117042,7692.0,1030.0,0.0,13.390535621424856
08117043,1693.0,57.0,0.0,3.3668044890726523
08117044,3762.0,365.0,0.0,9.702286018075492
08117049,9606.0,1349.0,0.0,14.04330626691651
08117051,13768.0,1469.0,0.0,10.669668797210925
08117053,3931.0,132.0,0.0,3.3579241923174763
08117055,3126.0,171.0,0.0,5.470249520153551
08117058,2068.0,191.0,0.0,9.235976789168278
08117060,3020.0,134.0,0.0,4.437086092715232
08117061,2612.0,171.0,0.0,6.546707503828484
08118001,4481.0,311.0,0.0,6.940415085918322
08118003,12904.0,1930.0,0.0,14.95660260384377
08118006,5880.0,581.0,0.0,9.880952380952381
08118007,11733.0,1360.0,0.0,11.591238387454188
08118010,7123.0,968.0,0.0,13.589779587252561
08118011,23973.0,3306.0,0.0,13.790514328619697
08118012,6522.0,765.0,0.0,11.72953081876725
08118014,4725.0,370.0,0.0,7.830687830687831
08118015,2666.0,217.0,0.0,8.13953488372093
08118016,2359.0,170.0,0.0,7.206443408223824
08118018,3910.0,663.0,0.0,16.956521739130434
08118019,18626.0,2013.0,0.0,10.807473424245678
08118021,8056.0,833.0,0.0,10.340119165839127
08118027,7298.0,824.0,0.0,11.290764593039189
08118028,2294.0,214.0,0.0,9.328683522231909
08118040,5190.0,1094.0,0.0,21.078998073217726
08118046,30901.0,6049.0,0.0,19.57541827125336
08118047,5485.0,639.0,0.0,11.649954421148587
08118048,86139.0,15632.0,0.0,18.147412902401932
08118049,15254.0,1873.0,0.0,12.278746558279796
08118050,14127.0,2259.0,0.0,15.990656190273944
08118051,10508.0,1432.0,0.0,13.627712219261515
08118053,3204.0,254.0,0.0,7.927590511860175
08118054,6187.0,641.0,0.0,10.36043316631647
08118059,3217.0,239.0,0.0,7.429281939695368
08118060,7834.0,1010.0,0.0,12.892519785550165
08118063,6224.0,979.0,0.0,15.729434447300772
08118067,11146.0,1360.0,0.0,12.201686703750225
08118068,5290.0,569.0,0.0,10.756143667296787
08118070,11906.0,1096.0,0.0,9.205442633966067
08118071,12104.0,1206.0,0.0,9.963648380700596
08118073,27891.0,3125.0,0.0,11.204331146247894
08118074,3022.0,260.0,0.0,8.603573792190602
08118076,17178.0,2023.0,0.0,11.776691116544418
08118077,6032.0,560.0,0.0,9.283819628647215
08118078,15463.0,1519.0,0.0,9.823449524671798
08118079,41539.0,6067.0,0.0,14.605551409518766
08118080,18303.0,2517.0,0.0,13.751843960006557
08118081,23177.0,2686.0,0.0,11.589075376450792
08119001,7120.0,327.0,0.0,4.592696629213483
08119003,4593.0,208.0,0.0,4.5286305247115175
08119004,4129.0,153.0,0.0,3.705497699200775
08119006,6853.0,266.0,0.0,3.881511746680286
08119008,34250.0,5299.0,0.0,15.471532846715329
08119018,3413.0,228.0,0.0,6.680339876941107
08119020,43612.0,7865.0,0.0,18.034027331926993
08119024,2392.0,87.0,0.0,3.637123745819398
08119037,2535.0,91.0,0.0,3.58974358974359
08119038,3599.0,267.0,0.0,7.418727424284524
08119041,9910.0,1036.0,0.0,10.454086781029263
08119042,10650.0,992.0,0.0,9.314553990610328
08119044,13575.0,1453.0,0.0,10.703499079189687
08119053,4060.0,311.0,0.0,7.6600985221674875
08119055,9250.0,1062.0,0.0,11.481081081081081
08119061,11093.0,840.0,0.0,7.572342918957902
08119067,38316.0,4286.0,0.0,11.185927549848627
08119068,9291.0,1254.0,0.0,13.496932515337424
08119069,2082.0,90.0,0.0,4.322766570605188
08119075,5187.0,506.0,0.0,9.755157123578176
08119076,8675.0,771.0,0.0,8.887608069164266
08119079,51552.0,8202.0,0.0,15.910148975791435
08119083,7002.0,365.0,0.0,5.212796343901743
08119084,11034.0,1269.0,0.0,11.500815660685156
08119085,27039.0,4019.0,0.0,14.863715374089278
08119086,7647.0,559.0,0.0,7.310056231201778
08119087,8005.0,619.0,0.0,7.732667083073079
08119089,5923.0,197.0,0.0,3.32601722100287
08119090,13385.0,1015.0,0.0,7.583115427717594
08119091,25957.0,2707.0,0.0,10.428786069268405
08119093,14745.0,1344.0,0.0,9.114954221770091
08121000,116059.0,21576.0,0.0,18.590544464453423
08125001,4466.0,352.0,0.0,7.8817733990147785
08125005,18142.0,2511.0,0.0,13.840811376915445
08125006,20017.0,1514.0,0.0,7.5635709646800215
08125007,6753.0,687.0,0.0,10.173256330519768
08125008,6100.0,633.0,0.0,10.37704918032787
08125013,14960.0,1329.0,0.0,8.883689839572192
08125017,2670.0,247.0,0.0,9.250936329588015
08125021,3116.0,197.0,0.0,6.322207958921695
08125024,3315.0,227.0,0.0,6.8476621417797885
08125026,20755.0,2028.0,0.0,9.771139484461575
08125027,4910.0,374.0,0.0,7.617107942973523
08125030,6463.0,367.0,0.0,5.67847748723503
08125034,4937.0,553.0,0.0,11.20113429208021
08125038,6023.0,1197.0,0.0,19.873817034700316
08125039,7149.0,471.0,0.0,6.588334032731851
08125046,8599.0,887.0,0.0,10.315152924758692
08125047,2368.0,260.0,0.0,10.97972972972973
08125048,1610.0,232.0,0.0,14.409937888198758
08125049,5403.0,489.0,0.0,9.050527484730706
08125056,10842.0,1239.0,0.0,11.427780852241284
08125057,2210.0,82.0,0.0,3.7104072398190047
08125058,10830.0,868.0,0.0,8.01477377654663
08125059,3115.0,153.0,0.0,4.911717495987159
08125061,3389.0,284.0,0.0,8.380053113012687
08125063,7774.0,677.0,0.0,8.708515564702855
08125065,25445.0,4537.0,0.0,17.8306150520731
08125066,3429.0,280.0,0.0,8.165645960921552
08125068,5036.0,356.0,0.0,7.069102462271644
08125069,9582.0,728.0,0.0,7.597578793571279
08125074,7571.0,596.0,0.0,7.872143706247523
08125078,5868.0,448.0,0.0,7.6346284935241995
08125079,2655.0,276.0,0.0,10.3954802259887
08125081,2325.0,317.0,0.0,13.634408602150538
08125084,1374.0,108.0,0.0,7.860262008733624
08125086,10810.0,980.0,0.0,9.06567992599445
08125087,1625.0,115.0,0.0,7.076923076923077
08125094,4818.0,291.0,0.0,6.039850560398506
08125096,4058.0,368.0,0.0,9.068506653523903
08125098,7889.0,581.0,0.0,7.3646850044365575
08125102,11207.0,1030.0,0.0,9.19068439368252
08125103,1822.0,123.0,0.0,6.750823271130626
08125107,6514.0,214.0,0.0,3.2852318084126497
08125108,3900.0,257.0,0.0,6.589743589743589
08125110,13358.0,947.0,0.0,7.089384638418925
08125111,3952.0,261.0,0.0,6.604251012145749
08125113,3657.0,241.0,0.0,6.590101175827181
08126011,12009.0,498.0,0.0,4.146889832625531
08126020,2412.0,89.0,0.0,3.6898839137645107
08126028,4901.0,256.0,0.0,5.223423791063048
08126039,5635.0,307.0,0.0,5.448092280390417
08126045,4604.0,138.0,0.0,2.997393570807993
08126046,14556.0,1260.0,0.0,8.656224237427864
08126047,5715.0,368.0,0.0,6.439195100612423
08126056,3733.0,106.0,0.0,2.8395392445754086
08126058,6181.0,333.0,0.0,5.387477754408672
08126060,3878.0,286.0,0.0,7.374935533780299
08126066,22498.0,1969.0,0.0,8.75188905680505
08126069,8950.0,314.0,0.0,3.5083798882681565
08126072,5625.0,135.0,0.0,2.4
08126085,2886.0,98.0,0.0,3.3957033957033955
08126086,2080.0,251.0,0.0,12.067307692307692
08126094,1616.0,40.0,0.0,2.4752475247524752
08127008,5151.0,234.0,0.0,4.54280722189866
08127009,2420.0,50.0,0.0,2.0661157024793386
08127012,3034.0,58.0,0.0,1.911667765326302
08127013,2101.0,91.0,0.0,4.33127082341742
08127014,32303.0,2410.0,0.0,7.460607373928118
08127023,2846.0,115.0,0.0,4.040758959943781
08127025,12003.0,1432.0,0.0,11.93035074564692
08127032,4237.0,160.0,0.0,3.7762567854614115
08127043,6256.0,410.0,0.0,6.553708439897698
08127046,4103.0,126.0,0.0,3.0709237143553496
08127047,1745.0,48.0,0.0,2.7507163323782233
08127052,5734.0,190.0,0.0,3.3135681897453786
08127056,3413.0,90.0,0.0,2.636976267213595
08127059,3685.0,129.0,0.0,3.5006784260515604
08127062,3631.0,303.0,0.0,8.344808592674195
08127063,4691.0,214.0,0.0,4.561927094436155
08127071,5249.0,259.0,0.0,4.934273194894265
08127073,5175.0,176.0,0.0,3.4009661835748792
08127075,5810.0,305.0,0.0,5.249569707401033
08127076,36548.0,2971.0,0.0,8.129035788552041
08127079,2536.0,91.0,0.0,3.588328075709779
08127086,3000.0,87.0,0.0,2.9
08127089,4129.0,182.0,0.0,4.40784693630419
08127091,3553.0,131.0,0.0,3.6870250492541516
08127099,2027.0,113.0,0.0,5.574740996546621
08127100,5078.0,214.0,0.0,4.2142575817250885
08127101,3736.0,80.0,0.0,2.1413276231263385
08127102,4498.0,87.0,0.0,1.9341929746554023
08127103,4751.0,68.0,0.0,1.4312776257629973
08127104,2912.0,93.0,0.0,3.193681318681319
08128006,2092.0,24.0,0.0,1.147227533460803
08128007,22042.0,1486.0,0.0,6.741674984121223
08128014,6728.0,163.0,0.0,2.4227110582639715
08128020,4759.0,77.0,0.0,1.6179869720529523
08128039,3795.0,238.0,0.0,6.271409749670619
08128045,4004.0,53.0,0.0,1.3236763236763236
08128047,3673.0,73.0,0.0,1.987476177511571
08128058,5599.0,148.0,0.0,2.643329165922486
08128061,3094.0,55.0,0.0,1.777634130575307
08128064,5353.0,201.0,0.0,3.754903792266019
08128082,4936.0,84.0,0.0,1.7017828200972447
08128115,12815.0,564.0,0.0,4.4010924697619975
08128126,7351.0,165.0,0.0,2.244592572439124
08128128,3398.0,81.0,0.0,2.3837551500882874
08128131,22570.0,1294.0,0.0,5.733274257864422
08128137,1666.0,39.0,0.0,2.3409363745498197
08128138,2214.0,39.0,0.0,1.7615176151761518
08128139,14535.0,702.0,0.0,4.829721362229102
08135010,4376.0,147.0,0.0,3.359232175502742
08135015,11607.0,511.0,0.0,4.40251572327044
08135016,18930.0,2437.0,0.0,12.873745377707342
08135019,46085.0,5414.0,0.0,11.747857220353694
08135020,12810.0,921.0,0.0,7.1896955503512885
08135021,2266.0,124.0,0.0,5.472197705207414
08135025,7050.0,344.0,0.0,4.879432624113475
08135026,6167.0,209.0,0.0,3.3890059996756934
08135027,4526.0,235.0,0.0,5.19222271321255
08135031,5462.0,440.0,0.0,8.055657268399854
08135032,8537.0,297.0,0.0,3.47897387841162
08136002,7306.0,171.0,0.0,2.3405420202573226
08136003,1793.0,25.0,0.0,1.3943112102621305
08136007,2050.0,44.0,0.0,2.1463414634146343
08136009,4566.0,160.0,0.0,3.504161191414805
08136010,11944.0,794.0,0.0,6.6476892163429335
08136015,2880.0,152.0,0.0,5.277777777777778
08136018,1657.0,26.0,0.0,1.5691007845503924
08136019,23678.0,1154.0,0.0,4.873722442773883
08136020,1763.0,24.0,0.0,1.3613159387407827
08136021,6372.0,226.0,0.0,3.54676710608914
08136024,2437.0,86.0,0.0,3.5289290110791955
08136027,4909.0,170.0,0.0,3.4630270930943166
08136028,9666.0,979.0,0.0,10.128284709290297
08136029,1857.0,44.0,0.0,2.369413031771675
08136033,5890.0,184.0,0.0,3.1239388794567065
08136034,2538.0,82.0,0.0,3.230890464933018
08136035,2348.0,63.0,0.0,2.6831345826235093
08136037,1889.0,42.0,0.0,2.2233986236103758
08136038,4680.0,131.0,0.0,2.799145299145299
08136040,2067.0,164.0,0.0,7.934204160619255
08136042,10597.0,991.0,0.0,9.351703312258186
08136043,4171.0,205.0,0.0,4.914888515943419
08136044,6522.0,476.0,0.0,7.2983747316773995
08136045,7874.0,343.0,0.0,4.3561087122174245
08136046,3116.0,52.0,0.0,1.668806161745828
08136049,463.0,13.0,0.0,2.8077753779697625
08136050,7726.0,627.0,0.0,8.115454310121667
08136060,2675.0,70.0,0.0,2.616822429906542
08136061,1834.0,43.0,0.0,2.3446019629225736
08136062,2364.0,64.0,0.0,2.707275803722504
08136065,58105.0,7239.0,0.0,12.458480337320369
08136066,3312.0,91.0,0.0,2.747584541062802
08136068,1923.0,24.0,0.0,1.24804992199688
08136070,1058.0,44.0,0.0,4.158790170132325
08136071,1849.0,26.0,0.0,1.4061654948620876
08136075,4506.0,50.0,0.0,1.1096316023080337
08136079,7082.0,200.0,0.0,2.824060999717594
08136082,5850.0,147.0,0.0,2.5128205128205128
08136084,1355.0,31.0,0.0,2.2878228782287824
08136087,2194.0,57.0,0.0,2.5979945305378305
08136088,66318.0,6289.0,0.0,9.483096595192858
08136089,3346.0,146.0,0.0,4.363419007770473
08211000,52314.0,6389.0,0.0,12.212791986848645
08212000,289173.0,40651.0,0.0,14.057674817496792
08215007,27509.0,3505.0,0.0,12.741284670471481
08215009,42124.0,4626.0,0.0,10.981863070933434
08215017,38650.0,3660.0,0.0,9.469598965071151
08215021,7704.0,618.0,0.0,8.021806853582554
08215025,3361.0,278.0,0.0,8.271347813150848
08215029,5489.0,253.0,0.0,4.609218436873747
08215039,5529.0,309.0,0.0,5.588714053174172
08215040,2247.0,175.0,0.0,7.788161993769471
08215046,14197.0,1013.0,0.0,7.135310276819046
08215047,4974.0,178.0,0.0,3.5786087655810213
08215059,10321.0,1447.0,0.0,14.019959306268772
08215064,12507.0,1034.0,0.0,8.267370272647318
08215066,12212.0,1847.0,0.0,15.124467736652473
08215082,4592.0,468.0,0.0,10.19163763066202
08215084,12766.0,734.0,0.0,5.749647501174996
08215089,9159.0,560.0,0.0,6.114204607489901
08215090,9874.0,656.0,0.0,6.643710755519546
08215094,1664.0,143.0,0.0,8.59375
08215096,15634.0,915.0,0.0,5.852628885761801
08215097,14412.0,1021.0,0.0,7.084374132667222
08215099,11553.0,822.0,0.0,7.1150350558296545
08215100,12154.0,1210.0,0.0,9.955570182655915
08215101,17711.0,1468.0,0.0,8.288634182146689
08215102,15611.0,1228.0,0.0,7.866248158349881
08215103,9909.0,745.0,0.0,7.518417600161469
08215105,11544.0,934.0,0.0,8.090783090783091
08215106,20041.0,1517.0,0.0,7.569482560750462
08215107,9472.0,498.0,0.0,5.257601351351352
08215108,19865.0,1030.0,0.0,5.18499874150516
08215109,23109.0,1866.0,0.0,8.074776061274829
08215110,11780.0,731.0,0.0,6.205432937181664
08215111,6448.0,224.0,0.0,3.4739454094292803
08216002,3287.0,65.0,0.0,1.9774870702768481
08216005,6073.0,369.0,0.0,6.076074427795159
08216006,2998.0,194.0,0.0,6.470980653769179
08216007,28439.0,2461.0,0.0,8.65360947993952
08216008,7983.0,484.0,0.0,6.062883627708882
08216009,11896.0,911.0,0.0,7.65803631472764
08216012,3232.0,112.0,0.0,3.4653465346534653
08216013,4988.0,372.0,0.0,7.457898957497995
08216015,28655.0,3466.0,0.0,12.095620310591519
08216017,13738.0,1034.0,0.0,7.526568641723686
08216022,4905.0,444.0,0.0,9.051987767584098
08216023,4739.0,245.0,0.0,5.1698670605613
08216024,7736.0,670.0,0.0,8.660806618407445
08216028,4964.0,452.0,0.0,9.105560032232072
08216029,2531.0,93.0,0.0,3.6744369814302646
08216033,6170.0,422.0,0.0,6.839546191247974
08216039,4478.0,208.0,0.0,4.644930772666369
08216041,5902.0,308.0,0.0,5.218569976279228
08216043,46648.0,5538.0,0.0,11.871891613788373
08216049,10838.0,667.0,0.0,6.154272005905148
08216052,2916.0,143.0,0.0,4.903978052126201
08216059,2536.0,221.0,0.0,8.714511041009464
08216063,6672.0,320.0,0.0,4.796163069544365
08221000,146751.0,23646.0,0.0,16.113007747817733
08222000,290117.0,54964.0,0.0,18.94545993512962
08225001,4923.0,220.0,0.0,4.468819825309771
08225002,4829.0,250.0,0.0,5.177055290950507
08225009,5728.0,189.0,0.0,3.2995810055865924
08225010,1366.0,71.0,0.0,5.197657393850659
08225014,17752.0,959.0,0.0,5.402208201892744
08225024,2785.0,76.0,0.0,2.7289048473967683
08225032,6890.0,380.0,0.0,5.515239477503629
08225033,4852.0,421.0,0.0,8.676834295136027
08225039,3084.0,74.0,0.0,2.3994811932555122
08225042,2033.0,57.0,0.0,2.803738317757009
08225052,4481.0,134.0,0.0,2.990403927694711
08225058,23137.0,2326.0,0.0,10.053161602627826
08225060,4899.0,86.0,0.0,1.755460298020004
08225064,2340.0,163.0,0.0,6.965811965811966
08225067,1539.0,139.0,0.0,9.03183885640026
08225068,1822.0,63.0,0.0,3.4577387486278814
08225074,5160.0,487.0,0.0,9.437984496124031
08225075,6353.0,304.0,0.0,4.7851408783252
08225082,2078.0,69.0,0.0,3.320500481231954
08225091,4210.0,156.0,0.0,3.705463182897862
08225109,11308.0,485.0,0.0,4.2889989388043865
08225113,715.0,11.0,0.0,1.5384615384615385
08225114,2907.0,67.0,0.0,2.304781561747506
08225115,4022.0,142.0,0.0,3.530581800099453
08225116,2946.0,152.0,0.0,5.159538357094365
08225117,5928.0,210.0,0.0,3.54251012145749
08225118,4723.0,100.0,0.0,2.1172983273343213
08226003,5333.0,440.0,0.0,8.250515657228577
08226006,6351.0,402.0,0.0,6.329711856400567
08226009,13805.0,907.0,0.0,6.570083303151033
08226010,8912.0,602.0,0.0,6.754937163375224
08226012,11804.0,976.0,0.0,8.268383598780074
08226013,14464.0,1414.0,0.0,9.77599557522124
08226017,2503.0,127.0,0.0,5.073911306432281
08226018,14729.0,2185.0,0.0,14.834679883223572
08226020,2545.0,190.0,0.0,7.465618860510806
08226022,2363.0,166.0,0.0,7.0249682606855695
08226027,468.0,22.0,0.0,4.700854700854701
08226028,11123.0,654.0,0.0,5.879708711678504
08226029,2705.0,138.0,0.0,5.101663585951941
08226031,11944.0,1053.0,0.0,8.816141995981246
08226032,20763.0,2147.0,0.0,10.34050956027549
08226036,8475.0,588.0,0.0,6.938053097345133
08226037,12617.0,721.0,0.0,5.714512166125069
08226038,11309.0,1036.0,0.0,9.160845344415952
08226040,6028.0,282.0,0.0,4.678168546781685
08226041,25339.0,2665.0,0.0,10.517384269308181
08226046,3476.0,186.0,0.0,5.350978135788262
08226048,3962.0,229.0,0.0,5.7799091367995965
08226049,5041.0,323.0,0.0,6.407458837532236
08226054,8163.0,554.0,0.0,6.786720568418474
08226055,3858.0,383.0,0.0,9.927423535510627
08226056,12942.0,752.0,0.0,5.810539329315407
08226058,1835.0,74.0,0.0,4.032697547683924
08226059,6548.0,760.0,0.0,11.606597434331093
08226060,10482.0,772.0,0.0,7.365006678114864
08226062,11220.0,970.0,0.0,8.645276292335115
08226063,9642.0,776.0,0.0,8.048122796100394
08226065,7979.0,547.0,0.0,6.855495676149894
08226066,2028.0,84.0,0.0,4.1420118343195265
08226068,7176.0,653.0,0.0,9.099777034559644
08226076,14320.0,1228.0,0.0,8.575418994413408
08226080,4467.0,261.0,0.0,5.842847548690396
08226081,2882.0,85.0,0.0,2.9493407356002774
08226082,14569.0,925.0,0.0,6.349097398586039
08226084,21065.0,2483.0,0.0,11.787324946593877
08226085,34589.0,3388.0,0.0,9.795021538639451
08226086,1767.0,122.0,0.0,6.90435766836446
08226091,5656.0,551.0,0.0,9.741867043847241
08226095,14345.0,1809.0,0.0,12.61066573719066
08226096,42924.0,5099.0,0.0,11.879135215730127
08226097,3021.0,174.0,0.0,5.759682224428997
08226098,24735.0,2872.0,0.0,11.611077420658985
08226099,3195.0,175.0,0.0,5.477308294209703
08226101,2174.0,104.0,0.0,4.7838086476540935
08226102,4848.0,305.0,0.0,6.291254125412541
08226103,12615.0,1043.0,0.0,8.267934998018232
08226104,2346.0,102.0,0.0,4.3478260869565215
08226105,13634.0,1255.0,0.0,9.204928854334751
08226106,3767.0,187.0,0.0,4.9641624634988055
08226107,9189.0,535.0,0.0,5.822178691914245
08231000,114411.0,20063.0,0.0,17.5359012682347
08235006,10256.0,1043.0,0.0,10.169656786271451
08235007,7774.0,677.0,0.0,8.708515564702855
08235008,8684.0,934.0,0.0,10.75541225241824
08235018,2146.0,130.0,0.0,6.0577819198508855
08235020,4711.0,562.0,0.0,11.92952663977924
08235022,1949.0,50.0,0.0,2.565418163160595
08235025,1194.0,71.0,0.0,5.9463986599664995
08235029,3626.0,302.0,0.0,8.328736900165472
08235032,5626.0,722.0,0.0,12.833274084607181
08235033,7143.0,602.0,0.0,8.427831443371133
08235035,1614.0,120.0,0.0,7.434944237918216
08235046,21092.0,2577.0,0.0,12.21790252228333
08235047,5516.0,285.0,0.0,5.166787527193619
08235050,3122.0,117.0,0.0,3.7475976937860347
08235055,2799.0,77.0,0.0,2.750982493747767
08235057,2425.0,215.0,0.0,8.8659793814433
08235060,1902.0,227.0,0.0,11.934805467928497
08235065,7845.0,769.0,0.0,9.802421924792862
08235066,2079.0,56.0,0.0,2.6936026936026938
08235067,2908.0,225.0,0.0,7.7372764786795045
08235073,2254.0,215.0,0.0,9.538598047914817
08235079,9632.0,806.0,0.0,8.367940199335548
08235080,9752.0,689.0,0.0,7.065217391304348
08235084,2965.0,143.0,0.0,4.822934232715008
08235085,22034.0,3610.0,0.0,16.383770536443677
08236004,10196.0,1088.0,0.0,10.67085131424088
08236011,4513.0,209.0,0.0,4.6310658098825614
08236013,4242.0,169.0,0.0,3.983969825553984
08236019,3673.0,429.0,0.0,11.679825755513205
08236025,4934.0,703.0,0.0,14.248074584515606
08236028,7224.0,732.0,0.0,10.132890365448505
08236030,5943.0,536.0,0.0,9.019013966010432
08236031,2973.0,142.0,0.0,4.77632021527077
08236033,7707.0,953.0,0.0,12.365382120150512
08236038,6372.0,828.0,0.0,12.994350282485875
08236039,2640.0,264.0,0.0,10.0
08236040,24689.0,3982.0,0.0,16.12864028514723
08236043,7420.0,647.0,0.0,8.719676549865229
08236044,5229.0,286.0,0.0,5.469497035762096
08236046,11755.0,1283.0,0.0,10.914504466184603
08236050,4717.0,404.0,0.0,8.564765740937036
08236061,2760.0,209.0,0.0,7.572463768115942
08236062,5066.0,319.0,0.0,6.296881168574813
08236065,6340.0,430.0,0.0,6.782334384858044
08236067,2628.0,169.0,0.0,6.430745814307458
08236068,2967.0,114.0,0.0,3.8422649140546006
08236070,9086.0,379.0,0.0,4.171252476337222
08236071,11605.0,803.0,0.0,6.919431279620853
08236072,10656.0,621.0,0.0,5.827702702702703
08236073,6559.0,347.0,0.0,5.290440615947553
08236074,6350.0,327.0,0.0,5.149606299212598
08236075,3381.0,162.0,0.0,4.791481810115351
08236076,9729.0,452.0,0.0,4.645903998355432
08237002,6453.0,366.0,0.0,5.671780567178057
08237004,14578.0,852.0,0.0,5.844423103306352
08237019,7906.0,561.0,0.0,7.09587654945611
08237024,3876.0,237.0,0.0,6.114551083591332
08237027,5508.0,437.0,0.0,7.933914306463326
08237028,22176.0,2248.0,0.0,10.137085137085137
08237030,2411.0,105.0,0.0,4.355039402737454
08237032,654.0,25.0,0.0,3.8226299694189603
08237040,24800.0,2163.0,0.0,8.721774193548388
08237045,7464.0,235.0,0.0,3.1484458735262595
08237054,7072.0,688.0,0.0,9.728506787330316
08237061,2630.0,91.0,0.0,3.4600760456273765
08237072,236.0,3.0,0.0,1.271186440677966
08237073,2207.0,65.0,0.0,2.945174444947893
08237074,5770.0,282.0,0.0,4.887348353552859
08237075,2232.0,45.0,0.0,2.0161290322580645
08311000,209628.0,28031.0,0.0,13.37178239548152
08315003,1398.0,54.0,0.0,3.8626609442060085
08315004,2523.0,203.0,0.0,8.045977011494253
08315006,17812.0,2351.0,0.0,13.198966988547047
08315007,3772.0,368.0,0.0,9.75609756097561
08315008,2301.0,114.0,0.0,4.954367666232073
08315013,5329.0,595.0,0.0,11.165321823981985
08315014,2231.0,96.0,0.0,4.303003137606455
08315015,13992.0,1224.0,0.0,8.747855917667238
08315016,1684.0,98.0,0.0,5.819477434679335
08315020,3168.0,105.0,0.0,3.3143939393939394
08315022,3825.0,188.0,0.0,4.915032679738562
08315028,2746.0,110.0,0.0,4.005826656955572
08315030,3270.0,215.0,0.0,6.574923547400612
08315031,2107.0,134.0,0.0,6.359753203607024
08315033,2339.0,146.0,0.0,6.241983753740915
08315037,1724.0,169.0,0.0,9.802784222737818
08315039,1952.0,71.0,0.0,3.637295081967213
08315041,3046.0,114.0,0.0,3.742613263296126
08315043,2624.0,96.0,0.0,3.658536585365854
08315047,11078.0,800.0,0.0,7.221520129987362
08315048,4600.0,259.0,0.0,5.630434782608695
08315050,5845.0,513.0,0.0,8.776732249786143
08315051,1064.0,37.0,0.0,3.4774436090225564
08315052,2460.0,211.0,0.0,8.577235772357724
08315056,1005.0,47.0,0.0,4.676616915422885
08315059,5848.0,247.0,0.0,4.223666210670315
08315064,9603.0,527.0,0.0,5.487868374466313
08315068,4863.0,315.0,0.0,6.47748303516348
08315070,7580.0,322.0,0.0,4.24802110817942
08315072,2553.0,67.0,0.0,2.6243634939287115
08315073,4822.0,306.0,0.0,6.345914558274575
08315074,18048.0,1780.0,0.0,9.86258865248227
08315076,11626.0,1047.0,0.0,9.005676931016687
08315084,2870.0,149.0,0.0,5.191637630662021
08315089,2507.0,85.0,0.0,3.3905065815715996
08315094,1822.0,59.0,0.0,3.2381997804610316
08315095,2550.0,121.0,0.0,4.745098039215686
08315098,5953.0,353.0,0.0,5.929783302536536
08315102,2396.0,230.0,0.0,9.599332220367279
08315107,1208.0,56.0,0.0,4.635761589403973
08315108,7349.0,495.0,0.0,6.735610287113893
08315109,4470.0,179.0,0.0,4.004474272930649
08315111,2640.0,105.0,0.0,3.977272727272727
08315113,11526.0,932.0,0.0,8.086066284921047
08315115,5205.0,516.0,0.0,9.913544668587896
08315125,1404.0,49.0,0.0,3.49002849002849
08315130,5044.0,231.0,0.0,4.5796986518636
08315131,7177.0,295.0,0.0,4.110352514978403
08315132,8617.0,432.0,0.0,5.013345711964721
08315133,5705.0,203.0,0.0,3.558282208588957
08316002,3926.0,160.0,0.0,4.0753948038716254
08316003,1731.0,19.0,0.0,1.097631426920855
08316009,13210.0,1054.0,0.0,7.9788039364118095
08316010,7091.0,217.0,0.0,3.0602171767028628
08316011,25868.0,2190.0,0.0,8.46605845059533
08316012,9084.0,487.0,0.0,5.361074416556583
08316013,1341.0,36.0,0.0,2.684563758389262
08316014,4287.0,230.0,0.0,5.36505714952181
08316017,10009.0,592.0,0.0,5.9146767908882
08316020,9309.0,625.0,0.0,6.713932753249543
08316024,2996.0,117.0,0.0,3.9052069425901204
08316036,3004.0,90.0,0.0,2.9960053262316912
08316037,3643.0,292.0,0.0,8.015371946198188
08316038,3280.0,97.0,0.0,2.957317073170732
08316039,3235.0,137.0,0.0,4.234930448222566
08316042,3012.0,81.0,0.0,2.689243027888446
08316043,11500.0,492.0,0.0,4.278260869565218
08316045,2897.0,138.0,0.0,4.763548498446669
08316049,2079.0,67.0,0.0,3.2227032227032226
08316051,3604.0,185.0,0.0,5.1331853496115425
08316053,3523.0,121.0,0.0,3.4345728072665342
08316054,4193.0,69.0,0.0,1.6455998092058193
08316055,2842.0,123.0,0.0,4.327938071780436
08316056,20789.0,1946.0,0.0,9.360719611332916
08317001,24523.0,1650.0,0.0,6.72837744158545
08317005,9733.0,467.0,0.0,4.798109524298777
08317008,2652.0,91.0,0.0,3.4313725490196076
08317009,2367.0,83.0,0.0,3.5065483734685254
08317011,3486.0,103.0,0.0,2.9546758462421114
08317021,3758.0,107.0,0.0,2.8472591804151146
08317026,12018.0,525.0,0.0,4.36844732900649
08317029,1688.0,32.0,0.0,1.8957345971563981
08317031,12539.0,456.0,0.0,3.6366536406411996
08317034,10544.0,791.0,0.0,7.501896813353566
08317039,2222.0,91.0,0.0,4.095409540954096
08317040,6946.0,483.0,0.0,6.953642384105961
08317041,5848.0,410.0,0.0,7.010943912448701
08317046,1695.0,31.0,0.0,1.8289085545722714
08317047,7892.0,249.0,0.0,3.1550937658388243
08317051,4256.0,472.0,0.0,11.090225563909774
08317056,5760.0,249.0,0.0,4.322916666666667
08317057,33551.0,4379.0,0.0,13.05177192930166
08317059,5260.0,343.0,0.0,6.520912547528517
08317065,42517.0,3778.0,0.0,8.885857421737187
08317067,1882.0,39.0,0.0,2.0722635494155153
08317068,3841.0,112.0,0.0,2.9159073158031763
08317073,4676.0,304.0,0.0,6.501283147989735
08317075,3748.0,181.0,0.0,4.8292422625400215
08317078,1674.0,47.0,0.0,2.807646356033453
08317085,1930.0,48.0,0.0,2.4870466321243523
08317088,2487.0,39.0,0.0,1.5681544028950543
08317089,19830.0,1127.0,0.0,5.683308119011598
08317093,2678.0,51.0,0.0,1.9044062733383122
08317096,57228.0,5088.0,0.0,8.890752778360243
08317097,3186.0,112.0,0.0,3.515379786566227
08317098,4718.0,190.0,0.0,4.027130139889784
08317100,3294.0,155.0,0.0,4.705525197328476
08317102,3215.0,122.0,0.0,3.7947122861586315
08317110,7309.0,509.0,0.0,6.964016965385142
08317113,2212.0,87.0,0.0,3.9330922242314648
08317114,3709.0,350.0,0.0,9.436505796710703
08317116,5297.0,260.0,0.0,4.908438738908816
08317118,2318.0,100.0,0.0,4.3140638481449525
08317121,3217.0,34.0,0.0,1.056885296860429
08317122,7128.0,254.0,0.0,3.56341189674523
08317126,1417.0,54.0,0.0,3.8108680310515175
08317127,4961.0,140.0,0.0,2.822011691191292
08317129,4000.0,75.0,0.0,1.875
08317141,9117.0,633.0,0.0,6.943073379401119
08317145,5829.0,344.0,0.0,5.90152684851604
08317146,7979.0,418.0,0.0,5.238751723273594
08317150,6755.0,245.0,0.0,3.626943005181347
08317151,9383.0,378.0,0.0,4.028562293509538
08317152,4762.0,180.0,0.0,3.7799244015119697
08317153,11167.0,572.0,0.0,5.122235157159488
08325001,4038.0,82.0,0.0,2.0307082714214957
08325009,3411.0,89.0,0.0,2.6092055115801815
08325011,3920.0,81.0,0.0,2.066326530612245
08325012,6129.0,194.0,0.0,3.165279817262196
08325014,5941.0,189.0,0.0,3.1812826123548223
08325015,3320.0,108.0,0.0,3.253012048192771
08325024,2519.0,45.0,0.0,1.7864231838030964
08325036,2943.0,114.0,0.0,3.873598369011213
08325045,13788.0,1258.0,0.0,9.123875834058602
08325049,24389.0,2326.0,0.0,9.537086391405962
08325050,1837.0,46.0,0.0,2.5040827436037016
08325051,3915.0,187.0,0.0,4.776500638569604
08325053,21043.0,1939.0,0.0,9.214465618020244
08325057,11814.0,705.0,0.0,5.967496190959878
08325060,3251.0,167.0,0.0,5.1368809597047065
08325061,4208.0,259.0,0.0,6.154942965779468
08325064,3032.0,257.0,0.0,8.476253298153035
08325069,5791.0,322.0,0.0,5.56035227076498
08325070,3125.0,115.0,0.0,3.68
08325071,2092.0,84.0,0.0,4.015296367112811
08325072,5973.0,382.0,0.0,6.395446174451699
08326003,12285.0,745.0,0.0,6.064306064306065
08326005,9973.0,1046.0,0.0,10.488318459841572
08326006,5915.0,460.0,0.0,7.776838546069316
08326010,3579.0,167.0,0.0,4.666107851355127
08326012,21154.0,1780.0,0.0,8.414484258296303
08326017,9238.0,1053.0,0.0,11.39857111928989
08326020,1178.0,38.0,0.0,3.225806451612903
08326027,7589.0,693.0,0.0,9.131637896956121
08326031,5866.0,245.0,0.0,4.176610978520286
08326037,3024.0,178.0,0.0,5.886243386243386
08326041,5813.0,203.0,0.0,3.492172716325477
08326052,12900.0,1313.0,0.0,10.178294573643411
08326054,2293.0,55.0,0.0,2.398604448320977
08326055,4059.0,199.0,0.0,4.9026853904902685
08326060,4776.0,487.0,0.0,10.196817420435512
08326061,2851.0,222.0,0.0,7.786741494212557
08326065,2427.0,189.0,0.0,7.787391841779975
08326068,3897.0,413.0,0.0,10.597895817295356
08326074,80123.0,10499.0,0.0,13.103603210064525
08326075,5027.0,187.0,0.0,3.719912472647702
08327002,7364.0,618.0,0.0,8.392178164041281
08327004,455.0,14.0,0.0,3.076923076923077
08327005,1145.0,84.0,0.0,7.336244541484716
08327006,1474.0,82.0,0.0,5.563093622795115
08327007,1157.0,112.0,0.0,9.680207433016422
08327008,656.0,6.0,0.0,0.9146341463414634
08327009,1740.0,125.0,0.0,7.183908045977011
08327010,2509.0,112.0,0.0,4.463929852530889
08327011,1635.0,50.0,0.0,3.058103975535168
08327012,921.0,27.0,0.0,2.9315960912052117
08327013,641.0,44.0,0.0,6.86427457098284
08327016,3106.0,204.0,0.0,6.567933032839665
08327017,2075.0,169.0,0.0,8.144578313253012
08327018,5987.0,411.0,0.0,6.864873893435777
08327019,3868.0,399.0,0.0,10.31540847983454
08327020,698.0,35.0,0.0,5.01432664756447
08327023,751.0,13.0,0.0,1.7310252996005326
08327025,5573.0,607.0,0.0,10.891799748788802
08327027,736.0,28.0,0.0,3.8043478260869565
08327029,568.0,27.0,0.0,4.753521126760563
08327030,1253.0,21.0,0.0,1.675977653631285
08327033,741.0,23.0,0.0,3.1039136302294197
08327036,3503.0,117.0,0.0,3.3399942906080504
08327038,3845.0,189.0,0.0,4.915474642392718
08327040,475.0,49.0,0.0,10.31578947368421
08327041,725.0,16.0,0.0,2.206896551724138
08327046,12271.0,1223.0,0.0,9.966587890147503
08327048,1193.0,28.0,0.0,2.347024308466052
08327049,15033.0,1500.0,0.0,9.978048293753742
08327050,33214.0,5410.0,0.0,16.288312157523936
08327051,3604.0,563.0,0.0,15.621531631520533
08327054,3807.0,221.0,0.0,5.8050958760178615
08327055,2334.0,128.0,0.0,5.484147386461011
08327056,2651.0,176.0,0.0,6.639004149377594
08327057,4506.0,257.0,0.0,5.703506435863293
08335001,2181.0,129.0,0.0,5.914718019257221
08335002,6919.0,365.0,0.0,5.275328804740569
08335015,1341.0,396.0,0.0,29.530201342281877
08335021,3639.0,182.0,0.0,5.001374003847211
08335022,9958.0,782.0,0.0,7.852982526611769
08335025,3190.0,176.0,0.0,5.517241379310345
08335026,2780.0,267.0,0.0,9.60431654676259
08335028,10147.0,983.0,0.0,9.687592391839953
08335035,8176.0,439.0,0.0,5.369373776908024
08335043,77796.0,9160.0,0.0,11.774384287109877
08335055,3175.0,153.0,0.0,4.818897637795276
08335057,2287.0,72.0,0.0,3.1482291211193703
08335061,3506.0,163.0,0.0,4.649172846548773
08335063,29571.0,2803.0,0.0,9.47888133644449
08335066,5119.0,364.0,0.0,7.110763821058801
08335075,44624.0,7233.0,0.0,16.20876658300466
08335077,4568.0,215.0,0.0,4.706654991243433
08335079,16019.0,1230.0,0.0,7.678381921468256
08335080,4563.0,175.0,0.0,3.8351961428884507
08335081,2888.0,270.0,0.0,9.349030470914128
08335096,1982.0,90.0,0.0,4.540867810292633
08335097,3624.0,159.0,0.0,4.387417218543046
08335098,4248.0,289.0,0.0,6.803201506591337
08335099,3186.0,122.0,0.0,3.8292529817953547
08335100,11477.0,959.0,0.0,8.35584211902065
08336004,541.0,22.0,0.0,4.066543438077634
08336006,3845.0,273.0,0.0,7.100130039011703
08336008,2901.0,164.0,0.0,5.653223026542571
08336010,100.0,3.0,0.0,3.0
08336014,8214.0,428.0,0.0,5.210616021426833
08336019,2425.0,157.0,0.0,6.474226804123711
08336024,689.0,38.0,0.0,5.515239477503629
08336025,482.0,6.0,0.0,1.2448132780082988
08336034,1116.0,47.0,0.0,4.211469534050179
08336036,2342.0,220.0,0.0,9.393680614859095
08336043,2484.0,162.0,0.0,6.521739130434782
08336045,8027.0,848.0,0.0,10.564345334496076
08336050,47602.0,6238.0,0.0,13.104491407924037
08336057,4143.0,441.0,0.0,10.644460535843592
08336069,31723.0,3832.0,0.0,12.079563723481385
08336073,1630.0,101.0,0.0,6.196319018404908
08336075,736.0,20.0,0.0,2.717391304347826
08336078,5326.0,304.0,0.0,5.707848291400676
08336079,2314.0,297.0,0.0,12.834917891097666
08336080,361.0,0.0,1.0,0.0
08336081,18582.0,1624.0,0.0,8.739640512323755
08336082,2413.0,205.0,0.0,8.495648570244509
08336084,9655.0,573.0,0.0,5.934748834800621
08336087,4771.0,391.0,0.0,8.19534688744498
08336089,189.0,12.0,0.0,6.349206349206349
08336090,634.0,17.0,0.0,2.6813880126182967
08336091,28828.0,4092.0,0.0,14.194533092826418
08336094,331.0,14.0,0.0,4.229607250755287
08336096,570.0,4.0,0.0,0.7017543859649122
08336100,970.0,55.0,0.0,5.670103092783505
08336103,5996.0,765.0,0.0,12.758505670446965
08336104,1485.0,114.0,0.0,7.6767676767676765
08336105,13757.0,1479.0,0.0,10.750890455767973
08336106,901.0,32.0,0.0,3.551609322974473
08336107,2919.0,90.0,0.0,3.0832476875642345
08337002,7205.0,564.0,0.0,7.827897293546148
08337013,1883.0,221.0,0.0,11.73659054699947
08337022,6776.0,492.0,0.0,7.260920897284533
08337027,1379.0,69.0,0.0,5.003625815808557
08337030,1105.0,102.0,0.0,9.23076923076923
08337032,2284.0,108.0,0.0,4.728546409807356
08337038,4276.0,207.0,0.0,4.840972871842844
08337039,2189.0,166.0,0.0,7.58337140246688
08337045,1238.0,116.0,0.0,9.369951534733442
08337049,2663.0,241.0,0.0,9.049943672549755
08337051,2457.0,314.0,0.0,12.77981277981278
08337053,3681.0,533.0,0.0,14.479760934528661
08337059,395.0,28.0,0.0,7.0886075949367084
08337060,4887.0,678.0,0.0,13.87354205033763
08337062,7410.0,772.0,0.0,10.418353576248313
08337065,7494.0,1007.0,0.0,13.437416599946625
08337066,8489.0,1110.0,0.0,13.075745081870656
08337070,2100.0,329.0,0.0,15.666666666666666
08337076,6757.0,897.0,0.0,13.275122095604559
08337090,3813.0,181.0,0.0,4.746918436926305
08337096,16208.0,2089.0,0.0,12.888696939782823
08337097,3731.0,372.0,0.0,9.970517287590459
08337106,5100.0,268.0,0.0,5.254901960784314
08337108,1896.0,181.0,0.0,9.546413502109704
08337116,12579.0,1567.0,0.0,12.457270053263375
08337118,3108.0,78.0,0.0,2.5096525096525095
08337123,6455.0,573.0,0.0,8.87683965917893
08337124,1657.0,107.0,0.0,6.457453228726615
08337125,5279.0,367.0,0.0,6.952074256487971
08337126,22206.0,2563.0,0.0,11.541925605692155
08337127,1221.0,38.0,0.0,3.112203112203112
08337128,5214.0,456.0,0.0,8.745684695051784
08415014,9135.0,1113.0,0.0,12.183908045977011
08415019,10552.0,1083.0,0.0,10.263457164518575
08415027,2256.0,65.0,0.0,2.881205673758865
08415028,1548.0,61.0,0.0,3.9405684754521966
08415029,2614.0,168.0,0.0,6.426931905126243
08415034,2122.0,67.0,0.0,3.1573986804901035
08415039,2806.0,120.0,0.0,4.276550249465431
08415048,1332.0,42.0,0.0,3.1531531531531534
08415050,20795.0,2901.0,0.0,13.950468862707382
08415053,14011.0,797.0,0.0,5.6883876953821995
08415058,1528.0,26.0,0.0,1.7015706806282722
08415059,17384.0,2171.0,0.0,12.488495167970548
08415060,9311.0,514.0,0.0,5.52035227150682
08415061,109799.0,15522.0,0.0,14.136740771773878
08415062,4190.0,434.0,0.0,10.35799522673031
08415073,6347.0,417.0,0.0,6.570033086497558
08415078,11750.0,1710.0,0.0,14.553191489361701
08415080,5089.0,472.0,0.0,9.274906661426606
08415085,2145.0,72.0,0.0,3.3566433566433567
08415087,4753.0,246.0,0.0,5.175678518830212
08415088,3951.0,92.0,0.0,2.328524424196406
08415089,5214.0,186.0,0.0,3.567318757192175
08415090,3709.0,166.0,0.0,4.47559989215422
08415091,7010.0,239.0,0.0,3.4094151212553494
08415092,8880.0,977.0,0.0,11.002252252252251
08415093,5121.0,114.0,0.0,2.2261277094317515
08416006,5607.0,828.0,0.0,14.76725521669342
08416009,5400.0,446.0,0.0,8.25925925925926
08416011,5583.0,631.0,0.0,11.302167293569765
08416015,8583.0,708.0,0.0,8.248864033554701
08416018,2977.0,187.0,0.0,6.281491434329863
08416022,5510.0,462.0,0.0,8.38475499092559
08416023,8091.0,531.0,0.0,6.562847608453837
08416025,19380.0,1761.0,0.0,9.086687306501547
08416026,4133.0,315.0,0.0,7.621582385676264
08416031,4454.0,374.0,0.0,8.396946564885496
08416036,40881.0,3853.0,0.0,9.424916220249015
08416041,82511.0,9586.0,0.0,11.61784489340815
08416048,11125.0,1003.0,0.0,9.015730337078653
08416049,3393.0,254.0,0.0,7.4860005894488655
08416050,4323.0,187.0,0.0,4.325699745547074
08417002,33318.0,2175.0,0.0,6.52800288132541
08417008,9115.0,721.0,0.0,7.910038398244652
08417010,3670.0,157.0,0.0,4.277929155313352
08417013,12307.0,1054.0,0.0,8.564231738035264
08417014,406.0,12.0,0.0,2.955665024630542
08417015,1047.0,64.0,0.0,6.112702960840497
08417016,1817.0,115.0,0.0,6.329113924050633
08417022,5968.0,208.0,0.0,3.485254691689008
08417023,2140.0,140.0,0.0,6.542056074766355
08417025,10573.0,817.0,0.0,7.727229736120306
08417029,467.0,34.0,0.0,7.28051391862955
08417031,18544.0,2077.0,0.0,11.200388265746334
08417036,1412.0,87.0,0.0,6.161473087818697
08417044,10085.0,477.0,0.0,4.729796727813585
08417045,1829.0,67.0,0.0,3.6632039365773648
08417047,1450.0,66.0,0.0,4.551724137931035
08417051,5136.0,256.0,0.0,4.984423676012461
08417052,760.0,33.0,0.0,4.342105263157895
08417054,6394.0,369.0,0.0,5.771035345636534
08417057,4633.0,584.0,0.0,12.605223397366718
08417063,2559.0,124.0,0.0,4.845642829230168
08417071,607.0,26.0,0.0,4.283360790774299
08417075,6470.0,551.0,0.0,8.516228748068006
08417078,475.0,12.0,0.0,2.526315789473684
08417079,44378.0,5424.0,0.0,12.22227229708414
08421000,116761.0,17916.0,0.0,15.34416457550038
08425002,4337.0,269.0,0.0,6.2024440857735765
08425004,593.0,38.0,0.0,6.408094435075886
08425005,1734.0,56.0,0.0,3.229527104959631
08425008,3883.0,403.0,0.0,10.378573268091682
08425011,1002.0,29.0,0.0,2.8942115768463075
08425013,656.0,20.0,0.0,3.048780487804878
08425014,2532.0,161.0,0.0,6.358609794628752
08425017,1921.0,71.0,0.0,3.695991671004685
08425019,2087.0,50.0,0.0,2.3957834211787254
08425020,11481.0,1341.0,0.0,11.680167232819441
08425022,176.0,7.0,0.0,3.977272727272727
08425024,262.0,16.0,0.0,6.106870229007634
08425028,6583.0,761.0,0.0,11.560078991341333
08425031,8414.0,474.0,0.0,5.633468029474685
08425033,24453.0,2913.0,0.0,11.912648754754018
08425035,135.0,3.0,0.0,2.2222222222222223
08425036,830.0,22.0,0.0,2.6506024096385543
08425039,13024.0,996.0,0.0,7.6474201474201475
08425050,1026.0,36.0,0.0,3.508771929824561
08425052,204.0,8.0,0.0,3.9215686274509802
08425055,257.0,3.0,0.0,1.1673151750972763
08425062,273.0,7.0,0.0,2.5641025641025643
08425064,1360.0,58.0,0.0,4.264705882352941
08425066,3318.0,116.0,0.0,3.496081977094635
08425071,10875.0,1066.0,0.0,9.802298850574713
08425072,13990.0,1300.0,0.0,9.292351679771265
08425073,565.0,21.0,0.0,3.7168141592920354
08425075,4731.0,311.0,0.0,6.573663073346015
08425079,1883.0,58.0,0.0,3.0801911842804035
08425081,4998.0,583.0,0.0,11.664665866346539
08425083,808.0,24.0,0.0,2.9702970297029703
08425084,1846.0,64.0,0.0,3.466955579631636
08425085,328.0,0.0,1.0,0.0
08425088,2048.0,114.0,0.0,5.56640625
08425090,1242.0,37.0,0.0,2.9790660225442833
08425091,1555.0,57.0,0.0,3.665594855305466
08425092,515.0,20.0,0.0,3.883495145631068
08425093,2260.0,127.0,0.0,5.619469026548672
08425097,1262.0,37.0,0.0,2.931854199683043
08425098,273.0,4.0,0.0,1.465201465201465
08425104,2060.0,132.0,0.0,6.407766990291262
08425108,6871.0,573.0,0.0,8.339397467617523
08425110,1338.0,60.0,0.0,4.484304932735426
08425112,637.0,14.0,0.0,2.197802197802198
08425123,900.0,34.0,0.0,3.7777777777777777
08425124,749.0,11.0,0.0,1.4686248331108145
08425125,197.0,4.0,0.0,2.030456852791878
08425130,1286.0,83.0,0.0,6.4541213063763605
08425134,2886.0,61.0,0.0,2.1136521136521136
08425135,2191.0,111.0,0.0,5.066179826563213
08425137,4682.0,271.0,0.0,5.7881247330200765
08425138,3097.0,126.0,0.0,4.068453341943816
08425139,2716.0,102.0,0.0,3.755522827687776
08425140,1983.0,152.0,0.0,7.665153807362582
08425141,14879.0,1269.0,0.0,8.52879897842597
08426001,4176.0,237.0,0.0,5.675287356321839
08426005,489.0,9.0,0.0,1.8404907975460123
08426006,307.0,4.0,0.0,1.3029315960912051
08426008,2167.0,54.0,0.0,2.491924319335487
08426011,1772.0,25.0,0.0,1.4108352144469527
08426013,4036.0,233.0,0.0,5.773042616451932
08426014,8318.0,563.0,0.0,6.768453955277711
08426019,2643.0,93.0,0.0,3.5187287173666286
08426020,722.0,6.0,0.0,0.8310249307479224
08426021,30906.0,2657.0,0.0,8.597036174205655
08426028,3623.0,142.0,0.0,3.919403808998068
08426031,2292.0,106.0,0.0,4.62478184991274
08426035,2586.0,70.0,0.0,2.7068832173240525
08426036,430.0,6.0,0.0,1.3953488372093024
08426038,4218.0,112.0,0.0,2.6552868658131814
08426043,1683.0,61.0,0.0,3.6244800950683302
08426044,3163.0,188.0,0.0,5.943724312361682
08426045,5415.0,175.0,0.0,3.2317636195752537
08426058,2109.0,36.0,0.0,1.7069701280227596
08426062,2700.0,39.0,0.0,1.4444444444444444
08426064,490.0,9.0,0.0,1.836734693877551
08426065,1927.0,91.0,0.0,4.722366372599896
08426066,3440.0,261.0,0.0,7.587209302325581
08426067,3468.0,84.0,0.0,2.422145328719723
08426070,19638.0,1633.0,0.0,8.315510744474997
08426071,4408.0,163.0,0.0,3.6978221415607986
08426073,4089.0,81.0,0.0,1.9809244314013206
08426074,4099.0,150.0,0.0,3.659429129055867
08426078,228.0,5.0,0.0,2.192982456140351
08426087,8715.0,692.0,0.0,7.940332759609868
08426090,908.0,17.0,0.0,1.8722466960352422
08426097,10127.0,598.0,0.0,5.905006418485238
08426100,4411.0,153.0,0.0,3.468601224212197
08426108,6227.0,269.0,0.0,4.319897221776136
08426109,289.0,7.0,0.0,2.422145328719723
08426113,1955.0,38.0,0.0,1.9437340153452685
08426117,2336.0,73.0,0.0,3.125
08426118,511.0,11.0,0.0,2.152641878669276
08426120,4337.0,152.0,0.0,3.5047267696564446
08426121,2408.0,103.0,0.0,4.277408637873754
08426124,3525.0,84.0,0.0,2.382978723404255
08426125,1531.0,105.0,0.0,6.858262573481385
08426128,5023.0,221.0,0.0,4.399761098944854
08426134,7723.0,245.0,0.0,3.17234235400751
08426135,1876.0,40.0,0.0,2.1321961620469083
08435005,3821.0,244.0,0.0,6.385762889295996
08435010,1547.0,111.0,0.0,7.175177763413058
08435013,4504.0,366.0,0.0,8.126110124333925
08435015,2881.0,146.0,0.0,5.067684831655675
08435016,56937.0,7160.0,0.0,12.575302527354795
08435018,1408.0,88.0,0.0,6.25
08435020,2908.0,147.0,0.0,5.055020632737277
08435024,6139.0,424.0,0.0,6.906662322853885
08435029,8250.0,770.0,0.0,9.333333333333334
08435030,7624.0,453.0,0.0,5.941762854144806
08435034,12748.0,1079.0,0.0,8.464072795732664
08435035,13109.0,799.0,0.0,6.095049202837745
08435036,5433.0,643.0,0.0,11.835081906865453
08435042,2627.0,147.0,0.0,5.5957365816520745
08435045,4432.0,245.0,0.0,5.527978339350181
08435047,4180.0,204.0,0.0,4.880382775119617
08435052,10880.0,800.0,0.0,7.352941176470588
08435053,2068.0,143.0,0.0,6.914893617021277
08435054,978.0,71.0,0.0,7.259713701431493
08435057,18163.0,1464.0,0.0,8.060342454440345
08435059,21568.0,2006.0,0.0,9.300816023738873
08435066,7808.0,865.0,0.0,11.078381147540984
08435067,4070.0,105.0,0.0,2.57985257985258
08436001,1688.0,60.0,0.0,3.5545023696682465
08436003,2695.0,145.0,0.0,5.380333951762523
08436004,2477.0,138.0,0.0,5.571255551069843
08436005,4037.0,249.0,0.0,6.167946494921972
08436006,3908.0,185.0,0.0,4.733879222108495
08436008,9537.0,438.0,0.0,4.59263919471532
08436009,19386.0,1116.0,0.0,5.7567316620241415
08436010,14201.0,1200.0,0.0,8.450109147243152
08436011,7096.0,706.0,0.0,9.949267192784667
08436012,4872.0,302.0,0.0,6.198686371100164
08436013,4093.0,163.0,0.0,3.982408990960176
08436014,3168.0,82.0,0.0,2.5883838383838382
08436018,3115.0,121.0,0.0,3.884430176565008
08436019,621.0,24.0,0.0,3.864734299516908
08436024,1201.0,25.0,0.0,2.0815986677768525
08436027,492.0,9.0,0.0,1.829268292682927
08436032,664.0,18.0,0.0,2.710843373493976
08436039,2989.0,118.0,0.0,3.947808631649381
08436040,165.0,3.0,0.0,1.8181818181818181
08436047,757.0,18.0,0.0,2.3778071334214004
08436049,12961.0,974.0,0.0,7.514852249054857
08436052,8520.0,309.0,0.0,3.6267605633802815
08436053,653.0,19.0,0.0,2.909647779479326
08436055,21744.0,1436.0,0.0,6.604120676968359
08436064,48393.0,4601.0,0.0,9.50757340937739
08436067,646.0,9.0,0.0,1.3931888544891642
08436069,3630.0,122.0,0.0,3.3608815426997247
08436077,286.0,11.0,0.0,3.8461538461538463
08436078,4497.0,294.0,0.0,6.537691794529686
08436079,3055.0,87.0,0.0,2.8477905073649756
08436081,26169.0,2181.0,0.0,8.334288662157515
08436082,22660.0,2217.0,0.0,9.783759929390998
08436083,4711.0,192.0,0.0,4.075567819995754
08436085,3447.0,139.0,0.0,4.0324920220481575
08436087,4062.0,231.0,0.0,5.68685376661743
08436093,1686.0,33.0,0.0,1.9572953736654803
08436094,6036.0,145.0,0.0,2.402253147779987
08436095,4885.0,239.0,0.0,4.892528147389969
08436096,4392.0,106.0,0.0,2.413479052823315
08437005,700.0,29.0,0.0,4.142857142857143
08437008,2772.0,118.0,0.0,4.256854256854257
08437031,6312.0,457.0,0.0,7.240177439797212
08437044,4832.0,238.0,0.0,4.925496688741722
08437047,1824.0,49.0,0.0,2.68640350877193
08437053,4129.0,120.0,0.0,2.90627270525551
08437056,1988.0,61.0,0.0,3.0684104627766597
08437059,2799.0,99.0,0.0,3.536977491961415
08437065,5018.0,315.0,0.0,6.277401355121563
08437072,2187.0,42.0,0.0,1.9204389574759946
08437076,9862.0,615.0,0.0,6.236057594808355
08437078,8172.0,605.0,0.0,7.403328438570729
08437082,1848.0,56.0,0.0,3.0303030303030303
08437086,6741.0,248.0,0.0,3.6789793799139594
08437088,12945.0,1289.0,0.0,9.957512553109309
08437100,17040.0,1318.0,0.0,7.734741784037559
08437101,2508.0,146.0,0.0,5.821371610845295
08437102,1623.0,48.0,0.0,2.957486136783734
08437104,15189.0,1165.0,0.0,7.670024359734018
08437105,3616.0,276.0,0.0,7.632743362831858
08437107,4929.0,144.0,0.0,2.9214850882531955
08437114,2243.0,146.0,0.0,6.5091395452518945
08437118,2651.0,86.0,0.0,3.244058845718597
08437123,2504.0,86.0,0.0,3.4345047923322682
08437124,3169.0,121.0,0.0,3.8182391921741874
09161000,124927.0,15396.0,0.0,12.323997214373193
09162000,1348335.0,283544.0,0.0,21.029195266754925
09163000,59329.0,9069.0,0.0,15.285947850123886
09171111,12449.0,857.0,0.0,6.8840870752670895
09171112,17489.0,1878.0,0.0,10.73817828349248
09171113,9991.0,777.0,0.0,7.776999299369432
09171114,4054.0,211.0,0.0,5.204736063147509
09171115,1160.0,6.0,0.0,0.5172413793103449
09171116,1170.0,44.0,0.0,3.7606837606837606
09171117,8495.0,463.0,0.0,5.450264861683343
09171118,2448.0,68.0,0.0,2.7777777777777777
09171119,966.0,49.0,0.0,5.072463768115942
09171121,2665.0,108.0,0.0,4.052532833020638
09171122,2231.0,47.0,0.0,2.10667861945316
09171123,2615.0,68.0,0.0,2.6003824091778203
09171124,2234.0,102.0,0.0,4.565801253357207
09171125,8312.0,627.0,0.0,7.543310875842156
09171126,1204.0,16.0,0.0,1.3289036544850499
09171127,2372.0,28.0,0.0,1.1804384485666104
09171129,2597.0,38.0,0.0,1.4632268001540238
09171130,1014.0,27.0,0.0,2.662721893491124
09171131,1846.0,54.0,0.0,2.925243770314193
09171132,9097.0,410.0,0.0,4.506980323183467
09171133,3167.0,82.0,0.0,2.5892011367224503
09171134,953.0,14.0,0.0,1.4690451206715636
09171135,2855.0,143.0,0.0,5.008756567425569
09171137,4639.0,124.0,0.0,2.6729898685061437
09172111,9511.0,1071.0,0.0,11.26064556828935
09172112,4299.0,249.0,0.0,5.792044661549197
09172114,16829.0,1871.0,0.0,11.117713470794461
09172115,2909.0,315.0,0.0,10.828463389480921
09172116,7577.0,823.0,0.0,10.861818661739475
09172117,7386.0,395.0,0.0,5.347955591659897
09172118,15799.0,3213.0,0.0,20.336730172795747
09172122,6818.0,1205.0,0.0,17.67380463479026
09172124,1730.0,162.0,0.0,9.364161849710984
09172128,5140.0,425.0,0.0,8.268482490272374
09172129,1727.0,84.0,0.0,4.863925883034163
09172130,5252.0,436.0,0.0,8.3015993907083
09172131,1346.0,56.0,0.0,4.160475482912333
09172132,5349.0,325.0,0.0,6.0759020377640685
09172134,9155.0,289.0,0.0,3.156744948115784
09173111,3674.0,183.0,0.0,4.980947196516059
09173112,17480.0,1763.0,0.0,10.085812356979405
09173113,3511.0,177.0,0.0,5.041298775277698
09173115,2080.0,69.0,0.0,3.3173076923076925
09173118,5246.0,207.0,0.0,3.945863515059093
09173120,5259.0,318.0,0.0,6.046776953793497
09173123,4212.0,198.0,0.0,4.700854700854701
09173124,2965.0,85.0,0.0,2.866779089376054
09173126,23042.0,2297.0,0.0,9.968752712438157
09173127,1413.0,54.0,0.0,3.821656050955414
09173130,3577.0,266.0,0.0,7.436399217221135
09173131,845.0,20.0,0.0,2.366863905325444
09173133,3953.0,338.0,0.0,8.550467998988111
09173134,2942.0,99.0,0.0,3.3650577838205304
09173135,9608.0,380.0,0.0,3.95503746877602
09173137,4076.0,199.0,0.0,4.882237487733072
09173140,2253.0,77.0,0.0,3.417665335108744
09173141,1286.0,47.0,0.0,3.6547433903576985
09173142,1195.0,38.0,0.0,3.1799163179916317
09173145,3410.0,157.0,0.0,4.604105571847508
09173147,17151.0,1406.0,0.0,8.197772724622471
09174111,7330.0,253.0,0.0,3.451568894952251
09174113,7175.0,364.0,0.0,5.073170731707317
09174115,43402.0,6560.0,0.0,15.114510852034469
09174118,5501.0,276.0,0.0,5.017269587347755
09174121,4932.0,460.0,0.0,9.326845093268451
09174122,5313.0,318.0,0.0,5.9853190287972895
09174126,18117.0,3351.0,0.0,18.496439807915216
09174131,9437.0,552.0,0.0,5.849316520080534
09174135,4437.0,311.0,0.0,7.009240477800316
09174136,6065.0,329.0,0.0,5.424567188788129
09174137,1770.0,62.0,0.0,3.5028248587570623
09174141,6060.0,312.0,0.0,5.148514851485149
09174143,6090.0,303.0,0.0,4.975369458128079
09174146,2551.0,141.0,0.0,5.5272442179537435
09174147,3139.0,172.0,0.0,5.47945205479452
09174150,4225.0,230.0,0.0,5.443786982248521
09174151,3153.0,170.0,0.0,5.391690453536315
09175111,3651.0,208.0,0.0,5.6970692960832645
09175112,4252.0,137.0,0.0,3.2220131702728128
09175113,1412.0,39.0,0.0,2.762039660056657
09175114,1149.0,22.0,0.0,1.9147084421235858
09175115,11048.0,867.0,0.0,7.847574221578566
09175116,2184.0,138.0,0.0,6.318681318681318
09175118,3478.0,212.0,0.0,6.095457159286947
09175119,1433.0,44.0,0.0,3.0704815073272855
09175121,4622.0,304.0,0.0,6.577239290350498
09175122,12781.0,827.0,0.0,6.470542211094593
09175123,2869.0,154.0,0.0,5.367723945625653
09175124,9621.0,1076.0,0.0,11.183868620725496
09175127,12105.0,1519.0,0.0,12.548533663775299
09175128,1429.0,72.0,0.0,5.038488453463961
09175131,2191.0,140.0,0.0,6.389776357827476
09175132,21069.0,1645.0,0.0,7.807679529166073
09175133,5089.0,350.0,0.0,6.87757909215956
09175135,13182.0,1496.0,0.0,11.348808981945076
09175136,1450.0,22.0,0.0,1.5172413793103448
09175137,3884.0,110.0,0.0,2.832131822863028
09175139,8669.0,627.0,0.0,7.232668127811743
09176111,2795.0,36.0,0.0,1.2880143112701252
09176112,6775.0,144.0,0.0,2.125461254612546
09176114,8736.0,334.0,0.0,3.8232600732600734
09176116,1613.0,17.0,0.0,1.0539367637941723
09176118,3478.0,121.0,0.0,3.4790109258194364
09176120,4382.0,276.0,0.0,6.29849383842994
09176121,2741.0,141.0,0.0,5.14410798978475
09176122,1100.0,13.0,0.0,1.1818181818181819
09176123,13150.0,950.0,0.0,7.224334600760456
09176124,2765.0,135.0,0.0,4.882459312839059
09176126,11089.0,512.0,0.0,4.617188204527009
09176129,6358.0,283.0,0.0,4.451085246932998
09176131,2433.0,127.0,0.0,5.219893136046034
09176132,2802.0,49.0,0.0,1.748750892219843
09176137,2526.0,50.0,0.0,1.9794140934283453
09176138,5513.0,387.0,0.0,7.0197714493016505
09176139,8886.0,441.0,0.0,4.962862930452397
09176143,4654.0,400.0,0.0,8.594757198109154
09176147,1613.0,22.0,0.0,1.3639181649101053
09176148,1550.0,57.0,0.0,3.6774193548387095
09176149,1962.0,41.0,0.0,2.0897043832823647
09176150,1187.0,10.0,0.0,0.8424599831508003
09176153,3543.0,109.0,0.0,3.0764888512559976
09176155,2745.0,70.0,0.0,2.5500910746812386
09176160,3034.0,175.0,0.0,5.767963085036256
09176161,3678.0,157.0,0.0,4.268624252311039
09176164,2659.0,54.0,0.0,2.0308386611508085
09176165,2287.0,46.0,0.0,2.0113686051595976
09176166,2654.0,108.0,0.0,4.069329314242653
09176167,4713.0,167.0,0.0,3.543390621684702
09177112,2554.0,108.0,0.0,4.22866092404072
09177113,3524.0,149.0,0.0,4.228149829738933
09177114,1419.0,39.0,0.0,2.748414376321353
09177115,13870.0,744.0,0.0,5.364095169430425
09177116,2374.0,121.0,0.0,5.096882898062342
09177117,33528.0,3599.0,0.0,10.734311620138392
09177118,4166.0,218.0,0.0,5.232837253960634
09177119,3216.0,211.0,0.0,6.560945273631841
09177120,3362.0,114.0,0.0,3.3908387864366447
09177121,1438.0,19.0,0.0,1.321279554937413
09177122,1431.0,37.0,0.0,2.585604472396925
09177123,5403.0,226.0,0.0,4.182861373311123
09177124,944.0,13.0,0.0,1.3771186440677967
09177126,2574.0,92.0,0.0,3.5742035742035743
09177127,2698.0,56.0,0.0,2.0756115641215716
09177130,5368.0,243.0,0.0,4.526825633383011
09177131,2378.0,74.0,0.0,3.1118587047939443
09177133,5378.0,411.0,0.0,7.642246188174043
09177134,1862.0,94.0,0.0,5.048335123523094
09177135,2522.0,135.0,0.0,5.35289452815226
09177137,4284.0,144.0,0.0,3.361344537815126
09177138,1192.0,12.0,0.0,1.0067114093959733
09177139,9057.0,597.0,0.0,6.591586618085459
09177142,2038.0,84.0,0.0,4.121687929342492
09177143,4767.0,214.0,0.0,4.489196559681141
09177144,4359.0,215.0,0.0,4.932323927506308
09178113,5082.0,427.0,0.0,8.402203856749312
09178115,2568.0,165.0,0.0,6.425233644859813
09178116,5571.0,249.0,0.0,4.469574582660204
09178120,12791.0,1259.0,0.0,9.84285825971386
09178122,3251.0,107.0,0.0,3.291294986158105
09178123,4492.0,278.0,0.0,6.188780053428317
09178124,44578.0,5815.0,0.0,13.044551123872763
09178125,1384.0,50.0,0.0,3.61271676300578
09178129,2771.0,122.0,0.0,4.402742692168892
09178130,9205.0,1134.0,0.0,12.319391634980988
09178132,1825.0,37.0,0.0,2.0273972602739727
09178133,2310.0,140.0,0.0,6.0606060606060606
09178136,2736.0,76.0,0.0,2.7777777777777777
09178137,3960.0,165.0,0.0,4.166666666666667
09178138,3869.0,189.0,0.0,4.884983199793228
09178140,2941.0,159.0,0.0,5.406324379462768
09178142,2796.0,101.0,0.0,3.612303290414878
09178143,16662.0,1958.0,0.0,11.751290361301164
09178144,4894.0,332.0,0.0,6.78381691867593
09178145,18392.0,3328.0,0.0,18.09482383645063
09178150,1509.0,56.0,0.0,3.711066931742876
09178155,2431.0,84.0,0.0,3.4553681612505143
09178156,2351.0,58.0,0.0,2.4670353041259037
09178157,4449.0,266.0,0.0,5.978871656552034
09179111,1571.0,36.0,0.0,2.2915340547422023
09179113,3520.0,152.0,0.0,4.318181818181818
09179114,1792.0,42.0,0.0,2.34375
09179117,3200.0,137.0,0.0,4.28125
09179118,11564.0,687.0,0.0,5.940850916637841
09179119,6133.0,452.0,0.0,7.369965759008641
09179121,33379.0,3838.0,0.0,11.498247401060548
09179123,37724.0,4660.0,0.0,12.352878803944439
09179125,3618.0,190.0,0.0,5.251520176893311
09179126,19079.0,1295.0,0.0,6.787567482572462
09179128,1377.0,38.0,0.0,2.759622367465505
09179130,1486.0,56.0,0.0,3.768506056527591
09179131,1585.0,66.0,0.0,4.16403785488959
09179132,1435.0,29.0,0.0,2.0209059233449476
09179134,12699.0,674.0,0.0,5.307504527915584
09179136,4569.0,221.0,0.0,4.836944626833005
09179137,1641.0,42.0,0.0,2.5594149908592323
09179138,3835.0,130.0,0.0,3.389830508474576
09179140,1593.0,63.0,0.0,3.9548022598870056
09179142,24751.0,1900.0,0.0,7.676457516868005
09179145,19613.0,2454.0,0.0,12.51210931525009
09179147,1842.0,52.0,0.0,2.823018458197611
09179149,3591.0,145.0,0.0,4.037872458925091
09180112,2361.0,114.0,0.0,4.828462515883101
09180113,1110.0,23.0,0.0,2.0720720720720722
09180114,1528.0,88.0,0.0,5.7591623036649215
09180115,750.0,78.0,0.0,10.4
09180116,3651.0,214.0,0.0,5.861407833470282
09180117,25581.0,2704.0,0.0,10.570345178061842
09180118,3433.0,279.0,0.0,8.127002621613748
09180119,1444.0,40.0,0.0,2.770083102493075
09180122,1878.0,111.0,0.0,5.9105431309904155
09180123,7342.0,479.0,0.0,6.524107872514302
09180124,11311.0,796.0,0.0,7.037397223941296
09180125,5150.0,505.0,0.0,9.805825242718447
09180126,3035.0,221.0,0.0,7.28171334431631
09180127,3163.0,99.0,0.0,3.1299399304457793
09180128,1173.0,39.0,0.0,3.3248081841432224
09180129,1600.0,48.0,0.0,3.0
09180131,599.0,13.0,0.0,2.1702838063439067
09180132,2392.0,177.0,0.0,7.3996655518394645
09180133,735.0,28.0,0.0,3.8095238095238093
09180134,2941.0,118.0,0.0,4.012240734444067
09180135,1489.0,58.0,0.0,3.895231699126931
09180136,1380.0,73.0,0.0,5.2898550724637685
09181111,1070.0,11.0,0.0,1.02803738317757
09181113,2526.0,87.0,0.0,3.4441805225653206
09181114,10133.0,517.0,0.0,5.102141517813086
09181115,1654.0,76.0,0.0,4.594921402660217
09181116,2171.0,42.0,0.0,1.9345923537540304
09181118,1716.0,64.0,0.0,3.7296037296037294
09181120,1639.0,53.0,0.0,3.233679072605247
09181121,3527.0,114.0,0.0,3.2322086759285513
09181122,5426.0,191.0,0.0,3.5200884629561373
09181123,2136.0,125.0,0.0,5.852059925093633
09181124,1768.0,55.0,0.0,3.1108597285067874
09181126,1636.0,59.0,0.0,3.606356968215159
09181127,2423.0,72.0,0.0,2.971522905489063
09181128,10031.0,496.0,0.0,4.9446715182932905
09181129,1021.0,26.0,0.0,2.546523016650343
09181130,27324.0,2232.0,0.0,8.168642951251647
09181131,1461.0,32.0,0.0,2.190280629705681
09181132,3605.0,83.0,0.0,2.3023578363384187
09181133,2484.0,50.0,0.0,2.0128824476650564
09181134,2417.0,64.0,0.0,2.6479106330161355
09181135,1594.0,44.0,0.0,2.7603513174404015
09181137,1472.0,33.0,0.0,2.2418478260869565
09181138,1855.0,38.0,0.0,2.0485175202156336
09181139,3751.0,235.0,0.0,6.2649960010663825
09181140,894.0,26.0,0.0,2.9082774049217
09181141,3338.0,88.0,0.0,2.6363091671659675
09181142,907.0,18.0,0.0,1.9845644983461963
09181143,1347.0,35.0,0.0,2.5983667409057163
09181144,4345.0,230.0,0.0,5.293440736478711
09181145,3720.0,143.0,0.0,3.8440860215053765
09181146,3694.0,135.0,0.0,3.654574986464537
09182111,4491.0,511.0,0.0,11.378312179915387
09182112,1474.0,85.0,0.0,5.766621438263229
09182114,5500.0,166.0,0.0,3.018181818181818
09182116,5767.0,351.0,0.0,6.086353389977458
09182119,8026.0,951.0,0.0,11.848990779965114
09182120,15389.0,1236.0,0.0,8.031710962375723
09182123,2997.0,164.0,0.0,5.472138805472139
09182124,3417.0,324.0,0.0,9.482001755926252
09182125,10997.0,1086.0,0.0,9.875420569246158
09182127,4411.0,276.0,0.0,6.257084561323963
09182129,5594.0,458.0,0.0,8.187343582409724
09182131,6645.0,432.0,0.0,6.501128668171558
09182132,3590.0,411.0,0.0,11.448467966573816
09182133,2926.0,111.0,0.0,3.793574846206425
09182134,5465.0,204.0,0.0,3.7328453796889294
09182136,3657.0,104.0,0.0,2.8438610883237625
09182137,3284.0,151.0,0.0,4.5980511571254565
09183112,6092.0,313.0,0.0,5.137885751805647
09183113,2987.0,91.0,0.0,3.046534984934717
09183114,3032.0,124.0,0.0,4.089709762532982
09183115,1219.0,30.0,0.0,2.4610336341263332
09183116,919.0,18.0,0.0,1.9586507072905333
09183118,3718.0,103.0,0.0,2.770306616460463
09183119,6286.0,441.0,0.0,7.015590200445434
09183120,2417.0,78.0,0.0,3.2271410839884154
09183122,700.0,16.0,0.0,2.2857142857142856
09183123,1327.0,21.0,0.0,1.5825169555388094
09183124,3924.0,157.0,0.0,4.001019367991845
09183125,691.0,7.0,0.0,1.0130246020260492
09183126,1893.0,36.0,0.0,1.901743264659271
09183127,3413.0,154.0,0.0,4.512159390565485
09183128,16807.0,1078.0,0.0,6.41399416909621
09183129,6058.0,312.0,0.0,5.150214592274678
09183130,1206.0,10.0,0.0,0.8291873963515755
09183131,1277.0,21.0,0.0,1.644479248238058
09183132,1628.0,47.0,0.0,2.886977886977887
09183134,848.0,9.0,0.0,1.0613207547169812
09183135,2376.0,54.0,0.0,2.272727272727273
09183136,3287.0,67.0,0.0,2.0383328262853664
09183138,965.0,12.0,0.0,1.2435233160621761
09183139,1796.0,30.0,0.0,1.670378619153675
09183140,1631.0,27.0,0.0,1.6554261189454322
09183143,952.0,11.0,0.0,1.1554621848739495
09183144,3415.0,202.0,0.0,5.915080527086384
09183145,1341.0,24.0,0.0,1.7897091722595078
09183147,1685.0,26.0,0.0,1.543026706231454
09183148,21435.0,2319.0,0.0,10.818754373687893
09183151,1089.0,30.0,0.0,2.7548209366391183
09184112,7574.0,787.0,0.0,10.390810668074993
09184113,2820.0,300.0,0.0,10.638297872340425
09184114,4750.0,333.0,0.0,7.010526315789473
09184118,6321.0,718.0,0.0,11.358962189526974
09184119,15699.0,3125.0,0.0,19.905726479393593
09184120,12729.0,1106.0,0.0,8.688820802891037
09184121,6305.0,478.0,0.0,7.581284694686756
09184122,10732.0,1169.0,0.0,10.89265747297801
09184123,19231.0,2799.0,0.0,14.554625344495866
09184127,9856.0,1081.0,0.0,10.967938311688311
09184129,8376.0,914.0,0.0,10.912129894937918
09184130,15503.0,1461.0,0.0,9.423982455008709
09184131,12386.0,1120.0,0.0,9.042467301792346
09184132,8277.0,751.0,0.0,9.073335749667754
09184134,12438.0,880.0,0.0,7.0750924585946295
09184135,10639.0,1438.0,0.0,13.516307923677036
09184136,20082.0,2468.0,0.0,12.28961258838761
09184137,4633.0,364.0,0.0,7.856680336714872
09184138,10115.0,1101.0,0.0,10.88482451804251
09184139,8730.0,805.0,0.0,9.221076746849942
09184140,6024.0,726.0,0.0,12.05179282868526
09184141,7135.0,622.0,0.0,8.717589348283111
09184142,5267.0,374.0,0.0,7.100816404025061
09184144,2985.0,197.0,0.0,6.599664991624791
09184145,17439.0,2763.0,0.0,15.843798382934802
09184146,13335.0,1156.0,0.0,8.66891638545182
09184147,9697.0,1098.0,0.0,11.323089615344951
09184148,22298.0,2822.0,0.0,12.655843573414655
09184149,25872.0,3399.0,0.0,13.137755102040817
09185113,2682.0,56.0,0.0,2.087994034302759
09185116,1198.0,16.0,0.0,1.335559265442404
09185118,1853.0,28.0,0.0,1.5110631408526713
09185123,1596.0,36.0,0.0,2.255639097744361
09185125,4504.0,88.0,0.0,1.9538188277087034
09185127,3642.0,75.0,0.0,2.059308072487644
09185131,2357.0,28.0,0.0,1.1879507848960542
09185139,5141.0,54.0,0.0,1.0503793036374247
09185140,4749.0,114.0,0.0,2.4005053695514844
09185143,1493.0,18.0,0.0,1.2056262558606832
09185149,27733.0,2924.0,0.0,10.543395954278296
09185150,2608.0,40.0,0.0,1.5337423312883436
09185153,4770.0,114.0,0.0,2.389937106918239
09185157,1499.0,38.0,0.0,2.535023348899266
09185158,15910.0,1094.0,0.0,6.876178504085481
09185163,4384.0,80.0,0.0,1.8248175182481752
09185166,2189.0,64.0,0.0,2.923709456372773
09185168,2285.0,81.0,0.0,3.5448577680525166
09186113,4985.0,300.0,0.0,6.018054162487462
09186116,1494.0,50.0,0.0,3.3467202141900936
09186122,9921.0,649.0,0.0,6.541679266203004
09186125,3281.0,77.0,0.0,2.3468454739408715
09186126,1947.0,135.0,0.0,6.933744221879815
09186128,4402.0,117.0,0.0,2.6578827805542935
09186130,2106.0,77.0,0.0,3.6562203228869894
09186132,2922.0,82.0,0.0,2.8062970568104038
09186137,11220.0,823.0,0.0,7.335115864527629
09186139,2795.0,78.0,0.0,2.7906976744186047
09186143,23603.0,1883.0,0.0,7.9777994322755585
09186144,2031.0,56.0,0.0,2.7572624322993597
09186146,4895.0,159.0,0.0,3.2482124616956076
09186147,7477.0,477.0,0.0,6.3795639962551824
09186149,5600.0,277.0,0.0,4.946428571428571
09186151,4617.0,138.0,0.0,2.9889538661468484
09186152,4831.0,221.0,0.0,4.574622231422066
09186158,7245.0,408.0,0.0,5.6314699792960665
09186162,10744.0,590.0,0.0,5.491437081161578
09187113,3536.0,82.0,0.0,2.319004524886878
09187114,5443.0,348.0,0.0,6.393532978137057
09187116,2883.0,53.0,0.0,1.8383628165105792
09187117,17023.0,1265.0,0.0,7.431122598836867
09187118,6617.0,538.0,0.0,8.130572767115007
09187120,5602.0,312.0,0.0,5.5694394858978935
09187121,1546.0,52.0,0.0,3.3635187580853816
09187122,15720.0,1070.0,0.0,6.806615776081425
09187123,251.0,44.0,0.0,17.529880478087648
09187124,4174.0,197.0,0.0,4.719693339722089
09187125,2780.0,175.0,0.0,6.294964028776978
09187126,2868.0,74.0,0.0,2.580195258019526
09187128,7886.0,597.0,0.0,7.570377884859244
09187129,7524.0,303.0,0.0,4.027113237639553
09187130,10260.0,727.0,0.0,7.085769980506822
09187131,2873.0,125.0,0.0,4.35085276714236
09187132,2908.0,133.0,0.0,4.573590096286107
09187134,2554.0,72.0,0.0,2.8191072826938135
09187137,6916.0,278.0,0.0,4.019664545980335
09187138,1158.0,93.0,0.0,8.031088082901555
09187139,2633.0,98.0,0.0,3.7219901253323204
09187142,4522.0,157.0,0.0,3.4719150818222024
09187145,1205.0,22.0,0.0,1.8257261410788381
09187148,6553.0,669.0,0.0,10.209064550587517
09187150,17666.0,1939.0,0.0,10.975885882486132
09187154,4231.0,163.0,0.0,3.8525171354289767
09187156,2594.0,98.0,0.0,3.7779491133384733
09187157,4746.0,337.0,0.0,7.100716392751791
09187159,3856.0,183.0,0.0,4.745850622406639
09187162,9902.0,709.0,0.0,7.160169662694405
09187163,2534.0,61.0,0.0,2.4072612470402523
09187164,1334.0,28.0,0.0,2.098950524737631
09187165,11073.0,544.0,0.0,4.912851079201662
09187167,5437.0,194.0,0.0,3.568144197167556
09187168,3681.0,159.0,0.0,4.319478402607987
09187169,5400.0,279.0,0.0,5.166666666666667
09187170,3674.0,76.0,0.0,2.0685900925421885
09187172,2610.0,93.0,0.0,3.5632183908045976
09187173,1256.0,29.0,0.0,2.3089171974522293
09187174,2577.0,75.0,0.0,2.910360884749709
09187176,2695.0,53.0,0.0,1.966604823747681
09187177,9841.0,563.0,0.0,5.720963316736104
09187179,6875.0,247.0,0.0,3.5927272727272728
09187181,3061.0,120.0,0.0,3.9202874877491016
09187182,12127.0,1247.0,0.0,10.282839943926774
09187186,1652.0,45.0,0.0,2.723970944309927
09188113,7896.0,615.0,0.0,7.788753799392097
09188117,3284.0,307.0,0.0,9.348355663824604
09188118,4203.0,415.0,0.0,9.873899595527005
09188120,19294.0,1991.0,0.0,10.31927023945268
09188121,17061.0,1594.0,0.0,9.342945900005862
09188124,9994.0,1053.0,0.0,10.536321793075846
09188126,4280.0,374.0,0.0,8.738317757009346
09188127,7421.0,676.0,0.0,9.109284463010376
09188132,7042.0,548.0,0.0,7.7818801476853166
09188137,5405.0,401.0,0.0,7.419056429232192
09188139,22165.0,2437.0,0.0,10.99481163997293
09188141,9197.0,631.0,0.0,6.8609329129063825
09188144,5124.0,340.0,0.0,6.63544106167057
09188145,4767.0,247.0,0.0,5.181455842248794
09189111,4206.0,211.0,0.0,5.016642891107941
09189113,4782.0,177.0,0.0,3.7013801756587204
09189114,4674.0,198.0,0.0,4.2362002567394095
09189115,2616.0,148.0,0.0,5.657492354740061
09189118,4093.0,163.0,0.0,3.982408990960176
09189119,4185.0,168.0,0.0,4.014336917562724
09189120,6291.0,602.0,0.0,9.569225878238754
09189124,4470.0,211.0,0.0,4.720357941834452
09189126,1366.0,29.0,0.0,2.12298682284041
09189127,3091.0,109.0,0.0,3.526366871562601
09189129,3181.0,160.0,0.0,5.029864822382899
09189130,2438.0,84.0,0.0,3.4454470877768664
09189133,3959.0,117.0,0.0,2.9552917403384695
09189134,3358.0,109.0,0.0,3.245979749851102
09189135,2300.0,67.0,0.0,2.9130434782608696
09189137,1638.0,27.0,0.0,1.6483516483516483
09189139,2367.0,204.0,0.0,8.61850443599493
09189140,6389.0,397.0,0.0,6.213804977304743
09189141,1665.0,48.0,0.0,2.8828828828828827
09189142,3502.0,96.0,0.0,2.741290691033695
09189143,4519.0,184.0,0.0,4.071697278158885
09189145,8099.0,331.0,0.0,4.086924311643413
09189146,1123.0,41.0,0.0,3.6509349955476402
09189148,3143.0,103.0,0.0,3.277123767101495
09189149,5509.0,155.0,0.0,2.8135777818115812
09189150,1939.0,57.0,0.0,2.9396596183599795
09189152,5830.0,290.0,0.0,4.974271012006861
09189154,19941.0,2133.0,0.0,10.696554836768467
09189155,18635.0,1331.0,0.0,7.142473839549235
09189157,11201.0,668.0,0.0,5.963753236318186
09189159,4824.0,157.0,0.0,3.2545605306799334
09189160,3434.0,152.0,0.0,4.42632498543972
09189161,1843.0,32.0,0.0,1.7362995116657622
09189162,6431.0,224.0,0.0,3.4831285958637848
09189165,1467.0,26.0,0.0,1.7723244717109747
09190111,3228.0,184.0,0.0,5.700123915737299
09190113,1180.0,40.0,0.0,3.389830508474576
09190114,2360.0,32.0,0.0,1.3559322033898304
09190115,2123.0,141.0,0.0,6.641544983513896
09190117,1764.0,39.0,0.0,2.2108843537414966
09190118,1681.0,32.0,0.0,1.9036287923854849
09190120,1329.0,31.0,0.0,2.3325808878856282
09190121,963.0,22.0,0.0,2.284527518172378
09190126,1086.0,46.0,0.0,4.23572744014733
09190129,1509.0,31.0,0.0,2.054340622929092
09190130,3779.0,104.0,0.0,2.7520508070918233
09190131,2563.0,96.0,0.0,3.7456106125634023
09190132,2493.0,123.0,0.0,4.9338146811070995
09190133,928.0,17.0,0.0,1.831896551724138
09190135,2038.0,52.0,0.0,2.551521099116781
09190136,1484.0,35.0,0.0,2.358490566037736
09190138,2247.0,97.0,0.0,4.316866933689363
09190139,12335.0,738.0,0.0,5.982975273611674
09190140,11390.0,467.0,0.0,4.100087796312555
09190141,16003.0,1329.0,0.0,8.304692870086859
09190142,3254.0,108.0,0.0,3.31899200983405
09190143,858.0,31.0,0.0,3.613053613053613
09190144,2187.0,68.0,0.0,3.1092821216278006
09190145,1743.0,33.0,0.0,1.8932874354561102
09190148,11643.0,1515.0,0.0,13.012110280855449
09190149,935.0,10.0,0.0,1.0695187165775402
09190151,1303.0,33.0,0.0,2.532617037605526
09190152,2988.0,161.0,0.0,5.388219544846051
09190153,1066.0,31.0,0.0,2.9080675422138835
09190154,2699.0,93.0,0.0,3.445720637273064
09190157,21149.0,1732.0,0.0,8.18951250650149
09190158,2126.0,60.0,0.0,2.8222013170272815
09190159,3077.0,81.0,0.0,2.6324341891452714
09190160,1250.0,22.0,0.0,1.76
09261000,63544.0,6824.0,0.0,10.739015485332997
09262000,48649.0,3610.0,0.0,7.420501963041378
09263000,44488.0,3544.0,0.0,7.966193130731883
09271111,2251.0,32.0,0.0,1.4215904042647711
09271113,2070.0,28.0,0.0,1.3526570048309179
09271114,1383.0,24.0,0.0,1.735357917570499
09271116,4769.0,84.0,0.0,1.7613755504298596
09271118,894.0,3.0,0.0,0.33557046979865773
09271119,31491.0,2256.0,0.0,7.163951605220539
09271122,2762.0,27.0,0.0,0.9775524981897176
09271123,1275.0,12.0,0.0,0.9411764705882353
09271125,7059.0,439.0,0.0,6.219011191386882
09271126,1151.0,10.0,0.0,0.8688097306689835
09271127,2045.0,88.0,0.0,4.30317848410758
09271128,3118.0,36.0,0.0,1.1545862732520846
09271130,1550.0,19.0,0.0,1.2258064516129032
09271132,4141.0,196.0,0.0,4.733156242453513
09271135,2164.0,38.0,0.0,1.756007393715342
09271138,1805.0,64.0,0.0,3.5457063711911356
09271139,1175.0,21.0,0.0,1.7872340425531914
09271140,3245.0,37.0,0.0,1.140215716486903
09271141,11506.0,263.0,0.0,2.2857639492438726
09271143,1913.0,46.0,0.0,2.4046001045478307
09271146,12206.0,815.0,0.0,6.677044076683599
09271148,1469.0,32.0,0.0,2.178352620830497
09271149,4822.0,72.0,0.0,1.4931563666528411
09271151,3017.0,41.0,0.0,1.3589658601259529
09271152,1365.0,15.0,0.0,1.098901098901099
09271153,3808.0,69.0,0.0,1.8119747899159664
09272116,1000.0,8.0,0.0,0.8
09272118,6877.0,216.0,0.0,3.140904464155882
09272119,892.0,12.0,0.0,1.345291479820628
09272120,8361.0,351.0,0.0,4.198062432723359
09272121,2386.0,18.0,0.0,0.7544006705783739
09272122,1330.0,30.0,0.0,2.255639097744361
09272126,2520.0,42.0,0.0,1.6666666666666667
09272127,3357.0,28.0,0.0,0.8340780458742926
09272128,1624.0,17.0,0.0,1.0467980295566504
09272129,3336.0,37.0,0.0,1.1091127098321343
09272134,2317.0,28.0,0.0,1.2084592145015105
09272136,4307.0,58.0,0.0,1.3466449965172975
09272138,2789.0,26.0,0.0,0.932233775546791
09272139,705.0,13.0,0.0,1.8439716312056738
09272140,1966.0,34.0,0.0,1.7293997965412005
09272141,4468.0,110.0,0.0,2.4619516562220234
09272142,1928.0,22.0,0.0,1.1410788381742738
09272143,2971.0,28.0,0.0,0.9424436216762033
09272145,1291.0,24.0,0.0,1.8590240123934934
09272146,2269.0,24.0,0.0,1.0577346848832085
09272147,3897.0,66.0,0.0,1.6936104695919938
09272149,3922.0,73.0,0.0,1.8612952575216726
09272150,2308.0,39.0,0.0,1.6897746967071057
09272151,10225.0,185.0,0.0,1.8092909535452322
09272152,1126.0,21.0,0.0,1.8650088809946714
09273111,12766.0,910.0,0.0,7.128309572301426
09273113,1661.0,22.0,0.0,1.3245033112582782
09273115,1329.0,22.0,0.0,1.655379984951091
09273116,11439.0,396.0,0.0,3.4618410700236035
09273119,1197.0,56.0,0.0,4.678362573099415
09273121,970.0,21.0,0.0,2.1649484536082473
09273125,2034.0,28.0,0.0,1.376597836774828
09273127,1175.0,24.0,0.0,2.0425531914893615
09273133,4118.0,76.0,0.0,1.8455560951918406
09273137,15340.0,1107.0,0.0,7.2164276401564535
09273139,871.0,18.0,0.0,2.0665901262916186
09273141,5250.0,181.0,0.0,3.447619047619048
09273147,14028.0,1921.0,0.0,13.694040490447676
09273152,12673.0,729.0,0.0,5.752386964412531
09273159,2187.0,38.0,0.0,1.7375400091449473
09273163,1985.0,85.0,0.0,4.282115869017632
09273164,5445.0,119.0,0.0,2.1854912764003673
09273165,3222.0,109.0,0.0,3.382991930477964
09273166,5263.0,186.0,0.0,3.5341060231806956
09273172,3457.0,193.0,0.0,5.58287532542667
09273175,1597.0,15.0,0.0,0.939261114589856
09273177,1788.0,49.0,0.0,2.7404921700223714
09273178,1641.0,36.0,0.0,2.1937842778793417
09273181,1316.0,32.0,0.0,2.43161094224924
09274111,3807.0,128.0,0.0,3.362227475702653
09274112,1909.0,29.0,0.0,1.5191199580932426
09274113,10896.0,761.0,0.0,6.984214390602056
09274114,2062.0,52.0,0.0,2.521823472356935
09274118,779.0,10.0,0.0,1.2836970474967908
09274119,1727.0,15.0,0.0,0.8685581933989577
09274120,5238.0,190.0,0.0,3.6273386788850708
09274121,3461.0,116.0,0.0,3.351632476162959
09274124,3715.0,213.0,0.0,5.7335127860026915
09274126,11514.0,646.0,0.0,5.6105610561056105
09274127,7384.0,269.0,0.0,3.643011917659805
09274128,11102.0,306.0,0.0,2.7562601333093135
09274132,3428.0,77.0,0.0,2.2462077012835473
09274134,6451.0,271.0,0.0,4.2008990854131145
09274135,1723.0,40.0,0.0,2.321532211259431
09274141,3817.0,127.0,0.0,3.3272203301021746
09274145,1949.0,25.0,0.0,1.2827090815802975
09274146,5074.0,232.0,0.0,4.57232952305873
09274153,3818.0,113.0,0.0,2.959664745940283
09274154,1059.0,30.0,0.0,2.8328611898016995
09274156,3606.0,146.0,0.0,4.048807542983916
09274165,1708.0,30.0,0.0,1.756440281030445
09274172,4682.0,191.0,0.0,4.079453225117471
09274174,1619.0,42.0,0.0,2.5941939468807904
09274176,7621.0,337.0,0.0,4.4219918645847
09274179,868.0,15.0,0.0,1.728110599078341
09274182,3596.0,95.0,0.0,2.6418242491657398
09274183,6442.0,257.0,0.0,3.9894442719652283
09274184,11106.0,961.0,0.0,8.652980370970646
09274185,2357.0,48.0,0.0,2.036487059821807
09274187,2438.0,67.0,0.0,2.7481542247744053
09274188,1383.0,13.0,0.0,0.9399855386840202
09274191,2462.0,99.0,0.0,4.0211210398050365
09274193,1304.0,8.0,0.0,0.6134969325153374
09274194,5056.0,135.0,0.0,2.670094936708861
09275111,2391.0,30.0,0.0,1.2547051442910917
09275112,2915.0,119.0,0.0,4.082332761578044
09275114,4225.0,79.0,0.0,1.8698224852071006
09275116,6634.0,459.0,0.0,6.9189026228519745
09275117,1149.0,20.0,0.0,1.7406440382941688
09275118,2131.0,79.0,0.0,3.7071797278273113
09275119,4071.0,202.0,0.0,4.9619258167526406
09275120,4043.0,91.0,0.0,2.2508038585209005
09275121,3336.0,55.0,0.0,1.6486810551558753
09275122,7687.0,236.0,0.0,3.0701183816833617
09275124,8298.0,345.0,0.0,4.1576283441793205
09275125,2561.0,34.0,0.0,1.3276064037485358
09275126,11657.0,219.0,0.0,1.8786994938663464
09275127,3542.0,51.0,0.0,1.4398644833427443
09275128,5885.0,106.0,0.0,1.8011894647408666
09275130,2084.0,84.0,0.0,4.030710172744722
09275131,1944.0,62.0,0.0,3.1893004115226335
09275132,1256.0,27.0,0.0,2.1496815286624202
09275133,4177.0,130.0,0.0,3.1122815417763947
09275134,3344.0,363.0,0.0,10.855263157894736
09275135,2627.0,28.0,0.0,1.0658545869813476
09275137,3716.0,199.0,0.0,5.355220667384284
09275138,7016.0,205.0,0.0,2.9218928164196125
09275141,14799.0,669.0,0.0,4.520575714575309
09275143,4809.0,170.0,0.0,3.535038469536286
09275144,3057.0,50.0,0.0,1.635590448151783
09275145,6945.0,260.0,0.0,3.7437005039596833
09275146,6481.0,199.0,0.0,3.0705138095972844
09275148,1401.0,11.0,0.0,0.7851534618129907
09275149,1695.0,32.0,0.0,1.887905604719764
09275150,4061.0,99.0,0.0,2.4378231962570793
09275151,6602.0,140.0,0.0,2.1205695243865494
09275152,3933.0,90.0,0.0,2.288329519450801
09275153,6104.0,118.0,0.0,1.9331585845347312
09275154,15821.0,595.0,0.0,3.760824220972126
09275156,5562.0,197.0,0.0,3.541891405969076
09275159,4742.0,112.0,0.0,2.361872627583298
09275160,1489.0,15.0,0.0,1.007387508394896
09276111,933.0,18.0,0.0,1.9292604501607717
09276113,1978.0,17.0,0.0,0.8594539939332659
09276115,980.0,79.0,0.0,8.061224489795919
09276116,3184.0,70.0,0.0,2.198492462311558
09276117,3273.0,116.0,0.0,3.5441490986862205
09276118,1633.0,77.0,0.0,4.715248009797918
09276120,2336.0,39.0,0.0,1.6695205479452055
09276121,2683.0,43.0,0.0,1.6026835631755498
09276122,2190.0,25.0,0.0,1.1415525114155252
09276123,1198.0,24.0,0.0,2.003338898163606
09276126,4329.0,51.0,0.0,1.178101178101178
09276127,2142.0,19.0,0.0,0.8870214752567693
09276128,2873.0,50.0,0.0,1.7403411068569439
09276129,1907.0,19.0,0.0,0.9963293130571579
09276130,2398.0,48.0,0.0,2.0016680567139282
09276134,1741.0,19.0,0.0,1.0913268236645606
09276135,2711.0,36.0,0.0,1.3279232755440797
09276138,10803.0,293.0,0.0,2.7122095714153476
09276139,3084.0,20.0,0.0,0.648508430609598
09276142,2024.0,35.0,0.0,1.7292490118577075
09276143,2831.0,38.0,0.0,1.342281879194631
09276144,8041.0,184.0,0.0,2.288272602910086
09276146,2106.0,22.0,0.0,1.0446343779677112
09276148,9404.0,309.0,0.0,3.2858358145470015
09277111,6174.0,337.0,0.0,5.458373825720765
09277112,1627.0,35.0,0.0,2.15119852489244
09277113,5481.0,158.0,0.0,2.882685641306331
09277114,3134.0,47.0,0.0,1.4996809189534142
09277116,12755.0,1053.0,0.0,8.255586044688357
09277117,2351.0,47.0,0.0,1.999149298170991
09277118,1809.0,40.0,0.0,2.211166390270868
09277119,3790.0,41.0,0.0,1.0817941952506596
09277121,6415.0,181.0,0.0,2.8215120810600154
09277122,840.0,3.0,0.0,0.35714285714285715
09277124,3611.0,56.0,0.0,1.5508169482137912
09277126,2401.0,36.0,0.0,1.499375260308205
09277127,2307.0,80.0,0.0,3.4677069787602948
09277128,5245.0,320.0,0.0,6.1010486177311725
09277131,1194.0,21.0,0.0,1.7587939698492463
09277133,3997.0,233.0,0.0,5.8293720290217665
09277134,2028.0,45.0,0.0,2.2189349112426036
09277138,11709.0,868.0,0.0,7.413101033393116
09277139,2291.0,32.0,0.0,1.396769969445657
09277140,1784.0,23.0,0.0,1.289237668161435
09277141,857.0,13.0,0.0,1.5169194865810969
09277142,2865.0,58.0,0.0,2.024432809773124
09277144,1943.0,38.0,0.0,1.9557385486361296
09277145,9579.0,1141.0,0.0,11.911473013884539
09277147,1411.0,54.0,0.0,3.8270729978738482
09277148,3868.0,82.0,0.0,2.1199586349534645
09277149,5212.0,69.0,0.0,1.3238679969301612
09277151,2072.0,26.0,0.0,1.2548262548262548
09277152,2017.0,35.0,0.0,1.7352503718393655
09277153,3699.0,60.0,0.0,1.6220600162206003
09277154,2168.0,58.0,0.0,2.6752767527675276
09278112,1709.0,60.0,0.0,3.5108250438853132
09278113,3213.0,71.0,0.0,2.209772798008092
09278116,1556.0,23.0,0.0,1.4781491002570695
09278117,1635.0,37.0,0.0,2.2629969418960245
09278118,9619.0,403.0,0.0,4.189624701112382
09278120,1019.0,18.0,0.0,1.7664376840039253
09278121,1802.0,56.0,0.0,3.1076581576026636
09278123,6529.0,425.0,0.0,6.509419512942258
09278129,2156.0,40.0,0.0,1.8552875695732838
09278134,1717.0,19.0,0.0,1.10658124635993
09278139,3197.0,77.0,0.0,2.4085079762277135
09278140,1163.0,32.0,0.0,2.751504729148753
09278141,3649.0,34.0,0.0,0.9317621266100301
09278143,1743.0,16.0,0.0,0.9179575444635686
09278144,3357.0,46.0,0.0,1.3702710753649092
09278146,3981.0,48.0,0.0,1.2057272042200453
09278147,620.0,4.0,0.0,0.6451612903225806
09278148,6357.0,180.0,0.0,2.8315243039169418
09278149,1413.0,14.0,0.0,0.9907997169143666
09278151,2431.0,47.0,0.0,1.9333607568901687
09278154,1716.0,37.0,0.0,2.156177156177156
09278159,2493.0,69.0,0.0,2.7677496991576414
09278167,2739.0,59.0,0.0,2.154070828769624
09278170,3006.0,41.0,0.0,1.3639387890884898
09278171,625.0,53.0,0.0,8.48
09278172,1550.0,97.0,0.0,6.258064516129032
09278177,2744.0,37.0,0.0,1.348396501457726
09278178,1760.0,17.0,0.0,0.9659090909090909
09278179,1453.0,52.0,0.0,3.5788024776324847
09278182,2421.0,29.0,0.0,1.197852127220157
09278184,1544.0,63.0,0.0,4.080310880829016
09278187,2743.0,86.0,0.0,3.135253372220197
09278189,1418.0,19.0,0.0,1.3399153737658673
09278190,2911.0,53.0,0.0,1.8206801786327722
09278192,3221.0,82.0,0.0,2.545793231915554
09278197,3590.0,27.0,0.0,0.7520891364902507
09278198,1052.0,31.0,0.0,2.946768060836502
09279112,17773.0,1559.0,0.0,8.771732403083329
09279113,6426.0,96.0,0.0,1.4939309056956116
09279115,4418.0,184.0,0.0,4.164780443639656
09279116,2057.0,64.0,0.0,3.1113271754982983
09279122,12500.0,666.0,0.0,5.328
09279124,3507.0,92.0,0.0,2.6233247790134016
09279125,2871.0,90.0,0.0,3.134796238244514
09279126,3561.0,97.0,0.0,2.723953945520921
09279127,5797.0,147.0,0.0,2.535794376401587
09279128,4700.0,86.0,0.0,1.8297872340425532
09279130,2450.0,61.0,0.0,2.489795918367347
09279132,6292.0,178.0,0.0,2.8289891926255564
09279134,7460.0,231.0,0.0,3.096514745308311
09279135,3652.0,151.0,0.0,4.134720700985762
09279137,6692.0,322.0,0.0,4.811715481171548
09361000,41911.0,2404.0,0.0,5.735964305313641
09362000,135403.0,13532.0,0.0,9.993870150587506
09363000,41746.0,2388.0,0.0,5.720308532554017
09371111,2129.0,29.0,0.0,1.3621418506341005
09371113,8847.0,353.0,0.0,3.990053125353227
09371116,1781.0,9.0,0.0,0.5053340819764177
09371118,2424.0,37.0,0.0,1.5264026402640265
09371119,1880.0,50.0,0.0,2.6595744680851063
09371120,2226.0,27.0,0.0,1.2129380053908356
09371121,2619.0,93.0,0.0,3.5509736540664374
09371122,4160.0,30.0,0.0,0.7211538461538461
09371123,893.0,12.0,0.0,1.343784994400896
09371126,4997.0,92.0,0.0,1.8411046627976786
09371127,5909.0,104.0,0.0,1.7600270773396514
09371128,1265.0,38.0,0.0,3.0039525691699605
09371129,1600.0,16.0,0.0,1.0
09371131,2013.0,18.0,0.0,0.8941877794336811
09371132,2431.0,61.0,0.0,2.509255450431921
09371135,1755.0,28.0,0.0,1.5954415954415955
09371136,9735.0,182.0,0.0,1.869542886492039
09371140,1375.0,17.0,0.0,1.2363636363636363
09371141,2629.0,39.0,0.0,1.4834537847090148
09371144,3339.0,32.0,0.0,0.9583707696915245
09371146,2799.0,49.0,0.0,1.7506252232940336
09371148,2359.0,46.0,0.0,1.9499788045782112
09371150,4275.0,59.0,0.0,1.3801169590643274
09371151,19597.0,690.0,0.0,3.520947083737307
09371154,3641.0,45.0,0.0,1.2359241966492722
09371156,6020.0,529.0,0.0,8.787375415282392
09371157,1203.0,20.0,0.0,1.6625103906899419
09372112,1926.0,31.0,0.0,1.6095534787123573
09372113,2524.0,22.0,0.0,0.8716323296354992
09372115,1941.0,22.0,0.0,1.1334363730036063
09372116,16488.0,662.0,0.0,4.015041242115478
09372117,2617.0,43.0,0.0,1.6431027894535728
09372124,3433.0,29.0,0.0,0.8447422079813575
09372125,3257.0,36.0,0.0,1.105311636475284
09372126,9025.0,335.0,0.0,3.7119113573407203
09372128,869.0,10.0,0.0,1.1507479861910241
09372130,1502.0,17.0,0.0,1.1318242343541944
09372135,1959.0,20.0,0.0,1.0209290454313424
09372137,7111.0,145.0,0.0,2.039094360849388
09372138,2692.0,46.0,0.0,1.7087667161961366
09372142,1775.0,21.0,0.0,1.1830985915492958
09372143,2254.0,33.0,0.0,1.4640638864241349
09372144,3819.0,35.0,0.0,0.9164702801780571
09372146,2234.0,19.0,0.0,0.8504923903312444
09372147,967.0,23.0,0.0,2.378490175801448
09372149,1196.0,18.0,0.0,1.5050167224080269
09372150,1757.0,18.0,0.0,1.0244735344336937
09372151,1934.0,26.0,0.0,1.344364012409514
09372153,11242.0,352.0,0.0,3.131115459882583
09372154,3380.0,93.0,0.0,2.7514792899408285
09372155,2292.0,16.0,0.0,0.6980802792321117
09372157,1966.0,26.0,0.0,1.3224821973550356
09372158,2600.0,24.0,0.0,0.9230769230769231
09372161,2153.0,42.0,0.0,1.9507663725034836
09372163,2009.0,22.0,0.0,1.095072175211548
09372164,3995.0,42.0,0.0,1.0513141426783479
09372165,999.0,14.0,0.0,1.4014014014014013
09372167,1833.0,16.0,0.0,0.872885979268958
09372168,2032.0,24.0,0.0,1.1811023622047243
09372169,2793.0,37.0,0.0,1.3247404224847834
09372170,2063.0,9.0,0.0,0.4362578768783325
09372171,6749.0,183.0,0.0,2.7115128167135873
09372174,2487.0,37.0,0.0,1.4877362283876157
09372175,2047.0,26.0,0.0,1.2701514411333659
09372177,1806.0,49.0,0.0,2.7131782945736433
09372178,1963.0,13.0,0.0,0.6622516556291391
09373112,8452.0,166.0,0.0,1.9640321817321345
09373113,7426.0,120.0,0.0,1.6159439806086722
09373114,2472.0,35.0,0.0,1.4158576051779934
09373115,3397.0,67.0,0.0,1.972328525169267
09373119,4306.0,52.0,0.0,1.2076172782164423
09373121,5883.0,117.0,0.0,1.988781234064253
09373126,8564.0,348.0,0.0,4.0635217188229795
09373134,2081.0,123.0,0.0,5.910619894281595
09373140,3643.0,115.0,0.0,3.15673895141367
09373143,2269.0,63.0,0.0,2.776553547818422
09373146,4667.0,203.0,0.0,4.349689307906578
09373147,38362.0,2264.0,0.0,5.901673531098483
09373151,6480.0,513.0,0.0,7.916666666666667
09373153,2653.0,40.0,0.0,1.5077271013946476
09373155,7319.0,175.0,0.0,2.3910370269162455
09373156,5548.0,103.0,0.0,1.8565248738284066
09373159,2679.0,244.0,0.0,9.107876073161627
09373160,4985.0,105.0,0.0,2.106318956870612
09373167,5250.0,172.0,0.0,3.276190476190476
09374111,4859.0,227.0,0.0,4.671743157028195
09374117,4042.0,198.0,0.0,4.898565066798614
09374118,2796.0,25.0,0.0,0.894134477825465
09374119,1613.0,39.0,0.0,2.4178549287042777
09374121,3515.0,29.0,0.0,0.8250355618776671
09374122,1643.0,12.0,0.0,0.7303712720632989
09374123,1380.0,17.0,0.0,1.2318840579710144
09374124,6449.0,413.0,0.0,6.404093657931463
09374127,1159.0,15.0,0.0,1.2942191544434858
09374128,883.0,11.0,0.0,1.245753114382786
09374129,3286.0,31.0,0.0,0.9433962264150944
09374131,1214.0,24.0,0.0,1.9769357495881383
09374132,1251.0,8.0,0.0,0.6394884092725819
09374133,3389.0,55.0,0.0,1.622897609914429
09374134,2962.0,42.0,0.0,1.4179608372721135
09374137,2499.0,31.0,0.0,1.2404961984793919
09374139,5898.0,197.0,0.0,3.3401152933197693
09374140,1214.0,5.0,0.0,0.41186161449752884
09374144,2245.0,44.0,0.0,1.9599109131403119
09374146,1772.0,21.0,0.0,1.18510158013544
09374147,2472.0,23.0,0.0,0.93042071197411
09374148,1305.0,53.0,0.0,4.061302681992337
09374149,4425.0,89.0,0.0,2.0112994350282487
09374150,1605.0,14.0,0.0,0.8722741433021807
09374154,2042.0,28.0,0.0,1.3712047012732616
09374155,873.0,6.0,0.0,0.6872852233676976
09374156,1211.0,24.0,0.0,1.981833195706028
09374157,1114.0,10.0,0.0,0.8976660682226212
09374158,1464.0,20.0,0.0,1.366120218579235
09374159,1588.0,12.0,0.0,0.7556675062972292
09374160,1189.0,17.0,0.0,1.4297729184188395
09374162,7500.0,142.0,0.0,1.8933333333333333
09374163,1053.0,13.0,0.0,1.2345679012345678
09374164,2289.0,61.0,0.0,2.6649191786806465
09374165,1986.0,7.0,0.0,0.35246727089627394
09374166,3847.0,117.0,0.0,3.041330907200416
09374168,5195.0,214.0,0.0,4.11934552454283
09374170,1089.0,12.0,0.0,1.1019283746556474
09375113,3179.0,80.0,0.0,2.516514627241271
09375114,1563.0,18.0,0.0,1.1516314779270633
09375115,1753.0,63.0,0.0,3.593839132915003
09375116,1825.0,58.0,0.0,3.1780821917808217
09375117,4979.0,233.0,0.0,4.679654549106246
09375118,5473.0,133.0,0.0,2.430111456239722
09375119,5487.0,59.0,0.0,1.075268817204301
09375120,1917.0,27.0,0.0,1.408450704225352
09375122,1345.0,22.0,0.0,1.6356877323420074
09375127,2043.0,51.0,0.0,2.4963289280469896
09375130,3800.0,127.0,0.0,3.3421052631578947
09375131,1583.0,16.0,0.0,1.010739102969046
09375143,1973.0,38.0,0.0,1.926001013684744
09375148,8454.0,161.0,0.0,1.904423941329548
09375153,968.0,13.0,0.0,1.3429752066115703
09375156,2816.0,53.0,0.0,1.8821022727272727
09375161,2318.0,123.0,0.0,5.306298533218292
09375162,5147.0,109.0,0.0,2.117738488439868
09375165,12992.0,323.0,0.0,2.4861453201970445
09375170,4718.0,128.0,0.0,2.7130139889783806
09375171,1566.0,137.0,0.0,8.748403575989784
09375174,12767.0,1664.0,0.0,13.033602255815776
09375175,8832.0,341.0,0.0,3.860960144927536
09375179,7600.0,279.0,0.0,3.6710526315789473
09375180,5704.0,192.0,0.0,3.3660589060308554
09375181,3212.0,64.0,0.0,1.9925280199252802
09375182,1544.0,37.0,0.0,2.3963730569948187
09375183,3007.0,56.0,0.0,1.8623212504156967
09375184,1404.0,31.0,0.0,2.207977207977208
09375190,15026.0,392.0,0.0,2.6088113935844537
09375191,773.0,11.0,0.0,1.423027166882277
09375196,7322.0,301.0,0.0,4.1108986615678775
09375199,6761.0,148.0,0.0,2.189025292116551
09375201,1936.0,47.0,0.0,2.427685950413223
09375204,4857.0,181.0,0.0,3.726580193535104
09375205,3255.0,72.0,0.0,2.2119815668202767
09375208,8191.0,229.0,0.0,2.7957514345012817
09375209,2500.0,36.0,0.0,1.44
09375210,4429.0,109.0,0.0,2.4610521562429444
09375211,1467.0,18.0,0.0,1.2269938650306749
09375213,5803.0,168.0,0.0,2.8950542822677927
09376112,955.0,4.0,0.0,0.418848167539267
09376116,4194.0,295.0,0.0,7.033857892226991
09376117,4257.0,172.0,0.0,4.040404040404041
09376119,12126.0,531.0,0.0,4.37902028698664
09376122,1008.0,7.0,0.0,0.6944444444444444
09376125,2370.0,36.0,0.0,1.518987341772152
09376131,653.0,3.0,0.0,0.45941807044410415
09376133,891.0,4.0,0.0,0.4489337822671156
09376141,10452.0,198.0,0.0,1.894374282433984
09376144,6168.0,126.0,0.0,2.0428015564202333
09376146,1147.0,4.0,0.0,0.34873583260680036
09376147,7954.0,321.0,0.0,4.035705305506664
09376148,1267.0,10.0,0.0,0.7892659826361483
09376149,8363.0,378.0,0.0,4.519909123520268
09376150,5655.0,70.0,0.0,1.237842617152962
09376151,4946.0,89.0,0.0,1.7994338859684593
09376153,5413.0,96.0,0.0,1.7735082209495658
09376159,2884.0,13.0,0.0,0.4507628294036061
09376160,2584.0,55.0,0.0,2.128482972136223
09376161,27556.0,1301.0,0.0,4.721294817825519
09376162,1513.0,11.0,0.0,0.7270323859881032
09376163,6251.0,108.0,0.0,1.7277235642297233
09376164,1496.0,16.0,0.0,1.0695187165775402
09376167,513.0,6.0,0.0,1.1695906432748537
09376168,1857.0,20.0,0.0,1.0770059235325795
09376169,1682.0,12.0,0.0,0.713436385255648
09376170,7370.0,246.0,0.0,3.337856173677069
09376171,1907.0,13.0,0.0,0.6816990036706869
09376172,1012.0,6.0,0.0,0.5928853754940712
09376173,975.0,6.0,0.0,0.6153846153846154
09376175,5023.0,109.0,0.0,2.170017917579136
09376176,532.0,7.0,0.0,1.3157894736842106
09376178,1433.0,14.0,0.0,0.9769713886950454
09377112,3307.0,55.0,0.0,1.663138796492289
09377113,1186.0,13.0,0.0,1.0961214165261384
09377115,1336.0,10.0,0.0,0.7485029940119761
09377116,5220.0,182.0,0.0,3.4865900383141764
09377117,974.0,9.0,0.0,0.9240246406570842
09377118,1279.0,15.0,0.0,1.1727912431587177
09377119,1667.0,7.0,0.0,0.41991601679664065
09377127,1881.0,50.0,0.0,2.658160552897395
09377128,1417.0,16.0,0.0,1.1291460832745237
09377129,5297.0,183.0,0.0,3.454785727770436
09377131,1874.0,28.0,0.0,1.4941302027748133
09377132,1548.0,16.0,0.0,1.0335917312661498
09377133,2325.0,37.0,0.0,1.5913978494623655
09377137,1079.0,10.0,0.0,0.9267840593141798
09377139,1833.0,24.0,0.0,1.309328968903437
09377141,6887.0,150.0,0.0,2.1780165529258024
09377142,1417.0,12.0,0.0,0.8468595624558928
09377143,1936.0,20.0,0.0,1.0330578512396693
09377145,1395.0,10.0,0.0,0.7168458781362007
09377146,3351.0,33.0,0.0,0.9847806624888094
09377148,1803.0,12.0,0.0,0.6655574043261231
09377149,1227.0,9.0,0.0,0.7334963325183375
09377154,9154.0,276.0,0.0,3.0150753768844223
09377157,4405.0,68.0,0.0,1.543700340522134
09377158,6942.0,288.0,0.0,4.148660328435609
09377159,4127.0,80.0,0.0,1.938454082868912
09461000,70635.0,5429.0,0.0,7.685991364054647
09462000,70808.0,5237.0,0.0,7.396056942718337
09463000,41023.0,2567.0,0.0,6.257465324330254
09464000,44759.0,4232.0,0.0,9.455081659554503
09471111,1959.0,21.0,0.0,1.0719754977029097
09471115,4015.0,88.0,0.0,2.191780821917808
09471117,5998.0,213.0,0.0,3.551183727909303
09471119,4499.0,94.0,0.0,2.0893531895976882
09471120,6502.0,92.0,0.0,1.4149492463857274
09471122,1307.0,11.0,0.0,0.8416220351951033
09471123,3433.0,49.0,0.0,1.4273230410719486
09471128,1868.0,89.0,0.0,4.764453961456103
09471131,4875.0,63.0,0.0,1.2923076923076924
09471133,959.0,10.0,0.0,1.0427528675703859
09471137,3276.0,74.0,0.0,2.258852258852259
09471140,8519.0,362.0,0.0,4.249325038150017
09471142,3590.0,18.0,0.0,0.5013927576601671
09471145,11610.0,258.0,0.0,2.2222222222222223
09471150,2560.0,35.0,0.0,1.3671875
09471151,1356.0,10.0,0.0,0.7374631268436578
09471152,1152.0,12.0,0.0,1.0416666666666667
09471154,1765.0,34.0,0.0,1.9263456090651558
09471155,6020.0,89.0,0.0,1.478405315614618
09471159,8788.0,196.0,0.0,2.2303140646335913
09471165,4510.0,96.0,0.0,2.12860310421286
09471169,1968.0,72.0,0.0,3.658536585365854
09471172,2880.0,73.0,0.0,2.5347222222222223
09471173,1542.0,36.0,0.0,2.3346303501945527
09471174,4513.0,59.0,0.0,1.3073343673831155
09471175,2017.0,38.0,0.0,1.8839861179970252
09471185,7126.0,131.0,0.0,1.8383384788099917
09471186,1929.0,13.0,0.0,0.673924313115604
09471189,1268.0,3.0,0.0,0.23659305993690852
09471191,6734.0,199.0,0.0,2.955152955152955
09471195,7712.0,213.0,0.0,2.761929460580913
09471207,3525.0,79.0,0.0,2.2411347517730498
09471208,2557.0,71.0,0.0,2.7766914352757137
09471209,695.0,0.0,1.0,0.0
09471214,4945.0,77.0,0.0,1.557128412537917
09471220,5638.0,131.0,0.0,2.323518978361121
09472111,2217.0,15.0,0.0,0.6765899864682002
09472115,1338.0,13.0,0.0,0.9715994020926756
09472116,4280.0,195.0,0.0,4.55607476635514
09472118,2496.0,41.0,0.0,1.642628205128205
09472119,7258.0,202.0,0.0,2.7831358500964454
09472121,1946.0,34.0,0.0,1.7471736896197327
09472127,4835.0,81.0,0.0,1.6752843846949328
09472131,5100.0,85.0,0.0,1.6666666666666667
09472133,1054.0,15.0,0.0,1.4231499051233396
09472138,1936.0,21.0,0.0,1.084710743801653
09472139,4528.0,80.0,0.0,1.7667844522968197
09472140,1289.0,20.0,0.0,1.5515903801396431
09472141,1423.0,18.0,0.0,1.264933239634575
09472143,3582.0,42.0,0.0,1.1725293132328307
09472146,914.0,10.0,0.0,1.0940919037199124
09472150,3715.0,60.0,0.0,1.6150740242261103
09472154,5218.0,67.0,0.0,1.2840168646991184
09472155,2386.0,40.0,0.0,1.6764459346186085
09472156,1289.0,0.0,1.0,0.0
09472164,1391.0,10.0,0.0,0.7189072609633357
09472166,1614.0,28.0,0.0,1.734820322180917
09472167,3793.0,71.0,0.0,1.8718692327972581
09472175,13510.0,372.0,0.0,2.753515914137676
09472176,887.0,13.0,0.0,1.4656144306651635
09472177,1295.0,50.0,0.0,3.861003861003861
09472179,5341.0,79.0,0.0,1.4791237595955813
09472180,1013.0,0.0,1.0,0.0
09472184,991.0,13.0,0.0,1.311806256306761
09472188,1289.0,35.0,0.0,2.7152831652443754
09472190,5950.0,232.0,0.0,3.899159663865546
09472197,3146.0,24.0,0.0,0.7628734901462174
09472198,2230.0,60.0,0.0,2.690582959641256
09472199,6141.0,150.0,0.0,2.442598925256473
09473112,4255.0,62.0,0.0,1.4571092831962398
09473120,3737.0,84.0,0.0,2.247792346802248
09473121,6018.0,263.0,0.0,4.370222665337321
09473132,2597.0,28.0,0.0,1.0781671159029649
09473134,2973.0,19.0,0.0,0.6390850992263707
09473138,2291.0,32.0,0.0,1.396769969445657
09473141,4097.0,75.0,0.0,1.8306077617769099
09473144,3822.0,31.0,0.0,0.8110936682365254
09473151,15455.0,944.0,0.0,6.108055645422193
09473153,1595.0,41.0,0.0,2.5705329153605017
09473158,6349.0,208.0,0.0,3.2761064734603873
09473159,13302.0,348.0,0.0,2.616147947677041
09473165,4049.0,41.0,0.0,1.0125957026426278
09473166,4939.0,59.0,0.0,1.1945738003644462
09473170,4127.0,121.0,0.0,2.9319118003392295
09473174,3160.0,42.0,0.0,1.3291139240506329
09473175,5009.0,96.0,0.0,1.9165502096226792
09474119,2031.0,55.0,0.0,2.708025603151157
09474121,6896.0,218.0,0.0,3.1612529002320184
09474122,2624.0,85.0,0.0,3.239329268292683
09474123,6393.0,157.0,0.0,2.455811043328641
09474124,1978.0,66.0,0.0,3.3367037411526796
09474126,30329.0,2476.0,0.0,8.163803620297404
09474129,4059.0,69.0,0.0,1.6999260901699926
09474132,4030.0,132.0,0.0,3.2754342431761785
09474133,3970.0,50.0,0.0,1.2594458438287153
09474134,3650.0,97.0,0.0,2.6575342465753424
09474135,4942.0,113.0,0.0,2.2865236746256574
09474137,1286.0,15.0,0.0,1.166407465007776
09474138,1621.0,23.0,0.0,1.418877236273905
09474140,4844.0,99.0,0.0,2.0437654830718412
09474143,2258.0,37.0,0.0,1.6386182462356067
09474144,1502.0,53.0,0.0,3.5286284953395475
09474145,1378.0,35.0,0.0,2.539912917271408
09474146,2921.0,73.0,0.0,2.49914412872304
09474147,1669.0,15.0,0.0,0.8987417615338527
09474154,7750.0,299.0,0.0,3.858064516129032
09474156,2146.0,38.0,0.0,1.7707362534948743
09474158,1881.0,30.0,0.0,1.594896331738437
09474160,1496.0,45.0,0.0,3.0080213903743314
09474161,2483.0,49.0,0.0,1.9734192509061619
09474168,1255.0,12.0,0.0,0.9561752988047809
09474171,2056.0,24.0,0.0,1.1673151750972763
09474173,1096.0,20.0,0.0,1.8248175182481752
09474175,1679.0,20.0,0.0,1.1911852293031566
09474176,2515.0,43.0,0.0,1.7097415506958251
09475112,3411.0,57.0,0.0,1.6710642040457344
09475113,2307.0,26.0,0.0,1.1270047680970958
09475120,4007.0,105.0,0.0,2.6204142750187174
09475123,2914.0,37.0,0.0,1.269732326698696
09475127,1085.0,6.0,0.0,0.5529953917050692
09475128,2980.0,23.0,0.0,0.7718120805369127
09475136,8858.0,244.0,0.0,2.754572138180176
09475137,1050.0,12.0,0.0,1.1428571428571428
09475141,2562.0,24.0,0.0,0.936768149882904
09475142,3323.0,117.0,0.0,3.520914835991574
09475145,1262.0,13.0,0.0,1.0301109350237718
09475146,1109.0,10.0,0.0,0.9017132551848512
09475154,10512.0,529.0,0.0,5.03234398782344
09475156,7958.0,228.0,0.0,2.8650414677054536
09475158,5513.0,134.0,0.0,2.4306185380010885
09475161,2440.0,43.0,0.0,1.7622950819672132
09475162,9416.0,684.0,0.0,7.264231096006797
09475165,2051.0,39.0,0.0,1.901511457825451
09475168,7403.0,467.0,0.0,6.308253410779414
09475169,4747.0,59.0,0.0,1.2428902464714557
09475171,4452.0,158.0,0.0,3.5489667565139262
09475174,1707.0,36.0,0.0,2.10896309314587
09475175,2424.0,30.0,0.0,1.2376237623762376
09475181,1079.0,9.0,0.0,0.8341056533827618
09475182,1480.0,20.0,0.0,1.3513513513513513
09475184,1228.0,6.0,0.0,0.48859934853420195
09475189,2093.0,11.0,0.0,0.5255613951266125
09476145,17212.0,595.0,0.0,3.4568905414826867
09476146,7905.0,219.0,0.0,2.7703984819734346
09476152,3554.0,61.0,0.0,1.7163759144625774
09476154,2867.0,68.0,0.0,2.3718172305545866
09476159,1857.0,20.0,0.0,1.0770059235325795
09476164,4026.0,39.0,0.0,0.9687034277198212
09476166,742.0,12.0,0.0,1.6172506738544474
09476171,1116.0,6.0,0.0,0.5376344086021505
09476175,3301.0,174.0,0.0,5.271129960617994
09476177,3579.0,33.0,0.0,0.9220452640402347
09476178,5166.0,55.0,0.0,1.064653503677894
09476179,2269.0,176.0,0.0,7.756721022476862
09476180,2112.0,29.0,0.0,1.3731060606060606
09476182,564.0,3.0,0.0,0.5319148936170213
09476183,3842.0,85.0,0.0,2.2123893805309733
09476184,2900.0,29.0,0.0,1.0
09476185,3009.0,49.0,0.0,1.6284479893652377
09476189,3907.0,17.0,0.0,0.43511645764013307
09477117,945.0,12.0,0.0,1.2698412698412698
09477118,538.0,9.0,0.0,1.6728624535315986
09477119,1006.0,12.0,0.0,1.1928429423459244
09477121,3452.0,68.0,0.0,1.969872537659328
09477124,2512.0,42.0,0.0,1.6719745222929936
09477127,1597.0,14.0,0.0,0.8766437069505323
09477128,26678.0,1032.0,0.0,3.8683559487217933
09477129,1046.0,0.0,1.0,0.0
09477135,1000.0,9.0,0.0,0.9
09477136,6546.0,159.0,0.0,2.4289642529789184
09477138,3368.0,31.0,0.0,0.9204275534441805
09477139,1450.0,19.0,0.0,1.3103448275862069
09477142,3875.0,32.0,0.0,0.8258064516129032
09477143,3016.0,98.0,0.0,3.249336870026525
09477148,1932.0,20.0,0.0,1.0351966873706004
09477151,1031.0,6.0,0.0,0.5819592628516004
09477156,3227.0,33.0,0.0,1.022621629996901
09477157,4331.0,39.0,0.0,0.9004848764719464
09477158,1648.0,28.0,0.0,1.6990291262135921
09477159,1847.0,19.0,0.0,1.028695181375203
09477163,1855.0,32.0,0.0,1.725067385444744
09477164,1171.0,9.0,0.0,0.7685738684884714
09478111,5445.0,95.0,0.0,1.7447199265381084
09478116,6607.0,120.0,0.0,1.8162554866051157
09478120,5574.0,66.0,0.0,1.1840688912809472
09478127,1671.0,20.0,0.0,1.196888090963495
09478139,20204.0,798.0,0.0,3.9497129281330428
09478143,1243.0,18.0,0.0,1.4481094127111827
09478144,1609.0,32.0,0.0,1.9888129272840274
09478145,6496.0,142.0,0.0,2.185960591133005
09478155,3443.0,146.0,0.0,4.240487946558234
09478165,10285.0,320.0,0.0,3.1113271754982983
09478176,4720.0,31.0,0.0,0.6567796610169492
09479111,1117.0,25.0,0.0,2.2381378692927485
09479112,5455.0,149.0,0.0,2.7314390467461043
09479126,1173.0,4.0,0.0,0.3410059676044331
09479127,1487.0,70.0,0.0,4.707464694014795
09479129,3433.0,147.0,0.0,4.2819691232158466
09479135,3269.0,89.0,0.0,2.722545120832059
09479136,17361.0,1010.0,0.0,5.81763723287829
09479138,1823.0,22.0,0.0,1.206801974766868
09479145,2267.0,159.0,0.0,7.013674459638288
09479147,1317.0,128.0,0.0,9.719058466211086
09479150,3443.0,161.0,0.0,4.676154516410107
09479152,15425.0,860.0,0.0,5.575364667747164
09479158,1903.0,40.0,0.0,2.1019442984760905
09479159,1181.0,18.0,0.0,1.5241320914479255
09479161,2486.0,37.0,0.0,1.4883346741753822
09479166,3349.0,61.0,0.0,1.8214392355927143
09479169,9555.0,400.0,0.0,4.1862899005756145
09561000,39491.0,2396.0,0.0,6.067205185991745
09562000,103719.0,12367.0,0.0,11.923562703072726
09563000,115613.0,15324.0,0.0,13.254564798076341
09564000,486314.0,79585.0,0.0,16.364941169696944
09565000,38469.0,3002.0,0.0,7.803686084899529
09571111,969.0,11.0,0.0,1.1351909184726523
09571113,2293.0,23.0,0.0,1.003052769297863
09571114,2794.0,70.0,0.0,2.5053686471009304
09571115,5873.0,182.0,0.0,3.098927294398093
09571122,1313.0,35.0,0.0,2.6656511805026657
09571125,974.0,12.0,0.0,1.2320328542094456
09571127,3258.0,82.0,0.0,2.516881522406384
09571128,1126.0,19.0,0.0,1.6873889875666075
09571130,1971.0,42.0,0.0,2.13089802130898
09571132,2359.0,21.0,0.0,0.8902077151335311
09571134,1069.0,17.0,0.0,1.5902712815715623
09571135,5494.0,340.0,0.0,6.188569348380051
09571136,11216.0,383.0,0.0,3.414764621968616
09571137,1653.0,176.0,0.0,10.647307924984876
09571139,2560.0,43.0,0.0,1.6796875
09571141,1991.0,9.0,0.0,0.45203415369161226
09571145,12071.0,747.0,0.0,6.188385386463425
09571146,2346.0,38.0,0.0,1.619778346121057
09571152,1763.0,33.0,0.0,1.8718094157685763
09571154,993.0,7.0,0.0,0.7049345417925479
09571155,1355.0,35.0,0.0,2.5830258302583027
09571165,9033.0,668.0,0.0,7.395106830510351
09571166,7516.0,227.0,0.0,3.020223523150612
09571169,1118.0,52.0,0.0,4.651162790697675
09571170,2136.0,25.0,0.0,1.1704119850187267
09571171,3050.0,117.0,0.0,3.8360655737704916
09571174,5518.0,156.0,0.0,2.8271112722000726
09571175,3703.0,94.0,0.0,2.5384823116392115
09571177,2721.0,104.0,0.0,3.8221242190371187
09571178,1584.0,12.0,0.0,0.7575757575757576
09571179,1643.0,56.0,0.0,3.408399269628728
09571180,7377.0,411.0,0.0,5.571370475803172
09571181,2019.0,61.0,0.0,3.0212976721149083
09571183,1593.0,23.0,0.0,1.4438166980539862
09571188,626.0,15.0,0.0,2.3961661341853033
09571189,1579.0,21.0,0.0,1.3299556681443951
09571190,4861.0,125.0,0.0,2.5714873482822465
09571192,736.0,16.0,0.0,2.1739130434782608
09571193,10953.0,953.0,0.0,8.700812562768192
09571194,1236.0,18.0,0.0,1.4563106796116505
09571196,3139.0,104.0,0.0,3.3131570563873844
09571198,2777.0,96.0,0.0,3.456967951026287
09571199,3528.0,102.0,0.0,2.891156462585034
09571200,2820.0,71.0,0.0,2.517730496453901
09571205,1230.0,13.0,0.0,1.056910569105691
09571208,873.0,5.0,0.0,0.572737686139748
09571214,5949.0,233.0,0.0,3.916624642797109
09571216,2150.0,137.0,0.0,6.372093023255814
09571217,2824.0,38.0,0.0,1.3456090651558075
09571218,1374.0,16.0,0.0,1.1644832605531295
09571222,956.0,24.0,0.0,2.510460251046025
09571223,1369.0,30.0,0.0,2.191380569758948
09571224,2090.0,59.0,0.0,2.8229665071770333
09571225,1088.0,24.0,0.0,2.2058823529411766
09571226,6035.0,312.0,0.0,5.169842584921293
09571227,1267.0,9.0,0.0,0.7103393843725335
09571228,1670.0,51.0,0.0,3.053892215568862
09571229,2771.0,84.0,0.0,3.0313966077228436
09572111,7293.0,255.0,0.0,3.4965034965034967
09572114,3011.0,133.0,0.0,4.4171371637329795
09572115,7367.0,364.0,0.0,4.940952898058911
09572119,4456.0,208.0,0.0,4.667863554757631
09572120,3248.0,231.0,0.0,7.112068965517241
09572121,13977.0,452.0,0.0,3.2338842383916435
09572126,1498.0,33.0,0.0,2.202937249666222
09572127,2324.0,82.0,0.0,3.5283993115318415
09572130,5180.0,195.0,0.0,3.7644787644787643
09572131,8189.0,470.0,0.0,5.739406520942728
09572132,22214.0,1864.0,0.0,8.391104708742235
09572133,3374.0,89.0,0.0,2.6378186129223473
09572135,13130.0,647.0,0.0,4.927646610814928
09572137,2934.0,79.0,0.0,2.692569870483981
09572139,2012.0,69.0,0.0,3.429423459244533
09572141,1563.0,83.0,0.0,5.310300703774792
09572142,4478.0,186.0,0.0,4.1536400178651185
09572143,1664.0,28.0,0.0,1.6826923076923077
09572147,1240.0,49.0,0.0,3.9516129032258065
09572149,4596.0,152.0,0.0,3.3072236727589206
09572154,1890.0,106.0,0.0,5.608465608465608
09572158,4873.0,297.0,0.0,6.094808126410835
09572159,1536.0,44.0,0.0,2.8645833333333335
09572160,2100.0,137.0,0.0,6.523809523809524
09572164,6248.0,271.0,0.0,4.337387964148528
09573111,2122.0,91.0,0.0,4.288407163053723
09573114,10287.0,265.0,0.0,2.5760668805288227
09573115,4071.0,93.0,0.0,2.284450994841562
09573120,10338.0,365.0,0.0,3.530663571290385
09573122,17075.0,817.0,0.0,4.784773060029282
09573123,3102.0,79.0,0.0,2.5467440361057383
09573124,2168.0,69.0,0.0,3.1826568265682655
09573125,9770.0,267.0,0.0,2.7328556806550663
09573126,3100.0,111.0,0.0,3.5806451612903225
09573127,13544.0,867.0,0.0,6.4013585351447135
09573129,1319.0,28.0,0.0,2.122820318423048
09573130,6191.0,211.0,0.0,3.4081731545792278
09573133,4947.0,197.0,0.0,3.982211441277542
09573134,24752.0,1634.0,0.0,6.601486748545572
09574111,1128.0,17.0,0.0,1.5070921985815602
09574112,15099.0,762.0,0.0,5.0466918338962845
09574117,11217.0,271.0,0.0,2.4159757510920925
09574120,1145.0,21.0,0.0,1.834061135371179
09574123,12392.0,676.0,0.0,5.455132343447385
09574128,3667.0,85.0,0.0,2.317971093536951
09574129,1345.0,59.0,0.0,4.386617100371748
09574131,1867.0,54.0,0.0,2.89234065345474
09574132,12229.0,747.0,0.0,6.1084307792951185
09574135,2048.0,15.0,0.0,0.732421875
09574138,25629.0,2234.0,0.0,8.716688126731437
09574139,6319.0,121.0,0.0,1.9148599461940181
09574140,2852.0,100.0,0.0,3.506311360448808
09574141,4618.0,220.0,0.0,4.76396708531832
09574145,1565.0,15.0,0.0,0.9584664536741214
09574146,2029.0,37.0,0.0,1.823558403154263
09574147,5163.0,137.0,0.0,2.653496029440248
09574150,2214.0,56.0,0.0,2.5293586269196027
09574152,11822.0,1346.0,0.0,11.385552360006766
09574154,4422.0,179.0,0.0,4.0479421076436
09574155,7912.0,285.0,0.0,3.602123356926188
09574156,8311.0,436.0,0.0,5.2460594392973166
09574157,8329.0,374.0,0.0,4.4903349741865775
09574158,3130.0,47.0,0.0,1.5015974440894568
09574160,1782.0,58.0,0.0,3.254769921436588
09574161,1690.0,40.0,0.0,2.366863905325444
09574164,4043.0,139.0,0.0,3.4380410586198367
09575112,11949.0,819.0,0.0,6.854130052724077
09575113,1169.0,12.0,0.0,1.0265183917878529
09575115,2947.0,73.0,0.0,2.477095351204615
09575116,2465.0,86.0,0.0,3.4888438133874238
09575117,1700.0,39.0,0.0,2.2941176470588234
09575118,3587.0,101.0,0.0,2.8157234457764146
09575119,2162.0,30.0,0.0,1.387604070305273
09575121,5942.0,120.0,0.0,2.019522046449007
09575122,1110.0,19.0,0.0,1.7117117117117118
09575124,784.0,18.0,0.0,2.295918367346939
09575125,2491.0,60.0,0.0,2.408671216378964
09575127,819.0,6.0,0.0,0.7326007326007326
09575128,1291.0,22.0,0.0,1.7041053446940357
09575129,1227.0,25.0,0.0,2.037489812550937
09575130,697.0,7.0,0.0,1.0043041606886658
09575133,951.0,39.0,0.0,4.100946372239748
09575134,1136.0,10.0,0.0,0.8802816901408451
09575135,2113.0,55.0,0.0,2.602934216753431
09575138,1017.0,20.0,0.0,1.966568338249754
09575143,1539.0,35.0,0.0,2.2742040285899936
09575144,1838.0,28.0,0.0,1.5233949945593035
09575145,5453.0,230.0,0.0,4.217861727489455
09575146,1132.0,10.0,0.0,0.8833922261484098
09575147,1011.0,15.0,0.0,1.4836795252225519
09575150,1378.0,20.0,0.0,1.4513788098693758
09575152,2091.0,59.0,0.0,2.8216164514586324
09575153,12321.0,456.0,0.0,3.7009982955928904
09575155,713.0,3.0,0.0,0.42075736325385693
09575156,2625.0,46.0,0.0,1.7523809523809524
09575157,1208.0,24.0,0.0,1.9867549668874172
09575161,4579.0,118.0,0.0,2.5769818737715657
09575163,911.0,9.0,0.0,0.9879253567508233
09575165,2308.0,29.0,0.0,1.2564991334488735
09575166,1311.0,25.0,0.0,1.9069412662090008
09575167,2895.0,126.0,0.0,4.352331606217617
09575168,6220.0,266.0,0.0,4.276527331189711
09575179,1018.0,6.0,0.0,0.5893909626719057
09575181,1367.0,50.0,0.0,3.6576444769568397
09576111,5413.0,165.0,0.0,3.0482172547570663
09576113,8007.0,443.0,0.0,5.532658923441988
09576117,5126.0,98.0,0.0,1.9118220834959032
09576121,6644.0,185.0,0.0,2.7844671884406984
09576122,6903.0,186.0,0.0,2.6944806605823555
09576126,4687.0,103.0,0.0,2.197567740558993
09576127,13050.0,407.0,0.0,3.1187739463601534
09576128,2764.0,50.0,0.0,1.808972503617945
09576132,7282.0,169.0,0.0,2.3207909914858553
09576137,6841.0,202.0,0.0,2.9527846806022513
09576141,2870.0,144.0,0.0,5.017421602787456
09576142,3551.0,84.0,0.0,2.365530836384117
09576143,24348.0,1397.0,0.0,5.737637588302941
09576147,4990.0,81.0,0.0,1.623246492985972
09576148,5226.0,69.0,0.0,1.320321469575201
09576151,15642.0,525.0,0.0,3.3563482930571538
09577111,1326.0,31.0,0.0,2.3378582202111615
09577113,984.0,6.0,0.0,0.6097560975609756
09577114,2190.0,59.0,0.0,2.6940639269406392
09577115,1115.0,16.0,0.0,1.4349775784753362
09577120,1145.0,10.0,0.0,0.8733624454148472
09577122,1757.0,21.0,0.0,1.1952191235059761
09577125,3608.0,104.0,0.0,2.882483370288248
09577127,848.0,8.0,0.0,0.9433962264150944
09577133,843.0,4.0,0.0,0.4744958481613286
09577136,16245.0,873.0,0.0,5.373961218836565
09577138,2638.0,52.0,0.0,1.9711902956785443
09577140,2498.0,54.0,0.0,2.1617293835068057
09577141,1164.0,16.0,0.0,1.3745704467353952
09577148,2258.0,82.0,0.0,3.6315323294951285
09577149,1320.0,33.0,0.0,2.5
09577150,876.0,10.0,0.0,1.1415525114155252
09577151,1402.0,15.0,0.0,1.0699001426533523
09577158,3987.0,252.0,0.0,6.320541760722348
09577159,1478.0,20.0,0.0,1.3531799729364005
09577161,7360.0,278.0,0.0,3.777173913043478
09577162,1840.0,42.0,0.0,2.282608695652174
09577163,1169.0,13.0,0.0,1.1120615911035072
09577168,1704.0,183.0,0.0,10.73943661971831
09577172,1162.0,10.0,0.0,0.8605851979345955
09577173,12565.0,815.0,0.0,6.486271388778353
09577177,17710.0,1353.0,0.0,7.6397515527950315
09577179,1179.0,14.0,0.0,1.1874469889737065
09661000,67359.0,7949.0,0.0,11.800947163704924
09662000,52143.0,5758.0,0.0,11.042709472028843
09663000,124297.0,9688.0,0.0,7.794234776382375
09671111,18646.0,1186.0,0.0,6.360613536415317
09671112,5841.0,299.0,0.0,5.118986474918678
09671113,1534.0,73.0,0.0,4.758800521512386
09671114,8038.0,552.0,0.0,6.867379945260015
09671119,2133.0,62.0,0.0,2.906704172526957
09671120,3349.0,140.0,0.0,4.180352343983278
09671121,9855.0,609.0,0.0,6.179604261796043
09671122,16304.0,1332.0,0.0,8.169774288518155
09671124,8432.0,368.0,0.0,4.364326375711575
09671126,2232.0,81.0,0.0,3.629032258064516
09671127,2170.0,70.0,0.0,3.225806451612903
09671128,860.0,8.0,0.0,0.9302325581395349
09671130,13250.0,570.0,0.0,4.30188679245283
09671133,3849.0,97.0,0.0,2.5201351000259806
09671134,7422.0,535.0,0.0,7.208299649690111
09671135,1832.0,46.0,0.0,2.510917030567686
09671136,8160.0,669.0,0.0,8.198529411764707
09671138,2186.0,55.0,0.0,2.516010978956999
09671139,5206.0,493.0,0.0,9.469842489435267
09671140,8480.0,846.0,0.0,9.976415094339623
09671141,2206.0,66.0,0.0,2.9918404351767904
09671143,11933.0,411.0,0.0,3.4442302857621723
09671148,1729.0,58.0,0.0,3.35454019664546
09671150,3566.0,91.0,0.0,2.5518788558609087
09671152,4063.0,259.0,0.0,6.374600049224711
09671153,1127.0,25.0,0.0,2.218278615794144
09671155,7504.0,996.0,0.0,13.272921108742004
09671156,3939.0,326.0,0.0,8.276212236608277
09671157,1967.0,102.0,0.0,5.185561769191662
09671159,1928.0,53.0,0.0,2.7489626556016598
09671160,1815.0,35.0,0.0,1.9283746556473829
09671162,1056.0,10.0,0.0,0.946969696969697
09672111,867.0,14.0,0.0,1.6147635524798154
09672112,4474.0,85.0,0.0,1.899865891819401
09672113,6526.0,357.0,0.0,5.470425988354275
09672114,20993.0,873.0,0.0,4.158529033487353
09672117,7707.0,75.0,0.0,0.9731413001167769
09672121,2921.0,33.0,0.0,1.1297500855871276
09672122,1574.0,27.0,0.0,1.7153748411689962
09672124,1809.0,10.0,0.0,0.552791597567717
09672126,929.0,11.0,0.0,1.1840688912809472
09672127,11258.0,181.0,0.0,1.6077456031266655
09672131,4600.0,68.0,0.0,1.4782608695652173
09672134,1763.0,25.0,0.0,1.4180374361883155
09672135,7964.0,238.0,0.0,2.9884480160723257
09672136,4071.0,81.0,0.0,1.9896831245394253
09672138,2044.0,23.0,0.0,1.1252446183953033
09672139,5062.0,59.0,0.0,1.1655472145397077
09672140,4989.0,74.0,0.0,1.4832631789937862
09672142,1159.0,21.0,0.0,1.81190681622088
09672143,1174.0,3.0,0.0,0.2555366269165247
09672145,1004.0,13.0,0.0,1.294820717131474
09672149,1753.0,80.0,0.0,4.563605248146035
09672155,892.0,9.0,0.0,1.0089686098654709
09672157,1086.0,12.0,0.0,1.1049723756906078
09672161,2174.0,30.0,0.0,1.3799448022079117
09672163,3088.0,77.0,0.0,2.493523316062176
09672166,2139.0,30.0,0.0,1.402524544179523
09673113,758.0,3.0,0.0,0.39577836411609496
09673114,15210.0,749.0,0.0,4.924391847468771
09673116,2156.0,19.0,0.0,0.8812615955473099
09673117,4857.0,73.0,0.0,1.5029853819229977
09673123,2206.0,20.0,0.0,0.9066183136899365
09673126,910.0,9.0,0.0,0.989010989010989
09673127,1193.0,10.0,0.0,0.8382229673093042
09673129,691.0,4.0,0.0,0.5788712011577424
09673130,978.0,0.0,1.0,0.0
09673131,668.0,7.0,0.0,1.0479041916167664
09673133,1253.0,18.0,0.0,1.4365522745411015
09673134,1194.0,4.0,0.0,0.33500837520938026
09673135,3530.0,66.0,0.0,1.8696883852691217
09673136,1555.0,20.0,0.0,1.2861736334405145
09673141,5935.0,207.0,0.0,3.4877843302443132
09673142,5648.0,69.0,0.0,1.221671388101983
09673146,1698.0,35.0,0.0,2.061248527679623
09673147,1123.0,14.0,0.0,1.2466607301869992
09673149,2784.0,19.0,0.0,0.6824712643678161
09673151,1585.0,13.0,0.0,0.8201892744479495
09673153,3426.0,45.0,0.0,1.3134851138353765
09673156,926.0,15.0,0.0,1.6198704103671706
09673160,1536.0,15.0,0.0,0.9765625
09673161,2273.0,60.0,0.0,2.639683238011439
09673162,2600.0,21.0,0.0,0.8076923076923077
09673163,1286.0,15.0,0.0,1.166407465007776
09673167,971.0,6.0,0.0,0.6179196704428425
09673170,1134.0,22.0,0.0,1.9400352733686066
09673171,889.0,7.0,0.0,0.7874015748031497
09673172,1114.0,18.0,0.0,1.6157989228007181
09673173,1746.0,33.0,0.0,1.8900343642611683
09673174,1045.0,8.0,0.0,0.7655502392344498
09673175,946.0,13.0,0.0,1.3742071881606766
09673182,579.0,3.0,0.0,0.5181347150259067
09673183,1304.0,17.0,0.0,1.303680981595092
09673184,1476.0,14.0,0.0,0.948509485094851
09673186,1646.0,24.0,0.0,1.4580801944106927
09674111,1802.0,10.0,0.0,0.5549389567147613
09674118,1048.0,5.0,0.0,0.4770992366412214
09674120,936.0,14.0,0.0,1.4957264957264957
09674121,1415.0,22.0,0.0,1.5547703180212014
09674129,3754.0,67.0,0.0,1.7847629195524775
09674130,7247.0,110.0,0.0,1.5178694632261625
09674133,5289.0,146.0,0.0,2.760446209113254
09674139,1237.0,19.0,0.0,1.5359741309620047
09674147,13041.0,370.0,0.0,2.83720573575646
09674149,5111.0,63.0,0.0,1.2326354920759146
09674153,1750.0,11.0,0.0,0.6285714285714286
09674159,4010.0,66.0,0.0,1.6458852867830425
09674160,1390.0,15.0,0.0,1.079136690647482
09674163,6378.0,128.0,0.0,2.0068987143305113
09674164,3703.0,59.0,0.0,1.5933027275182285
09674171,3523.0,36.0,0.0,1.021856372409878
09674180,2696.0,45.0,0.0,1.6691394658753709
09674184,1511.0,13.0,0.0,0.8603573792190602
09674187,3020.0,82.0,0.0,2.7152317880794703
09674190,1553.0,38.0,0.0,2.4468770122343853
09674195,3093.0,59.0,0.0,1.9075331393469124
09674201,1171.0,7.0,0.0,0.5977796754910333
09674210,1713.0,25.0,0.0,1.4594279042615295
09674219,1937.0,49.0,0.0,2.5296850800206503
09674221,5646.0,259.0,0.0,4.587318455543747
09674223,601.0,5.0,0.0,0.831946755407654
09675111,826.0,24.0,0.0,2.9055690072639226
09675112,2160.0,97.0,0.0,4.4907407407407405
09675113,1229.0,38.0,0.0,3.091944670463792
09675114,1101.0,16.0,0.0,1.4532243415077202
09675116,814.0,13.0,0.0,1.597051597051597
09675117,6920.0,145.0,0.0,2.0953757225433525
09675127,2381.0,84.0,0.0,3.527929441411172
09675131,1627.0,37.0,0.0,2.2741241548862936
09675139,4481.0,88.0,0.0,1.9638473555010043
09675141,20237.0,1831.0,0.0,9.047783762415378
09675142,1626.0,27.0,0.0,1.6605166051660516
09675144,2277.0,68.0,0.0,2.9863855950812472
09675146,1908.0,67.0,0.0,3.511530398322851
09675147,3592.0,213.0,0.0,5.929844097995546
09675148,1192.0,35.0,0.0,2.936241610738255
09675149,1817.0,64.0,0.0,3.5222894881673086
09675150,1011.0,4.0,0.0,0.39564787339268054
09675155,1007.0,15.0,0.0,1.4895729890764648
09675156,1732.0,33.0,0.0,1.905311778290993
09675158,3154.0,66.0,0.0,2.092580849714648
09675161,1708.0,46.0,0.0,2.693208430913349
09675162,843.0,23.0,0.0,2.7283511269276395
09675165,3540.0,56.0,0.0,1.5819209039548023
09675166,831.0,44.0,0.0,5.29482551143201
09675167,1066.0,21.0,0.0,1.9699812382739212
09675169,1354.0,23.0,0.0,1.6986706056129985
09675170,1326.0,14.0,0.0,1.0558069381598794
09675174,8650.0,231.0,0.0,2.6705202312138727
09675177,962.0,13.0,0.0,1.3513513513513513
09675178,4728.0,149.0,0.0,3.1514382402707275
09675179,1619.0,23.0,0.0,1.4206300185299567
09676111,1286.0,18.0,0.0,1.3996889580093312
09676112,3988.0,253.0,0.0,6.344032096288867
09676116,4302.0,284.0,0.0,6.601580660158066
09676117,2481.0,152.0,0.0,6.1265618702136235
09676118,1806.0,83.0,0.0,4.595791805094131
09676119,2611.0,116.0,0.0,4.442742244350823
09676121,8979.0,1313.0,0.0,14.623009243791069
09676122,9911.0,1617.0,0.0,16.315205327413985
09676123,3831.0,164.0,0.0,4.280866614460976
09676124,2666.0,128.0,0.0,4.801200300075019
09676125,5077.0,277.0,0.0,5.455977939728186
09676126,4108.0,263.0,0.0,6.402142161635832
09676128,1878.0,72.0,0.0,3.8338658146964857
09676131,2298.0,44.0,0.0,1.9147084421235858
09676132,3614.0,426.0,0.0,11.787493082457111
09676133,5735.0,492.0,0.0,8.57890148212729
09676134,6128.0,690.0,0.0,11.259791122715404
09676135,1417.0,125.0,0.0,8.821453775582215
09676136,4874.0,245.0,0.0,5.026672137874436
09676139,9092.0,989.0,0.0,10.877694676638804
09676140,4900.0,238.0,0.0,4.857142857142857
09676141,2555.0,113.0,0.0,4.422700587084149
09676143,1553.0,26.0,0.0,1.674179008370895
09676144,4890.0,236.0,0.0,4.826175869120655
09676145,8571.0,669.0,0.0,7.805390269513476
09676151,1719.0,83.0,0.0,4.828388598022106
09676153,778.0,34.0,0.0,4.370179948586118
09676156,1797.0,90.0,0.0,5.008347245409015
09676158,1563.0,163.0,0.0,10.428662827895074
09676160,6954.0,433.0,0.0,6.226632154155881
09676165,2312.0,95.0,0.0,4.108996539792387
09676169,4732.0,574.0,0.0,12.1301775147929
09677114,8160.0,161.0,0.0,1.9730392156862746
09677116,1027.0,29.0,0.0,2.8237585199610518
09677119,2139.0,43.0,0.0,2.01028517999065
09677120,1850.0,65.0,0.0,3.5135135135135136
09677122,2520.0,98.0,0.0,3.888888888888889
09677125,2434.0,38.0,0.0,1.561216105176664
09677126,1981.0,85.0,0.0,4.290762241292277
09677127,3220.0,34.0,0.0,1.0559006211180124
09677128,862.0,10.0,0.0,1.160092807424594
09677129,4550.0,133.0,0.0,2.923076923076923
09677131,10500.0,402.0,0.0,3.8285714285714287
09677132,1257.0,14.0,0.0,1.1137629276054097
09677133,1427.0,25.0,0.0,1.751927119831815
09677135,1861.0,48.0,0.0,2.5792584631918323
09677137,1403.0,135.0,0.0,9.622238061297221
09677142,1634.0,26.0,0.0,1.591187270501836
09677146,1417.0,31.0,0.0,2.1877205363443895
09677148,14933.0,847.0,0.0,5.672001607178732
09677149,1790.0,39.0,0.0,2.17877094972067
09677151,3818.0,199.0,0.0,5.212152959664746
09677154,4266.0,106.0,0.0,2.484763244256915
09677155,15291.0,1136.0,0.0,7.4292067229089005
09677157,10820.0,819.0,0.0,7.569316081330869
09677159,855.0,22.0,0.0,2.573099415204678
09677164,866.0,8.0,0.0,0.9237875288683602
09677165,1204.0,29.0,0.0,2.4086378737541527
09677166,1246.0,28.0,0.0,2.247191011235955
09677169,993.0,6.0,0.0,0.6042296072507553
09677170,2851.0,76.0,0.0,2.6657313223430377
09677172,1021.0,22.0,0.0,2.1547502448579823
09677175,1584.0,16.0,0.0,1.0101010101010102
09677177,2068.0,38.0,0.0,1.8375241779497098
09677178,1006.0,29.0,0.0,2.8827037773359843
09677181,1006.0,26.0,0.0,2.584493041749503
09677182,919.0,33.0,0.0,3.5908596300326443
09677186,2227.0,38.0,0.0,1.7063313875168389
09677189,1358.0,30.0,0.0,2.2091310751104567
09677193,1374.0,23.0,0.0,1.6739446870451238
09677200,1378.0,16.0,0.0,1.1611030478955007
09677203,6392.0,209.0,0.0,3.269712140175219
09678115,5103.0,155.0,0.0,3.0374289633548894
09678122,1274.0,18.0,0.0,1.41287284144427
09678123,7094.0,144.0,0.0,2.0298844093600223
09678124,1933.0,55.0,0.0,2.8453181583031557
09678128,2997.0,68.0,0.0,2.2689356022689355
09678130,1003.0,17.0,0.0,1.694915254237288
09678132,2475.0,58.0,0.0,2.3434343434343434
09678134,6701.0,222.0,0.0,3.3129383674078494
09678135,6253.0,336.0,0.0,5.373420758036143
09678136,3409.0,66.0,0.0,1.9360516280434146
09678138,4126.0,76.0,0.0,1.8419777023751818
09678150,5405.0,95.0,0.0,1.757631822386679
09678153,807.0,9.0,0.0,1.1152416356877324
09678157,1140.0,30.0,0.0,2.6315789473684212
09678160,7939.0,329.0,0.0,4.14409875299156
09678164,1401.0,14.0,0.0,0.9992862241256245
09678168,4184.0,79.0,0.0,1.8881453154875718
09678170,4600.0,158.0,0.0,3.4347826086956523
09678174,7713.0,203.0,0.0,2.6319201348372876
09678175,1894.0,35.0,0.0,1.8479408658922913
09678176,3899.0,124.0,0.0,3.1803026417030007
09678178,4043.0,324.0,0.0,8.013851100667821
09678181,4149.0,55.0,0.0,1.3256206314774643
09678183,1995.0,22.0,0.0,1.1027568922305764
09678186,3882.0,56.0,0.0,1.4425553838227718
09678190,2849.0,43.0,0.0,1.5093015093015092
09678192,3430.0,46.0,0.0,1.3411078717201166
09678193,10293.0,165.0,0.0,1.6030311862430777
09678196,1093.0,19.0,0.0,1.738334858188472
09679114,1528.0,105.0,0.0,6.871727748691099
09679117,3520.0,80.0,0.0,2.272727272727273
09679118,970.0,5.0,0.0,0.5154639175257731
09679122,1283.0,19.0,0.0,1.4809041309431021
09679124,2784.0,86.0,0.0,3.089080459770115
09679126,3427.0,84.0,0.0,2.451123431572804
09679128,1674.0,25.0,0.0,1.4934289127837514
09679130,4804.0,103.0,0.0,2.1440466278101584
09679131,1301.0,42.0,0.0,3.2282859338970025
09679134,2490.0,38.0,0.0,1.5261044176706828
09679135,809.0,18.0,0.0,2.2249690976514214
09679136,6140.0,367.0,0.0,5.977198697068404
09679137,1267.0,52.0,0.0,4.1041831097079715
09679138,5175.0,259.0,0.0,5.004830917874396
09679141,1589.0,36.0,0.0,2.2655758338577723
09679142,4305.0,125.0,0.0,2.9036004645760745
09679143,2383.0,29.0,0.0,1.2169534200587495
09679144,2606.0,34.0,0.0,1.3046815042210285
09679146,3725.0,139.0,0.0,3.7315436241610738
09679147,9034.0,358.0,0.0,3.9628071729023686
09679149,996.0,16.0,0.0,1.606425702811245
09679153,2149.0,88.0,0.0,4.094927873429502
09679154,2469.0,74.0,0.0,2.9971648440664236
09679155,2050.0,62.0,0.0,3.024390243902439
09679156,4468.0,80.0,0.0,1.7905102954341987
09679161,3166.0,75.0,0.0,2.368919772583702
09679164,2206.0,46.0,0.0,2.085222121486854
09679165,2029.0,23.0,0.0,1.1335633316904878
09679167,1280.0,26.0,0.0,2.03125
09679169,1060.0,14.0,0.0,1.320754716981132
09679170,11020.0,558.0,0.0,5.063520871143376
09679174,1177.0,23.0,0.0,1.9541206457094307
09679175,3313.0,96.0,0.0,2.897675822517356
09679176,3995.0,88.0,0.0,2.202753441802253
09679177,1500.0,36.0,0.0,2.4
09679179,767.0,11.0,0.0,1.4341590612777053
09679180,7597.0,197.0,0.0,2.5931288666578913
09679182,1723.0,47.0,0.0,2.727800348229832
09679185,5384.0,200.0,0.0,3.7147102526002973
09679187,1663.0,43.0,0.0,2.585688514732411
09679188,812.0,0.0,1.0,0.0
09679192,858.0,14.0,0.0,1.6317016317016317
09679193,2370.0,84.0,0.0,3.5443037974683542
09679194,2593.0,34.0,0.0,1.3112225221750868
09679196,1834.0,57.0,0.0,3.1079607415485277
09679200,3110.0,54.0,0.0,1.7363344051446945
09679201,2786.0,74.0,0.0,2.656137832017229
09679202,9689.0,460.0,0.0,4.74765197646816
09679204,2611.0,56.0,0.0,2.1447721179624666
09679205,4864.0,150.0,0.0,3.0838815789473686
09679206,1466.0,51.0,0.0,3.478854024556617
09679209,4276.0,254.0,0.0,5.940130963517306
09761000,267767.0,42467.0,0.0,15.859683978981726
09762000,41550.0,3882.0,0.0,9.342960288808664
09763000,64078.0,7195.0,0.0,11.228502762258497
09764000,41241.0,5011.0,0.0,12.150529812565166
09771111,1581.0,45.0,0.0,2.846299810246679
09771112,5234.0,158.0,0.0,3.018723729461215
09771113,20247.0,1450.0,0.0,7.161554798241715
09771114,4293.0,157.0,0.0,3.657116235732588
09771122,5334.0,233.0,0.0,4.368203974503187
09771129,1623.0,79.0,0.0,4.867529266789895
09771130,28640.0,1363.0,0.0,4.759078212290503
09771140,2324.0,48.0,0.0,2.0654044750430294
09771141,2483.0,79.0,0.0,3.1816351188078937
09771142,11030.0,517.0,0.0,4.687216681776972
09771144,4034.0,88.0,0.0,2.181457610312345
09771145,3052.0,125.0,0.0,4.095674967234601
09771146,13283.0,750.0,0.0,5.646314838515396
09771149,1970.0,42.0,0.0,2.1319796954314723
09771155,1664.0,46.0,0.0,2.764423076923077
09771156,6260.0,265.0,0.0,4.233226837060703
09771158,2419.0,47.0,0.0,1.9429516329061596
09771160,2918.0,70.0,0.0,2.3989033584647017
09771162,1856.0,45.0,0.0,2.4245689655172415
09771163,1218.0,19.0,0.0,1.5599343185550083
09771165,1572.0,28.0,0.0,1.7811704834605597
09771168,900.0,15.0,0.0,1.6666666666666667
09771169,1327.0,41.0,0.0,3.089675960813866
09771176,1125.0,13.0,0.0,1.1555555555555554
09772111,2165.0,38.0,0.0,1.7551963048498844
09772114,802.0,25.0,0.0,3.117206982543641
09772115,3782.0,64.0,0.0,1.6922263352723428
09772117,2893.0,117.0,0.0,4.044244728655375
09772121,3366.0,97.0,0.0,2.8817587641117055
09772125,16368.0,1760.0,0.0,10.75268817204301
09772126,1216.0,37.0,0.0,3.0427631578947367
09772130,9712.0,307.0,0.0,3.161037891268534
09772131,6487.0,159.0,0.0,2.451055958069986
09772134,987.0,14.0,0.0,1.4184397163120568
09772136,1013.0,19.0,0.0,1.8756169792694966
09772137,1344.0,28.0,0.0,2.0833333333333335
09772141,4540.0,179.0,0.0,3.94273127753304
09772145,4485.0,147.0,0.0,3.277591973244147
09772147,20743.0,2212.0,0.0,10.663838403316781
09772148,4098.0,91.0,0.0,2.2205954123962908
09772149,3454.0,82.0,0.0,2.3740590619571513
09772151,4893.0,138.0,0.0,2.8203556100551808
09772156,958.0,14.0,0.0,1.4613778705636744
09772157,1452.0,44.0,0.0,3.0303030303030303
09772159,2475.0,39.0,0.0,1.5757575757575757
09772160,1161.0,36.0,0.0,3.10077519379845
09772162,2688.0,103.0,0.0,3.831845238095238
09772163,26997.0,1729.0,0.0,6.404415305404304
09772166,855.0,21.0,0.0,2.456140350877193
09772167,2446.0,39.0,0.0,1.5944399018806215
09772168,1679.0,36.0,0.0,2.144133412745682
09772170,3735.0,78.0,0.0,2.0883534136546187
09772171,7259.0,891.0,0.0,12.274417963906874
09772177,10774.0,561.0,0.0,5.206979766103583
09772178,1347.0,29.0,0.0,2.1529324424647363
09772179,1066.0,18.0,0.0,1.6885553470919326
09772184,21052.0,1197.0,0.0,5.6859205776173285
09772185,2255.0,70.0,0.0,3.104212860310421
09772186,1621.0,48.0,0.0,2.961135101789019
09772197,995.0,13.0,0.0,1.306532663316583
09772200,13211.0,791.0,0.0,5.987434713496329
09772202,14342.0,1031.0,0.0,7.188676614140287
09772207,3864.0,92.0,0.0,2.380952380952381
09772209,6282.0,201.0,0.0,3.1996179560649476
09772211,1099.0,24.0,0.0,2.183803457688808
09772214,1132.0,21.0,0.0,1.8551236749116609
09772215,2922.0,75.0,0.0,2.566735112936345
09772216,3545.0,104.0,0.0,2.933709449929478
09772217,1485.0,27.0,0.0,1.8181818181818181
09772223,6050.0,200.0,0.0,3.3057851239669422
09773111,1347.0,11.0,0.0,0.8166295471417966
09773112,2238.0,40.0,0.0,1.7873100983020553
09773113,1307.0,45.0,0.0,3.442999234889059
09773116,1328.0,16.0,0.0,1.2048192771084338
09773117,3541.0,79.0,0.0,2.231008189776899
09773119,1733.0,21.0,0.0,1.2117714945181766
09773122,5682.0,137.0,0.0,2.4111228440689896
09773125,18102.0,1104.0,0.0,6.098773616175008
09773133,1116.0,12.0,0.0,1.075268817204301
09773136,7714.0,738.0,0.0,9.567021000777807
09773137,1573.0,46.0,0.0,2.9243483788938334
09773139,6561.0,415.0,0.0,6.325255296448712
09773140,3770.0,59.0,0.0,1.5649867374005304
09773143,1535.0,37.0,0.0,2.41042345276873
09773144,10540.0,1285.0,0.0,12.191650853889943
09773146,969.0,11.0,0.0,1.1351909184726523
09773147,1315.0,20.0,0.0,1.520912547528517
09773150,1657.0,10.0,0.0,0.6035003017501509
09773153,992.0,62.0,0.0,6.25
09773164,1410.0,11.0,0.0,0.7801418439716312
09773170,3560.0,78.0,0.0,2.191011235955056
09773179,1206.0,30.0,0.0,2.487562189054726
09773182,8830.0,542.0,0.0,6.138165345413364
09773183,2306.0,53.0,0.0,2.2983521248915872
09773186,1002.0,10.0,0.0,0.998003992015968
09773187,755.0,18.0,0.0,2.384105960264901
09773188,1219.0,31.0,0.0,2.543068088597211
09774111,1095.0,29.0,0.0,2.6484018264840183
09774115,1181.0,24.0,0.0,2.032176121930567
09774116,3270.0,68.0,0.0,2.079510703363914
09774117,1229.0,13.0,0.0,1.0577705451586656
09774118,1442.0,88.0,0.0,6.102635228848821
09774119,4722.0,198.0,0.0,4.193138500635324
09774121,9313.0,964.0,0.0,10.351122087404702
09774122,3303.0,216.0,0.0,6.539509536784741
09774124,1468.0,23.0,0.0,1.5667574931880108
09774127,1582.0,33.0,0.0,2.0859671302149176
09774129,600.0,0.0,1.0,0.0
09774133,1149.0,13.0,0.0,1.1314186248912097
09774135,19436.0,2390.0,0.0,12.296768882486107
09774136,1531.0,82.0,0.0,5.355976485956891
09774140,1850.0,72.0,0.0,3.891891891891892
09774143,8434.0,1068.0,0.0,12.663030590467157
09774144,6779.0,467.0,0.0,6.888921669862811
09774145,3337.0,70.0,0.0,2.0976925382079714
09774148,3238.0,228.0,0.0,7.041383570105003
09774150,12425.0,1310.0,0.0,10.543259557344065
09774151,680.0,11.0,0.0,1.6176470588235294
09774155,6548.0,902.0,0.0,13.775198533903483
09774160,1976.0,115.0,0.0,5.819838056680162
09774162,3071.0,76.0,0.0,2.474763920547053
09774166,1155.0,14.0,0.0,1.2121212121212122
09774171,4131.0,281.0,0.0,6.802227063664972
09774174,1614.0,60.0,0.0,3.717472118959108
09774178,1060.0,30.0,0.0,2.830188679245283
09774185,5931.0,793.0,0.0,13.370426572247514
09774189,975.0,12.0,0.0,1.2307692307692308
09774191,1220.0,47.0,0.0,3.8524590163934427
09774192,708.0,8.0,0.0,1.1299435028248588
09774196,789.0,12.0,0.0,1.520912547528517
09774198,2940.0,139.0,0.0,4.727891156462585
09775111,4932.0,316.0,0.0,6.407137064071371
09775115,4479.0,243.0,0.0,5.425318151373074
09775118,3714.0,96.0,0.0,2.5848142164781907
09775126,1765.0,56.0,0.0,3.1728045325779037
09775129,16547.0,1454.0,0.0,8.787091315646341
09775132,1343.0,92.0,0.0,6.850335070737156
09775134,9253.0,1029.0,0.0,11.120717605101047
09775135,52706.0,6738.0,0.0,12.784123249724889
09775139,9129.0,595.0,0.0,6.517690875232774
09775141,854.0,6.0,0.0,0.702576112412178
09775142,847.0,33.0,0.0,3.896103896103896
09775143,7042.0,332.0,0.0,4.714569724510082
09775149,2644.0,47.0,0.0,1.7776096822995462
09775152,21560.0,2763.0,0.0,12.815398886827458
09775161,994.0,13.0,0.0,1.3078470824949697
09775162,12921.0,1185.0,0.0,9.171116786626422
09775164,13124.0,881.0,0.0,6.71289241085035
09776111,2927.0,286.0,0.0,9.771096686026649
09776112,1217.0,24.0,0.0,1.972062448644207
09776113,1444.0,26.0,0.0,1.8005540166204985
09776114,3631.0,268.0,0.0,7.380886808041862
09776115,1771.0,80.0,0.0,4.517221908526256
09776116,24491.0,3503.0,0.0,14.303213425339921
09776117,10924.0,1080.0,0.0,9.886488465763456
09776118,1542.0,50.0,0.0,3.2425421530479897
09776120,1689.0,98.0,0.0,5.802249851983422
09776121,1622.0,86.0,0.0,5.302096177558569
09776122,2333.0,181.0,0.0,7.75825117873982
09776124,1670.0,54.0,0.0,3.2335329341317367
09776125,4029.0,323.0,0.0,8.016877637130802
09776126,2833.0,175.0,0.0,6.1771973173314505
09776127,1802.0,38.0,0.0,2.108768035516093
09776128,3524.0,222.0,0.0,6.2996594778660615
09776129,5984.0,297.0,0.0,4.963235294117647
09776130,2570.0,167.0,0.0,6.498054474708171
09776131,2417.0,94.0,0.0,3.889118742242449
09777111,1981.0,19.0,0.0,0.9591115598182736
09777112,4042.0,151.0,0.0,3.735774369124196
09777114,1286.0,16.0,0.0,1.244167962674961
09777118,1644.0,22.0,0.0,1.338199513381995
09777121,11969.0,956.0,0.0,7.987300526359762
09777124,1290.0,26.0,0.0,2.0155038759689923
09777125,1187.0,32.0,0.0,2.695871946082561
09777128,1503.0,21.0,0.0,1.3972055888223553
09777129,14277.0,1750.0,0.0,12.257477061007215
09777130,3707.0,100.0,0.0,2.697599136768276
09777131,1273.0,66.0,0.0,5.184603299293008
09777135,1106.0,40.0,0.0,3.616636528028933
09777138,1452.0,33.0,0.0,2.272727272727273
09777139,1415.0,23.0,0.0,1.6254416961130742
09777140,2385.0,73.0,0.0,3.060796645702306
09777141,1657.0,28.0,0.0,1.6898008449004225
09777144,734.0,13.0,0.0,1.771117166212534
09777145,1817.0,36.0,0.0,1.9812878370941112
09777147,2584.0,143.0,0.0,5.53405572755418
09777149,1387.0,23.0,0.0,1.658255227108868
09777151,18100.0,1210.0,0.0,6.685082872928176
09777152,3068.0,54.0,0.0,1.7601043024771839
09777153,3396.0,213.0,0.0,6.27208480565371
09777154,6266.0,232.0,0.0,3.7025215448451965
09777155,1307.0,22.0,0.0,1.6832440703902065
09777157,652.0,5.0,0.0,0.7668711656441718
09777158,2156.0,58.0,0.0,2.6901669758812616
09777159,7960.0,461.0,0.0,5.791457286432161
09777163,1217.0,76.0,0.0,6.244864420706656
09777164,1285.0,73.0,0.0,5.680933852140078
09777165,1670.0,30.0,0.0,1.7964071856287425
09777166,2162.0,37.0,0.0,1.7113783533765032
09777167,1733.0,55.0,0.0,3.1736872475476052
09777168,789.0,17.0,0.0,2.1546261089987326
09777169,3083.0,220.0,0.0,7.135906584495621
09777170,2797.0,58.0,0.0,2.0736503396496246
09777171,1834.0,14.0,0.0,0.7633587786259542
09777172,1848.0,35.0,0.0,1.893939393939394
09777173,3412.0,98.0,0.0,2.87221570926143
09777175,2740.0,61.0,0.0,2.2262773722627736
09777176,1521.0,25.0,0.0,1.643655489809336
09777177,2180.0,67.0,0.0,3.073394495412844
09777179,1089.0,19.0,0.0,1.7447199265381084
09777182,1826.0,64.0,0.0,3.5049288061336252
09777183,799.0,12.0,0.0,1.5018773466833542
09778111,1437.0,54.0,0.0,3.757828810020877
09778113,916.0,29.0,0.0,3.165938864628821
09778115,5214.0,416.0,0.0,7.978519370924435
09778116,13977.0,947.0,0.0,6.775416756099306
09778118,2048.0,95.0,0.0,4.638671875
09778119,740.0,13.0,0.0,1.7567567567567568
09778120,1938.0,54.0,0.0,2.7863777089783284
09778121,2346.0,63.0,0.0,2.6854219948849103
09778123,3071.0,172.0,0.0,5.600781504395962
09778127,2064.0,45.0,0.0,2.1802325581395348
09778130,1149.0,21.0,0.0,1.8276762402088773
09778134,1781.0,23.0,0.0,1.2914093206064008
09778136,2916.0,75.0,0.0,2.57201646090535
09778137,3211.0,199.0,0.0,6.197446278417939
09778139,1080.0,68.0,0.0,6.296296296296297
09778144,5262.0,242.0,0.0,4.599011782592171
09778149,1276.0,36.0,0.0,2.8213166144200628
09778150,1681.0,89.0,0.0,5.29446757882213
09778151,1204.0,54.0,0.0,4.485049833887043
09778157,1294.0,29.0,0.0,2.241112828438949
09778158,2549.0,60.0,0.0,2.3538642604943116
09778161,1790.0,44.0,0.0,2.458100558659218
09778162,1465.0,38.0,0.0,2.5938566552901023
09778163,1344.0,25.0,0.0,1.8601190476190477
09778164,1166.0,17.0,0.0,1.4579759862778732
09778165,3113.0,61.0,0.0,1.9595245743655638
09778168,3695.0,45.0,0.0,1.2178619756427604
09778169,2172.0,41.0,0.0,1.8876611418047882
09778171,2597.0,124.0,0.0,4.77474008471313
09778173,13937.0,1311.0,0.0,9.40661548396355
09778177,1360.0,60.0,0.0,4.411764705882353
09778180,1769.0,46.0,0.0,2.6003391746749576
09778183,1246.0,21.0,0.0,1.6853932584269662
09778184,947.0,15.0,0.0,1.583949313621964
09778186,7912.0,363.0,0.0,4.587967644084935
09778187,2402.0,138.0,0.0,5.745212323064114
09778188,841.0,45.0,0.0,5.35077288941736
09778190,1420.0,12.0,0.0,0.8450704225352113
09778196,2545.0,33.0,0.0,1.2966601178781925
09778199,1347.0,23.0,0.0,1.7074981440237564
09778202,1708.0,70.0,0.0,4.098360655737705
09778203,6648.0,358.0,0.0,5.385078219013237
09778204,2959.0,65.0,0.0,2.196688070294018
09778205,1005.0,49.0,0.0,4.875621890547263
09778207,1375.0,17.0,0.0,1.2363636363636363
09778209,1432.0,32.0,0.0,2.2346368715083798
09778214,2092.0,38.0,0.0,1.8164435946462716
09778216,1390.0,32.0,0.0,2.302158273381295
09778217,894.0,12.0,0.0,1.342281879194631
09778218,1848.0,50.0,0.0,2.705627705627706
09778219,1863.0,31.0,0.0,1.6639828234031133
09778221,1725.0,15.0,0.0,0.8695652173913043
09779111,1646.0,42.0,0.0,2.551640340218712
09779112,844.0,17.0,0.0,2.014218009478673
09779115,4244.0,478.0,0.0,11.26295947219604
09779117,1032.0,19.0,0.0,1.8410852713178294
09779126,1639.0,41.0,0.0,2.5015253203172665
09779129,784.0,9.0,0.0,1.1479591836734695
09779130,1945.0,65.0,0.0,3.341902313624679
09779131,18007.0,1328.0,0.0,7.374909757316599
09779136,1075.0,12.0,0.0,1.1162790697674418
09779138,824.0,3.0,0.0,0.3640776699029126
09779146,574.0,3.0,0.0,0.5226480836236934
09779147,2071.0,24.0,0.0,1.158860453887011
09779148,1322.0,12.0,0.0,0.9077155824508321
09779149,1160.0,31.0,0.0,2.6724137931034484
09779154,1463.0,20.0,0.0,1.367053998632946
09779155,5424.0,95.0,0.0,1.7514749262536873
09779162,603.0,10.0,0.0,1.658374792703151
09779163,1129.0,16.0,0.0,1.41718334809566
09779167,1580.0,13.0,0.0,0.8227848101265823
09779169,3880.0,192.0,0.0,4.948453608247423
09779176,1219.0,27.0,0.0,2.2149302707136997
09779177,1315.0,10.0,0.0,0.7604562737642585
09779178,2554.0,36.0,0.0,1.4095536413469067
09779180,853.0,5.0,0.0,0.5861664712778429
09779181,3740.0,122.0,0.0,3.2620320855614975
09779184,1409.0,29.0,0.0,2.0581973030518097
09779185,2430.0,34.0,0.0,1.3991769547325104
09779186,4929.0,177.0,0.0,3.5909920876445525
09779187,1102.0,22.0,0.0,1.9963702359346642
09779188,1793.0,17.0,0.0,0.9481316229782487
09779192,1344.0,70.0,0.0,5.208333333333333
09779194,19051.0,1272.0,0.0,6.676814865361399
09779196,2356.0,52.0,0.0,2.2071307300509337
09779197,5073.0,227.0,0.0,4.4746698206189635
09779198,754.0,8.0,0.0,1.0610079575596818
09779201,8344.0,567.0,0.0,6.795302013422819
09779203,1338.0,44.0,0.0,3.288490284005979
09779206,644.0,4.0,0.0,0.6211180124223602
09779217,1046.0,32.0,0.0,3.0592734225621414
09779218,3939.0,99.0,0.0,2.5133282559025134
09779224,3279.0,116.0,0.0,3.537663921927417
09779226,1423.0,19.0,0.0,1.3352073085031624
09779228,5654.0,355.0,0.0,6.27874071453838
09779231,1085.0,12.0,0.0,1.1059907834101383
09780112,9860.0,188.0,0.0,1.9066937119675456
09780113,272.0,96.0,0.0,35.294117647058826
09780114,2743.0,60.0,0.0,2.187386073641998
09780115,5643.0,481.0,0.0,8.523834839624314
09780116,1018.0,36.0,0.0,3.536345776031434
09780117,3911.0,95.0,0.0,2.4290462797238557
09780118,3173.0,87.0,0.0,2.741884651749133
09780119,7763.0,214.0,0.0,2.7566662372794024
09780120,6777.0,281.0,0.0,4.146377453150362
09780121,2988.0,144.0,0.0,4.819277108433735
09780122,3641.0,81.0,0.0,2.22466355396869
09780123,4822.0,211.0,0.0,4.375777685607631
09780124,13900.0,1214.0,0.0,8.733812949640289
09780125,3319.0,107.0,0.0,3.2238626092196445
09780127,1373.0,35.0,0.0,2.5491624180626364
09780128,4385.0,135.0,0.0,3.0786773090079818
09780131,943.0,49.0,0.0,5.1961823966065745
09780132,7172.0,522.0,0.0,7.278304517568321
09780133,9467.0,792.0,0.0,8.365902609063061
09780134,1926.0,80.0,0.0,4.153686396677051
09780137,4201.0,127.0,0.0,3.023089740537967
09780139,21105.0,1737.0,0.0,8.230277185501066
09780140,4682.0,128.0,0.0,2.733874412644169
09780143,8847.0,488.0,0.0,5.515994122301345
09780144,5019.0,159.0,0.0,3.167961745367603
09780145,2440.0,177.0,0.0,7.254098360655738
09780146,4820.0,143.0,0.0,2.966804979253112
09780147,2440.0,53.0,0.0,2.1721311475409837
10041100,175853.0,20857.0,0.0,11.860474373482397
10041511,10409.0,384.0,0.0,3.6891151887789415
10041512,8403.0,425.0,0.0,5.05771748185172
10041513,18201.0,581.0,0.0,3.1921323004230535
10041514,11396.0,399.0,0.0,3.501228501228501
10041515,19134.0,671.0,0.0,3.5068464513431588
10041516,13506.0,519.0,0.0,3.8427365615282096
10041517,14763.0,576.0,0.0,3.9016460069091647
10041518,16591.0,1289.0,0.0,7.769272497137002
10041519,38809.0,4501.0,0.0,11.597825246721122
10042111,15355.0,489.0,0.0,3.1846304135460763
10042112,15906.0,587.0,0.0,3.6904312837922797
10042113,29727.0,1829.0,0.0,6.15265583476301
10042114,12180.0,1017.0,0.0,8.349753694581281
10042115,7775.0,2058.0,0.0,26.469453376205788
10042116,16181.0,584.0,0.0,3.6091712502317534
10042117,6512.0,241.0,0.0,3.7008599508599507
10043111,17726.0,475.0,0.0,2.6796795667381246
10043112,16978.0,381.0,0.0,2.2440805748615857
10043113,10219.0,317.0,0.0,3.102064781289754
10043114,46172.0,4006.0,0.0,8.676254006757341
10043115,14934.0,472.0,0.0,3.160573188696933
10043116,15993.0,515.0,0.0,3.2201588194835242
10043117,13509.0,497.0,0.0,3.6790287956177363
10044111,20253.0,2281.0,0.0,11.26252900804819
10044112,19484.0,1403.0,0.0,7.200780127283926
10044113,9302.0,446.0,0.0,4.794667813373468
10044114,14526.0,625.0,0.0,4.302629767313782
10044115,34479.0,2866.0,0.0,8.312306041358507
10044116,13348.0,607.0,0.0,4.547497752472281
10044117,16435.0,769.0,0.0,4.679038637055066
10044118,17320.0,615.0,0.0,3.5508083140877598
10044119,11655.0,425.0,0.0,3.6465036465036467
10044120,17885.0,999.0,0.0,5.585686329326251
10044121,9542.0,479.0,0.0,5.019911968140851
10044122,7092.0,672.0,0.0,9.475465313028765
10044123,6556.0,507.0,0.0,7.7333740085417935
10045111,18038.0,592.0,0.0,3.2819603060206233
10045112,21255.0,611.0,0.0,2.874617737003058
10045113,6789.0,138.0,0.0,2.0326999558108705
10045114,41502.0,3644.0,0.0,8.780299744590621
10045115,10058.0,290.0,0.0,2.8832769934380593
10045116,11107.0,252.0,0.0,2.2688394706041235
10045117,36645.0,2118.0,0.0,5.77977896029472
10046111,8270.0,183.0,0.0,2.2128174123337363
10046112,10590.0,259.0,0.0,2.4457034938621343
10046113,7406.0,141.0,0.0,1.9038617337294086
10046114,10247.0,206.0,0.0,2.010344491070557
10046115,8844.0,199.0,0.0,2.2501130710085935
10046116,6158.0,119.0,0.0,1.932445599220526
10046117,26220.0,850.0,0.0,3.2418001525553013
10046118,12385.0,260.0,0.0,2.0993136859103756
11000000,3292365.0,374296.0,0.0,11.368605850201906
12051000,71569.0,1503.0,0.0,2.1000712599030305
12052000,99984.0,2850.0,0.0,2.8504560729716752
12053000,59140.0,2371.0,0.0,4.009130875887724
12054000,156021.0,6349.0,0.0,4.069324001256241
12060005,12656.0,127.0,0.0,1.0034766118836915
12060012,701.0,80.0,0.0,11.412268188302425
12060020,35631.0,1375.0,0.0,3.8589991861019897
12060024,5503.0,53.0,0.0,0.9631110303470835
12060034,799.0,6.0,0.0,0.7509386733416771
12060036,2168.0,14.0,0.0,0.6457564575645757
12060045,2330.0,19.0,0.0,0.8154506437768241
12060052,39166.0,564.0,0.0,1.4400245110555072
12060068,860.0,4.0,0.0,0.46511627906976744
12060092,527.0,3.0,0.0,0.5692599620493358
12060100,3274.0,48.0,0.0,1.4660965180207697
12060128,704.0,3.0,0.0,0.42613636363636365
12060149,1220.0,16.0,0.0,1.3114754098360655
12060154,1766.0,22.0,0.0,1.245753114382786
12060161,923.0,3.0,0.0,0.3250270855904659
12060172,589.0,0.0,1.0,0.0
12060176,2233.0,14.0,0.0,0.6269592476489029
12060181,18886.0,189.0,0.0,1.000741289844329
12060185,552.0,33.0,0.0,5.978260869565218
12060192,1948.0,22.0,0.0,1.1293634496919918
12060198,9886.0,60.0,0.0,0.606918875177018
12060250,853.0,5.0,0.0,0.5861664712778429
12060269,20615.0,217.0,0.0,1.0526315789473684
12060280,7918.0,88.0,0.0,1.111391765597373
12060296,456.0,6.0,0.0,1.3157894736842106
12061005,546.0,6.0,0.0,1.098901098901099
12061017,926.0,8.0,0.0,0.8639308855291576
12061020,6579.0,75.0,0.0,1.1399908800729595
12061061,787.0,3.0,0.0,0.3811944091486658
12061097,596.0,3.0,0.0,0.5033557046979866
12061112,6223.0,102.0,0.0,1.6390808291820664
12061164,2592.0,13.0,0.0,0.5015432098765432
12061192,2314.0,20.0,0.0,0.8643042350907519
12061216,2147.0,55.0,0.0,2.5617140195621797
12061217,6976.0,71.0,0.0,1.0177752293577982
12061219,3848.0,32.0,0.0,0.8316008316008316
12061224,587.0,0.0,1.0,0.0
12061244,746.0,37.0,0.0,4.959785522788204
12061260,33706.0,947.0,0.0,2.809588797246781
12061265,617.0,8.0,0.0,1.2965964343598055
12061308,1485.0,0.0,1.0,0.0
12061316,13868.0,134.0,0.0,0.9662532448803
12061320,9919.0,144.0,0.0,1.4517592499243874
12061328,774.0,12.0,0.0,1.550387596899225
12061329,4158.0,20.0,0.0,0.481000481000481
12061332,8629.0,94.0,0.0,1.0893498667284738
12061344,487.0,0.0,1.0,0.0
12061352,1149.0,6.0,0.0,0.5221932114882507
12061405,616.0,10.0,0.0,1.6233766233766234
12061428,614.0,8.0,0.0,1.3029315960912051
12061433,13076.0,884.0,0.0,6.760477210156011
12061435,1180.0,12.0,0.0,1.0169491525423728
12061444,7590.0,78.0,0.0,1.0276679841897234
12061448,786.0,6.0,0.0,0.7633587786259542
12061450,1610.0,3.0,0.0,0.18633540372670807
12061470,498.0,0.0,1.0,0.0
12061471,550.0,19.0,0.0,3.4545454545454546
12061476,1020.0,5.0,0.0,0.49019607843137253
12061492,1801.0,21.0,0.0,1.1660188784008885
12061510,867.0,7.0,0.0,0.8073817762399077
12061540,9803.0,202.0,0.0,2.060593695807406
12061572,10492.0,178.0,0.0,1.6965306900495616
12062024,9905.0,58.0,0.0,0.585562847046946
12062088,1282.0,0.0,1.0,0.0
12062092,9080.0,41.0,0.0,0.45154185022026433
12062124,8601.0,117.0,0.0,1.360306941053366
12062128,6886.0,45.0,0.0,0.65349985477781
12062134,684.0,3.0,0.0,0.43859649122807015
12062140,16970.0,225.0,0.0,1.3258691809074838
12062177,1053.0,3.0,0.0,0.2849002849002849
12062196,1489.0,3.0,0.0,0.20147750167897918
12062208,1144.0,0.0,1.0,0.0
12062219,553.0,3.0,0.0,0.5424954792043399
12062224,9560.0,102.0,0.0,1.0669456066945606
12062232,1352.0,0.0,1.0,0.0
12062237,675.0,0.0,1.0,0.0
12062240,2202.0,146.0,0.0,6.630336058128973
12062282,883.0,0.0,1.0,0.0
12062289,829.0,5.0,0.0,0.6031363088057901
12062293,1060.0,4.0,0.0,0.37735849056603776
12062333,2078.0,8.0,0.0,0.3849855630413859
12062336,885.0,3.0,0.0,0.3389830508474576
12062341,4180.0,22.0,0.0,0.5263157894736842
12062372,2882.0,6.0,0.0,0.2081887578070784
12062410,4271.0,12.0,0.0,0.28096464528213533
12062417,1536.0,6.0,0.0,0.390625
12062425,1504.0,9.0,0.0,0.598404255319149
12062440,504.0,0.0,1.0,0.0
12062445,2637.0,10.0,0.0,0.37921880925293894
12062453,1636.0,7.0,0.0,0.4278728606356968
12062461,3293.0,19.0,0.0,0.5769814758578804
12062464,554.0,3.0,0.0,0.5415162454873647
12062469,3494.0,8.0,0.0,0.2289639381797367
12062492,755.0,5.0,0.0,0.6622516556291391
12062500,5772.0,10.0,0.0,0.17325017325017325
12063036,10715.0,132.0,0.0,1.231917872141857
12063056,8521.0,172.0,0.0,2.018542424598052
12063080,40228.0,963.0,0.0,2.393855026349806
12063088,2543.0,18.0,0.0,0.7078254030672434
12063094,439.0,0.0,1.0,0.0
12063112,470.0,0.0,1.0,0.0
12063134,936.0,11.0,0.0,1.1752136752136753
12063142,761.0,5.0,0.0,0.657030223390276
12063148,6322.0,63.0,0.0,0.9965200885795634
12063161,379.0,5.0,0.0,1.3192612137203166
12063165,586.0,3.0,0.0,0.5119453924914675
12063186,1294.0,8.0,0.0,0.6182380216383307
12063189,4455.0,21.0,0.0,0.4713804713804714
12063202,731.0,3.0,0.0,0.4103967168262654
12063208,16385.0,220.0,0.0,1.3426914861153494
12063212,1945.0,10.0,0.0,0.5141388174807198
12063228,1198.0,10.0,0.0,0.8347245409015025
12063240,664.0,3.0,0.0,0.45180722891566266
12063244,8654.0,0.0,1.0,0.0
12063252,24462.0,374.0,0.0,1.5289019704030742
12063256,562.0,3.0,0.0,0.5338078291814946
12063260,1698.0,24.0,0.0,1.4134275618374559
12063273,8819.0,160.0,0.0,1.814264655856673
12063274,929.0,0.0,1.0,0.0
12063293,898.0,10.0,0.0,1.1135857461024499
12063357,7863.0,110.0,0.0,1.3989571410403154
12064009,869.0,18.0,0.0,2.0713463751438437
12064029,8715.0,111.0,0.0,1.2736660929432013
12064044,12672.0,150.0,0.0,1.183712121212121
12064053,570.0,9.0,0.0,1.5789473684210527
12064057,499.0,5.0,0.0,1.002004008016032
12064061,990.0,13.0,0.0,1.3131313131313131
12064084,1526.0,16.0,0.0,1.0484927916120577
12064125,2312.0,15.0,0.0,0.6487889273356401
12064128,730.0,9.0,0.0,1.2328767123287672
12064130,537.0,6.0,0.0,1.1173184357541899
12064136,12458.0,71.0,0.0,0.5699149141114144
12064153,671.0,181.0,0.0,26.974664679582713
12064172,899.0,5.0,0.0,0.5561735261401557
12064190,1249.0,15.0,0.0,1.200960768614892
12064205,706.0,3.0,0.0,0.42492917847025496
12064222,1019.0,8.0,0.0,0.7850834151128557
12064227,16628.0,183.0,0.0,1.1005532836179936
12064266,2657.0,73.0,0.0,2.747459540835529
12064268,3217.0,24.0,0.0,0.7460366801367734
12064274,4314.0,46.0,0.0,1.0662957811775615
12064288,685.0,5.0,0.0,0.7299270072992701
12064290,1448.0,20.0,0.0,1.3812154696132597
12064303,586.0,4.0,0.0,0.6825938566552902
12064317,6837.0,99.0,0.0,1.44800351031154
12064336,16751.0,158.0,0.0,0.9432272700137305
12064340,2496.0,27.0,0.0,1.0817307692307692
12064349,951.0,7.0,0.0,0.7360672975814931
12064365,1499.0,7.0,0.0,0.466977985323549
12064370,1408.0,3.0,0.0,0.21306818181818182
12064371,1721.0,13.0,0.0,0.7553747821034282
12064380,13890.0,109.0,0.0,0.7847372210223182
12064388,915.0,4.0,0.0,0.4371584699453552
12064393,1011.0,9.0,0.0,0.8902077151335311
12064408,4524.0,39.0,0.0,0.8620689655172413
12064417,576.0,3.0,0.0,0.5208333333333334
12064420,491.0,3.0,0.0,0.6109979633401222
12064428,14922.0,233.0,0.0,1.5614528883527676
12064448,5545.0,97.0,0.0,1.7493237150586114
12064472,25591.0,514.0,0.0,2.008518619827283
12064480,389.0,3.0,0.0,0.7712082262210797
12064482,1513.0,15.0,0.0,0.991407799074686
12064484,857.0,11.0,0.0,1.2835472578763127
12064512,7544.0,88.0,0.0,1.1664899257688228
12064538,693.0,5.0,0.0,0.7215007215007215
12064539,1293.0,7.0,0.0,0.5413766434648105
12065036,7718.0,110.0,0.0,1.4252396994039906
12065084,6150.0,45.0,0.0,0.7317073170731707
12065096,10993.0,254.0,0.0,2.3105612662603474
12065100,5935.0,51.0,0.0,0.8593091828138163
12065117,796.0,6.0,0.0,0.7537688442211056
12065136,25520.0,734.0,0.0,2.876175548589342
12065144,24459.0,393.0,0.0,1.606770513921256
12065165,7122.0,70.0,0.0,0.9828699803426004
12065180,6598.0,45.0,0.0,0.6820248560169748
12065193,4299.0,53.0,0.0,1.2328448476389857
12065198,8044.0,43.0,0.0,0.5345599204375933
12065225,13933.0,233.0,0.0,1.672288810737099
12065251,10308.489072319675,95.0364881343214,0.0,0.9219245174301354
12065256,41269.0,647.0,0.0,1.567762727470983
12065276,437.0,3.0,0.0,0.6864988558352403
12065301,853.0,0.0,1.0,0.0
12065310,1206.0,9.0,0.0,0.746268656716418
12065332,11545.510927680336,174.9635118656787,0.0,1.5154245919615743
12065356,13619.0,82.0,0.0,0.602100007342683
12066008,2698.0,14.0,0.0,0.5189028910303929
12066041,638.0,7.0,0.0,1.09717868338558
12066052,8378.0,53.0,0.0,0.6326092146096921
12066064,721.0,4.0,0.0,0.5547850208044383
12066104,1104.0,3.0,0.0,0.2717391304347826
12066112,9351.0,67.0,0.0,0.7165009089936906
12066116,582.0,0.0,1.0,0.0
12066120,563.0,8.0,0.0,1.4209591474245116
12066124,828.0,4.0,0.0,0.4830917874396135
12066132,1054.0,9.0,0.0,0.8538899430740038
12066168,712.0,6.0,0.0,0.8426966292134831
12066176,16069.0,81.0,0.0,0.5040761715103615
12066188,710.0,0.0,1.0,0.0
12066196,16489.0,118.0,0.0,0.7156286008854388
12066202,886.0,0.0,1.0,0.0
12066226,641.0,3.0,0.0,0.46801872074882994
12066228,1372.0,6.0,0.0,0.43731778425655976
12066240,2271.0,30.0,0.0,1.321003963011889
12066272,3888.0,43.0,0.0,1.1059670781893005
12066285,7153.0,47.0,0.0,0.6570669649098281
12066292,703.0,5.0,0.0,0.7112375533428165
12066296,5954.0,58.0,0.0,0.9741350352704065
12066304,25582.0,422.0,0.0,1.6495973731529983
12066316,839.0,0.0,1.0,0.0
12066320,8757.0,85.0,0.0,0.9706520497887404
12067024,4842.0,91.0,0.0,1.87938868236266
12067036,8038.0,89.0,0.0,1.107240607116198
12067040,973.0,6.0,0.0,0.6166495375128469
12067072,2882.0,32.0,0.0,1.1103400416377516
12067076,2416.0,9.0,0.0,0.37251655629139074
12067112,564.0,4.0,0.0,0.7092198581560284
12067120,28219.0,623.0,0.0,2.2077323788936534
12067124,11368.0,122.0,0.0,1.0731878958479943
12067137,3192.0,25.0,0.0,0.7832080200501254
12067144,30913.0,805.0,0.0,2.604082424869796
12067173,2893.0,42.0,0.0,1.4517801590044936
12067180,1796.0,3.0,0.0,0.16703786191536749
12067201,8006.0,75.0,0.0,0.9367974019485386
12067205,543.0,4.0,0.0,0.7366482504604052
12067237,1885.0,10.0,0.0,0.5305039787798409
12067288,803.0,6.0,0.0,0.7471980074719801
12067292,612.0,0.0,1.0,0.0
12067324,928.0,3.0,0.0,0.3232758620689655
12067336,4389.0,33.0,0.0,0.7518796992481203
12067338,1729.0,10.0,0.0,0.578368999421631
12067357,4443.0,46.0,0.0,1.0353364843574162
12067397,522.0,3.0,0.0,0.5747126436781609
12067408,1962.0,12.0,0.0,0.6116207951070336
12067413,1114.0,10.0,0.0,0.8976660682226212
12067426,4232.0,13.0,0.0,0.30718336483931946
12067438,1883.0,3.0,0.0,0.15932023366967604
12067440,11979.0,140.0,0.0,1.1687119125135654
12067458,1573.0,14.0,0.0,0.8900190718372537
12067469,3289.0,25.0,0.0,0.7601094557616297
12067473,4431.0,48.0,0.0,1.0832769126607988
12067481,9016.0,99.0,0.0,1.098047914818101
12067493,3936.0,17.0,0.0,0.43191056910569103
12067508,765.0,0.0,1.0,0.0
12067520,1429.0,15.0,0.0,1.0496850944716585
12067528,1316.0,14.0,0.0,1.0638297872340425
12067544,7698.0,52.0,0.0,0.6755001299038711
12067552,1598.0,0.0,1.0,0.0
12068052,920.0,0.0,1.0,0.0
12068072,593.0,0.0,1.0,0.0
12068109,1156.0,11.0,0.0,0.9515570934256056
12068117,8623.0,44.0,0.0,0.5102632494491476
12068181,4633.0,16.0,0.0,0.34534858622922515
12068188,647.0,0.0,1.0,0.0
12068264,9314.0,93.0,0.0,0.9984968864075585
12068280,3107.0,11.0,0.0,0.3540392661731574
12068306,1193.0,6.0,0.0,0.5029337803855826
12068320,30328.0,500.0,0.0,1.6486415193880242
12068324,3541.0,41.0,0.0,1.1578650098842136
12068353,8304.0,54.0,0.0,0.6502890173410405
12068372,487.0,0.0,1.0,0.0
12068409,783.0,0.0,1.0,0.0
12068413,481.0,0.0,1.0,0.0
12068417,628.0,3.0,0.0,0.47770700636942676
12068425,783.0,9.0,0.0,1.1494252873563218
12068426,1460.0,6.0,0.0,0.410958904109589
12068437,479.0,6.0,0.0,1.2526096033402923
12068452,835.0,0.0,1.0,0.0
12068468,14889.0,77.0,0.0,0.5171603196991067
12068477,6163.0,55.0,0.0,0.8924225214992698
12068501,895.0,7.0,0.0,0.7821229050279329
12069017,11713.0,173.0,0.0,1.4769913771023648
12069018,2430.0,35.0,0.0,1.440329218106996
12069019,643.0,7.0,0.0,1.088646967340591
12069020,11214.0,301.0,0.0,2.6841448189762795
12069028,1294.0,12.0,0.0,0.9273570324574961
12069052,1851.0,21.0,0.0,1.1345218800648298
12069056,1466.0,18.0,0.0,1.2278308321964528
12069076,3677.0,41.0,0.0,1.1150394343214578
12069089,517.0,11.0,0.0,2.127659574468085
12069216,1346.0,10.0,0.0,0.7429420505200595
12069224,1309.0,11.0,0.0,0.8403361344537815
12069232,556.0,0.0,1.0,0.0
12069249,8156.0,62.0,0.0,0.7601765571358509
12069270,3427.0,37.0,0.0,1.0796615115261161
12069304,19874.0,687.0,0.0,3.4567776995068935
12069306,10792.0,146.0,0.0,1.352853965900667
12069345,915.0,10.0,0.0,1.092896174863388
12069397,11661.0,110.0,0.0,0.9433153245862276
12069402,943.0,5.0,0.0,0.5302226935312832
12069448,2041.0,22.0,0.0,1.0779029887310143
12069454,8577.0,110.0,0.0,1.2824997085227936
12069460,542.0,9.0,0.0,1.6605166051660516
12069470,1108.0,6.0,0.0,0.5415162454873647
12069474,976.0,3.0,0.0,0.3073770491803279
12069485,862.0,4.0,0.0,0.46403712296983757
12069537,949.0,5.0,0.0,0.5268703898840885
12069541,1231.0,0.0,1.0,0.0
12069590,9986.0,134.0,0.0,1.341878630082115
12069596,3932.0,40.0,0.0,1.017293997965412
12069604,14031.0,218.0,0.0,1.5537025158577435
12069616,22356.0,688.0,0.0,3.077473608874575
12069632,7570.0,65.0,0.0,0.8586525759577279
12069648,554.0,3.0,0.0,0.5415162454873647
12069656,23196.0,485.0,0.0,2.0908777375409553
12069665,4584.0,30.0,0.0,0.6544502617801047
12069680,912.0,3.0,0.0,0.32894736842105265
12069688,3097.0,29.0,0.0,0.9363900548918308
12069696,2528.0,25.0,0.0,0.9889240506329114
12070008,2651.0,21.0,0.0,0.7921539041870992
12070028,791.0,0.0,1.0,0.0
12070052,1504.0,3.0,0.0,0.19946808510638298
12070060,792.0,0.0,1.0,0.0
12070096,523.0,3.0,0.0,0.5736137667304015
12070125,4067.0,29.0,0.0,0.7130563068600935
12070145,488.0,9.0,0.0,1.8442622950819672
12070149,3617.0,38.0,0.0,1.0505944152612663
12070153,582.0,0.0,1.0,0.0
12070173,6270.0,32.0,0.0,0.5103668261562998
12070222,382.0,0.0,1.0,0.0
12070236,822.0,3.0,0.0,0.36496350364963503
12070241,634.0,3.0,0.0,0.47318611987381703
12070244,2334.0,11.0,0.0,0.4712939160239931
12070246,482.0,3.0,0.0,0.6224066390041494
12070266,768.0,0.0,1.0,0.0
12070280,2267.0,16.0,0.0,0.7057785619761799
12070296,12244.0,267.0,0.0,2.1806599150604375
12070300,483.0,8.0,0.0,1.6563146997929608
12070302,3604.0,20.0,0.0,0.5549389567147613
12070316,12356.0,73.0,0.0,0.5908060861120104
12070325,2794.0,14.0,0.0,0.5010737294201861
12070348,513.0,0.0,1.0,0.0
12070393,504.0,8.0,0.0,1.5873015873015872
12070416,1012.0,8.0,0.0,0.7905138339920948
12070424,17792.0,215.0,0.0,1.2084082733812949
12071028,806.0,3.0,0.0,0.37220843672456577
12071032,4372.0,27.0,0.0,0.6175663311985361
12071041,1022.0,3.0,0.0,0.29354207436399216
12071044,3558.0,24.0,0.0,0.6745362563237775
12071052,850.0,4.0,0.0,0.47058823529411764
12071057,5863.0,25.0,0.0,0.4264028654272557
12071060,570.0,0.0,1.0,0.0
12071074,2105.0,6.0,0.0,0.2850356294536817
12071076,19757.0,398.0,0.0,2.0144758819658857
12071153,1002.0,6.0,0.0,0.5988023952095808
12071160,18620.0,431.0,0.0,2.3147153598281416
12071164,543.0,3.0,0.0,0.5524861878453039
12071176,614.0,4.0,0.0,0.6514657980456026
12071189,488.0,0.0,1.0,0.0
12071193,1637.0,27.0,0.0,1.6493585827733659
12071244,9315.0,63.0,0.0,0.6763285024154589
12071294,1756.0,9.0,0.0,0.5125284738041003
12071301,5189.0,21.0,0.0,0.40470225476970517
12071304,4504.0,112.0,0.0,2.4866785079928952
12071337,3885.0,37.0,0.0,0.9523809523809523
12071341,856.0,0.0,1.0,0.0
12071372,23615.0,173.0,0.0,0.7325852212576752
12071384,750.0,6.0,0.0,0.8
12071386,1189.0,11.0,0.0,0.9251471825063078
12071392,1322.0,4.0,0.0,0.30257186081694404
12071401,1209.0,10.0,0.0,0.8271298593879239
12071408,3931.0,19.0,0.0,0.48333757313660647
12071412,1733.0,8.0,0.0,0.4616272360069244
12071414,1463.0,10.0,0.0,0.683526999316473
12072002,6526.0,41.0,0.0,0.628256205945449
12072014,4188.0,45.0,0.0,1.0744985673352436
12072017,25503.0,521.0,0.0,2.0428969140885385
12072053,5329.0,27.0,0.0,0.5066616626008632
12072055,497.0,0.0,1.0,0.0
12072120,7559.0,173.0,0.0,2.2886625214975527
12072157,750.0,0.0,1.0,0.0
12072169,12229.0,102.0,0.0,0.8340829176547551
12072232,20242.0,454.0,0.0,2.2428613773342554
12072240,23661.0,418.0,0.0,1.7666201766620178
12072297,6162.0,83.0,0.0,1.346965271015904
12072298,3247.0,28.0,0.0,0.8623344625808439
12072312,6521.0,60.0,0.0,0.920104278484895
12072340,10394.0,196.0,0.0,1.885703290359823
12072426,9180.0,87.0,0.0,0.9477124183006536
12072477,17267.0,255.0,0.0,1.4768054670759252
12073008,13854.0,76.0,0.0,0.5485780280063519
12073032,1272.0,8.0,0.0,0.6289308176100629
12073069,3459.0,16.0,0.0,0.4625614339404452
12073085,1991.0,97.0,0.0,4.871923656454043
12073093,677.0,24.0,0.0,3.5450516986706058
12073097,1981.0,48.0,0.0,2.4230186774356386
12073157,585.0,0.0,1.0,0.0
12073189,2449.0,147.0,0.0,6.002449979583504
12073201,1671.0,9.0,0.0,0.5385996409335727
12073216,810.0,0.0,1.0,0.0
12073225,2005.0,27.0,0.0,1.346633416458853
12073261,941.0,4.0,0.0,0.4250797024442083
12073309,829.0,24.0,0.0,2.8950542822677927
12073384,3263.0,25.0,0.0,0.7661661048115231
12073386,1059.0,9.0,0.0,0.8498583569405099
12073393,780.0,111.0,0.0,14.23076923076923
12073396,1543.0,6.0,0.0,0.38885288399222295
12073404,419.0,0.0,1.0,0.0
12073429,4593.0,35.0,0.0,0.762029174831265
12073430,1727.0,19.0,0.0,1.1001737116386798
12073440,905.0,4.0,0.0,0.4419889502762431
12073452,19296.0,364.0,0.0,1.886401326699834
12073458,1011.0,18.0,0.0,1.7804154302670623
12073490,612.0,9.0,0.0,1.4705882352941178
12073520,601.0,14.0,0.0,2.329450915141431
12073532,32653.0,630.0,0.0,1.929378617584908
12073565,729.0,69.0,0.0,9.465020576131687
12073569,590.0,3.0,0.0,0.5084745762711864
12073572,16237.0,62.0,0.0,0.3818439366878118
12073578,1000.0,41.0,0.0,4.1
12073579,2955.0,14.0,0.0,0.47377326565143824
12073603,1559.0,12.0,0.0,0.7697241821680565
12073645,626.0,0.0,1.0,0.0
13003000,200265.0,6297.0,0.0,3.1443337577709536
13004000,91293.0,3231.0,0.0,3.539154152016036
13071001,552.0,4.0,0.0,0.7246376811594203
13071002,336.0,4.0,0.0,1.1904761904761905
13071003,367.0,3.0,0.0,0.8174386920980926
13071004,5663.0,16.0,0.0,0.2825357584319265
13071005,605.0,0.0,1.0,0.0
13071006,506.0,0.0,1.0,0.0
13071007,725.0,6.0,0.0,0.8275862068965517
13071008,558.0,0.0,1.0,0.0
13071009,123.0,0.0,1.0,0.0
13071010,688.0,3.0,0.0,0.436046511627907
13071011,1706.0,5.0,0.0,0.29308323563892147
13071012,800.0,11.0,0.0,1.375
13071013,652.0,7.0,0.0,1.0736196319018405
13071014,890.0,0.0,1.0,0.0
13071015,199.0,0.0,1.0,0.0
13071016,565.0,0.0,1.0,0.0
13071017,173.0,3.0,0.0,1.7341040462427746
13071018,337.0,0.0,1.0,0.0
13071019,1097.0,7.0,0.0,0.6381039197812215
13071020,144.0,0.0,1.0,0.0
13071021,5305.0,40.0,1.0,0.7540056550424128
13071022,1036.0,0.0,1.0,0.0
13071023,470.0,13.0,0.0,2.765957446808511
13071025,893.0,3.0,0.0,0.335946248600224
13071026,780.0,4.0,0.0,0.5128205128205128
13071027,4541.0,36.0,0.0,0.7927769213829553
13071028,897.0,4.0,0.0,0.4459308807134894
13071029,11717.0,83.0,0.0,0.7083724502859093
13071032,701.0,3.0,0.0,0.42796005706134094
13071033,4542.0,16.0,0.0,0.3522677234698371
13071034,538.0,0.0,1.0,0.0
13071035,7199.0,65.0,3.0,0.9029031809973608
13071036,1129.0,0.0,1.0,0.0
13071037,1194.0,7.0,0.0,0.5862646566164154
13071039,1190.0,0.0,1.0,0.0
13071041,382.0,4.0,0.0,1.0471204188481675
13071042,231.0,0.0,1.0,0.0
13071043,601.0,14.0,0.0,2.329450915141431
13071044,301.0,5.0,0.0,1.6611295681063123
13071045,310.0,0.0,1.0,0.0
13071047,1423.0,5.0,1.0,0.35137034434293746
13071048,229.0,0.0,1.0,0.0
13071049,405.0,3.0,0.0,0.7407407407407407
13071050,265.0,0.0,1.0,0.0
13071053,123.0,0.0,1.0,0.0
13071054,1131.0,7.0,0.0,0.618921308576481
13071055,1184.0,5.0,0.0,0.4222972972972973
13071056,1027.0,0.0,2.0,0.0
13071057,690.0,3.0,0.0,0.43478260869565216
13071058,311.0,0.0,1.0,0.0
13071059,573.0,0.0,1.0,0.0
13071060,454.0,0.0,1.0,0.0
13071063,616.0,0.0,1.0,0.0
13071064,123.0,0.0,1.0,0.0
13071065,534.0,0.0,1.0,0.0
13071066,483.0,3.0,0.0,0.6211180124223602
13071067,788.0,0.0,1.0,0.0
13071068,893.0,11.0,0.0,1.2318029115341544
13071069,640.0,0.0,2.0,0.0
13071070,1084.0,217.0,0.0,20.018450184501845
13071071,666.0,4.0,0.0,0.6006006006006006
13071072,203.0,0.0,1.0,0.0
13071073,142.0,0.0,1.0,0.0
13071074,337.0,4.0,0.0,1.1869436201780414
13071075,676.0,3.0,0.0,0.4437869822485207
13071076,774.0,3.0,0.0,0.3875968992248062
13071077,1051.0,5.0,0.0,0.47573739295908657
13071078,343.0,3.0,0.0,0.8746355685131195
13071079,675.0,3.0,0.0,0.4444444444444444
13071080,548.0,3.0,0.0,0.5474452554744526
13071081,324.0,3.0,0.0,0.9259259259259259
13071083,171.0,0.0,1.0,0.0
13071084,616.0,3.0,0.0,0.487012987012987
13071087,543.0,12.0,0.0,2.2099447513812156
13071088,470.0,3.0,0.0,0.6382978723404256
13071089,236.0,0.0,1.0,0.0
13071090,1168.0,3.0,0.0,0.2568493150684932
13071092,8049.0,118.0,0.0,1.4660206236799602
13071093,6718.0,98.0,0.0,1.4587674903245014
13071096,244.0,0.0,1.0,0.0
13071097,359.0,0.0,1.0,0.0
13071099,4217.0,16.0,0.0,0.37941664690538296
13071100,723.0,3.0,0.0,0.4149377593360996
13071101,1663.0,0.0,1.0,0.0
13071102,550.0,7.0,0.0,1.2727272727272727
13071103,906.0,0.0,2.0,0.0
13071104,334.0,0.0,1.0,0.0
13071105,253.0,0.0,1.0,0.0
13071107,64111.0,1099.0,0.0,1.714214409383725
13071108,1136.0,3.0,0.0,0.2640845070422535
13071109,1905.0,13.0,0.0,0.6824146981627297
13071110,20420.0,229.0,0.0,1.1214495592556317
13071111,1063.0,4.0,0.0,0.37629350893697083
13071112,727.0,3.0,0.0,0.4126547455295736
13071113,693.0,0.0,1.0,0.0
13071114,290.0,3.0,0.0,1.0344827586206897
13071115,4347.0,12.0,1.0,0.27605244996549344
13071117,507.0,8.0,0.0,1.5779092702169626
13071118,360.0,0.0,1.0,0.0
13071119,326.0,0.0,1.0,0.0
13071120,266.0,0.0,1.0,0.0
13071122,2141.0,16.0,0.0,0.7473143390938813
13071123,434.0,3.0,0.0,0.6912442396313364
13071124,5212.0,42.0,0.0,0.8058326937835764
13071125,295.0,0.0,1.0,0.0
13071127,982.0,15.0,0.0,1.5274949083503055
13071128,741.0,3.0,0.0,0.4048582995951417
13071130,457.0,5.0,0.0,1.0940919037199124
13071131,394.0,0.0,1.0,0.0
13071132,253.0,0.0,1.0,0.0
13071133,378.0,3.0,0.0,0.7936507936507936
13071135,586.0,0.0,1.0,0.0
13071136,577.0,9.0,0.0,1.559792027729636
13071137,637.0,3.0,0.0,0.47095761381475665
13071138,343.0,3.0,0.0,0.8746355685131195
13071139,258.0,3.0,0.0,1.1627906976744187
13071140,748.0,0.0,1.0,0.0
13071141,448.0,3.0,0.0,0.6696428571428571
13071142,5700.0,35.0,0.0,0.6140350877192983
13071143,272.0,3.0,0.0,1.1029411764705883
13071144,447.0,4.0,0.0,0.8948545861297539
13071145,945.0,0.0,1.0,0.0
13071146,579.0,3.0,0.0,0.5181347150259067
13071147,662.0,8.0,0.0,1.2084592145015105
13071148,514.0,3.0,0.0,0.5836575875486382
13071150,418.0,0.0,1.0,0.0
13071153,114.0,0.0,1.0,0.0
13071154,450.0,0.0,1.0,0.0
13071155,502.0,0.0,1.0,0.0
13071156,21026.0,312.0,0.0,1.4838771045372396
13071157,429.0,0.0,1.0,0.0
13071158,578.0,3.0,0.0,0.5190311418685121
13071159,3094.0,19.0,0.0,0.6140917905623788
13071160,559.0,0.0,1.0,0.0
13071161,514.0,3.0,0.0,0.5836575875486382
13071162,588.0,3.0,0.0,0.5102040816326531
13071163,627.0,9.0,0.0,1.4354066985645932
13071164,4791.0,29.0,2.0,0.6053016071801294
13071166,1457.0,4.0,0.0,0.27453671928620454
13071167,714.0,19.0,0.0,2.661064425770308
13071169,320.0,0.0,1.0,0.0
13071170,329.0,3.0,0.0,0.9118541033434651
13071171,191.0,4.0,0.0,2.094240837696335
13071172,1070.0,6.0,1.0,0.5607476635514018
13071173,516.0,4.0,2.0,0.7751937984496124
13071174,857.0,0.0,2.0,0.0
13071175,1028.0,0.0,4.0,0.0
13071176,901.0,6.0,0.0,0.6659267480577137
13072001,2827.0,12.0,0.0,0.42447824548991864
13072002,504.0,0.0,1.0,0.0
13072003,409.0,0.0,1.0,0.0
13072004,834.0,8.0,0.0,0.9592326139088729
13072005,507.0,0.0,1.0,0.0
13072006,11499.0,360.0,0.0,3.1307070180015653
13072007,1225.0,18.0,0.0,1.469387755102041
13072008,1009.0,18.0,0.0,1.7839444995044598
13072009,864.0,3.0,0.0,0.3472222222222222
13072010,987.0,5.0,1.0,0.5065856129685917
13072011,375.0,0.0,1.0,0.0
13072012,3152.0,17.0,0.0,0.5393401015228426
13072013,1673.0,14.0,0.0,0.8368200836820083
13072014,1191.0,10.0,0.0,0.8396305625524769
13072015,1055.0,0.0,2.0,0.0
13072017,1663.0,10.0,0.0,0.6013229104028863
13072018,491.0,3.0,0.0,0.6109979633401222
13072019,3629.0,16.0,1.0,0.44089280793607055
13072020,7737.0,71.0,0.0,0.917668346904485
13072021,781.0,6.0,0.0,0.7682458386683739
13072022,1309.0,9.0,0.0,0.6875477463712758
13072023,511.0,4.0,0.0,0.7827788649706457
13072024,276.0,0.0,1.0,0.0
13072026,513.0,5.0,0.0,0.9746588693957114
13072027,639.0,6.0,0.0,0.9389671361502347
13072028,215.0,0.0,1.0,0.0
13072029,7067.0,59.0,0.0,0.8348662798924579
13072030,3946.0,29.0,0.0,0.7349214394323366
13072031,277.0,3.0,0.0,1.0830324909747293
13072032,1616.0,24.0,0.0,1.4851485148514851
13072033,456.0,0.0,1.0,0.0
13072034,216.0,3.0,0.0,1.3888888888888888
13072035,3131.0,17.0,0.0,0.5429575215586074
13072036,4206.0,49.0,0.0,1.1650023775558727
13072037,175.0,3.0,0.0,1.7142857142857142
13072038,643.0,0.0,1.0,0.0
13072039,327.0,0.0,1.0,0.0
13072040,1041.0,0.0,1.0,0.0
13072041,891.0,3.0,0.0,0.3367003367003367
13072042,1599.0,12.0,0.0,0.7504690431519699
13072043,28885.0,417.0,0.0,1.4436558767526397
13072044,960.0,0.0,1.0,0.0
13072045,410.0,0.0,1.0,0.0
13072046,507.0,4.0,0.0,0.7889546351084813
13072047,841.0,5.0,0.0,0.5945303210463734
13072048,676.0,5.0,0.0,0.7396449704142012
13072049,914.0,0.0,1.0,0.0
13072050,1081.0,7.0,0.0,0.6475485661424607
13072051,363.0,0.0,1.0,0.0
13072053,834.0,7.0,0.0,0.8393285371702638
13072055,279.0,3.0,0.0,1.075268817204301
13072056,3568.0,32.0,0.0,0.8968609865470852
13072057,3257.0,16.0,0.0,0.49124961621123736
13072058,4834.0,38.0,0.0,0.7860984691766653
13072059,736.0,0.0,1.0,0.0
13072060,7347.0,132.0,0.0,1.796651694569212
13072061,310.0,3.0,0.0,0.967741935483871
13072062,6405.0,27.0,0.0,0.4215456674473068
13072063,3686.0,14.0,0.0,0.3798155181768855
13072064,2718.0,18.0,0.0,0.6622516556291391
13072066,503.0,3.0,0.0,0.5964214711729622
13072067,785.0,8.0,0.0,1.019108280254777
13072069,955.0,3.0,0.0,0.31413612565445026
13072071,664.0,6.0,0.0,0.9036144578313253
13072072,1111.0,12.0,0.0,1.08010801080108
13072073,1075.0,10.0,0.0,0.9302325581395349
13072074,3970.0,35.0,0.0,0.8816120906801007
13072075,1861.0,10.0,0.0,0.537345513164965
13072076,161.0,3.0,0.0,1.8633540372670807
13072077,2433.0,18.0,0.0,0.7398273736128237
13072078,149.0,0.0,1.0,0.0
13072079,802.0,3.0,0.0,0.3740648379052369
13072080,898.0,3.0,0.0,0.33407572383073497
13072081,667.0,3.0,0.0,0.4497751124437781
13072082,798.0,5.0,0.0,0.6265664160401002
13072083,886.0,3.0,0.0,0.33860045146726864
13072084,440.0,11.0,0.0,2.5
13072085,2223.0,48.0,0.0,2.1592442645074224
13072086,953.0,11.0,0.0,1.154249737670514
13072087,2640.0,31.0,0.0,1.1742424242424243
13072088,2494.0,74.0,0.0,2.967121090617482
13072089,632.0,0.0,1.0,0.0
13072090,295.0,7.0,0.0,2.3728813559322033
13072091,5700.0,47.0,0.0,0.8245614035087719
13072092,518.0,0.0,1.0,0.0
13072093,5539.0,29.0,0.0,0.5235602094240838
13072094,487.0,0.0,1.0,0.0
13072095,4991.0,10.0,0.0,0.2003606491685033
13072096,508.0,0.0,1.0,0.0
13072097,494.0,0.0,1.0,0.0
13072098,1400.0,10.0,0.0,0.7142857142857143
13072099,460.0,3.0,0.0,0.6521739130434783
13072101,729.0,3.0,0.0,0.411522633744856
13072102,135.0,0.0,1.0,0.0
13072103,471.0,0.0,1.0,0.0
13072104,1120.0,0.0,1.0,0.0
13072105,3915.0,34.0,0.0,0.8684546615581098
13072106,8881.0,112.0,0.0,1.261119243328454
13072107,474.0,0.0,1.0,0.0
13072108,575.0,3.0,0.0,0.5217391304347826
13072109,392.0,3.0,0.0,0.7653061224489796
13072110,299.0,3.0,0.0,1.0033444816053512
13072111,992.0,9.0,2.0,0.907258064516129
13072112,1330.0,3.0,0.0,0.22556390977443608
13072113,366.0,3.0,0.0,0.819672131147541
13072114,943.0,0.0,1.0,0.0
13072116,777.0,0.0,1.0,0.0
13072117,774.0,3.0,0.0,0.3875968992248062
13072118,386.0,3.0,0.0,0.7772020725388601
13072119,643.0,0.0,1.0,0.0
13072120,448.0,0.0,1.0,0.0
13072121,1340.0,5.0,0.0,0.373134328358209
13073001,2068.0,9.0,0.0,0.43520309477756286
13073002,660.0,3.0,0.0,0.45454545454545453
13073003,1196.0,15.0,0.0,1.254180602006689
13073004,998.0,4.0,0.0,0.40080160320641284
13073005,973.0,5.0,0.0,0.513874614594039
13073006,858.0,8.0,0.0,0.9324009324009324
13073007,1741.0,10.0,0.0,0.5743825387708213
13073009,8684.0,65.0,0.0,0.7485029940119761
13073010,13926.0,156.0,0.0,1.1202068074105989
13073011,5199.0,156.0,0.0,3.000577034045009
13073012,1154.0,14.0,0.0,1.2131715771230502
13073013,664.0,9.0,0.0,1.355421686746988
13073014,249.0,0.0,1.0,0.0
13073015,986.0,0.0,1.0,0.0
13073016,504.0,9.0,0.0,1.7857142857142858
13073017,1523.0,11.0,0.0,0.7222586999343401
13073018,475.0,3.0,0.0,0.631578947368421
13073019,1227.0,8.0,0.0,0.6519967400162999
13073020,250.0,3.0,0.0,1.2
13073021,809.0,6.0,0.0,0.7416563658838071
13073022,783.0,0.0,1.0,0.0
13073023,773.0,0.0,1.0,0.0
13073024,1516.0,12.0,0.0,0.7915567282321899
13073025,813.0,8.0,0.0,0.984009840098401
13073027,2294.0,0.0,1.0,0.0
13073028,1389.0,5.0,0.0,0.3599712023038157
13073029,552.0,0.0,1.0,0.0
13073030,987.0,7.0,0.0,0.7092198581560284
13073031,1267.0,65.0,0.0,5.130228887134964
13073032,562.0,10.0,0.0,1.7793594306049823
13073033,600.0,0.0,1.0,0.0
13073034,665.0,3.0,0.0,0.45112781954887216
13073035,10090.0,57.0,0.0,0.5649157581764123
13073036,357.0,3.0,0.0,0.8403361344537815
13073037,776.0,4.0,0.0,0.5154639175257731
13073038,629.0,3.0,0.0,0.4769475357710652
13073039,143.0,0.0,1.0,0.0
13073040,995.0,9.0,0.0,0.9045226130653267
13073041,472.0,0.0,1.0,0.0
13073042,217.0,0.0,1.0,0.0
13073043,537.0,0.0,1.0,0.0
13073044,659.0,3.0,0.0,0.4552352048558422
13073045,398.0,4.0,0.0,1.0050251256281406
13073046,1756.0,15.0,0.0,0.8542141230068337
13073048,389.0,0.0,1.0,0.0
13073049,262.0,0.0,1.0,0.0
13073050,687.0,3.0,0.0,0.4366812227074236
13073051,630.0,4.0,0.0,0.6349206349206349
13073052,466.0,7.0,0.0,1.502145922746781
13073053,586.0,3.0,0.0,0.5119453924914675
13073054,807.0,3.0,0.0,0.37174721189591076
13073055,4748.0,13.0,0.0,0.2737994945240101
13073057,369.0,0.0,1.0,0.0
13073059,336.0,0.0,1.0,0.0
13073060,2486.0,13.0,2.0,0.5229283990345938
13073061,716.0,0.0,1.0,0.0
13073062,566.0,3.0,0.0,0.5300353356890459
13073063,761.0,4.0,0.0,0.5256241787122208
13073064,476.0,3.0,0.0,0.6302521008403361
13073065,1069.0,0.0,1.0,0.0
13073066,1008.0,8.0,0.0,0.7936507936507936
13073067,1553.0,21.0,0.0,1.3522215067611076
13073068,1961.0,8.0,0.0,0.407955124936257
13073069,734.0,6.0,0.0,0.8174386920980926
13073070,4373.0,41.0,0.0,0.9375714612394237
13073071,218.0,3.0,0.0,1.3761467889908257
13073072,238.0,3.0,0.0,1.2605042016806722
13073073,991.0,5.0,0.0,0.5045408678102926
13073074,331.0,3.0,0.0,0.9063444108761329
13073075,15133.0,154.0,0.0,1.0176435604308465
13073076,1414.0,4.0,0.0,0.2828854314002829
13073077,1560.0,9.0,1.0,0.5769230769230769
13073078,2474.0,9.0,0.0,0.36378334680679064
13073079,1999.0,9.0,0.0,0.4502251125562781
13073080,9749.0,79.0,0.0,0.8103395220022567
13073081,476.0,0.0,1.0,0.0
13073082,299.0,0.0,1.0,0.0
13073083,867.0,7.0,0.0,0.8073817762399077
13073084,2435.0,57.0,0.0,2.3408624229979464
13073085,760.0,3.0,0.0,0.39473684210526316
13073086,507.0,0.0,1.0,0.0
13073087,2536.0,13.0,0.0,0.5126182965299685
13073088,56729.0,780.0,0.0,1.3749581342875778
13073089,4038.0,22.0,0.0,0.5448241703813769
13073090,5213.0,23.0,0.0,0.44120468060617685
13073092,733.0,3.0,0.0,0.4092769440654843
13073093,2704.0,4.0,0.0,0.14792899408284024
13073094,1200.0,7.0,0.0,0.5833333333333334
13073095,581.0,18.0,0.0,3.098106712564544
13073096,1860.0,6.0,0.0,0.3225806451612903
13073097,253.0,4.0,0.0,1.5810276679841897
13073098,546.0,8.0,0.0,1.465201465201465
13073099,939.0,9.0,0.0,0.9584664536741214
13073100,726.0,3.0,0.0,0.4132231404958678
13073101,1164.0,3.0,0.0,0.25773195876288657
13073102,1137.0,0.0,1.0,0.0
13073103,1186.0,10.0,0.0,0.8431703204047217
13073104,1035.0,4.0,0.0,0.3864734299516908
13073105,3102.0,47.0,0.0,1.5151515151515151
13073106,651.0,4.0,0.0,0.6144393241167435
13073107,1371.0,11.0,1.0,0.8023340627279358
13074001,1234.0,5.0,0.0,0.4051863857374392
13074002,3650.0,26.0,0.0,0.7123287671232876
13074003,628.0,0.0,1.0,0.0
13074004,610.0,3.0,0.0,0.4918032786885246
13074005,341.0,3.0,0.0,0.8797653958944281
13074006,385.0,7.0,0.0,1.8181818181818181
13074007,1109.0,14.0,0.0,1.2623985572587917
13074008,2510.0,9.0,0.0,0.35856573705179284
13074009,514.0,0.0,1.0,0.0
13074010,2454.0,92.0,0.0,3.7489812550937245
13074012,2102.0,15.0,0.0,0.7136060894386299
13074013,1184.0,6.0,0.0,0.5067567567567568
13074014,512.0,3.0,0.0,0.5859375
13074015,534.0,0.0,1.0,0.0
13074016,1250.0,12.0,0.0,0.96
13074017,3989.0,32.0,0.0,0.8022060666833793
13074018,212.0,0.0,1.0,0.0
13074019,2872.0,20.0,0.0,0.6963788300835655
13074020,782.0,4.0,0.0,0.5115089514066496
13074021,5618.0,76.0,0.0,1.3527945888216446
13074022,2551.0,37.0,0.0,1.4504116032928263
13074023,822.0,6.0,0.0,0.7299270072992701
13074024,783.0,5.0,0.0,0.6385696040868455
13074025,640.0,5.0,0.0,0.78125
13074026,10700.0,90.0,0.0,0.8411214953271028
13074027,171.0,0.0,1.0,0.0
13074028,363.0,3.0,0.0,0.8264462809917356
13074030,543.0,16.0,0.0,2.9465930018416207
13074031,657.0,12.0,0.0,1.82648401826484
13074032,1315.0,13.0,0.0,0.9885931558935361
13074033,405.0,3.0,0.0,0.7407407407407407
13074034,1068.0,44.0,0.0,4.119850187265918
13074035,2561.0,21.0,0.0,0.8199921905505662
13074036,458.0,3.0,0.0,0.6550218340611353
13074037,1807.0,9.0,0.0,0.49806308799114557
13074038,863.0,0.0,1.0,0.0
13074039,3068.0,33.0,0.0,1.075619295958279
13074040,309.0,0.0,1.0,0.0
13074042,952.0,6.0,0.0,0.6302521008403361
13074043,894.0,8.0,0.0,0.8948545861297539
13074044,520.0,6.0,0.0,1.1538461538461537
13074046,217.0,0.0,1.0,0.0
13074047,1537.0,11.0,0.0,0.715679895901106
13074048,1507.0,6.0,0.0,0.39814200398142
13074049,5101.0,132.0,0.0,2.5877278964908843
13074050,1525.0,6.0,0.0,0.39344262295081966
13074052,253.0,0.0,1.0,0.0
13074053,464.0,4.0,0.0,0.8620689655172413
13074054,970.0,9.0,0.0,0.9278350515463918
13074056,2075.0,0.0,1.0,0.0
13074057,3891.0,19.0,0.0,0.48830634798252376
13074060,184.0,0.0,1.0,0.0
13074061,364.0,0.0,1.0,0.0
13074062,532.0,0.0,1.0,0.0
13074064,685.0,0.0,1.0,0.0
13074065,3577.0,28.0,2.0,0.7827788649706457
13074066,364.0,5.0,0.0,1.3736263736263736
13074067,243.0,0.0,1.0,0.0
13074068,1017.0,3.0,0.0,0.2949852507374631
13074069,466.0,18.0,0.0,3.8626609442060085
13074070,191.0,0.0,1.0,0.0
13074071,537.0,0.0,1.0,0.0
13074072,832.0,6.0,0.0,0.7211538461538461
13074073,1097.0,9.0,0.0,0.8204193254329991
13074074,4795.0,115.0,0.0,2.3983315954118876
13074075,966.0,9.0,0.0,0.9316770186335404
13074076,2657.0,30.0,0.0,1.1290929619872037
13074077,634.0,4.0,0.0,0.6309148264984227
13074078,171.0,3.0,0.0,1.7543859649122806
13074079,1574.0,10.0,0.0,0.6353240152477764
13074080,320.0,0.0,1.0,0.0
13074081,704.0,13.0,0.0,1.8465909090909092
13074082,718.0,17.0,0.0,2.367688022284123
13074084,3430.0,37.0,0.0,1.0787172011661808
13074085,648.0,16.0,0.0,2.4691358024691357
13074087,42468.0,1369.0,0.0,3.223603654516342
13074088,560.0,3.0,0.0,0.5357142857142857
13074089,737.0,8.0,0.0,1.0854816824966078
13074090,1341.0,21.0,0.0,1.5659955257270695
13074091,310.0,0.0,1.0,0.0
13074092,662.0,3.0,1.0,0.45317220543806647
13074093,1740.0,13.0,2.0,0.7471264367816092
13074094,631.0,5.0,1.0,0.7923930269413629
13075001,697.0,6.0,0.0,0.860832137733142
13075002,432.0,3.0,0.0,0.6944444444444444
13075003,527.0,10.0,0.0,1.8975332068311195
13075004,466.0,3.0,0.0,0.6437768240343348
13075005,13096.0,186.0,0.0,1.4202810018326206
13075006,554.0,3.0,0.0,0.5415162454873647
13075007,348.0,0.0,1.0,0.0
13075008,764.0,5.0,0.0,0.6544502617801047
13075009,830.0,5.0,0.0,0.6024096385542169
13075010,991.0,10.0,0.0,1.0090817356205852
13075011,374.0,20.0,0.0,5.347593582887701
13075012,574.0,63.0,0.0,10.975609756097562
13075013,257.0,0.0,1.0,0.0
13075015,706.0,3.0,1.0,0.42492917847025496
13075016,605.0,32.0,0.0,5.289256198347108
13075017,194.0,3.0,0.0,1.5463917525773196
13075018,626.0,0.0,1.0,0.0
13075020,288.0,4.0,0.0,1.3888888888888888
13075021,237.0,4.0,0.0,1.6877637130801688
13075022,452.0,3.0,0.0,0.6637168141592921
13075023,363.0,9.0,0.0,2.479338842975207
13075025,379.0,3.0,0.0,0.7915567282321899
13075026,538.0,3.0,0.0,0.5576208178438662
13075027,1055.0,6.0,0.0,0.5687203791469194
13075029,2752.0,18.0,0.0,0.6540697674418605
13075031,5041.0,30.0,0.0,0.5951200158698671
13075032,334.0,12.0,0.0,3.592814371257485
13075033,2793.0,8.0,0.0,0.2864303616183315
13075034,241.0,12.0,0.0,4.979253112033195
13075035,171.0,14.0,0.0,8.187134502923977
13075036,898.0,6.0,0.0,0.6681514476614699
13075037,437.0,0.0,1.0,0.0
13075038,896.0,108.0,0.0,12.053571428571429
13075039,55447.0,1540.0,0.0,2.777427092538821
13075040,166.0,3.0,0.0,1.8072289156626506
13075041,1340.0,5.0,0.0,0.373134328358209
13075042,203.0,0.0,1.0,0.0
13075043,426.0,8.0,0.0,1.8779342723004695
13075044,3135.0,39.0,0.0,1.244019138755981
13075045,484.0,5.0,0.0,1.0330578512396693
13075046,913.0,6.0,0.0,0.6571741511500547
13075048,425.0,0.0,1.0,0.0
13075049,9033.0,221.0,0.0,2.4465847448245324
13075050,830.0,9.0,0.0,1.0843373493975903
13075051,337.0,11.0,0.0,3.264094955489614
13075053,188.0,0.0,1.0,0.0
13075054,3122.0,8.0,0.0,0.25624599615631005
13075055,2414.0,15.0,0.0,0.6213753106876554
13075056,288.0,14.0,0.0,4.861111111111111
13075058,3114.0,32.0,0.0,1.027617212588311
13075059,617.0,0.0,1.0,0.0
13075060,1111.0,5.0,0.0,0.45004500450045004
13075061,758.0,11.0,0.0,1.4511873350923483
13075063,230.0,3.0,0.0,1.3043478260869565
13075065,597.0,15.0,0.0,2.512562814070352
13075066,1707.0,18.0,0.0,1.054481546572935
13075067,668.0,50.0,0.0,7.485029940119761
13075068,755.0,3.0,0.0,0.3973509933774834
13075069,1793.0,13.0,0.0,0.7250418293363079
13075070,656.0,0.0,1.0,0.0
13075071,423.0,0.0,1.0,0.0
13075072,247.0,3.0,0.0,1.214574898785425
13075073,187.0,3.0,0.0,1.6042780748663101
13075074,1579.0,11.0,0.0,0.6966434452184928
13075075,726.0,0.0,1.0,0.0
13075076,399.0,3.0,0.0,0.7518796992481203
13075078,788.0,4.0,0.0,0.5076142131979695
13075079,3070.0,285.0,0.0,9.283387622149837
13075080,1023.0,16.0,0.0,1.5640273704789833
13075081,798.0,4.0,0.0,0.5012531328320802
13075082,4586.0,14.0,0.0,0.30527692978630616
13075083,1991.0,30.0,0.0,1.5067805123053741
13075084,401.0,0.0,1.0,0.0
13075085,644.0,7.0,0.0,1.0869565217391304
13075087,379.0,4.0,0.0,1.0554089709762533
13075088,572.0,0.0,1.0,0.0
13075089,427.0,0.0,1.0,0.0
13075090,473.0,0.0,1.0,0.0
13075091,1067.0,9.0,0.0,0.8434864104967198
13075092,801.0,5.0,0.0,0.6242197253433208
13075093,751.0,0.0,1.0,0.0
13075094,807.0,4.0,0.0,0.49566294919454773
13075095,365.0,94.0,0.0,25.753424657534246
13075097,616.0,4.0,0.0,0.6493506493506493
13075098,549.0,6.0,0.0,1.092896174863388
13075101,251.0,0.0,1.0,0.0
13075102,2297.0,21.0,0.0,0.914235959947758
13075103,180.0,0.0,1.0,0.0
13075104,258.0,4.0,0.0,1.550387596899225
13075105,10674.0,187.0,0.0,1.7519205546186996
13075106,279.0,5.0,0.0,1.7921146953405018
13075107,1951.0,92.0,0.0,4.715530497180933
13075108,290.0,17.0,0.0,5.862068965517241
13075109,244.0,0.0,1.0,0.0
13075110,339.0,3.0,0.0,0.8849557522123894
13075111,429.0,6.0,0.0,1.3986013986013985
13075113,674.0,144.0,0.0,21.364985163204746
13075114,647.0,4.0,0.0,0.6182380216383307
13075115,974.0,19.0,1.0,1.9507186858316221
13075116,167.0,0.0,1.0,0.0
13075117,447.0,21.0,0.0,4.697986577181208
13075118,323.0,5.0,0.0,1.5479876160990713
13075119,652.0,28.0,0.0,4.294478527607362
13075120,833.0,28.0,0.0,3.361344537815126
13075121,681.0,4.0,0.0,0.5873715124816447
13075122,443.0,0.0,1.0,0.0
13075123,915.0,0.0,1.0,0.0
13075124,407.0,3.0,0.0,0.7371007371007371
13075125,310.0,0.0,1.0,0.0
13075126,491.0,3.0,0.0,0.6109979633401222
13075127,1274.0,14.0,1.0,1.098901098901099
13075128,343.0,0.0,1.0,0.0
13075129,373.0,4.0,0.0,1.0723860589812333
13075130,5324.0,28.0,0.0,0.5259203606311045
13075131,9635.0,111.0,1.0,1.1520498183705241
13075133,896.0,7.0,0.0,0.78125
13075134,1281.0,24.0,0.0,1.873536299765808
13075135,1020.0,9.0,0.0,0.8823529411764706
13075136,9085.0,70.0,0.0,0.7705008255365988
13075137,1872.0,21.0,0.0,1.1217948717948718
13075138,1278.0,43.0,0.0,3.3646322378716746
13075139,349.0,4.0,0.0,1.146131805157593
13075140,522.0,0.0,1.0,0.0
13075141,1401.0,13.0,0.0,0.92790863668808
13075142,2010.0,14.0,0.0,0.6965174129353234
13075143,835.0,0.0,1.0,0.0
13075144,12603.0,221.0,0.0,1.7535507418868523
13075145,214.0,3.0,0.0,1.4018691588785046
13075146,1212.0,16.0,0.0,1.3201320132013201
13075147,735.0,0.0,1.0,0.0
13075148,956.0,11.0,0.0,1.1506276150627615
13075149,481.0,0.0,1.0,0.0
13075150,492.0,0.0,1.0,0.0
13075151,3935.0,84.0,0.0,2.1346886912325287
13075152,601.0,3.0,0.0,0.49916805324459235
13075154,1387.0,5.0,0.0,0.3604902667627974
13075155,906.0,3.0,1.0,0.33112582781456956
13075156,2023.0,21.0,0.0,1.0380622837370241
13076001,743.0,3.0,0.0,0.4037685060565276
13076002,370.0,0.0,1.0,0.0
13076003,343.0,0.0,1.0,0.0
13076004,461.0,3.0,0.0,0.6507592190889371
13076005,2771.0,7.0,0.0,0.25261638397690367
13076006,634.0,0.0,1.0,0.0
13076007,451.0,4.0,0.0,0.8869179600886918
13076008,225.0,0.0,1.0,0.0
13076009,564.0,8.0,0.0,1.4184397163120568
13076010,455.0,0.0,1.0,0.0
13076011,422.0,3.0,0.0,0.7109004739336493
13076012,451.0,0.0,1.0,0.0
13076013,275.0,3.0,0.0,1.0909090909090908
13076014,10201.0,222.0,0.0,2.1762572296833644
13076015,483.0,0.0,1.0,0.0
13076016,728.0,4.0,0.0,0.5494505494505495
13076017,520.0,3.0,0.0,0.5769230769230769
13076018,228.0,6.0,0.0,2.6315789473684212
13076019,308.0,0.0,1.0,0.0
13076020,2788.0,13.0,0.0,0.46628407460545196
13076021,344.0,3.0,0.0,0.872093023255814
13076023,365.0,3.0,0.0,0.821917808219178
13076024,636.0,3.0,0.0,0.4716981132075472
13076025,5058.0,73.0,0.0,1.4432582048240412
13076026,1477.0,6.0,0.0,0.4062288422477996
13076027,294.0,0.0,1.0,0.0
13076029,988.0,0.0,1.0,0.0
13076030,450.0,3.0,0.0,0.6666666666666666
13076032,1157.0,0.0,1.0,0.0
13076033,1906.0,8.0,0.0,0.4197271773347324
13076034,3095.0,33.0,0.0,1.0662358642972536
13076035,1325.0,27.0,1.0,2.0377358490566038
13076036,1434.0,10.0,0.0,0.697350069735007
13076037,1255.0,12.0,0.0,0.9561752988047809
13076038,897.0,5.0,0.0,0.5574136008918618
13076039,524.0,0.0,1.0,0.0
13076040,511.0,4.0,0.0,0.7827788649706457
13076041,460.0,3.0,0.0,0.6521739130434783
13076044,377.0,5.0,0.0,1.3262599469496021
13076046,629.0,6.0,1.0,0.9538950715421304
13076048,3999.0,25.0,1.0,0.6251562890722681
13076049,510.0,16.0,0.0,3.1372549019607843
13076050,6000.0,38.0,1.0,0.6333333333333333
13076051,500.0,3.0,0.0,0.6
13076053,583.0,4.0,0.0,0.6861063464837049
13076054,657.0,3.0,0.0,0.45662100456621
13076055,701.0,22.0,0.0,3.138373751783167
13076056,401.0,3.0,0.0,0.7481296758104738
13076057,184.0,3.0,0.0,1.6304347826086956
13076058,981.0,5.0,0.0,0.509683995922528
13076060,11421.0,135.0,0.0,1.1820330969267139
13076062,378.0,3.0,0.0,0.7936507936507936
13076063,862.0,0.0,1.0,0.0
13076064,564.0,0.0,1.0,0.0
13076065,165.0,3.0,0.0,1.8181818181818181
13076067,261.0,5.0,0.0,1.9157088122605364
13076068,600.0,10.0,0.0,1.6666666666666667
13076069,595.0,0.0,1.0,0.0
13076070,636.0,3.0,0.0,0.4716981132075472
13076071,1321.0,3.0,0.0,0.22710068130204392
13076072,428.0,0.0,1.0,0.0
13076073,642.0,4.0,0.0,0.6230529595015576
13076075,414.0,3.0,0.0,0.7246376811594203
13076076,240.0,0.0,1.0,0.0
13076077,477.0,3.0,0.0,0.6289308176100629
13076078,879.0,14.0,0.0,1.5927189988623436
13076079,759.0,4.0,0.0,0.5270092226613966
13076080,486.0,0.0,1.0,0.0
13076082,2173.0,7.0,0.0,0.32213529682466635
13076085,1489.0,3.0,0.0,0.20147750167897918
13076086,720.0,3.0,0.0,0.4166666666666667
13076087,605.0,8.0,0.0,1.322314049586777
13076088,4602.0,90.0,0.0,1.955671447196871
13076089,6697.0,51.0,0.0,0.7615350156786621
13076090,11916.0,356.0,0.0,2.9875797247398457
13076092,803.0,15.0,0.0,1.86799501867995
13076093,456.0,0.0,1.0,0.0
13076094,1261.0,7.0,0.0,0.5551149881046789
13076096,786.0,0.0,1.0,0.0
13076097,409.0,0.0,1.0,0.0
13076098,209.0,3.0,0.0,1.4354066985645932
13076099,483.0,3.0,0.0,0.6211180124223602
13076100,326.0,3.0,0.0,0.9202453987730062
13076101,426.0,0.0,1.0,0.0
13076102,783.0,4.0,0.0,0.5108556832694764
13076103,2004.0,9.0,0.0,0.4491017964071856
13076104,553.0,0.0,1.0,0.0
13076105,6511.0,120.0,0.0,1.8430348640761787
13076106,925.0,525.0,0.0,56.75675675675676
13076107,2936.0,15.0,0.0,0.510899182561308
13076108,17956.0,468.0,0.0,2.6063711294274894
13076109,684.0,3.0,0.0,0.43859649122807015
13076110,381.0,0.0,1.0,0.0
13076111,661.0,3.0,0.0,0.45385779122541603
13076112,1893.0,3.0,1.0,0.15847860538827258
13076113,3373.0,13.0,0.0,0.3854135784168396
13076114,6167.0,96.0,0.0,1.5566726122912276
13076115,726.0,0.0,1.0,0.0
13076116,488.0,12.0,0.0,2.459016393442623
13076117,1067.0,16.0,0.0,1.499531396438613
13076118,1913.0,8.0,0.0,0.4181913225300575
13076119,537.0,0.0,1.0,0.0
13076120,822.0,9.0,0.0,1.094890510948905
13076121,253.0,3.0,0.0,1.1857707509881423
13076122,700.0,4.0,0.0,0.5714285714285714
13076125,927.0,9.0,0.0,0.970873786407767
13076126,1332.0,11.0,0.0,0.8258258258258259
13076128,4339.0,23.0,0.0,0.5300760543904125
13076129,379.0,0.0,1.0,0.0
13076130,1370.0,9.0,0.0,0.656934306569343
13076131,318.0,0.0,1.0,0.0
13076133,1472.0,5.0,0.0,0.33967391304347827
13076134,874.0,3.0,0.0,0.34324942791762014
13076135,741.0,11.0,0.0,1.484480431848853
13076136,908.0,97.0,0.0,10.682819383259911
13076138,406.0,0.0,1.0,0.0
13076140,946.0,3.0,1.0,0.3171247357293869
13076141,416.0,3.0,0.0,0.7211538461538461
13076142,2726.0,18.0,0.0,0.6603081438004402
13076143,1367.0,16.0,0.0,1.1704462326261886
13076145,432.0,3.0,0.0,0.6944444444444444
13076146,490.0,6.0,0.0,1.2244897959183674
13076147,657.0,3.0,0.0,0.45662100456621
13076148,386.0,6.0,0.0,1.5544041450777202
13076151,366.0,3.0,0.0,0.819672131147541
13076152,6122.0,65.0,1.0,1.0617445279320483
13076153,2865.0,24.0,0.0,0.837696335078534
13076154,2712.0,4.0,0.0,0.14749262536873156
13076155,484.0,4.0,0.0,0.8264462809917356
13076156,897.0,19.0,0.0,2.118171683389075
13076158,412.0,3.0,0.0,0.7281553398058253
13076159,4772.0,69.0,0.0,1.4459346186085498
13076160,642.0,4.0,0.0,0.6230529595015576
13076161,411.0,4.0,0.0,0.9732360097323601
13076162,782.0,3.0,1.0,0.3836317135549872
13076163,160.0,0.0,1.0,0.0
13076164,823.0,4.0,1.0,0.48602673147023084
13076165,524.0,4.0,1.0,0.7633587786259542
13076166,1471.0,18.0,0.0,1.2236573759347382
13076167,555.0,3.0,1.0,0.5405405405405406
13076168,1971.0,4.0,2.0,0.20294266869609334
13076169,976.0,18.0,0.0,1.8442622950819672
14511000,240253.0,6825.0,0.0,2.8407553703803905
14521010,3923.0,12.0,0.0,0.3058883507519755
14521020,21105.0,247.0,0.0,1.1703387822790807
14521035,22038.0,498.0,0.0,2.2597331881295943
14521040,2744.0,9.0,0.0,0.32798833819241985
14521060,2467.0,28.0,0.0,1.1349817592217268
14521080,2433.0,6.0,0.0,0.2466091245376079
14521090,984.0,0.0,1.0,0.0
14521110,5764.0,42.0,0.0,0.7286606523247745
14521120,6352.0,26.0,0.0,0.4093198992443325
14521130,4258.0,4.0,0.0,0.09394081728511038
14521140,1087.0,8.0,0.0,0.7359705611775529
14521150,5661.0,106.0,0.0,1.8724606959901078
14521160,4943.0,23.0,0.0,0.46530447096904715
14521170,8031.0,21.0,0.0,0.2614867388868136
14521180,3096.0,9.0,0.0,0.29069767441860467
14521200,4419.0,23.0,0.0,0.520479746548993
14521210,3797.0,17.0,0.0,0.44772188569923627
14521220,3817.0,22.0,0.0,0.5763688760806917
14521230,2097.0,3.0,0.0,0.1430615164520744
14521240,2974.0,10.0,0.0,0.3362474781439139
14521250,3645.0,16.0,0.0,0.438957475994513
14521260,6165.0,29.0,0.0,0.47039740470397406
14521270,3681.0,12.0,0.0,0.32599837000814996
14521280,849.0,0.0,1.0,0.0
14521290,3788.0,17.0,0.0,0.44878563885955647
14521310,5641.0,22.0,0.0,0.3900017727353306
14521320,4547.0,18.0,0.0,0.3958654057620409
14521330,2984.0,12.0,0.0,0.40214477211796246
14521340,2307.0,4.0,0.0,0.17338534893801474
14521355,9108.0,41.0,0.0,0.4501537110232762
14521370,9364.0,68.0,0.0,0.7261853908586074
14521380,8596.0,21.0,0.0,0.24429967426710097
14521390,18033.0,139.0,0.0,0.7708090722564188
14521400,3517.0,4.0,0.0,0.11373329542223486
14521410,6840.0,35.0,0.0,0.5116959064327485
14521420,1276.0,14.0,0.0,1.09717868338558
14521430,2722.0,10.0,0.0,0.36737692872887584
14521440,2342.0,23.0,0.0,0.982066609735269
14521450,11622.0,48.0,0.0,0.41300980898296336
14521460,12333.0,48.0,0.0,0.3891997081002189
14521495,8301.0,20.0,0.0,0.24093482712926154
14521500,5504.0,13.0,0.0,0.23619186046511628
14521510,2231.0,0.0,1.0,0.0
14521520,2521.0,4.0,0.0,0.15866719555731854
14521530,14953.0,304.0,0.0,2.0330368487928845
14521540,4945.0,23.0,0.0,0.46511627906976744
14521550,18109.0,134.0,0.0,0.7399635540339058
14521560,6865.0,13.0,0.0,0.18936635105608157
14521570,2435.0,3.0,0.0,0.12320328542094455
14521590,11609.0,114.0,0.0,0.9819967266775778
14521600,3561.0,21.0,0.0,0.5897219882055602
14521610,1160.0,3.0,0.0,0.25862068965517243
14521620,6848.0,110.0,0.0,1.6063084112149533
14521630,3533.0,12.0,0.0,0.33965468440418906
14521640,5492.0,23.0,0.0,0.4187909686817189
14521670,4057.0,17.0,0.0,0.4190288390436283
14521690,10091.0,358.0,0.0,3.547715786344267
14521700,5584.0,11.0,0.0,0.1969914040114613
14521710,12642.0,70.0,0.0,0.5537098560354374
14522010,1986.0,7.0,0.0,0.35246727089627394
14522020,4862.0,18.0,0.0,0.3702180172768408
14522035,5956.0,18.0,0.0,0.3022162525184688
14522050,10290.0,80.0,0.0,0.7774538386783285
14522060,11230.0,94.0,0.0,0.8370436331255565
14522070,3304.0,16.0,0.0,0.48426150121065376
14522080,24890.618959963183,346.7206626783249,0.0,1.3929772627833348
14522090,1660.0,3.0,0.0,0.18072289156626506
14522110,4471.0,3.0,0.0,0.06709908297919928
14522120,3355.0,17.0,0.0,0.5067064083457526
14522140,11532.0,452.0,0.0,3.9195282691640654
14522150,15022.0,157.0,0.0,1.0451338037544935
14522170,3046.0,13.0,0.0,0.42678923177938277
14522180,39825.0,1090.0,0.0,2.7369742623979914
14522190,4634.0,24.0,0.0,0.5179110919292188
14522200,2629.0,7.0,0.0,0.26626093571700266
14522210,5833.0,22.0,0.0,0.37716440939482254
14522220,2954.0,5.0,0.0,0.16926201760324983
14522230,8892.0,52.0,0.0,0.5847953216374269
14522240,5346.0,29.0,0.0,0.5424616535727647
14522250,7763.0,21.0,0.0,0.27051397655545534
14522260,4509.0,78.0,0.0,1.7298735861610113
14522280,1572.0,5.0,0.0,0.31806615776081426
14522290,2794.0,4.0,0.0,0.14316392269148176
14522300,2331.0,5.0,0.0,0.2145002145002145
14522310,8861.0,53.0,0.0,0.5981266222773953
14522320,3566.0,7.0,0.0,0.1962983735277622
14522330,7544.0,41.0,0.0,0.5434782608695652
14522340,2882.0,75.0,0.0,2.60235947258848
14522350,4731.0,24.0,0.0,0.507292327203551
14522360,15385.0,367.0,0.0,2.3854403639909
14522380,2197.0,8.0,0.0,0.36413290851160673
14522390,2693.0,16.0,0.0,0.5941329372447085
14522400,2906.0,13.0,0.0,0.4473503097040606
14522420,5047.0,23.0,0.0,0.45571626708936
14522430,3471.0,17.0,0.0,0.48977239988475946
14522440,8570.0,27.0,0.0,0.31505250875145857
14522450,3925.0,19.0,0.0,0.4840764331210191
14522460,9509.0,52.0,0.0,0.5468503522978231
14522470,2128.0,8.0,0.0,0.37593984962406013
14522480,3044.0,13.0,0.0,0.42706964520367935
14522490,6236.0,56.0,0.0,0.8980115458627326
14522500,3628.0,14.0,0.0,0.38588754134509373
14522510,7971.0,67.0,0.0,0.840546982812696
14522520,2019.0,4.0,0.0,0.1981178801386825
14522530,1884.0,5.0,0.0,0.2653927813163482
14522540,4978.0,132.0,0.0,2.6516673362796306
14522550,2487.0,14.0,0.0,0.5629272215520708
14522570,8962.381040036817,149.27933732167511,0.0,1.665621408583426
14522580,1990.0,3.0,0.0,0.1507537688442211
14522590,2624.0,15.0,0.0,0.5716463414634146
14522600,785.0,0.0,1.0,0.0
14522620,1367.0,3.0,0.0,0.2194586686174104
14523010,5334.0,25.0,0.0,0.46869141357330335
14523020,19604.0,224.0,0.0,1.1426239542950418
14523030,2091.0,21.0,0.0,1.0043041606886658
14523040,3761.0,46.0,0.0,1.223078968359479
14523050,1054.0,4.0,0.0,0.3795066413662239
14523060,1256.0,3.0,0.0,0.23885350318471338
14523080,1298.0,10.0,0.0,0.7704160246533128
14523090,2792.0,6.0,0.0,0.2148997134670487
14523100,4466.0,50.0,0.0,1.1195700850873265
14523120,8652.0,82.0,0.0,0.9477577438742487
14523130,1810.0,4.0,0.0,0.22099447513812154
14523150,2185.0,6.0,0.0,0.2745995423340961
14523160,9386.0,96.0,0.0,1.0227999147666738
14523170,7597.0,43.0,0.0,0.5660128998288798
14523190,1526.0,4.0,0.0,0.2621231979030144
14523200,8215.0,82.0,0.0,0.9981740718198417
14523230,1389.0,3.0,0.0,0.2159827213822894
14523245,3346.0,15.0,0.0,0.4482964734010759
14523260,4174.0,39.0,0.0,0.934355534259703
14523270,2279.0,12.0,0.0,0.5265467310223783
14523280,3047.0,11.0,0.0,0.36101083032490977
14523290,1032.0,5.0,0.0,0.4844961240310077
14523300,11208.0,133.0,0.0,1.186652391149179
14523310,5346.0,28.0,0.0,0.5237560793116348
14523320,64468.0,1239.0,0.0,1.9218837252590433
14523330,2614.0,12.0,0.0,0.4590665646518745
14523340,22399.0,303.0,0.0,1.3527389615607839
14523360,6845.0,42.0,0.0,0.6135865595325055
14523365,4437.0,9.0,0.0,0.2028397565922921
14523370,3441.0,23.0,0.0,0.6684103458297007
14523380,2942.0,10.0,0.0,0.3399048266485384
14523410,1056.0,3.0,0.0,0.2840909090909091
14523420,1440.0,3.0,0.0,0.20833333333333334
14523430,8419.0,58.0,0.0,0.6889179237439126
14523440,1341.0,4.0,0.0,0.29828486204325133
14523450,6236.0,31.0,0.0,0.4971135343168698
14523460,1567.0,5.0,0.0,0.3190810465858328
14524010,2403.0,4.0,0.0,0.16645859342488556
14524020,5274.0,9.0,0.0,0.17064846416382254
14524030,20078.0,289.0,0.0,1.4393863930670385
14524040,2085.0,7.0,0.0,0.33573141486810554
14524050,1388.0,0.0,1.0,0.0
14524060,5329.0,15.0,0.0,0.281478701444924
14524070,4235.0,16.0,0.0,0.3778040141676505
14524080,23578.0,332.0,0.0,1.4080922894223429
14524090,4816.0,16.0,0.0,0.33222591362126247
14524100,1398.0,0.0,1.0,0.0
14524110,1220.0,4.0,0.0,0.32786885245901637
14524120,15476.0,124.0,0.0,0.8012406306539157
14524130,8737.0,38.0,0.0,0.43493189882110567
14524140,3755.0,5.0,0.0,0.13315579227696406
14524150,2641.0,3.0,0.0,0.11359333585762968
14524160,12393.0,91.0,0.0,0.7342854837408215
14524170,6680.0,26.0,0.0,0.38922155688622756
14524180,24721.0,284.0,0.0,1.1488208405808826
14524190,15521.0,104.0,0.0,0.6700599188196636
14524200,11914.0,44.0,0.0,0.3693134127916737
14524210,4198.0,20.0,0.0,0.47641734159123394
14524220,2347.0,16.0,0.0,0.6817213463996591
14524230,6195.0,45.0,0.0,0.7263922518159807
14524240,1107.0,5.0,0.0,0.45167118337850043
14524250,8019.0,35.0,0.0,0.43646339942636236
14524260,1740.0,8.0,0.0,0.45977011494252873
14524270,961.0,0.0,1.0,0.0
14524280,3472.0,7.0,0.0,0.20161290322580644
14524290,4256.0,92.0,0.0,2.161654135338346
14524300,21712.0,461.0,0.0,2.123249815770081
14524310,3855.0,19.0,0.0,0.49286640726329445
14524320,10635.0,75.0,0.0,0.7052186177715092
14524330,93081.0,1673.0,0.0,1.797359289221216
14612000,512354.0,18257.0,0.0,3.5633565854858165
14625010,4756.0,9.0,0.0,0.18923465096719932
14625020,40273.0,630.0,0.0,1.5643234921659672
14625030,6757.0,52.0,0.0,0.7695722953973657
14625040,11940.0,169.0,0.0,1.4154103852596316
14625060,2759.0,8.0,0.0,0.2899601304820587
14625080,1058.0,5.0,0.0,0.4725897920604915
14625090,5017.0,20.0,0.0,0.3986446083316723
14625100,2844.0,11.0,0.0,0.38677918424753865
14625110,4306.0,18.0,0.0,0.41802136553646074
14625120,3705.0,17.0,0.0,0.45883940620782726
14625130,2876.0,10.0,0.0,0.3477051460361613
14625140,1001.0,4.0,0.0,0.3996003996003996
14625150,3203.0,13.0,0.0,0.4058694973462379
14625160,4362.0,20.0,0.0,0.4585052728106373
14625170,3002.0,144.0,0.0,4.796802131912059
14625180,1013.0,0.0,1.0,0.0
14625190,2823.0,19.0,0.0,0.6730428622033298
14625200,9698.0,55.0,0.0,0.5671272427304599
14625220,4208.0,16.0,0.0,0.38022813688212925
14625230,2420.0,16.0,0.0,0.6611570247933884
14625240,36107.0,426.0,0.0,1.1798266264159305
14625250,17808.0,357.0,0.0,2.0047169811320753
14625270,4351.0,16.0,0.0,0.3677315559641462
14625280,3742.0,18.0,0.0,0.48102618920363444
14625290,2703.0,16.0,0.0,0.5919348871624122
14625300,1931.0,22.0,0.0,1.1393060590367685
14625310,9144.0,72.0,0.0,0.7874015748031497
14625320,1659.0,4.0,0.0,0.24110910186859555
14625330,5712.0,28.0,0.0,0.49019607843137253
14625340,5033.0,20.0,0.0,0.397377309755613
14625350,1196.0,0.0,1.0,0.0
14625360,2498.0,12.0,0.0,0.4803843074459568
14625370,1750.0,3.0,0.0,0.17142857142857143
14625380,5145.0,22.0,0.0,0.42759961127308066
14625390,2082.0,7.0,0.0,0.33621517771373677
14625410,2378.0,8.0,0.0,0.33641715727502103
14625420,2398.0,9.0,0.0,0.37531276063386154
14625430,9845.0,54.0,0.0,0.5485017775520569
14625440,2141.0,8.0,0.0,0.37365716954694067
14625450,7637.0,47.0,0.0,0.6154249050674349
14625460,887.0,3.0,0.0,0.3382187147688839
14625470,1118.0,0.0,1.0,0.0
14625480,18039.0,331.0,0.0,1.8349132435279119
14625490,3299.0,9.0,0.0,0.27280994240678996
14625500,1733.0,0.0,1.0,0.0
14625510,1436.0,7.0,0.0,0.48746518105849584
14625525,6761.0,58.0,0.0,0.8578612631267564
14625530,3178.0,13.0,0.0,0.4090623033354311
14625550,2578.0,5.0,0.0,0.1939487975174554
14625560,7076.0,30.0,0.0,0.423968343697004
14625570,2037.0,31.0,0.0,1.5218458517427589
14625580,1710.0,3.0,0.0,0.17543859649122806
14625590,3042.0,3.0,0.0,0.09861932938856016
14625600,4333.0,17.0,0.0,0.39233787214401106
14625610,3367.0,23.0,0.0,0.6831006831006831
14625630,5420.0,25.0,0.0,0.4612546125461255
14625640,5879.0,16.0,0.0,0.2721551284232012
14626010,3736.0,120.0,0.0,3.2119914346895073
14626020,1233.0,4.0,0.0,0.32441200324412
14626030,3657.0,21.0,0.0,0.5742411812961444
14626050,2247.0,15.0,0.0,0.6675567423230975
14626060,4956.0,49.0,0.0,0.9887005649717514
14626070,1076.0,4.0,0.0,0.37174721189591076
14626085,13541.0,181.0,0.0,1.3366811904586071
14626100,1720.0,5.0,0.0,0.29069767441860467
14626110,54441.0,1873.0,0.0,3.4404217409672855
14626120,1147.0,6.0,0.0,0.5231037489102005
14626140,5929.0,47.0,0.0,0.7927137797267667
14626150,1333.0,14.0,0.0,1.0502625656414104
14626160,1363.0,7.0,0.0,0.5135730007336757
14626170,1616.0,13.0,0.0,0.8044554455445545
14626180,6325.0,65.0,0.0,1.0276679841897234
14626190,2014.0,7.0,0.0,0.34756703078450846
14626200,1877.0,5.0,0.0,0.2663825253063399
14626210,1724.0,5.0,0.0,0.2900232018561485
14626230,2557.0,15.0,0.0,0.5866249511145875
14626240,1249.0,11.0,0.0,0.8807045636509208
14626245,8051.0,27.0,0.0,0.335362066823997
14626250,3629.0,25.0,0.0,0.6888950124001102
14626260,953.0,8.0,0.0,0.8394543546694648
14626270,1986.0,3.0,0.0,0.1510574018126888
14626280,3824.0,17.0,0.0,0.4445606694560669
14626290,16019.0,257.0,0.0,1.604344840501904
14626300,4084.0,23.0,0.0,0.5631733594515181
14626310,3784.0,17.0,0.0,0.4492600422832981
14626320,1069.0,4.0,0.0,0.37418147801683815
14626330,1816.0,9.0,0.0,0.4955947136563877
14626350,3557.0,13.0,0.0,0.3654765251616531
14626370,9936.0,187.0,0.0,1.8820450885668276
14626390,5473.0,21.0,0.0,0.38370180887995614
14626400,5424.0,46.0,0.0,0.8480825958702065
14626410,2548.0,5.0,0.0,0.19623233908948196
14626420,2508.0,12.0,0.0,0.4784688995215311
14626430,1521.0,8.0,0.0,0.5259697567389875
14626440,1320.0,3.0,0.0,0.22727272727272727
14626450,5280.0,41.0,0.0,0.7765151515151515
14626460,2720.0,17.0,0.0,0.625
14626470,1653.0,11.0,0.0,0.6654567453115547
14626480,5084.0,103.0,0.0,2.025963808025177
14626490,2673.0,8.0,0.0,0.2992891881780771
14626500,1588.0,11.0,0.0,0.6926952141057935
14626510,1194.0,0.0,1.0,0.0
14626520,2517.0,10.0,0.0,0.3972983710766786
14626530,4062.0,51.0,0.0,1.255539143279173
14626560,977.0,5.0,0.0,0.5117707267144319
14626570,1772.0,14.0,0.0,0.7900677200902935
14626580,2597.0,9.0,0.0,0.346553715825953
14626590,1335.0,12.0,0.0,0.898876404494382
14626600,18175.0,277.0,0.0,1.5240715268225584
14626610,26777.0,553.0,0.0,2.0652052134294356
14627010,20689.0,303.0,0.0,1.4645463773019478
14627020,3453.0,24.0,0.0,0.6950477845351868
14627030,4564.0,10.0,0.0,0.21910604732690622
14627040,2111.0,24.0,0.0,1.1369019422074846
14627050,7917.0,99.0,1.0,1.2504736642667678
14627060,18797.0,123.0,0.0,0.6543597382561047
14627070,2219.0,22.0,0.0,0.9914375844975214
14627080,2772.0,13.0,0.0,0.468975468975469
14627100,10219.0,61.0,0.0,0.5969272922986594
14627110,2737.0,7.0,1.0,0.2557544757033248
14627130,5397.0,21.0,0.0,0.38910505836575876
14627140,27055.0,381.0,0.0,1.408242469044539
14627150,8197.0,70.0,0.0,0.8539709649871904
14627170,3991.0,16.0,0.0,0.40090202956652465
14627180,10985.0,60.0,0.0,0.5461993627674101
14627190,5928.0,83.0,0.0,1.4001349527665317
14627200,3309.0,13.0,0.0,0.39286793593230585
14627210,33201.0,683.0,0.0,2.0571669528026266
14627220,7567.0,46.0,0.0,0.60790273556231
14627230,32539.0,453.0,0.0,1.3921755431943206
14627240,2937.0,8.0,0.0,0.27238678924072185
14627250,1909.0,3.0,0.0,0.1571503404924044
14627260,3258.0,4.0,0.0,0.12277470841006753
14627270,3885.0,28.0,0.0,0.7207207207207207
14627290,3662.0,8.0,1.0,0.2184598580010923
14627310,9965.0,138.0,0.0,1.3848469643753136
14627340,1670.0,21.0,0.0,1.2574850299401197
14627360,6121.0,118.0,0.0,1.927789576866525
14628010,8496.0,84.0,0.0,0.9887005649717514
14628020,5778.0,35.0,0.0,0.6057459328487366
14628030,4022.0,75.0,0.0,1.8647439085032322
14628040,2223.0,10.0,0.0,0.449842555105713
14628050,10393.0,60.0,0.0,0.577311652073511
14628060,14617.0,79.0,0.0,0.5404665800095779
14628070,1986.0,10.0,0.0,0.5035246727089627
14628080,6107.0,74.0,0.0,1.2117242508596693
14628090,1111.0,5.0,0.0,0.45004500450045004
14628100,4343.0,13.0,0.0,0.2993322588072761
14628110,38388.0,596.0,0.0,1.5525685109930187
14628130,7008.0,37.0,0.0,0.5279680365296804
14628140,2033.0,11.0,0.0,0.5410723069355632
14628150,1131.0,0.0,1.0,0.0
14628160,15953.0,471.0,0.0,2.952422741804049
14628170,859.0,0.0,1.0,0.0
14628190,3485.0,6.0,0.0,0.17216642754662842
14628205,7029.0,19.0,0.0,0.27030872101294634
14628210,2264.0,18.0,0.0,0.7950530035335689
14628220,4340.0,69.0,0.0,1.5898617511520738
14628230,1365.0,6.0,0.0,0.43956043956043955
14628240,3128.0,7.0,0.0,0.2237851662404092
14628250,2005.0,20.0,0.0,0.9975062344139651
14628260,13295.0,304.0,0.0,2.286573899962392
14628270,37451.0,535.0,0.0,1.4285332834904274
14628300,4347.0,21.0,0.0,0.4830917874396135
14628310,382.0,3.0,0.0,0.7853403141361257
14628320,1000.0,6.0,0.0,0.6
14628330,1432.0,3.0,0.0,0.20949720670391062
14628340,1765.0,7.0,0.0,0.39660056657223797
14628360,10370.0,82.0,0.0,0.7907425265188043
14628370,1666.0,4.0,0.0,0.24009603841536614
14628380,5754.0,32.0,0.0,0.5561348627042058
14628390,2505.0,10.0,0.0,0.3992015968063872
14628400,5302.0,33.0,0.0,0.6224066390041494
14628410,13485.0,60.0,0.0,0.44493882091212456
14713000,502979.0,21459.0,0.0,4.266380902582414
14729010,8370.0,42.0,0.0,0.5017921146953405
14729020,3327.0,14.0,0.0,0.4207995190862639
14729030,5028.0,32.0,0.0,0.6364359586316627
14729040,6701.0,70.0,0.0,1.044620205939412
14729050,19784.0,233.0,0.0,1.177719369187222
14729060,8202.0,70.0,0.0,0.853450377956596
14729070,9407.0,58.0,0.0,0.6165621345806315
14729080,9207.0,75.0,0.0,0.8145975887911372
14729100,1322.0,5.0,0.0,0.37821482602118
14729140,13438.0,155.0,0.0,1.1534454531924394
14729150,7519.0,52.0,0.0,0.6915813273041628
14729160,29271.0,465.0,0.0,1.588603054217485
14729170,7782.0,57.0,0.0,0.7324595219737856
14729190,5310.0,35.0,0.0,0.6591337099811676
14729220,5364.0,66.0,0.0,1.2304250559284116
14729245,6368.0,20.0,0.0,0.314070351758794
14729250,6628.0,38.0,0.0,0.5733252866626434
14729260,23672.0,338.0,0.0,1.4278472456911118
14729270,14763.0,90.0,0.0,0.609632188579557
14729300,8471.0,50.0,0.0,0.590249085113918
14729320,7165.0,30.0,0.0,0.418702023726448
14729330,1454.0,8.0,0.0,0.5502063273727648
14729340,3508.0,16.0,0.0,0.45610034207525657
14729350,6484.0,52.0,0.0,0.8019740900678594
14729360,4157.0,26.0,0.0,0.6254510464277123
14729370,6084.0,70.0,0.0,1.1505588428665352
14729380,3642.0,8.0,0.0,0.21965952773201539
14729400,4083.0,14.0,0.0,0.3428851334802841
14729410,16928.0,152.0,0.0,0.8979206049149339
14729430,8775.0,24.0,0.0,0.27350427350427353
14730010,2063.0,13.0,0.0,0.6301502666020359
14730020,8093.0,120.0,0.0,1.482762881502533
14730030,4430.0,20.0,0.0,0.45146726862302483
14730045,8247.0,43.0,0.0,0.5214017218382442
14730050,2358.0,5.0,0.0,0.21204410517387617
14730060,4586.0,45.0,0.0,0.9812472743131269
14730070,25361.0,428.0,0.0,1.6876306139347816
14730080,4194.0,9.0,0.0,0.2145922746781116
14730090,2724.0,13.0,0.0,0.47723935389133626
14730100,2184.0,8.0,0.0,0.3663003663003663
14730110,15794.0,146.0,0.0,0.9244016715208307
14730120,1477.0,7.0,0.0,0.47393364928909953
14730140,3037.0,13.0,0.0,0.4280540006585446
14730150,3749.0,23.0,0.0,0.6134969325153374
14730160,3975.0,15.0,0.0,0.37735849056603776
14730170,3225.0,3.0,0.0,0.09302325581395349
14730180,2097.0,0.0,1.0,0.0
14730190,5179.0,36.0,0.0,0.6951148870438308
14730200,6434.0,40.0,0.0,0.6216972334473112
14730210,2413.0,5.0,0.0,0.20721094073767096
14730230,15164.0,129.0,0.0,0.8506990240042205
14730250,4920.0,121.0,0.0,2.459349593495935
14730270,16922.0,159.0,0.0,0.9396052476066659
14730280,2485.0,9.0,0.0,0.36217303822937624
14730300,14128.0,207.0,0.0,1.465175537938845
14730310,20700.0,444.0,0.0,2.1449275362318843
14730320,1357.0,6.0,0.0,0.4421518054532056
14730330,5496.0,45.0,0.0,0.8187772925764192
14730340,5335.0,51.0,1.0,0.9559512652296157
14730360,3038.0,14.0,0.0,0.4608294930875576
15001000,86030.0,1956.0,0.0,2.273625479483901
15002000,229153.0,8550.0,0.0,3.731131602030085
15003000,228144.0,7942.0,0.0,3.481134721930009
15081026,1782.0,19.0,0.0,1.0662177328843996
15081030,7280.0,86.0,0.0,1.1813186813186813
15081045,3313.0,20.0,0.0,0.6036824630244492
15081095,1541.0,9.0,0.0,0.5840363400389358
15081105,2474.0,34.0,0.0,1.3742926434923202
15081135,23568.0,308.0,0.0,1.306856754921928
15081225,1742.0,23.0,0.0,1.320321469575201
15081240,8078.0,31.0,0.0,0.38375835602872
15081280,10558.0,51.0,0.0,0.4830460314453495
15081290,1171.0,11.0,0.0,0.9393680614859095
15081440,1125.0,0.0,1.0,0.0
15081455,24693.0,419.0,0.0,1.6968371603288381
15081545,916.0,3.0,0.0,0.32751091703056767
15082005,8238.0,36.0,0.0,0.43699927166788055
15082015,43301.0,638.0,0.0,1.473407080667883
15082180,27565.0,1037.0,0.0,3.7620170506076547
15082241,12058.0,176.0,0.0,1.4596118759329906
15082256,9238.0,17.0,0.0,0.1840225156960381
15082301,9684.0,140.0,0.0,1.4456836018174308
15082340,15183.0,94.0,0.0,0.6191134821840216
15082377,14532.0,68.0,0.0,0.4679328378750344
15082430,22608.0,242.0,0.0,1.070417551309271
15082440,9720.0,56.0,0.0,0.5761316872427984
15083020,1145.0,0.0,1.0,0.0
15083025,2315.0,10.0,0.0,0.4319654427645788
15083030,2075.0,9.0,0.0,0.43373493975903615
15083035,1755.0,5.0,0.0,0.2849002849002849
15083040,8946.0,82.0,0.0,0.9166107757657054
15083060,922.0,11.0,0.0,1.193058568329718
15083115,919.0,9.0,0.0,0.9793253536452666
15083120,1629.0,15.0,0.0,0.9208103130755064
15083125,3662.0,26.0,0.0,0.70999453850355
15083130,3246.0,12.0,0.0,0.36968576709796674
15083190,3879.0,22.0,0.0,0.5671564836298015
15083205,2998.0,14.0,0.0,0.466977985323549
15083230,2802.0,42.0,0.0,1.4989293361884368
15083245,3712.0,19.0,0.0,0.5118534482758621
15083270,19477.0,276.0,0.0,1.4170560147866715
15083275,1628.0,172.0,0.0,10.565110565110565
15083298,18133.0,87.0,0.0,0.47978823140131255
15083320,3763.0,21.0,0.0,0.5580653733723093
15083323,1462.0,15.0,0.0,1.0259917920656634
15083355,1520.0,13.0,0.0,0.8552631578947368
15083361,1002.0,10.0,0.0,0.998003992015968
15083390,7237.0,44.0,0.0,0.6079867348348763
15083411,13838.0,111.0,0.0,0.8021390374331551
15083415,20588.0,302.0,0.0,1.4668739071303671
15083440,2194.0,4.0,0.0,0.18231540565177756
15083485,1461.0,6.0,0.0,0.4106776180698152
15083490,9237.0,39.0,0.0,0.4222150048717116
15083505,1024.0,5.0,0.0,0.48828125
15083515,1430.0,3.0,0.0,0.2097902097902098
15083531,14767.0,67.0,0.0,0.4537143631069276
15083535,1924.0,10.0,0.0,0.5197505197505198
15083557,1749.0,13.0,0.0,0.743281875357347
15083565,11708.0,286.0,0.0,2.442774171506662
15083580,1901.0,43.0,0.0,2.261967385586533
15084012,1768.0,8.0,0.0,0.45248868778280543
15084013,1079.0,3.0,0.0,0.27803521779425394
15084015,2928.0,9.0,0.0,0.3073770491803279
15084025,1186.0,3.0,0.0,0.25295109612141653
15084115,2071.0,5.0,0.0,0.24142926122646063
15084125,2409.0,8.0,0.0,0.33208800332088
15084130,8894.0,34.0,0.0,0.38228018889138743
15084132,1271.0,3.0,0.0,0.23603461841070023
15084133,1152.0,3.0,0.0,0.2604166666666667
15084135,4938.0,28.0,0.0,0.5670311867152693
15084150,1303.0,5.0,0.0,0.3837298541826554
15084170,1034.0,0.0,1.0,0.0
15084207,1921.0,9.0,0.0,0.4685059864653826
15084235,10332.0,67.0,0.0,0.64847077042199
15084246,1697.0,13.0,0.0,0.7660577489687684
15084250,1945.0,97.0,0.0,4.987146529562982
15084275,2725.0,26.0,0.0,0.9541284403669725
15084282,1182.0,0.0,1.0,0.0
15084285,3133.0,11.0,0.0,0.3511011809766996
15084315,9164.0,43.0,0.0,0.46922741161065035
15084335,1745.0,3.0,0.0,0.17191977077363896
15084341,1144.0,0.0,1.0,0.0
15084355,33228.0,415.0,0.0,1.2489466714818827
15084360,3527.0,76.0,0.0,2.1548057839523675
15084375,2626.0,15.0,0.0,0.5712109672505712
15084442,977.0,7.0,0.0,0.7164790174002047
15084445,1039.0,7.0,0.0,0.6737247353224254
15084470,967.0,3.0,0.0,0.31023784901758017
15084490,8813.0,35.0,0.0,0.3971405877680699
15084550,40194.0,1564.0,0.0,3.8911280290590637
15084560,1009.0,0.0,1.0,0.0
15084565,1883.0,9.0,0.0,0.47796070100902815
15084590,30445.0,453.0,0.0,1.487929052389555
15085040,7820.0,41.0,0.0,0.5242966751918159
15085055,21118.0,162.0,0.0,0.7671180983047637
15085090,1647.0,3.0,0.0,0.18214936247723132
15085110,5782.0,23.0,0.0,0.39778623313732275
15085125,979.0,0.0,1.0,0.0
15085135,40708.0,770.0,0.0,1.8915200943303527
15085140,2210.0,8.0,0.0,0.36199095022624433
15085145,8656.0,103.0,0.0,1.1899260628465804
15085160,1467.0,3.0,0.0,0.20449897750511248
15085185,7824.0,28.0,0.0,0.35787321063394684
15085190,9588.0,45.0,0.0,0.4693366708385482
15085227,8164.0,27.0,0.0,0.3307202351788339
15085228,11686.0,60.0,0.0,0.5134348793428034
15085230,11711.0,61.0,0.0,0.5208778071898216
15085235,27740.0,275.0,0.0,0.9913482335976929
15085285,2623.0,18.0,0.0,0.6862371330537552
15085287,1522.0,10.0,0.0,0.657030223390276
15085330,18482.0,136.0,0.0,0.7358510983659777
15085365,2804.0,9.0,0.0,0.3209700427960057
15085370,33964.0,531.0,0.0,1.5634200918619714
15086005,8494.0,64.0,0.0,0.7534730397927949
15086015,23153.0,399.0,0.0,1.7233187923811168
15086035,7049.0,19.0,0.0,0.2695417789757412
15086040,15036.0,171.0,0.0,1.137270550678372
15086055,10919.0,63.0,0.0,0.5769759135451964
15086080,7343.0,24.0,0.0,0.3268418902355985
15086140,13728.0,171.0,0.0,1.2456293706293706
15086145,8127.0,39.0,0.0,0.47988187523071246
15087010,1721.0,0.0,1.0,0.0
15087015,8377.0,54.0,0.0,0.6446221797779634
15087031,7355.0,31.0,0.0,0.4214819850441876
15087045,2198.0,3.0,0.0,0.1364877161055505
15087055,1791.0,9.0,0.0,0.5025125628140703
15087070,1332.0,5.0,0.0,0.37537537537537535
15087075,845.0,9.0,0.0,1.0650887573964498
15087101,1076.0,0.0,1.0,0.0
15087125,1050.0,6.0,0.0,0.5714285714285714
15087130,24627.0,509.0,0.0,2.066837211190969
15087165,8022.0,43.0,0.0,0.5360259286960858
15087205,4257.0,20.0,0.0,0.4698144233027954
15087210,1702.0,3.0,0.0,0.1762632197414806
15087220,15196.0,159.0,0.0,1.046327981047644
15087250,3658.0,4.0,0.0,0.10934937124111536
15087260,2559.0,5.0,0.0,0.19538882375928096
15087275,9606.0,43.0,0.0,0.44763689360816156
15087370,28878.0,454.0,0.0,1.572131034005125
15087386,9667.0,33.0,0.0,0.3413675390503776
15087412,10099.0,45.0,0.0,0.445588672145757
15087440,2604.0,11.0,0.0,0.42242703533026116
15087470,1267.0,10.0,0.0,0.7892659826361483
15088020,12033.0,371.0,0.0,3.0831878999418265
15088025,9149.0,36.0,0.0,0.39348562684446386
15088030,1087.0,0.0,1.0,0.0
15088065,11636.0,470.0,0.0,4.039188724647645
15088100,1630.0,13.0,0.0,0.7975460122699386
15088150,8824.0,72.0,0.0,0.8159564823209429
15088195,15274.0,152.0,0.0,0.9951551656409585
15088205,14138.0,129.0,0.0,0.9124345734898854
15088216,10560.0,51.0,0.0,0.48295454545454547
15088220,33880.0,1038.0,0.0,3.063754427390791
15088235,9249.0,44.0,0.0,0.47572710563304144
15088250,902.0,0.0,1.0,0.0
15088265,2423.0,4.0,0.0,0.1650846058605035
15088295,10097.0,28.0,0.0,0.2773100921065663
15088305,11526.0,63.0,0.0,0.5465903175429464
15088319,12080.0,81.0,0.0,0.6705298013245033
15088330,11236.0,62.0,0.0,0.5517977928088288
15088340,1184.0,3.0,0.0,0.2533783783783784
15088355,1266.0,21.0,0.0,1.6587677725118484
15088365,13507.0,40.0,0.0,0.2961427408010661
15089005,2586.0,7.0,0.0,0.27068832173240526
15089015,28540.0,431.0,0.0,1.5101611772950245
15089026,9169.0,30.0,0.0,0.327189442687316
15089030,35016.0,941.0,0.0,2.687342928946767
15089041,1908.0,21.0,0.0,1.10062893081761
15089042,8000.0,33.0,0.0,0.4125
15089043,3305.0,6.0,0.0,0.1815431164901664
15089045,1284.0,0.0,1.0,0.0
15089055,9578.0,67.0,0.0,0.6995197327208186
15089075,3606.0,26.0,0.0,0.7210205213533001
15089130,1084.0,3.0,0.0,0.2767527675276753
15089165,4475.0,29.0,0.0,0.6480446927374302
15089175,7474.0,28.0,0.0,0.3746320578003746
15089185,1124.0,5.0,0.0,0.44483985765124556
15089195,9114.0,54.0,0.0,0.5924950625411455
15089235,6964.0,25.0,0.0,0.35898908673176333
15089245,1380.0,4.0,0.0,0.2898550724637681
15089305,32592.0,466.0,0.0,1.4297987236131566
15089307,8808.0,137.0,0.0,1.5554041780199819
15089310,28054.0,250.0,0.0,0.8911385185713268
15089365,1397.0,6.0,0.0,0.4294917680744452
15090003,1553.0,5.0,0.0,0.32195750160978753
15090007,2024.0,13.0,0.0,0.642292490118577
15090008,966.0,6.0,0.0,0.6211180124223602
15090010,1639.0,9.0,0.0,0.5491153142159854
15090070,9012.0,27.0,0.0,0.2996005326231691
15090135,950.0,3.0,0.0,0.3157894736842105
15090180,1502.0,5.0,0.0,0.33288948069241014
15090220,967.0,3.0,0.0,0.31023784901758017
15090225,6950.0,56.0,0.0,0.8057553956834532
15090245,1296.0,4.0,0.0,0.30864197530864196
15090270,955.0,7.0,0.0,0.7329842931937173
15090285,1286.0,3.0,0.0,0.2332814930015552
15090310,1627.0,7.0,0.0,0.430239704978488
15090415,10611.0,35.0,0.0,0.3298463858260296
15090435,1123.0,3.0,0.0,0.26714158504007124
15090445,945.0,0.0,1.0,0.0
15090485,1304.0,3.0,0.0,0.23006134969325154
15090500,2317.0,13.0,0.0,0.561070349589987
15090520,5307.0,35.0,0.0,0.6595063124175617
15090535,40959.0,886.0,0.0,2.1631387485046023
15090546,11665.0,113.0,0.0,0.9687098156879554
15090550,10648.0,36.0,0.0,0.33809166040571
15090610,1217.0,3.0,0.0,0.2465078060805259
15090631,1420.0,3.0,0.0,0.2112676056338028
15090635,961.0,0.0,1.0,0.0
15091010,7388.0,68.0,0.0,0.9204114780725501
15091020,8811.0,43.0,0.0,0.4880263307229599
15091060,12780.0,93.0,0.0,0.7276995305164319
15091110,12975.0,292.0,0.0,2.250481695568401
15091145,14620.0,87.0,0.0,0.5950752393980848
15091160,10603.0,34.0,0.0,0.3206639630293313
15091241,8624.0,49.0,0.0,0.5681818181818182
15091375,47390.0,486.0,0.0,1.025532812829711
15091391,9803.0,37.0,0.0,0.3774354789350199
16051000,200868.0,5974.0,0.0,2.9740924388155405
16052000,96067.0,1412.0,0.0,1.4698075301612417
16053000,105739.0,4261.0,0.0,4.029733589309526
16054000,39280.0,529.0,0.0,1.3467413441955194
16055000,62764.0,2516.0,0.0,4.008667388949079
16061001,989.0,4.0,0.0,0.4044489383215369
16061002,115.0,3.0,0.0,2.608695652173913
16061003,1205.0,3.0,0.0,0.24896265560165975
16061007,596.0,0.0,1.0,0.0
16061012,1157.0,3.0,0.0,0.25929127052722556
16061014,271.0,0.0,1.0,0.0
16061015,1090.0,4.0,0.0,0.3669724770642202
16061017,3415.0,94.0,0.0,2.7525622254758417
16061018,875.0,4.0,0.0,0.45714285714285713
16061019,526.0,0.0,1.0,0.0
16061021,242.0,0.0,1.0,0.0
16061023,82.0,0.0,1.0,0.0
16061024,130.0,0.0,1.0,0.0
16061026,707.0,0.0,1.0,0.0
16061027,1279.0,3.0,0.0,0.23455824863174354
16061028,89.0,0.0,1.0,0.0
16061031,579.0,0.0,1.0,0.0
16061032,294.0,0.0,1.0,0.0
16061033,182.0,0.0,1.0,0.0
16061034,1011.0,4.0,0.0,0.39564787339268054
16061035,1170.0,4.0,0.0,0.3418803418803419
16061036,639.0,0.0,1.0,0.0
16061037,1610.0,0.0,1.0,0.0
16061039,171.0,0.0,1.0,0.0
16061041,926.0,3.0,0.0,0.32397408207343414
16061044,668.0,0.0,1.0,0.0
16061045,16579.0,299.0,1.0,1.803486338138609
16061047,752.0,0.0,1.0,0.0
16061048,574.0,3.0,0.0,0.5226480836236934
16061049,1345.0,3.0,0.0,0.22304832713754646
16061056,533.0,0.0,1.0,0.0
16061057,593.0,3.0,0.0,0.5059021922428331
16061058,1398.0,3.0,0.0,0.2145922746781116
16061062,195.0,0.0,1.0,0.0
16061063,1427.0,3.0,0.0,0.2102312543798178
16061065,310.0,3.0,0.0,0.967741935483871
16061066,244.0,0.0,1.0,0.0
16061067,724.0,0.0,1.0,0.0
16061068,303.0,0.0,1.0,0.0
16061069,343.0,4.0,0.0,1.1661807580174928
16061074,5540.0,19.0,3.0,0.34296028880866425
16061075,302.0,3.0,0.0,0.9933774834437086
16061076,794.0,0.0,1.0,0.0
16061077,244.0,3.0,0.0,1.2295081967213115
16061078,246.0,0.0,1.0,0.0
16061082,491.0,5.0,0.0,1.0183299389002036
16061083,269.0,0.0,1.0,0.0
16061084,147.0,0.0,1.0,0.0
16061085,121.0,0.0,1.0,0.0
16061086,155.0,0.0,1.0,0.0
16061089,561.0,0.0,1.0,0.0
16061091,253.0,3.0,0.0,1.1857707509881423
16061094,254.0,0.0,1.0,0.0
16061096,396.0,3.0,0.0,0.7575757575757576
16061097,2561.0,16.0,0.0,0.6247559547051933
16061098,241.0,0.0,1.0,0.0
16061101,513.0,4.0,0.0,0.7797270955165692
16061102,323.0,4.0,0.0,1.238390092879257
16061103,366.0,0.0,1.0,0.0
16061105,239.0,4.0,0.0,1.6736401673640167
16061107,1229.0,3.0,0.0,0.24410089503661514
16061111,619.0,0.0,1.0,0.0
16061113,2314.0,16.0,0.0,0.6914433880726015
16061114,2453.0,12.0,0.0,0.48919690175295555
16061115,20496.0,234.0,1.0,1.1416861826697893
16061116,3851.0,13.0,0.0,0.33757465593352376
16061117,4875.0,12.0,4.0,0.24615384615384617
16061118,7066.0,33.0,2.0,0.46702519105575996
16062005,5665.0,24.0,0.0,0.4236540158870256
16062008,1059.0,0.0,1.0,0.0
16062009,960.0,9.0,0.0,0.9375
16062024,474.0,0.0,1.0,0.0
16062026,1164.0,4.0,0.0,0.3436426116838488
16062033,577.0,0.0,1.0,0.0
16062037,723.0,0.0,1.0,0.0
16062041,42703.0,951.0,1.0,2.2270098119570054
16062049,3143.0,15.0,0.0,0.4772510340439071
16062054,926.0,3.0,0.0,0.32397408207343414
16062062,2410.0,10.0,0.0,0.4149377593360996
16062063,3345.0,3.0,0.0,0.08968609865470852
16062064,5058.0,44.0,0.0,0.8699090549624358
16062065,7845.0,43.0,0.0,0.5481198215423837
16062066,11158.0,58.0,5.0,0.519806416920595
16063003,24475.0,368.0,1.0,1.5035750766087845
16063004,4817.0,12.0,1.0,0.24911770811708533
16063006,799.0,0.0,1.0,0.0
16063008,694.0,3.0,0.0,0.4322766570605187
16063011,1346.0,5.0,0.0,0.37147102526002973
16063015,7930.0,27.0,3.0,0.34047919293820933
16063023,611.0,0.0,1.0,0.0
16063028,339.0,0.0,1.0,0.0
16063032,4664.0,24.0,0.0,0.5145797598627787
16063033,60.0,0.0,1.0,0.0
16063037,223.0,0.0,1.0,0.0
16063046,1604.0,6.0,0.0,0.3740648379052369
16063049,658.0,3.0,0.0,0.45592705167173253
16063051,1766.0,11.0,0.0,0.622876557191393
16063058,585.0,3.0,0.0,0.5128205128205128
16063062,662.0,3.0,0.0,0.45317220543806647
16063066,5992.0,24.0,0.0,0.40053404539385845
16063068,1026.0,0.0,1.0,0.0
16063071,2114.0,12.0,0.0,0.5676442762535477
16063076,6520.0,22.0,0.0,0.3374233128834356
16063078,3690.0,10.0,0.0,0.27100271002710025
16063082,5468.0,32.0,2.0,0.5852231163130943
16063084,887.0,3.0,0.0,0.3382187147688839
16063086,793.0,4.0,0.0,0.5044136191677175
16063092,6323.0,114.0,0.0,1.8029416416258106
16063097,9624.0,136.0,1.0,1.4131338320864506
16063098,6348.0,33.0,0.0,0.5198487712665406
16063099,8094.0,72.0,0.0,0.8895478131949592
16063101,5526.0,30.0,0.0,0.5428881650380022
16063103,6732.0,49.0,1.0,0.7278669043374926
16063104,4982.0,28.0,0.0,0.5620232838217584
16063105,41753.0,952.0,0.0,2.280075683184442
16064003,18055.0,167.0,1.0,0.9249515369703684
16064004,2528.0,20.0,0.0,0.7911392405063291
16064005,892.0,0.0,1.0,0.0
16064007,161.0,0.0,1.0,0.0
16064009,266.0,0.0,1.0,0.0
16064014,2351.0,8.0,0.0,0.340280731603573
16064019,767.0,3.0,0.0,0.39113428943937417
16064021,239.0,0.0,1.0,0.0
16064022,3030.0,11.0,0.0,0.36303630363036304
16064027,146.0,0.0,1.0,0.0
16064032,852.0,3.0,0.0,0.352112676056338
16064033,808.0,11.0,0.0,1.3613861386138615
16064037,1785.0,0.0,1.0,0.0
16064038,652.0,0.0,1.0,0.0
16064043,323.0,0.0,1.0,0.0
16064045,230.0,0.0,1.0,0.0
16064046,36623.0,500.0,0.0,1.365262266881468
16064053,315.0,0.0,1.0,0.0
16064055,2094.0,5.0,0.0,0.2387774594078319
16064058,1420.0,3.0,0.0,0.2112676056338028
16064061,391.0,0.0,1.0,0.0
16064062,150.0,0.0,1.0,0.0
16064064,441.0,0.0,1.0,0.0
16064071,3267.0,8.0,0.0,0.24487297214569942
16064072,2200.0,7.0,0.0,0.3181818181818182
16064073,3322.0,10.0,0.0,0.30102347983142685
16064074,7026.0,33.0,1.0,0.46968403074295473
16064075,4481.0,23.0,0.0,0.5132782860968533
16064076,5258.0,22.0,2.0,0.41841004184100417
16064077,6049.0,41.0,2.0,0.6777979831377087
16065001,515.0,0.0,1.0,0.0
16065003,10280.0,78.0,1.0,0.7587548638132295
16065005,171.0,0.0,1.0,0.0
16065008,296.0,0.0,1.0,0.0
16065012,1064.0,6.0,0.0,0.5639097744360902
16065014,2986.0,80.0,1.0,2.679169457468185
16065016,294.0,0.0,1.0,0.0
16065018,246.0,3.0,0.0,1.2195121951219512
16065019,698.0,0.0,1.0,0.0
16065032,2563.0,12.0,0.0,0.4682013265704253
16065038,274.0,0.0,1.0,0.0
16065042,704.0,3.0,0.0,0.42613636363636365
16065046,357.0,3.0,0.0,0.8403361344537815
16065048,135.0,0.0,1.0,0.0
16065051,404.0,0.0,1.0,0.0
16065052,857.0,9.0,0.0,1.0501750291715286
16065056,794.0,3.0,0.0,0.3778337531486146
16065058,244.0,0.0,1.0,0.0
16065067,22541.0,249.0,0.0,1.1046537420700058
16065074,600.0,8.0,0.0,1.3333333333333333
16065075,314.0,0.0,1.0,0.0
16065077,444.0,3.0,0.0,0.6756756756756757
16065079,383.0,0.0,1.0,0.0
16065085,4262.0,15.0,4.0,0.35194744251525106
16065086,7311.0,41.0,1.0,0.5607987963342908
16065087,8473.0,42.0,2.0,0.4956921987489673
16065088,6381.0,33.0,1.0,0.5171603196991067
16065089,6462.0,21.0,1.0,0.32497678737233054
16066005,366.0,0.0,1.0,0.0
16066012,174.0,0.0,1.0,0.0
16066013,4911.0,27.0,0.0,0.5497861942577886
16066015,610.0,0.0,1.0,0.0
16066016,830.0,5.0,0.0,0.6024096385542169
16066017,461.0,0.0,1.0,0.0
16066018,256.0,3.0,0.0,1.171875
16066019,572.0,6.0,0.0,1.048951048951049
16066022,2194.0,11.0,0.0,0.5013673655423884
16066023,6308.0,25.0,0.0,0.39632213062777427
16066024,1183.0,3.0,0.0,0.25359256128486896
16066025,314.0,0.0,1.0,0.0
16066038,1003.0,4.0,0.0,0.3988035892323031
16066039,262.0,0.0,1.0,0.0
16066041,352.0,0.0,1.0,0.0
16066042,24726.0,350.0,3.0,1.4155140338105638
16066045,553.0,0.0,1.0,0.0
16066047,1575.0,17.0,0.0,1.0793650793650793
16066049,1227.0,9.0,0.0,0.7334963325183375
16066052,535.0,0.0,1.0,0.0
16066056,889.0,7.0,0.0,0.7874015748031497
16066057,355.0,0.0,1.0,0.0
16066058,977.0,3.0,0.0,0.3070624360286592
16066059,754.0,0.0,1.0,0.0
16066061,682.0,0.0,1.0,0.0
16066063,20127.0,338.0,0.0,1.6793362150345308
16066064,2538.0,3.0,0.0,0.1182033096926714
16066065,1288.0,3.0,0.0,0.2329192546583851
16066069,10449.0,42.0,2.0,0.40195233993683605
16066073,864.0,3.0,0.0,0.3472222222222222
16066074,6564.0,39.0,0.0,0.5941499085923218
16066076,1308.0,13.0,0.0,0.9938837920489296
16066079,469.0,0.0,1.0,0.0
16066081,831.0,0.0,1.0,0.0
16066086,5940.0,24.0,1.0,0.40404040404040403
16066092,13607.0,230.0,0.0,1.6903064599103403
16066093,2847.0,0.0,1.0,0.0
16066094,5934.0,26.0,1.0,0.43815301651499833
16066095,6154.0,18.0,7.0,0.29249268768280795
16067004,688.0,0.0,1.0,0.0
16067009,1584.0,4.0,0.0,0.25252525252525254
16067011,1151.0,3.0,0.0,0.26064291920069504
16067013,755.0,5.0,0.0,0.6622516556291391
16067016,736.0,0.0,1.0,0.0
16067019,7278.0,51.0,0.0,0.7007419620774938
16067022,1080.0,4.0,0.0,0.37037037037037035
16067026,869.0,16.0,0.0,1.8411967779056386
16067029,44322.0,1065.0,0.0,2.4028699065926626
16067033,837.0,4.0,0.0,0.4778972520908005
16067036,804.0,3.0,0.0,0.373134328358209
16067044,1268.0,3.0,0.0,0.23659305993690852
16067047,1093.0,0.0,1.0,0.0
16067052,439.0,0.0,1.0,0.0
16067053,9963.0,75.0,0.0,0.7527853056308341
16067055,413.0,0.0,1.0,0.0
16067059,723.0,3.0,0.0,0.4149377593360996
16067063,1254.0,0.0,1.0,0.0
16067064,4023.0,35.0,0.0,0.8699975142928164
16067065,4101.0,64.0,0.0,1.5605949768349183
16067067,3000.0,42.0,0.0,1.4
16067068,314.0,0.0,1.0,0.0
16067071,762.0,17.0,0.0,2.2309711286089238
16067072,13268.0,244.0,0.0,1.8390111546578234
16067082,368.0,0.0,1.0,0.0
16067087,6040.0,32.0,0.0,0.5298013245033113
16067088,4999.0,19.0,5.0,0.38007601520304063
16067089,8291.0,44.0,0.0,0.5306959353515861
16067091,8380.0,9.0,9.0,0.10739856801909307
16067092,7527.0,79.0,1.0,1.0495549355652982
16068001,682.0,4.0,0.0,0.5865102639296188
16068002,591.0,3.0,0.0,0.5076142131979695
16068005,242.0,0.0,1.0,0.0
16068007,606.0,0.0,1.0,0.0
16068009,2269.0,8.0,0.0,0.35257822829440283
16068013,1055.0,49.0,0.0,4.644549763033176
16068014,2147.0,13.0,0.0,0.6054960409874243
16068015,289.0,0.0,1.0,0.0
16068017,225.0,5.0,0.0,2.2222222222222223
16068019,692.0,0.0,1.0,0.0
16068021,1934.0,7.0,0.0,0.3619441571871768
16068022,772.0,0.0,1.0,0.0
16068025,1018.0,4.0,0.0,0.3929273084479371
16068032,343.0,3.0,0.0,0.8746355685131195
16068033,403.0,4.0,0.0,0.9925558312655087
16068034,6752.0,33.0,1.0,0.4887440758293839
16068036,558.0,0.0,1.0,0.0
16068037,828.0,4.0,0.0,0.4830917874396135
16068039,444.0,3.0,0.0,0.6756756756756757
16068041,547.0,0.0,1.0,0.0
16068042,2746.0,8.0,0.0,0.29133284777858703
16068043,256.0,0.0,1.0,0.0
16068044,1004.0,4.0,0.0,0.398406374501992
16068045,510.0,0.0,1.0,0.0
16068048,1407.0,6.0,0.0,0.42643923240938164
16068049,602.0,0.0,1.0,0.0
16068051,19613.0,189.0,0.0,0.963646560954469
16068052,766.0,9.0,0.0,1.174934725848564
16068053,2212.0,16.0,0.0,0.7233273056057866
16068055,787.0,3.0,0.0,0.3811944091486658
16068056,699.0,0.0,1.0,0.0
16068057,1785.0,4.0,0.0,0.22408963585434175
16068058,3749.0,20.0,1.0,0.5334755934915978
16068059,693.0,3.0,0.0,0.4329004329004329
16068061,1089.0,7.0,0.0,0.642791551882461
16068062,697.0,0.0,1.0,0.0
16068063,6966.0,35.0,5.0,0.5024404249210451
16068064,3887.0,28.0,1.0,0.7203498842294829
16069001,139.0,0.0,1.0,0.0
16069003,349.0,0.0,1.0,0.0
16069004,185.0,0.0,1.0,0.0
16069006,447.0,0.0,1.0,0.0
16069008,262.0,0.0,1.0,0.0
16069009,193.0,0.0,1.0,0.0
16069011,183.0,3.0,0.0,1.639344262295082
16069012,7952.0,35.0,0.0,0.44014084507042256
16069016,188.0,3.0,0.0,1.5957446808510638
16069017,176.0,0.0,1.0,0.0
16069021,393.0,0.0,1.0,0.0
16069024,11775.0,291.0,0.0,2.4713375796178343
16069025,321.0,0.0,1.0,0.0
16069026,456.0,0.0,1.0,0.0
16069028,456.0,3.0,0.0,0.6578947368421053
16069035,373.0,0.0,1.0,0.0
16069037,871.0,3.0,0.0,0.34443168771526983
16069041,166.0,0.0,1.0,0.0
16069042,2992.0,12.0,0.0,0.40106951871657753
16069043,11415.0,39.0,0.0,0.3416557161629435
16069044,317.0,0.0,1.0,0.0
16069046,152.0,0.0,1.0,0.0
16069047,279.0,0.0,1.0,0.0
16069049,2821.0,7.0,0.0,0.24813895781637718
16069051,2946.0,20.0,0.0,0.6788866259334692
16069052,493.0,0.0,1.0,0.0
16069053,2941.0,18.0,0.0,0.6120367222033322
16069056,718.0,16.0,0.0,2.2284122562674096
16069058,3084.0,19.0,0.0,0.6160830090791181
16069061,2503.0,34.0,0.0,1.3583699560527367
16069062,7229.0,33.0,2.0,0.4564946742288007
16069063,3594.0,15.0,1.0,0.41736227045075125
16070001,331.0,0.0,1.0,0.0
16070004,26529.0,521.0,0.0,1.9638885747672359
16070006,608.0,0.0,1.0,0.0
16070008,563.0,3.0,0.0,0.5328596802841918
16070011,1218.0,5.0,0.0,0.41050903119868637
16070012,900.0,0.0,1.0,0.0
16070013,591.0,0.0,1.0,0.0
16070028,7831.0,61.0,0.0,0.7789554335333929
16070029,39612.0,1266.0,2.0,3.1960012117540137
16070034,1261.0,9.0,0.0,0.7137192704203014
16070041,530.0,5.0,0.0,0.9433962264150944
16070043,2065.0,26.0,0.0,1.2590799031476998
16070048,8826.0,75.0,0.0,0.849762066621346
16070054,671.0,0.0,1.0,0.0
16070057,9483.0,39.0,3.0,0.41126225877886746
16070058,7022.0,221.0,3.0,3.147251495300484
16071001,22079.0,496.0,0.0,2.2464785542823495
16071003,7630.0,209.0,0.0,2.739187418086501
16071004,7878.0,58.0,4.0,0.7362274689007362
16071005,315.0,3.0,0.0,0.9523809523809523
16071008,6461.0,25.0,0.0,0.3869370066553165
16071009,181.0,0.0,1.0,0.0
16071013,209.0,0.0,1.0,0.0
16071015,217.0,0.0,1.0,0.0
16071017,573.0,5.0,0.0,0.8726003490401396
16071019,174.0,0.0,1.0,0.0
16071022,685.0,0.0,1.0,0.0
16071025,1036.0,5.0,0.0,0.4826254826254826
16071027,164.0,0.0,1.0,0.0
16071031,234.0,0.0,1.0,0.0
16071032,366.0,0.0,1.0,0.0
16071037,438.0,0.0,1.0,0.0
16071038,214.0,3.0,0.0,1.4018691588785046
16071042,246.0,0.0,1.0,0.0
16071043,1309.0,8.0,0.0,0.6111535523300229
16071046,3495.0,17.0,0.0,0.4864091559370529
16071049,344.0,0.0,1.0,0.0
16071053,1947.0,9.0,0.0,0.4622496147919877
16071055,264.0,0.0,1.0,0.0
16071056,1241.0,5.0,0.0,0.40290088638195004
16071059,297.0,3.0,0.0,1.0101010101010102
16071061,483.0,0.0,1.0,0.0
16071064,803.0,3.0,0.0,0.37359900373599003
16071069,286.0,0.0,1.0,0.0
16071071,135.0,3.0,0.0,2.2222222222222223
16071077,180.0,0.0,1.0,0.0
16071079,256.0,0.0,1.0,0.0
16071083,415.0,0.0,1.0,0.0
16071087,674.0,0.0,1.0,0.0
16071089,606.0,3.0,0.0,0.49504950495049505
16071093,195.0,0.0,1.0,0.0
16071095,340.0,0.0,1.0,0.0
16071101,6633.0,24.0,8.0,0.3618272274988693
16071102,7170.0,39.0,4.0,0.5439330543933054
16071103,6470.0,79.0,4.0,1.2210200927357033
16072006,506.0,97.0,0.0,19.1699604743083
16072011,3607.0,7.0,0.0,0.19406709176601053
16072013,9662.0,94.0,0.0,0.9728834609811633
16072015,3647.0,59.0,0.0,1.617768028516589
16072018,24229.0,312.0,0.0,1.2877130711131288
16072019,4194.0,12.0,0.0,0.2861230329041488
16072023,6282.0,27.0,0.0,0.4297994269340974
16072024,9191.0,26.0,0.0,0.2828854314002829
16073001,347.0,0.0,1.0,0.0
16073002,225.0,0.0,1.0,0.0
16073005,6968.0,63.0,0.0,0.9041331802525833
16073006,164.0,0.0,1.0,0.0
16073013,646.0,10.0,0.0,1.5479876160990713
16073014,368.0,4.0,0.0,1.0869565217391304
16073017,267.0,3.0,0.0,1.1235955056179776
16073028,2231.0,7.0,0.0,0.31376064545047067
16073035,185.0,0.0,1.0,0.0
16073037,1520.0,13.0,0.0,0.8552631578947368
16073038,2668.0,7.0,0.0,0.2623688155922039
16073046,1837.0,8.0,0.0,0.43549265106151336
16073055,475.0,0.0,1.0,0.0
16073067,3296.0,11.0,0.0,0.3337378640776699
16073074,204.0,0.0,1.0,0.0
16073076,26093.0,294.0,0.0,1.1267389721381214
16073077,30807.0,465.0,2.0,1.5093972149186874
16073082,522.0,3.0,0.0,0.5747126436781609
16073084,880.0,4.0,0.0,0.45454545454545453
16073094,797.0,3.0,0.0,0.37641154328732745
16073106,2296.0,31.0,0.0,1.3501742160278745
16073107,675.0,5.0,0.0,0.7407407407407407
16073109,6281.0,30.0,0.0,0.47763095048559145
16073111,8976.0,35.0,0.0,0.3899286987522282
16073112,8095.0,70.0,2.0,0.8647313156269302
16073113,4069.0,11.0,1.0,0.27033669206193167
16074001,284.0,3.0,0.0,1.056338028169014
16074002,743.0,10.0,0.0,1.3458950201884252
16074003,3504.0,43.0,0.0,1.2271689497716896
16074004,268.0,0.0,1.0,0.0
16074005,297.0,0.0,1.0,0.0
16074007,145.0,0.0,1.0,0.0
16074008,1094.0,9.0,0.0,0.8226691042047533
16074009,3107.0,16.0,0.0,0.5149662053427744
16074011,5549.0,27.0,0.0,0.4865741575058569
16074012,1750.0,8.0,0.0,0.45714285714285713
16074016,415.0,5.0,0.0,1.2048192771084338
16074017,340.0,0.0,1.0,0.0
16074018,10619.0,304.0,0.0,2.8627931066955457
16074019,896.0,5.0,0.0,0.5580357142857143
16074021,329.0,0.0,1.0,0.0
16074022,182.0,3.0,0.0,1.6483516483516483
16074024,161.0,0.0,1.0,0.0
16074025,218.0,0.0,1.0,0.0
16074026,654.0,3.0,0.0,0.45871559633027525
16074028,404.0,3.0,0.0,0.7425742574257426
16074029,181.0,4.0,0.0,2.2099447513812156
16074031,272.0,0.0,1.0,0.0
16074032,794.0,4.0,0.0,0.5037783375314862
16074033,391.0,5.0,0.0,1.278772378516624
16074034,395.0,0.0,1.0,0.0
16074036,193.0,0.0,1.0,0.0
16074037,675.0,5.0,0.0,0.7407407407407407
16074038,667.0,3.0,0.0,0.4497751124437781
16074039,1894.0,12.0,0.0,0.6335797254487856
16074041,8026.0,106.0,0.0,1.320707699975081
16074042,622.0,0.0,1.0,0.0
16074043,153.0,0.0,1.0,0.0
16074044,7066.0,75.0,0.0,1.061420888763091
16074045,111.0,3.0,0.0,2.7027027027027026
16074046,34.0,3.0,0.0,8.823529411764707
16074047,183.0,0.0,1.0,0.0
16074048,370.0,0.0,1.0,0.0
16074049,498.0,5.0,0.0,1.0040160642570282
16074051,715.0,0.0,1.0,0.0
16074052,247.0,3.0,0.0,1.214574898785425
16074053,473.0,0.0,1.0,0.0
16074054,138.0,0.0,1.0,0.0
16074055,159.0,0.0,1.0,0.0
16074056,97.0,0.0,1.0,0.0
16074057,788.0,0.0,1.0,0.0
16074058,130.0,0.0,1.0,0.0
16074059,437.0,0.0,1.0,0.0
16074061,67.0,0.0,1.0,0.0
16074063,649.0,13.0,0.0,2.0030816640986133
16074064,243.0,0.0,1.0,0.0
16074065,1194.0,6.0,0.0,0.5025125628140703
16074066,405.0,0.0,1.0,0.0
16074067,278.0,0.0,1.0,0.0
16074068,105.0,0.0,1.0,0.0
16074071,90.0,0.0,1.0,0.0
16074072,303.0,0.0,1.0,0.0
16074073,212.0,0.0,1.0,0.0
16074074,189.0,0.0,1.0,0.0
16074075,935.0,0.0,1.0,0.0
16074076,514.0,0.0,1.0,0.0
16074077,418.0,0.0,1.0,0.0
16074079,1212.0,11.0,0.0,0.9075907590759076
16074081,324.0,0.0,1.0,0.0
16074082,52.0,0.0,1.0,0.0
16074084,430.0,0.0,1.0,0.0
16074085,931.0,0.0,1.0,0.0
16074086,463.0,0.0,1.0,0.0
16074087,366.0,50.0,0.0,13.66120218579235
16074089,198.0,0.0,1.0,0.0
16074091,679.0,0.0,1.0,0.0
16074092,686.0,0.0,1.0,0.0
16074093,1248.0,3.0,0.0,0.2403846153846154
16074094,6769.0,90.0,1.0,1.329590781503915
16074095,286.0,0.0,1.0,0.0
16074096,297.0,5.0,0.0,1.6835016835016836
16074097,169.0,0.0,1.0,0.0
16074098,1078.0,0.0,1.0,0.0
16074099,113.0,0.0,1.0,0.0
16074101,142.0,0.0,1.0,0.0
16074102,574.0,3.0,0.0,0.5226480836236934
16074103,481.0,6.0,0.0,1.2474012474012475
16074104,192.0,0.0,1.0,0.0
16074105,249.0,0.0,1.0,0.0
16074106,192.0,0.0,1.0,0.0
16074107,196.0,0.0,1.0,0.0
16074108,127.0,0.0,1.0,0.0
16074109,1207.0,0.0,1.0,0.0
16074112,220.0,3.0,0.0,1.3636363636363635
16074113,203.0,0.0,1.0,0.0
16074114,761.0,3.0,0.0,0.39421813403416556
16074116,2687.0,22.0,0.0,0.8187569780424265
16075006,592.0,0.0,1.0,0.0
16075014,483.0,3.0,1.0,0.6211180124223602
16075016,190.0,0.0,1.0,0.0
16075019,436.0,5.0,0.0,1.146788990825688
16075023,244.0,0.0,1.0,0.0
16075029,254.0,0.0,1.0,0.0
16075031,158.0,0.0,1.0,0.0
16075033,306.0,0.0,1.0,0.0
16075034,261.0,0.0,1.0,0.0
16075035,326.0,0.0,1.0,0.0
16075039,224.0,0.0,1.0,0.0
16075046,2290.0,26.0,0.0,1.1353711790393013
16075047,81.0,0.0,1.0,0.0
16075048,245.0,0.0,1.0,0.0
16075051,404.0,5.0,0.0,1.2376237623762376
16075054,1341.0,7.0,0.0,0.5219985085756897
16075056,339.0,3.0,0.0,0.8849557522123894
16075057,378.0,3.0,0.0,0.7936507936507936
16075062,6314.0,158.0,0.0,2.5023756731073803
16075063,301.0,0.0,1.0,0.0
16075065,287.0,0.0,1.0,0.0
16075066,283.0,0.0,1.0,0.0
16075068,411.0,0.0,1.0,0.0
16075069,87.0,0.0,1.0,0.0
16075072,281.0,0.0,1.0,0.0
16075073,9920.0,195.0,4.0,1.965725806451613
16075074,318.0,0.0,1.0,0.0
16075075,174.0,0.0,1.0,0.0
16075076,839.0,3.0,0.0,0.3575685339690107
16075077,1238.0,3.0,0.0,0.24232633279483037
16075079,118.0,0.0,1.0,0.0
16075081,487.0,0.0,1.0,0.0
16075083,287.0,0.0,1.0,0.0
16075084,185.0,3.0,0.0,1.6216216216216217
16075085,12445.0,80.0,0.0,0.6428284451586983
16075087,70.0,0.0,1.0,0.0
16075088,1777.0,11.0,0.0,0.6190208216094542
16075093,176.0,0.0,1.0,0.0
16075098,9081.0,112.0,2.0,1.2333443453364168
16075099,408.0,0.0,1.0,0.0
16075101,85.0,0.0,1.0,0.0
16075102,287.0,0.0,1.0,0.0
16075103,151.0,0.0,1.0,0.0
16075105,67.0,0.0,1.0,0.0
16075109,386.0,3.0,0.0,0.7772020725388601
16075114,137.0,0.0,1.0,0.0
16075116,3890.0,28.0,0.0,0.7197943444730077
16075119,283.0,0.0,1.0,0.0
16075121,393.0,0.0,1.0,0.0
16075124,675.0,3.0,0.0,0.4444444444444444
16075125,220.0,0.0,1.0,0.0
16075127,734.0,3.0,0.0,0.4087193460490463
16075129,2809.0,17.0,0.0,0.6051975792096832
16075131,2641.0,22.0,0.0,0.8330177962892844
16075132,3800.0,14.0,0.0,0.3684210526315789
16075133,3273.0,24.0,0.0,0.7332722273143905
16075134,3750.0,17.0,0.0,0.4533333333333333
16075135,3670.0,18.0,0.0,0.4904632152588556
16075136,4516.0,32.0,2.0,0.70859167404783
16076003,3686.0,23.0,0.0,0.6239826370048833
16076004,3569.0,3.0,0.0,0.08405715886803027
16076006,257.0,3.0,0.0,1.1673151750972763
16076007,465.0,3.0,0.0,0.6451612903225806
16076008,985.0,8.0,0.0,0.8121827411167513
16076009,606.0,0.0,1.0,0.0
16076012,652.0,7.0,0.0,1.0736196319018405
16076014,287.0,0.0,1.0,0.0
16076017,343.0,0.0,1.0,0.0
16076019,128.0,0.0,1.0,0.0
16076022,22605.6,298.6,0.0,1.320911632515837
16076023,1300.0,0.0,1.0,0.0
16076026,373.0,0.0,1.0,0.0
16076027,223.0,0.0,1.0,0.0
16076028,132.0,0.0,1.0,0.0
16076029,1693.0,24.0,0.0,1.4176018901358536
16076033,351.0,0.0,1.0,0.0
16076034,418.0,0.0,1.0,0.0
16076036,466.0,0.0,1.0,0.0
16076038,72.0,0.0,1.0,0.0
16076039,4520.0,6.0,4.0,0.13274336283185842
16076041,876.0,7.0,0.0,0.7990867579908676
16076042,270.0,0.0,1.0,0.0
16076043,459.0,0.0,1.0,0.0
16076044,467.0,0.0,1.0,0.0
16076049,3051.0,4.0,0.0,0.13110455588331696
16076055,390.0,0.0,1.0,0.0
16076058,1235.0,3.0,0.0,0.242914979757085
16076059,375.0,0.0,1.0,0.0
16076061,5024.0,43.0,0.0,0.8558917197452229
16076062,785.0,0.0,1.0,0.0
16076064,628.0,0.0,1.0,0.0
16076067,154.0,0.0,1.0,0.0
16076068,225.0,8.0,0.0,3.5555555555555554
16076069,1468.0,0.0,1.0,0.0
16076074,108.0,0.0,1.0,0.0
16076079,8924.0,78.0,2.0,0.8740475123263111
16076081,307.0,0.0,1.0,0.0
16076084,2972.0,10.0,0.0,0.3364737550471063
16076086,686.0,0.0,1.0,0.0
16076087,17686.4,189.4,2.0,1.0708793197032747
16076088,3013.0,13.0,0.0,0.431463657484235
16076089,4028.0,12.0,0.0,0.29791459781529295
16076092,3859.0,14.0,3.0,0.3627882871210158
16076093,5210.0,17.0,0.0,0.32629558541266795
16077001,34090.0,559.0,0.0,1.6397770607216193
16077003,486.0,0.0,1.0,0.0
16077005,843.0,6.0,0.0,0.7117437722419929
16077007,518.0,0.0,1.0,0.0
16077008,431.0,5.0,0.0,1.160092807424594
16077009,343.0,0.0,1.0,0.0
16077011,245.0,0.0,1.0,0.0
16077012,3724.0,22.0,0.0,0.5907626208378088
16077015,832.0,3.0,0.0,0.3605769230769231
16077016,218.0,0.0,1.0,0.0
16077017,138.0,0.0,1.0,0.0
16077018,321.0,4.0,0.0,1.2461059190031152
16077022,1125.0,7.0,0.0,0.6222222222222222
16077023,1916.0,0.0,1.0,0.0
16077026,1041.0,4.0,0.0,0.38424591738712777
16077027,707.0,0.0,1.0,0.0
16077028,4096.0,15.0,0.0,0.3662109375
16077031,330.0,0.0,1.0,0.0
16077032,10964.0,140.0,0.0,1.2769062385990515
16077034,464.0,0.0,1.0,0.0
16077036,7796.0,37.0,2.0,0.4746023601847101
16077039,1601.0,4.0,0.0,0.24984384759525297
16077041,447.0,0.0,1.0,0.0
16077042,3004.0,16.0,0.0,0.5326231691078562
16077043,14724.0,236.0,2.0,1.6028253192067372
16077044,2068.0,0.0,2.0,0.0
16077047,571.0,3.0,0.0,0.5253940455341506
16077048,1284.0,5.0,0.0,0.3894080996884735
16077049,329.0,0.0,1.0,0.0
16077052,2081.0,11.0,0.0,0.5285920230658337
